2025-10-31 09:16:38 - SyncDeskManager - INFO - ==================================================
2025-10-31 09:16:38 - SyncDeskManager - INFO - 🚀 INICIANDO SYNC DESK MANAGER
2025-10-31 09:16:38 - SyncDeskManager - INFO - ==================================================
2025-10-31 09:16:39 - SyncDeskManager - INFO - Sistema operativo: Windows 11
2025-10-31 09:16:39 - SyncDeskManager - INFO - Python: 3.12.4
2025-10-31 09:16:39 - SyncDeskManager - INFO - Usuario: usuario
2025-10-31 09:16:39 - SyncDeskManager - INFO - Directorio de trabajo: C:\xampp\htdocs\TDI_Task_Manager
2025-10-31 09:16:39 - SyncDeskManager - INFO - Directorio de logs: c:\xampp\htdocs\TDI_Task_Manager\src\logs
2025-10-31 09:16:39 - SyncDeskManager - INFO - ==================================================
2025-10-31 09:16:43 - SyncDeskManager - INFO - ConfigManager inicializado - Modo volátil en memoria
2025-10-31 09:16:43 - SyncDeskManager - INFO - Iniciando aplicación
2025-10-31 09:16:43 - SyncDeskManager - INFO - Módulos cargados correctamente
2025-10-31 09:16:43 - SyncDeskManager - INFO - ConfigManager inicializado - Modo volátil en memoria
2025-10-31 09:16:43 - SyncDeskManager - INFO - FreshdeskService inicializado
2025-10-31 09:16:43 - SyncDeskManager - INFO - Configuración de clasificación cargada desde: data/classification/classification_config.json
2025-10-31 09:16:43 - SyncDeskManager - INFO - ClassificationConfigManager inicializado
2025-10-31 09:16:43 - SyncDeskManager - INFO - ClassificationLibraryGenerator inicializado
2025-10-31 09:18:26 - urllib3.connectionpool - DEBUG - Starting new HTTPS connection (1): tdilatam.freshdesk.com:443
2025-10-31 09:18:27 - urllib3.connectionpool - DEBUG - https://tdilatam.freshdesk.com:443 "GET /api/v2/tickets/31896 HTTP/1.1" 200 None
2025-10-31 09:18:27 - urllib3.connectionpool - DEBUG - Starting new HTTPS connection (1): tdilatam.freshdesk.com:443
2025-10-31 09:18:28 - urllib3.connectionpool - DEBUG - https://tdilatam.freshdesk.com:443 "GET /api/v2/tickets/31897 HTTP/1.1" 200 None
2025-10-31 09:18:28 - urllib3.connectionpool - DEBUG - Starting new HTTPS connection (1): tdilatam.freshdesk.com:443
2025-10-31 09:18:29 - urllib3.connectionpool - DEBUG - https://tdilatam.freshdesk.com:443 "GET /api/v2/tickets/31898 HTTP/1.1" 200 None
2025-10-31 09:18:29 - urllib3.connectionpool - DEBUG - Starting new HTTPS connection (1): tdilatam.freshdesk.com:443
2025-10-31 09:18:30 - urllib3.connectionpool - DEBUG - https://tdilatam.freshdesk.com:443 "GET /api/v2/tickets/31899 HTTP/1.1" 200 None
2025-10-31 09:18:30 - urllib3.connectionpool - DEBUG - Starting new HTTPS connection (1): tdilatam.freshdesk.com:443
2025-10-31 09:18:31 - urllib3.connectionpool - DEBUG - https://tdilatam.freshdesk.com:443 "GET /api/v2/tickets/31900 HTTP/1.1" 200 None
2025-10-31 09:18:31 - urllib3.connectionpool - DEBUG - Starting new HTTPS connection (1): tdilatam.freshdesk.com:443
2025-10-31 09:18:32 - urllib3.connectionpool - DEBUG - https://tdilatam.freshdesk.com:443 "GET /api/v2/tickets/31901 HTTP/1.1" 200 None
2025-10-31 09:18:32 - urllib3.connectionpool - DEBUG - Starting new HTTPS connection (1): tdilatam.freshdesk.com:443
2025-10-31 09:18:33 - urllib3.connectionpool - DEBUG - https://tdilatam.freshdesk.com:443 "GET /api/v2/tickets/31902 HTTP/1.1" 200 None
2025-10-31 09:18:33 - urllib3.connectionpool - DEBUG - Starting new HTTPS connection (1): tdilatam.freshdesk.com:443
2025-10-31 09:18:34 - urllib3.connectionpool - DEBUG - https://tdilatam.freshdesk.com:443 "GET /api/v2/tickets/31903 HTTP/1.1" 200 None
2025-10-31 09:18:34 - urllib3.connectionpool - DEBUG - Starting new HTTPS connection (1): tdilatam.freshdesk.com:443
2025-10-31 09:18:34 - urllib3.connectionpool - DEBUG - https://tdilatam.freshdesk.com:443 "GET /api/v2/tickets/31904 HTTP/1.1" 200 None
2025-10-31 09:18:34 - urllib3.connectionpool - DEBUG - Starting new HTTPS connection (1): tdilatam.freshdesk.com:443
2025-10-31 09:18:35 - urllib3.connectionpool - DEBUG - https://tdilatam.freshdesk.com:443 "GET /api/v2/tickets/31905 HTTP/1.1" 200 None
2025-10-31 09:18:36 - urllib3.connectionpool - DEBUG - Starting new HTTPS connection (1): tdilatam.freshdesk.com:443
2025-10-31 09:18:37 - urllib3.connectionpool - DEBUG - https://tdilatam.freshdesk.com:443 "GET /api/v2/tickets/31906 HTTP/1.1" 200 None
2025-10-31 09:18:37 - urllib3.connectionpool - DEBUG - Starting new HTTPS connection (1): tdilatam.freshdesk.com:443
2025-10-31 09:18:38 - urllib3.connectionpool - DEBUG - https://tdilatam.freshdesk.com:443 "GET /api/v2/tickets/31907 HTTP/1.1" 200 None
2025-10-31 09:18:38 - urllib3.connectionpool - DEBUG - Starting new HTTPS connection (1): tdilatam.freshdesk.com:443
2025-10-31 09:18:39 - urllib3.connectionpool - DEBUG - https://tdilatam.freshdesk.com:443 "GET /api/v2/tickets/31908 HTTP/1.1" 200 None
2025-10-31 09:18:39 - urllib3.connectionpool - DEBUG - Starting new HTTPS connection (1): tdilatam.freshdesk.com:443
2025-10-31 09:18:39 - urllib3.connectionpool - DEBUG - https://tdilatam.freshdesk.com:443 "GET /api/v2/tickets/31909 HTTP/1.1" 200 None
2025-10-31 09:18:39 - urllib3.connectionpool - DEBUG - Starting new HTTPS connection (1): tdilatam.freshdesk.com:443
2025-10-31 09:18:40 - urllib3.connectionpool - DEBUG - https://tdilatam.freshdesk.com:443 "GET /api/v2/tickets/31910 HTTP/1.1" 200 None
2025-10-31 09:18:40 - urllib3.connectionpool - DEBUG - Starting new HTTPS connection (1): tdilatam.freshdesk.com:443
2025-10-31 09:18:41 - urllib3.connectionpool - DEBUG - https://tdilatam.freshdesk.com:443 "GET /api/v2/tickets/31911 HTTP/1.1" 200 None
2025-10-31 09:18:41 - urllib3.connectionpool - DEBUG - Starting new HTTPS connection (1): tdilatam.freshdesk.com:443
2025-10-31 09:18:42 - urllib3.connectionpool - DEBUG - https://tdilatam.freshdesk.com:443 "GET /api/v2/tickets/31912 HTTP/1.1" 200 None
2025-10-31 09:18:42 - urllib3.connectionpool - DEBUG - Starting new HTTPS connection (1): tdilatam.freshdesk.com:443
2025-10-31 09:18:42 - urllib3.connectionpool - DEBUG - https://tdilatam.freshdesk.com:443 "GET /api/v2/tickets/31914 HTTP/1.1" 200 None
2025-10-31 09:18:42 - urllib3.connectionpool - DEBUG - Starting new HTTPS connection (1): tdilatam.freshdesk.com:443
2025-10-31 09:18:43 - urllib3.connectionpool - DEBUG - https://tdilatam.freshdesk.com:443 "GET /api/v2/tickets/31915 HTTP/1.1" 200 None
2025-10-31 09:18:43 - urllib3.connectionpool - DEBUG - Starting new HTTPS connection (1): tdilatam.freshdesk.com:443
2025-10-31 09:18:44 - urllib3.connectionpool - DEBUG - https://tdilatam.freshdesk.com:443 "GET /api/v2/tickets/31916 HTTP/1.1" 200 None
2025-10-31 09:18:45 - urllib3.connectionpool - DEBUG - Starting new HTTPS connection (1): tdilatam.freshdesk.com:443
2025-10-31 09:18:46 - urllib3.connectionpool - DEBUG - https://tdilatam.freshdesk.com:443 "GET /api/v2/tickets/31917 HTTP/1.1" 200 None
2025-10-31 09:18:46 - urllib3.connectionpool - DEBUG - Starting new HTTPS connection (1): tdilatam.freshdesk.com:443
2025-10-31 09:18:47 - urllib3.connectionpool - DEBUG - https://tdilatam.freshdesk.com:443 "GET /api/v2/tickets/31918 HTTP/1.1" 200 None
2025-10-31 09:18:47 - urllib3.connectionpool - DEBUG - Starting new HTTPS connection (1): tdilatam.freshdesk.com:443
2025-10-31 09:18:48 - urllib3.connectionpool - DEBUG - https://tdilatam.freshdesk.com:443 "GET /api/v2/tickets/31919 HTTP/1.1" 200 None
2025-10-31 09:18:48 - urllib3.connectionpool - DEBUG - Starting new HTTPS connection (1): tdilatam.freshdesk.com:443
2025-10-31 09:18:49 - urllib3.connectionpool - DEBUG - https://tdilatam.freshdesk.com:443 "GET /api/v2/tickets/31920 HTTP/1.1" 200 None
2025-10-31 09:18:49 - urllib3.connectionpool - DEBUG - Starting new HTTPS connection (1): tdilatam.freshdesk.com:443
2025-10-31 09:18:50 - urllib3.connectionpool - DEBUG - https://tdilatam.freshdesk.com:443 "GET /api/v2/tickets/31921 HTTP/1.1" 200 None
2025-10-31 09:18:50 - urllib3.connectionpool - DEBUG - Starting new HTTPS connection (1): tdilatam.freshdesk.com:443
2025-10-31 09:18:51 - urllib3.connectionpool - DEBUG - https://tdilatam.freshdesk.com:443 "GET /api/v2/tickets/31922 HTTP/1.1" 200 None
2025-10-31 09:18:51 - urllib3.connectionpool - DEBUG - Starting new HTTPS connection (1): tdilatam.freshdesk.com:443
2025-10-31 09:18:51 - urllib3.connectionpool - DEBUG - https://tdilatam.freshdesk.com:443 "GET /api/v2/tickets/31923 HTTP/1.1" 200 None
2025-10-31 09:18:51 - urllib3.connectionpool - DEBUG - Starting new HTTPS connection (1): tdilatam.freshdesk.com:443
2025-10-31 09:18:52 - urllib3.connectionpool - DEBUG - https://tdilatam.freshdesk.com:443 "GET /api/v2/tickets/31924 HTTP/1.1" 200 None
2025-10-31 09:18:52 - urllib3.connectionpool - DEBUG - Starting new HTTPS connection (1): tdilatam.freshdesk.com:443
2025-10-31 09:18:53 - urllib3.connectionpool - DEBUG - https://tdilatam.freshdesk.com:443 "GET /api/v2/tickets/31925 HTTP/1.1" 200 None
2025-10-31 09:18:53 - urllib3.connectionpool - DEBUG - Starting new HTTPS connection (1): tdilatam.freshdesk.com:443
2025-10-31 09:18:54 - urllib3.connectionpool - DEBUG - https://tdilatam.freshdesk.com:443 "GET /api/v2/tickets/31926 HTTP/1.1" 200 None
2025-10-31 09:18:55 - urllib3.connectionpool - DEBUG - Starting new HTTPS connection (1): tdilatam.freshdesk.com:443
2025-10-31 09:18:56 - urllib3.connectionpool - DEBUG - https://tdilatam.freshdesk.com:443 "GET /api/v2/tickets/31927 HTTP/1.1" 200 None
2025-10-31 09:18:56 - urllib3.connectionpool - DEBUG - Starting new HTTPS connection (1): tdilatam.freshdesk.com:443
2025-10-31 09:18:56 - urllib3.connectionpool - DEBUG - https://tdilatam.freshdesk.com:443 "GET /api/v2/tickets/31928 HTTP/1.1" 200 None
2025-10-31 09:18:56 - urllib3.connectionpool - DEBUG - Starting new HTTPS connection (1): tdilatam.freshdesk.com:443
2025-10-31 09:18:57 - urllib3.connectionpool - DEBUG - https://tdilatam.freshdesk.com:443 "GET /api/v2/tickets/31930 HTTP/1.1" 200 None
2025-10-31 09:18:57 - urllib3.connectionpool - DEBUG - Starting new HTTPS connection (1): tdilatam.freshdesk.com:443
2025-10-31 09:18:58 - urllib3.connectionpool - DEBUG - https://tdilatam.freshdesk.com:443 "GET /api/v2/tickets/31932 HTTP/1.1" 200 None
2025-10-31 09:18:58 - urllib3.connectionpool - DEBUG - Starting new HTTPS connection (1): tdilatam.freshdesk.com:443
2025-10-31 09:18:59 - urllib3.connectionpool - DEBUG - https://tdilatam.freshdesk.com:443 "GET /api/v2/tickets/31934 HTTP/1.1" 200 None
2025-10-31 09:18:59 - urllib3.connectionpool - DEBUG - Starting new HTTPS connection (1): tdilatam.freshdesk.com:443
2025-10-31 09:19:00 - urllib3.connectionpool - DEBUG - https://tdilatam.freshdesk.com:443 "GET /api/v2/tickets/31935 HTTP/1.1" 200 None
2025-10-31 09:19:00 - urllib3.connectionpool - DEBUG - Starting new HTTPS connection (1): tdilatam.freshdesk.com:443
2025-10-31 09:19:00 - urllib3.connectionpool - DEBUG - https://tdilatam.freshdesk.com:443 "GET /api/v2/tickets/31936 HTTP/1.1" 200 None
2025-10-31 09:19:00 - urllib3.connectionpool - DEBUG - Starting new HTTPS connection (1): tdilatam.freshdesk.com:443
2025-10-31 09:19:01 - urllib3.connectionpool - DEBUG - https://tdilatam.freshdesk.com:443 "GET /api/v2/tickets/31937 HTTP/1.1" 200 None
2025-10-31 09:19:01 - urllib3.connectionpool - DEBUG - Starting new HTTPS connection (1): tdilatam.freshdesk.com:443
2025-10-31 09:19:02 - urllib3.connectionpool - DEBUG - https://tdilatam.freshdesk.com:443 "GET /api/v2/tickets/31940 HTTP/1.1" 200 None
2025-10-31 09:19:02 - urllib3.connectionpool - DEBUG - Starting new HTTPS connection (1): tdilatam.freshdesk.com:443
2025-10-31 09:19:03 - urllib3.connectionpool - DEBUG - https://tdilatam.freshdesk.com:443 "GET /api/v2/tickets/31941 HTTP/1.1" 200 None
2025-10-31 09:19:04 - urllib3.connectionpool - DEBUG - Starting new HTTPS connection (1): tdilatam.freshdesk.com:443
2025-10-31 09:19:05 - urllib3.connectionpool - DEBUG - https://tdilatam.freshdesk.com:443 "GET /api/v2/tickets/31942 HTTP/1.1" 200 None
2025-10-31 09:19:05 - urllib3.connectionpool - DEBUG - Starting new HTTPS connection (1): tdilatam.freshdesk.com:443
2025-10-31 09:19:05 - urllib3.connectionpool - DEBUG - https://tdilatam.freshdesk.com:443 "GET /api/v2/tickets/31943 HTTP/1.1" 200 None
2025-10-31 09:19:05 - urllib3.connectionpool - DEBUG - Starting new HTTPS connection (1): tdilatam.freshdesk.com:443
2025-10-31 09:19:06 - urllib3.connectionpool - DEBUG - https://tdilatam.freshdesk.com:443 "GET /api/v2/tickets/31945 HTTP/1.1" 200 None
2025-10-31 09:19:06 - urllib3.connectionpool - DEBUG - Starting new HTTPS connection (1): tdilatam.freshdesk.com:443
2025-10-31 09:19:07 - urllib3.connectionpool - DEBUG - https://tdilatam.freshdesk.com:443 "GET /api/v2/tickets/31946 HTTP/1.1" 200 None
2025-10-31 09:19:07 - urllib3.connectionpool - DEBUG - Starting new HTTPS connection (1): tdilatam.freshdesk.com:443
2025-10-31 09:19:08 - urllib3.connectionpool - DEBUG - https://tdilatam.freshdesk.com:443 "GET /api/v2/tickets/31949 HTTP/1.1" 200 None
2025-10-31 09:19:08 - urllib3.connectionpool - DEBUG - Starting new HTTPS connection (1): tdilatam.freshdesk.com:443
2025-10-31 09:19:08 - urllib3.connectionpool - DEBUG - https://tdilatam.freshdesk.com:443 "GET /api/v2/tickets/31950 HTTP/1.1" 200 None
2025-10-31 09:19:08 - urllib3.connectionpool - DEBUG - Starting new HTTPS connection (1): tdilatam.freshdesk.com:443
2025-10-31 09:19:09 - urllib3.connectionpool - DEBUG - https://tdilatam.freshdesk.com:443 "GET /api/v2/tickets/31952 HTTP/1.1" 200 None
2025-10-31 09:19:09 - urllib3.connectionpool - DEBUG - Starting new HTTPS connection (1): tdilatam.freshdesk.com:443
2025-10-31 09:19:10 - urllib3.connectionpool - DEBUG - https://tdilatam.freshdesk.com:443 "GET /api/v2/tickets/31954 HTTP/1.1" 200 None
2025-10-31 09:19:10 - urllib3.connectionpool - DEBUG - Starting new HTTPS connection (1): tdilatam.freshdesk.com:443
2025-10-31 09:19:11 - urllib3.connectionpool - DEBUG - https://tdilatam.freshdesk.com:443 "GET /api/v2/tickets/31955 HTTP/1.1" 200 None
2025-10-31 09:19:11 - urllib3.connectionpool - DEBUG - Starting new HTTPS connection (1): tdilatam.freshdesk.com:443
2025-10-31 09:19:12 - urllib3.connectionpool - DEBUG - https://tdilatam.freshdesk.com:443 "GET /api/v2/tickets/31956 HTTP/1.1" 200 None
2025-10-31 09:19:13 - urllib3.connectionpool - DEBUG - Starting new HTTPS connection (1): tdilatam.freshdesk.com:443
2025-10-31 09:19:14 - urllib3.connectionpool - DEBUG - https://tdilatam.freshdesk.com:443 "GET /api/v2/tickets/31957 HTTP/1.1" 200 None
2025-10-31 09:19:14 - urllib3.connectionpool - DEBUG - Starting new HTTPS connection (1): tdilatam.freshdesk.com:443
2025-10-31 09:19:14 - urllib3.connectionpool - DEBUG - https://tdilatam.freshdesk.com:443 "GET /api/v2/tickets/31958 HTTP/1.1" 200 None
2025-10-31 09:19:14 - urllib3.connectionpool - DEBUG - Starting new HTTPS connection (1): tdilatam.freshdesk.com:443
2025-10-31 09:19:15 - urllib3.connectionpool - DEBUG - https://tdilatam.freshdesk.com:443 "GET /api/v2/tickets/31960 HTTP/1.1" 200 None
2025-10-31 09:19:15 - urllib3.connectionpool - DEBUG - Starting new HTTPS connection (1): tdilatam.freshdesk.com:443
2025-10-31 09:19:16 - urllib3.connectionpool - DEBUG - https://tdilatam.freshdesk.com:443 "GET /api/v2/tickets/31961 HTTP/1.1" 200 None
2025-10-31 09:19:16 - urllib3.connectionpool - DEBUG - Starting new HTTPS connection (1): tdilatam.freshdesk.com:443
2025-10-31 09:19:17 - urllib3.connectionpool - DEBUG - https://tdilatam.freshdesk.com:443 "GET /api/v2/tickets/31962 HTTP/1.1" 200 None
2025-10-31 09:19:17 - urllib3.connectionpool - DEBUG - Starting new HTTPS connection (1): tdilatam.freshdesk.com:443
2025-10-31 09:19:18 - urllib3.connectionpool - DEBUG - https://tdilatam.freshdesk.com:443 "GET /api/v2/tickets/31963 HTTP/1.1" 200 None
2025-10-31 09:19:18 - urllib3.connectionpool - DEBUG - Starting new HTTPS connection (1): tdilatam.freshdesk.com:443
2025-10-31 09:19:19 - urllib3.connectionpool - DEBUG - https://tdilatam.freshdesk.com:443 "GET /api/v2/tickets/31964 HTTP/1.1" 200 None
2025-10-31 09:19:19 - urllib3.connectionpool - DEBUG - Starting new HTTPS connection (1): tdilatam.freshdesk.com:443
2025-10-31 09:19:19 - urllib3.connectionpool - DEBUG - https://tdilatam.freshdesk.com:443 "GET /api/v2/tickets/31966 HTTP/1.1" 200 None
2025-10-31 09:19:19 - urllib3.connectionpool - DEBUG - Starting new HTTPS connection (1): tdilatam.freshdesk.com:443
2025-10-31 09:19:20 - urllib3.connectionpool - DEBUG - https://tdilatam.freshdesk.com:443 "GET /api/v2/tickets/31967 HTTP/1.1" 200 None
2025-10-31 09:19:20 - urllib3.connectionpool - DEBUG - Starting new HTTPS connection (1): tdilatam.freshdesk.com:443
2025-10-31 09:19:21 - urllib3.connectionpool - DEBUG - https://tdilatam.freshdesk.com:443 "GET /api/v2/tickets/31968 HTTP/1.1" 200 None
2025-10-31 09:19:22 - urllib3.connectionpool - DEBUG - Starting new HTTPS connection (1): tdilatam.freshdesk.com:443
2025-10-31 09:19:23 - urllib3.connectionpool - DEBUG - https://tdilatam.freshdesk.com:443 "GET /api/v2/tickets/31969 HTTP/1.1" 200 None
2025-10-31 09:19:23 - urllib3.connectionpool - DEBUG - Starting new HTTPS connection (1): tdilatam.freshdesk.com:443
2025-10-31 09:19:23 - urllib3.connectionpool - DEBUG - https://tdilatam.freshdesk.com:443 "GET /api/v2/tickets/31970 HTTP/1.1" 200 None
2025-10-31 09:19:23 - urllib3.connectionpool - DEBUG - Starting new HTTPS connection (1): tdilatam.freshdesk.com:443
2025-10-31 09:19:24 - urllib3.connectionpool - DEBUG - https://tdilatam.freshdesk.com:443 "GET /api/v2/tickets/31972 HTTP/1.1" 200 None
2025-10-31 09:19:24 - urllib3.connectionpool - DEBUG - Starting new HTTPS connection (1): tdilatam.freshdesk.com:443
2025-10-31 09:19:25 - urllib3.connectionpool - DEBUG - https://tdilatam.freshdesk.com:443 "GET /api/v2/tickets/31973 HTTP/1.1" 200 None
2025-10-31 09:19:25 - urllib3.connectionpool - DEBUG - Starting new HTTPS connection (1): tdilatam.freshdesk.com:443
2025-10-31 09:19:26 - urllib3.connectionpool - DEBUG - https://tdilatam.freshdesk.com:443 "GET /api/v2/tickets/31974 HTTP/1.1" 200 None
2025-10-31 09:19:26 - urllib3.connectionpool - DEBUG - Starting new HTTPS connection (1): tdilatam.freshdesk.com:443
2025-10-31 09:19:27 - urllib3.connectionpool - DEBUG - https://tdilatam.freshdesk.com:443 "GET /api/v2/tickets/31975 HTTP/1.1" 200 None
2025-10-31 09:19:27 - urllib3.connectionpool - DEBUG - Starting new HTTPS connection (1): tdilatam.freshdesk.com:443
2025-10-31 09:19:27 - urllib3.connectionpool - DEBUG - https://tdilatam.freshdesk.com:443 "GET /api/v2/tickets/31977 HTTP/1.1" 200 None
2025-10-31 09:19:27 - urllib3.connectionpool - DEBUG - Starting new HTTPS connection (1): tdilatam.freshdesk.com:443
2025-10-31 09:19:28 - urllib3.connectionpool - DEBUG - https://tdilatam.freshdesk.com:443 "GET /api/v2/tickets/31978 HTTP/1.1" 200 None
2025-10-31 09:19:28 - urllib3.connectionpool - DEBUG - Starting new HTTPS connection (1): tdilatam.freshdesk.com:443
2025-10-31 09:19:29 - urllib3.connectionpool - DEBUG - https://tdilatam.freshdesk.com:443 "GET /api/v2/tickets/31979 HTTP/1.1" 200 None
2025-10-31 09:19:29 - urllib3.connectionpool - DEBUG - Starting new HTTPS connection (1): tdilatam.freshdesk.com:443
2025-10-31 09:19:30 - urllib3.connectionpool - DEBUG - https://tdilatam.freshdesk.com:443 "GET /api/v2/tickets/31982 HTTP/1.1" 200 None
2025-10-31 09:19:31 - urllib3.connectionpool - DEBUG - Starting new HTTPS connection (1): tdilatam.freshdesk.com:443
2025-10-31 09:19:31 - urllib3.connectionpool - DEBUG - https://tdilatam.freshdesk.com:443 "GET /api/v2/tickets/31983 HTTP/1.1" 200 None
2025-10-31 09:19:31 - urllib3.connectionpool - DEBUG - Starting new HTTPS connection (1): tdilatam.freshdesk.com:443
2025-10-31 09:19:32 - urllib3.connectionpool - DEBUG - https://tdilatam.freshdesk.com:443 "GET /api/v2/tickets/31984 HTTP/1.1" 200 None
2025-10-31 09:19:32 - urllib3.connectionpool - DEBUG - Starting new HTTPS connection (1): tdilatam.freshdesk.com:443
2025-10-31 09:19:33 - urllib3.connectionpool - DEBUG - https://tdilatam.freshdesk.com:443 "GET /api/v2/tickets/31985 HTTP/1.1" 200 None
2025-10-31 09:19:33 - urllib3.connectionpool - DEBUG - Starting new HTTPS connection (1): tdilatam.freshdesk.com:443
2025-10-31 09:19:34 - urllib3.connectionpool - DEBUG - https://tdilatam.freshdesk.com:443 "GET /api/v2/tickets/31986 HTTP/1.1" 200 None
2025-10-31 09:19:34 - urllib3.connectionpool - DEBUG - Starting new HTTPS connection (1): tdilatam.freshdesk.com:443
2025-10-31 09:19:36 - urllib3.connectionpool - DEBUG - https://tdilatam.freshdesk.com:443 "GET /api/v2/tickets/31987 HTTP/1.1" 200 None
2025-10-31 09:19:36 - urllib3.connectionpool - DEBUG - Starting new HTTPS connection (1): tdilatam.freshdesk.com:443
2025-10-31 09:19:36 - urllib3.connectionpool - DEBUG - https://tdilatam.freshdesk.com:443 "GET /api/v2/tickets/31988 HTTP/1.1" 200 None
2025-10-31 09:19:36 - urllib3.connectionpool - DEBUG - Starting new HTTPS connection (1): tdilatam.freshdesk.com:443
2025-10-31 09:19:37 - urllib3.connectionpool - DEBUG - https://tdilatam.freshdesk.com:443 "GET /api/v2/tickets/31990 HTTP/1.1" 200 None
2025-10-31 09:19:37 - urllib3.connectionpool - DEBUG - Starting new HTTPS connection (1): tdilatam.freshdesk.com:443
2025-10-31 09:19:38 - urllib3.connectionpool - DEBUG - https://tdilatam.freshdesk.com:443 "GET /api/v2/tickets/31994 HTTP/1.1" 200 None
2025-10-31 09:19:38 - urllib3.connectionpool - DEBUG - Starting new HTTPS connection (1): tdilatam.freshdesk.com:443
2025-10-31 09:19:39 - urllib3.connectionpool - DEBUG - https://tdilatam.freshdesk.com:443 "GET /api/v2/tickets/31996 HTTP/1.1" 200 None
2025-10-31 09:19:39 - urllib3.connectionpool - DEBUG - Starting new HTTPS connection (1): tdilatam.freshdesk.com:443
2025-10-31 09:19:39 - urllib3.connectionpool - DEBUG - https://tdilatam.freshdesk.com:443 "GET /api/v2/tickets/31997 HTTP/1.1" 200 None
2025-10-31 09:19:40 - urllib3.connectionpool - DEBUG - Starting new HTTPS connection (1): tdilatam.freshdesk.com:443
2025-10-31 09:19:41 - urllib3.connectionpool - DEBUG - https://tdilatam.freshdesk.com:443 "GET /api/v2/tickets/31999 HTTP/1.1" 200 None
2025-10-31 09:19:41 - urllib3.connectionpool - DEBUG - Starting new HTTPS connection (1): tdilatam.freshdesk.com:443
2025-10-31 09:19:42 - urllib3.connectionpool - DEBUG - https://tdilatam.freshdesk.com:443 "GET /api/v2/tickets/32001 HTTP/1.1" 200 None
2025-10-31 09:19:42 - urllib3.connectionpool - DEBUG - Starting new HTTPS connection (1): tdilatam.freshdesk.com:443
2025-10-31 09:19:43 - urllib3.connectionpool - DEBUG - https://tdilatam.freshdesk.com:443 "GET /api/v2/tickets/32003 HTTP/1.1" 200 None
2025-10-31 09:19:43 - urllib3.connectionpool - DEBUG - Starting new HTTPS connection (1): tdilatam.freshdesk.com:443
2025-10-31 09:19:43 - urllib3.connectionpool - DEBUG - https://tdilatam.freshdesk.com:443 "GET /api/v2/tickets/32004 HTTP/1.1" 200 None
2025-10-31 09:19:43 - urllib3.connectionpool - DEBUG - Starting new HTTPS connection (1): tdilatam.freshdesk.com:443
2025-10-31 09:19:44 - urllib3.connectionpool - DEBUG - https://tdilatam.freshdesk.com:443 "GET /api/v2/tickets/32005 HTTP/1.1" 200 None
2025-10-31 09:19:44 - urllib3.connectionpool - DEBUG - Starting new HTTPS connection (1): tdilatam.freshdesk.com:443
2025-10-31 09:19:45 - urllib3.connectionpool - DEBUG - https://tdilatam.freshdesk.com:443 "GET /api/v2/tickets/32006 HTTP/1.1" 200 None
2025-10-31 09:19:45 - urllib3.connectionpool - DEBUG - Starting new HTTPS connection (1): tdilatam.freshdesk.com:443
2025-10-31 09:19:46 - urllib3.connectionpool - DEBUG - https://tdilatam.freshdesk.com:443 "GET /api/v2/tickets/32007 HTTP/1.1" 200 None
2025-10-31 09:19:46 - urllib3.connectionpool - DEBUG - Starting new HTTPS connection (1): tdilatam.freshdesk.com:443
2025-10-31 09:19:46 - urllib3.connectionpool - DEBUG - https://tdilatam.freshdesk.com:443 "GET /api/v2/tickets/32008 HTTP/1.1" 200 None
2025-10-31 09:19:47 - urllib3.connectionpool - DEBUG - Starting new HTTPS connection (1): tdilatam.freshdesk.com:443
2025-10-31 09:19:47 - urllib3.connectionpool - DEBUG - https://tdilatam.freshdesk.com:443 "GET /api/v2/tickets/32009 HTTP/1.1" 200 None
2025-10-31 09:19:47 - urllib3.connectionpool - DEBUG - Starting new HTTPS connection (1): tdilatam.freshdesk.com:443
2025-10-31 09:19:48 - urllib3.connectionpool - DEBUG - https://tdilatam.freshdesk.com:443 "GET /api/v2/tickets/32010 HTTP/1.1" 200 None
2025-10-31 09:19:49 - urllib3.connectionpool - DEBUG - Starting new HTTPS connection (1): tdilatam.freshdesk.com:443
2025-10-31 09:19:50 - urllib3.connectionpool - DEBUG - https://tdilatam.freshdesk.com:443 "GET /api/v2/tickets/32011 HTTP/1.1" 200 None
2025-10-31 09:19:50 - urllib3.connectionpool - DEBUG - Starting new HTTPS connection (1): tdilatam.freshdesk.com:443
2025-10-31 09:19:51 - urllib3.connectionpool - DEBUG - https://tdilatam.freshdesk.com:443 "GET /api/v2/tickets/32012 HTTP/1.1" 200 None
2025-10-31 09:19:51 - urllib3.connectionpool - DEBUG - Starting new HTTPS connection (1): tdilatam.freshdesk.com:443
2025-10-31 09:19:51 - urllib3.connectionpool - DEBUG - https://tdilatam.freshdesk.com:443 "GET /api/v2/tickets/32013 HTTP/1.1" 200 None
2025-10-31 09:19:51 - urllib3.connectionpool - DEBUG - Starting new HTTPS connection (1): tdilatam.freshdesk.com:443
2025-10-31 09:19:52 - urllib3.connectionpool - DEBUG - https://tdilatam.freshdesk.com:443 "GET /api/v2/tickets/32014 HTTP/1.1" 200 None
2025-10-31 09:19:52 - urllib3.connectionpool - DEBUG - Starting new HTTPS connection (1): tdilatam.freshdesk.com:443
2025-10-31 09:19:53 - urllib3.connectionpool - DEBUG - https://tdilatam.freshdesk.com:443 "GET /api/v2/tickets/32015 HTTP/1.1" 200 None
2025-10-31 09:19:53 - urllib3.connectionpool - DEBUG - Starting new HTTPS connection (1): tdilatam.freshdesk.com:443
2025-10-31 09:19:54 - urllib3.connectionpool - DEBUG - https://tdilatam.freshdesk.com:443 "GET /api/v2/tickets/32016 HTTP/1.1" 200 None
2025-10-31 09:19:54 - urllib3.connectionpool - DEBUG - Starting new HTTPS connection (1): tdilatam.freshdesk.com:443
2025-10-31 09:19:55 - urllib3.connectionpool - DEBUG - https://tdilatam.freshdesk.com:443 "GET /api/v2/tickets/32017 HTTP/1.1" 200 None
2025-10-31 09:19:55 - urllib3.connectionpool - DEBUG - Starting new HTTPS connection (1): tdilatam.freshdesk.com:443
2025-10-31 09:19:55 - urllib3.connectionpool - DEBUG - https://tdilatam.freshdesk.com:443 "GET /api/v2/tickets/32018 HTTP/1.1" 200 None
2025-10-31 09:19:55 - urllib3.connectionpool - DEBUG - Starting new HTTPS connection (1): tdilatam.freshdesk.com:443
2025-10-31 09:19:56 - urllib3.connectionpool - DEBUG - https://tdilatam.freshdesk.com:443 "GET /api/v2/tickets/32019 HTTP/1.1" 200 None
2025-10-31 09:19:56 - urllib3.connectionpool - DEBUG - Starting new HTTPS connection (1): tdilatam.freshdesk.com:443
2025-10-31 09:19:57 - urllib3.connectionpool - DEBUG - https://tdilatam.freshdesk.com:443 "GET /api/v2/tickets/32020 HTTP/1.1" 200 None
2025-10-31 09:19:58 - urllib3.connectionpool - DEBUG - Starting new HTTPS connection (1): tdilatam.freshdesk.com:443
2025-10-31 09:19:59 - urllib3.connectionpool - DEBUG - https://tdilatam.freshdesk.com:443 "GET /api/v2/tickets/32021 HTTP/1.1" 200 None
2025-10-31 09:19:59 - urllib3.connectionpool - DEBUG - Starting new HTTPS connection (1): tdilatam.freshdesk.com:443
2025-10-31 09:19:59 - urllib3.connectionpool - DEBUG - https://tdilatam.freshdesk.com:443 "GET /api/v2/tickets/32022 HTTP/1.1" 200 None
2025-10-31 09:19:59 - urllib3.connectionpool - DEBUG - Starting new HTTPS connection (1): tdilatam.freshdesk.com:443
2025-10-31 09:20:00 - urllib3.connectionpool - DEBUG - https://tdilatam.freshdesk.com:443 "GET /api/v2/tickets/32024 HTTP/1.1" 200 None
2025-10-31 09:20:00 - urllib3.connectionpool - DEBUG - Starting new HTTPS connection (1): tdilatam.freshdesk.com:443
2025-10-31 09:20:01 - urllib3.connectionpool - DEBUG - https://tdilatam.freshdesk.com:443 "GET /api/v2/tickets/32025 HTTP/1.1" 200 None
2025-10-31 09:20:01 - urllib3.connectionpool - DEBUG - Starting new HTTPS connection (1): tdilatam.freshdesk.com:443
2025-10-31 09:20:02 - urllib3.connectionpool - DEBUG - https://tdilatam.freshdesk.com:443 "GET /api/v2/tickets/32032 HTTP/1.1" 200 None
2025-10-31 09:20:02 - urllib3.connectionpool - DEBUG - Starting new HTTPS connection (1): tdilatam.freshdesk.com:443
2025-10-31 09:20:03 - urllib3.connectionpool - DEBUG - https://tdilatam.freshdesk.com:443 "GET /api/v2/tickets/32033 HTTP/1.1" 200 None
2025-10-31 09:20:03 - urllib3.connectionpool - DEBUG - Starting new HTTPS connection (1): tdilatam.freshdesk.com:443
2025-10-31 09:20:07 - urllib3.connectionpool - DEBUG - https://tdilatam.freshdesk.com:443 "GET /api/v2/tickets/32035 HTTP/1.1" 200 None
2025-10-31 09:20:07 - urllib3.connectionpool - DEBUG - Starting new HTTPS connection (1): tdilatam.freshdesk.com:443
2025-10-31 09:20:07 - urllib3.connectionpool - DEBUG - https://tdilatam.freshdesk.com:443 "GET /api/v2/tickets/32036 HTTP/1.1" 200 None
2025-10-31 09:20:07 - urllib3.connectionpool - DEBUG - Starting new HTTPS connection (1): tdilatam.freshdesk.com:443
2025-10-31 09:20:08 - urllib3.connectionpool - DEBUG - https://tdilatam.freshdesk.com:443 "GET /api/v2/tickets/32038 HTTP/1.1" 200 None
2025-10-31 09:20:08 - urllib3.connectionpool - DEBUG - Starting new HTTPS connection (1): tdilatam.freshdesk.com:443
2025-10-31 09:20:09 - urllib3.connectionpool - DEBUG - https://tdilatam.freshdesk.com:443 "GET /api/v2/tickets/32039 HTTP/1.1" 200 None
2025-10-31 09:20:10 - urllib3.connectionpool - DEBUG - Starting new HTTPS connection (1): tdilatam.freshdesk.com:443
2025-10-31 09:20:11 - urllib3.connectionpool - DEBUG - https://tdilatam.freshdesk.com:443 "GET /api/v2/tickets/32041 HTTP/1.1" 200 None
2025-10-31 09:20:11 - urllib3.connectionpool - DEBUG - Starting new HTTPS connection (1): tdilatam.freshdesk.com:443
2025-10-31 09:20:11 - urllib3.connectionpool - DEBUG - https://tdilatam.freshdesk.com:443 "GET /api/v2/tickets/32042 HTTP/1.1" 200 None
2025-10-31 09:20:12 - urllib3.connectionpool - DEBUG - Starting new HTTPS connection (1): tdilatam.freshdesk.com:443
2025-10-31 09:20:12 - urllib3.connectionpool - DEBUG - https://tdilatam.freshdesk.com:443 "GET /api/v2/tickets/32043 HTTP/1.1" 200 None
2025-10-31 09:20:12 - urllib3.connectionpool - DEBUG - Starting new HTTPS connection (1): tdilatam.freshdesk.com:443
2025-10-31 09:20:13 - urllib3.connectionpool - DEBUG - https://tdilatam.freshdesk.com:443 "GET /api/v2/tickets/32044 HTTP/1.1" 200 None
2025-10-31 09:20:13 - urllib3.connectionpool - DEBUG - Starting new HTTPS connection (1): tdilatam.freshdesk.com:443
2025-10-31 09:20:14 - urllib3.connectionpool - DEBUG - https://tdilatam.freshdesk.com:443 "GET /api/v2/tickets/32047 HTTP/1.1" 200 None
2025-10-31 09:20:14 - urllib3.connectionpool - DEBUG - Starting new HTTPS connection (1): tdilatam.freshdesk.com:443
2025-10-31 09:20:15 - urllib3.connectionpool - DEBUG - https://tdilatam.freshdesk.com:443 "GET /api/v2/tickets/32048 HTTP/1.1" 200 None
2025-10-31 09:20:15 - urllib3.connectionpool - DEBUG - Starting new HTTPS connection (1): tdilatam.freshdesk.com:443
2025-10-31 09:20:15 - urllib3.connectionpool - DEBUG - https://tdilatam.freshdesk.com:443 "GET /api/v2/tickets/32049 HTTP/1.1" 200 None
2025-10-31 09:20:15 - urllib3.connectionpool - DEBUG - Starting new HTTPS connection (1): tdilatam.freshdesk.com:443
2025-10-31 09:20:16 - urllib3.connectionpool - DEBUG - https://tdilatam.freshdesk.com:443 "GET /api/v2/tickets/32050 HTTP/1.1" 200 None
2025-10-31 09:20:16 - urllib3.connectionpool - DEBUG - Starting new HTTPS connection (1): tdilatam.freshdesk.com:443
2025-10-31 09:20:17 - urllib3.connectionpool - DEBUG - https://tdilatam.freshdesk.com:443 "GET /api/v2/tickets/32051 HTTP/1.1" 200 None
2025-10-31 09:20:17 - urllib3.connectionpool - DEBUG - Starting new HTTPS connection (1): tdilatam.freshdesk.com:443
2025-10-31 09:20:18 - urllib3.connectionpool - DEBUG - https://tdilatam.freshdesk.com:443 "GET /api/v2/tickets/32052 HTTP/1.1" 200 None
2025-10-31 09:20:19 - urllib3.connectionpool - DEBUG - Starting new HTTPS connection (1): tdilatam.freshdesk.com:443
2025-10-31 09:20:20 - urllib3.connectionpool - DEBUG - https://tdilatam.freshdesk.com:443 "GET /api/v2/tickets/32053 HTTP/1.1" 200 None
2025-10-31 09:20:20 - urllib3.connectionpool - DEBUG - Starting new HTTPS connection (1): tdilatam.freshdesk.com:443
2025-10-31 09:20:20 - urllib3.connectionpool - DEBUG - https://tdilatam.freshdesk.com:443 "GET /api/v2/tickets/32054 HTTP/1.1" 200 None
2025-10-31 09:20:20 - urllib3.connectionpool - DEBUG - Starting new HTTPS connection (1): tdilatam.freshdesk.com:443
2025-10-31 09:20:21 - urllib3.connectionpool - DEBUG - https://tdilatam.freshdesk.com:443 "GET /api/v2/tickets/32055 HTTP/1.1" 200 None
2025-10-31 09:20:21 - urllib3.connectionpool - DEBUG - Starting new HTTPS connection (1): tdilatam.freshdesk.com:443
2025-10-31 09:20:22 - urllib3.connectionpool - DEBUG - https://tdilatam.freshdesk.com:443 "GET /api/v2/tickets/32056 HTTP/1.1" 200 None
2025-10-31 09:20:22 - urllib3.connectionpool - DEBUG - Starting new HTTPS connection (1): tdilatam.freshdesk.com:443
2025-10-31 09:20:23 - urllib3.connectionpool - DEBUG - https://tdilatam.freshdesk.com:443 "GET /api/v2/tickets/32057 HTTP/1.1" 200 None
2025-10-31 09:20:23 - urllib3.connectionpool - DEBUG - Starting new HTTPS connection (1): tdilatam.freshdesk.com:443
2025-10-31 09:20:23 - urllib3.connectionpool - DEBUG - https://tdilatam.freshdesk.com:443 "GET /api/v2/tickets/32058 HTTP/1.1" 200 None
2025-10-31 09:20:23 - urllib3.connectionpool - DEBUG - Starting new HTTPS connection (1): tdilatam.freshdesk.com:443
2025-10-31 09:20:24 - urllib3.connectionpool - DEBUG - https://tdilatam.freshdesk.com:443 "GET /api/v2/tickets/32059 HTTP/1.1" 200 None
2025-10-31 09:20:24 - urllib3.connectionpool - DEBUG - Starting new HTTPS connection (1): tdilatam.freshdesk.com:443
2025-10-31 09:20:25 - urllib3.connectionpool - DEBUG - https://tdilatam.freshdesk.com:443 "GET /api/v2/tickets/32060 HTTP/1.1" 200 None
2025-10-31 09:20:25 - urllib3.connectionpool - DEBUG - Starting new HTTPS connection (1): tdilatam.freshdesk.com:443
2025-10-31 09:20:26 - urllib3.connectionpool - DEBUG - https://tdilatam.freshdesk.com:443 "GET /api/v2/tickets/32061 HTTP/1.1" 200 None
2025-10-31 09:20:26 - urllib3.connectionpool - DEBUG - Starting new HTTPS connection (1): tdilatam.freshdesk.com:443
2025-10-31 09:20:27 - urllib3.connectionpool - DEBUG - https://tdilatam.freshdesk.com:443 "GET /api/v2/tickets/32062 HTTP/1.1" 200 None
2025-10-31 09:20:28 - urllib3.connectionpool - DEBUG - Starting new HTTPS connection (1): tdilatam.freshdesk.com:443
2025-10-31 09:20:28 - urllib3.connectionpool - DEBUG - https://tdilatam.freshdesk.com:443 "GET /api/v2/tickets/32063 HTTP/1.1" 200 None
2025-10-31 09:20:28 - urllib3.connectionpool - DEBUG - Starting new HTTPS connection (1): tdilatam.freshdesk.com:443
2025-10-31 09:20:29 - urllib3.connectionpool - DEBUG - https://tdilatam.freshdesk.com:443 "GET /api/v2/tickets/32064 HTTP/1.1" 200 None
2025-10-31 09:20:29 - urllib3.connectionpool - DEBUG - Starting new HTTPS connection (1): tdilatam.freshdesk.com:443
2025-10-31 09:20:30 - urllib3.connectionpool - DEBUG - https://tdilatam.freshdesk.com:443 "GET /api/v2/tickets/32065 HTTP/1.1" 200 None
2025-10-31 09:20:30 - urllib3.connectionpool - DEBUG - Starting new HTTPS connection (1): tdilatam.freshdesk.com:443
2025-10-31 09:20:30 - urllib3.connectionpool - DEBUG - https://tdilatam.freshdesk.com:443 "GET /api/v2/tickets/32066 HTTP/1.1" 200 None
2025-10-31 09:20:31 - urllib3.connectionpool - DEBUG - Starting new HTTPS connection (1): tdilatam.freshdesk.com:443
2025-10-31 09:20:31 - urllib3.connectionpool - DEBUG - https://tdilatam.freshdesk.com:443 "GET /api/v2/tickets/32067 HTTP/1.1" 200 None
2025-10-31 09:20:31 - urllib3.connectionpool - DEBUG - Starting new HTTPS connection (1): tdilatam.freshdesk.com:443
2025-10-31 09:20:32 - urllib3.connectionpool - DEBUG - https://tdilatam.freshdesk.com:443 "GET /api/v2/tickets/32068 HTTP/1.1" 200 None
2025-10-31 09:20:32 - urllib3.connectionpool - DEBUG - Starting new HTTPS connection (1): tdilatam.freshdesk.com:443
2025-10-31 09:20:33 - urllib3.connectionpool - DEBUG - https://tdilatam.freshdesk.com:443 "GET /api/v2/tickets/32069 HTTP/1.1" 200 None
2025-10-31 09:20:33 - urllib3.connectionpool - DEBUG - Starting new HTTPS connection (1): tdilatam.freshdesk.com:443
2025-10-31 09:20:35 - urllib3.connectionpool - DEBUG - https://tdilatam.freshdesk.com:443 "GET /api/v2/tickets/32070 HTTP/1.1" 200 None
2025-10-31 09:20:35 - urllib3.connectionpool - DEBUG - Starting new HTTPS connection (1): tdilatam.freshdesk.com:443
2025-10-31 09:20:36 - urllib3.connectionpool - DEBUG - https://tdilatam.freshdesk.com:443 "GET /api/v2/tickets/32075 HTTP/1.1" 200 None
2025-10-31 09:20:36 - urllib3.connectionpool - DEBUG - Starting new HTTPS connection (1): tdilatam.freshdesk.com:443
2025-10-31 09:20:37 - urllib3.connectionpool - DEBUG - https://tdilatam.freshdesk.com:443 "GET /api/v2/tickets/32083 HTTP/1.1" 200 None
2025-10-31 09:20:38 - urllib3.connectionpool - DEBUG - Starting new HTTPS connection (1): tdilatam.freshdesk.com:443
2025-10-31 09:20:39 - urllib3.connectionpool - DEBUG - https://tdilatam.freshdesk.com:443 "GET /api/v2/tickets/32084 HTTP/1.1" 200 None
2025-10-31 09:20:39 - urllib3.connectionpool - DEBUG - Starting new HTTPS connection (1): tdilatam.freshdesk.com:443
2025-10-31 09:20:39 - urllib3.connectionpool - DEBUG - https://tdilatam.freshdesk.com:443 "GET /api/v2/tickets/32088 HTTP/1.1" 200 None
2025-10-31 09:20:39 - urllib3.connectionpool - DEBUG - Starting new HTTPS connection (1): tdilatam.freshdesk.com:443
2025-10-31 09:20:40 - urllib3.connectionpool - DEBUG - https://tdilatam.freshdesk.com:443 "GET /api/v2/tickets/32089 HTTP/1.1" 200 None
2025-10-31 09:20:40 - urllib3.connectionpool - DEBUG - Starting new HTTPS connection (1): tdilatam.freshdesk.com:443
2025-10-31 09:20:41 - urllib3.connectionpool - DEBUG - https://tdilatam.freshdesk.com:443 "GET /api/v2/tickets/32091 HTTP/1.1" 200 None
2025-10-31 09:20:41 - urllib3.connectionpool - DEBUG - Starting new HTTPS connection (1): tdilatam.freshdesk.com:443
2025-10-31 09:20:42 - urllib3.connectionpool - DEBUG - https://tdilatam.freshdesk.com:443 "GET /api/v2/tickets/32092 HTTP/1.1" 200 None
2025-10-31 09:20:42 - urllib3.connectionpool - DEBUG - Starting new HTTPS connection (1): tdilatam.freshdesk.com:443
2025-10-31 09:20:42 - urllib3.connectionpool - DEBUG - https://tdilatam.freshdesk.com:443 "GET /api/v2/tickets/32097 HTTP/1.1" 200 None
2025-10-31 09:20:43 - urllib3.connectionpool - DEBUG - Starting new HTTPS connection (1): tdilatam.freshdesk.com:443
2025-10-31 09:20:43 - urllib3.connectionpool - DEBUG - https://tdilatam.freshdesk.com:443 "GET /api/v2/tickets/32103 HTTP/1.1" 200 None
2025-10-31 09:20:44 - urllib3.connectionpool - DEBUG - Starting new HTTPS connection (1): tdilatam.freshdesk.com:443
2025-10-31 09:20:44 - urllib3.connectionpool - DEBUG - https://tdilatam.freshdesk.com:443 "GET /api/v2/tickets/32104 HTTP/1.1" 200 None
2025-10-31 09:20:44 - urllib3.connectionpool - DEBUG - Starting new HTTPS connection (1): tdilatam.freshdesk.com:443
2025-10-31 09:20:45 - urllib3.connectionpool - DEBUG - https://tdilatam.freshdesk.com:443 "GET /api/v2/tickets/32110 HTTP/1.1" 200 None
2025-10-31 09:20:45 - urllib3.connectionpool - DEBUG - Starting new HTTPS connection (1): tdilatam.freshdesk.com:443
2025-10-31 09:20:46 - urllib3.connectionpool - DEBUG - https://tdilatam.freshdesk.com:443 "GET /api/v2/tickets/32112 HTTP/1.1" 200 None
2025-10-31 09:20:47 - urllib3.connectionpool - DEBUG - Starting new HTTPS connection (1): tdilatam.freshdesk.com:443
2025-10-31 09:20:48 - urllib3.connectionpool - DEBUG - https://tdilatam.freshdesk.com:443 "GET /api/v2/tickets/32114 HTTP/1.1" 200 None
2025-10-31 09:20:48 - urllib3.connectionpool - DEBUG - Starting new HTTPS connection (1): tdilatam.freshdesk.com:443
2025-10-31 09:20:49 - urllib3.connectionpool - DEBUG - https://tdilatam.freshdesk.com:443 "GET /api/v2/tickets/32115 HTTP/1.1" 200 None
2025-10-31 09:20:49 - urllib3.connectionpool - DEBUG - Starting new HTTPS connection (1): tdilatam.freshdesk.com:443
2025-10-31 09:20:49 - urllib3.connectionpool - DEBUG - https://tdilatam.freshdesk.com:443 "GET /api/v2/tickets/32117 HTTP/1.1" 200 None
2025-10-31 09:20:49 - urllib3.connectionpool - DEBUG - Starting new HTTPS connection (1): tdilatam.freshdesk.com:443
2025-10-31 09:20:50 - urllib3.connectionpool - DEBUG - https://tdilatam.freshdesk.com:443 "GET /api/v2/tickets/32118 HTTP/1.1" 200 None
2025-10-31 09:20:50 - urllib3.connectionpool - DEBUG - Starting new HTTPS connection (1): tdilatam.freshdesk.com:443
2025-10-31 09:20:51 - urllib3.connectionpool - DEBUG - https://tdilatam.freshdesk.com:443 "GET /api/v2/tickets/32120 HTTP/1.1" 200 None
2025-10-31 09:20:51 - urllib3.connectionpool - DEBUG - Starting new HTTPS connection (1): tdilatam.freshdesk.com:443
2025-10-31 09:20:52 - urllib3.connectionpool - DEBUG - https://tdilatam.freshdesk.com:443 "GET /api/v2/tickets/32121 HTTP/1.1" 200 None
2025-10-31 09:20:52 - urllib3.connectionpool - DEBUG - Starting new HTTPS connection (1): tdilatam.freshdesk.com:443
2025-10-31 09:20:52 - urllib3.connectionpool - DEBUG - https://tdilatam.freshdesk.com:443 "GET /api/v2/tickets/32122 HTTP/1.1" 200 None
2025-10-31 09:20:52 - urllib3.connectionpool - DEBUG - Starting new HTTPS connection (1): tdilatam.freshdesk.com:443
2025-10-31 09:20:53 - urllib3.connectionpool - DEBUG - https://tdilatam.freshdesk.com:443 "GET /api/v2/tickets/32123 HTTP/1.1" 200 None
2025-10-31 09:20:53 - urllib3.connectionpool - DEBUG - Starting new HTTPS connection (1): tdilatam.freshdesk.com:443
2025-10-31 09:20:54 - urllib3.connectionpool - DEBUG - https://tdilatam.freshdesk.com:443 "GET /api/v2/tickets/32125 HTTP/1.1" 200 None
2025-10-31 09:20:54 - urllib3.connectionpool - DEBUG - Starting new HTTPS connection (1): tdilatam.freshdesk.com:443
2025-10-31 09:20:55 - urllib3.connectionpool - DEBUG - https://tdilatam.freshdesk.com:443 "GET /api/v2/tickets/32126 HTTP/1.1" 200 None
2025-10-31 09:20:56 - urllib3.connectionpool - DEBUG - Starting new HTTPS connection (1): tdilatam.freshdesk.com:443
2025-10-31 09:20:56 - urllib3.connectionpool - DEBUG - https://tdilatam.freshdesk.com:443 "GET /api/v2/tickets/32128 HTTP/1.1" 200 None
2025-10-31 09:20:56 - urllib3.connectionpool - DEBUG - Starting new HTTPS connection (1): tdilatam.freshdesk.com:443
2025-10-31 09:20:57 - urllib3.connectionpool - DEBUG - https://tdilatam.freshdesk.com:443 "GET /api/v2/tickets/32129 HTTP/1.1" 200 None
2025-10-31 09:20:57 - urllib3.connectionpool - DEBUG - Starting new HTTPS connection (1): tdilatam.freshdesk.com:443
2025-10-31 09:20:58 - urllib3.connectionpool - DEBUG - https://tdilatam.freshdesk.com:443 "GET /api/v2/tickets/32130 HTTP/1.1" 200 None
2025-10-31 09:20:58 - urllib3.connectionpool - DEBUG - Starting new HTTPS connection (1): tdilatam.freshdesk.com:443
2025-10-31 09:20:59 - urllib3.connectionpool - DEBUG - https://tdilatam.freshdesk.com:443 "GET /api/v2/tickets/32134 HTTP/1.1" 200 None
2025-10-31 09:20:59 - urllib3.connectionpool - DEBUG - Starting new HTTPS connection (1): tdilatam.freshdesk.com:443
2025-10-31 09:20:59 - urllib3.connectionpool - DEBUG - https://tdilatam.freshdesk.com:443 "GET /api/v2/tickets/32135 HTTP/1.1" 200 None
2025-10-31 09:20:59 - urllib3.connectionpool - DEBUG - Starting new HTTPS connection (1): tdilatam.freshdesk.com:443
2025-10-31 09:21:00 - urllib3.connectionpool - DEBUG - https://tdilatam.freshdesk.com:443 "GET /api/v2/tickets/32136 HTTP/1.1" 200 None
2025-10-31 09:21:00 - urllib3.connectionpool - DEBUG - Starting new HTTPS connection (1): tdilatam.freshdesk.com:443
2025-10-31 09:21:01 - urllib3.connectionpool - DEBUG - https://tdilatam.freshdesk.com:443 "GET /api/v2/tickets/32137 HTTP/1.1" 200 None
2025-10-31 09:21:01 - urllib3.connectionpool - DEBUG - Starting new HTTPS connection (1): tdilatam.freshdesk.com:443
2025-10-31 09:21:02 - urllib3.connectionpool - DEBUG - https://tdilatam.freshdesk.com:443 "GET /api/v2/tickets/32138 HTTP/1.1" 200 None
2025-10-31 09:21:02 - urllib3.connectionpool - DEBUG - Starting new HTTPS connection (1): tdilatam.freshdesk.com:443
2025-10-31 09:21:02 - urllib3.connectionpool - DEBUG - https://tdilatam.freshdesk.com:443 "GET /api/v2/tickets/32139 HTTP/1.1" 200 None
2025-10-31 09:21:03 - urllib3.connectionpool - DEBUG - Starting new HTTPS connection (1): tdilatam.freshdesk.com:443
2025-10-31 09:21:04 - urllib3.connectionpool - DEBUG - https://tdilatam.freshdesk.com:443 "GET /api/v2/tickets/32140 HTTP/1.1" 200 None
2025-10-31 09:21:05 - urllib3.connectionpool - DEBUG - Starting new HTTPS connection (1): tdilatam.freshdesk.com:443
2025-10-31 09:21:06 - urllib3.connectionpool - DEBUG - https://tdilatam.freshdesk.com:443 "GET /api/v2/tickets/32141 HTTP/1.1" 200 None
2025-10-31 09:21:06 - urllib3.connectionpool - DEBUG - Starting new HTTPS connection (1): tdilatam.freshdesk.com:443
2025-10-31 09:21:07 - urllib3.connectionpool - DEBUG - https://tdilatam.freshdesk.com:443 "GET /api/v2/tickets/32144 HTTP/1.1" 200 None
2025-10-31 09:21:07 - urllib3.connectionpool - DEBUG - Starting new HTTPS connection (1): tdilatam.freshdesk.com:443
2025-10-31 09:21:08 - urllib3.connectionpool - DEBUG - https://tdilatam.freshdesk.com:443 "GET /api/v2/tickets/32147 HTTP/1.1" 200 None
2025-10-31 09:21:08 - urllib3.connectionpool - DEBUG - Starting new HTTPS connection (1): tdilatam.freshdesk.com:443
2025-10-31 09:21:08 - urllib3.connectionpool - DEBUG - https://tdilatam.freshdesk.com:443 "GET /api/v2/tickets/32155 HTTP/1.1" 200 None
2025-10-31 09:21:08 - urllib3.connectionpool - DEBUG - Starting new HTTPS connection (1): tdilatam.freshdesk.com:443
2025-10-31 09:21:09 - urllib3.connectionpool - DEBUG - https://tdilatam.freshdesk.com:443 "GET /api/v2/tickets/32157 HTTP/1.1" 200 None
2025-10-31 09:21:09 - urllib3.connectionpool - DEBUG - Starting new HTTPS connection (1): tdilatam.freshdesk.com:443
2025-10-31 09:21:10 - urllib3.connectionpool - DEBUG - https://tdilatam.freshdesk.com:443 "GET /api/v2/tickets/32158 HTTP/1.1" 200 None
2025-10-31 09:21:10 - urllib3.connectionpool - DEBUG - Starting new HTTPS connection (1): tdilatam.freshdesk.com:443
2025-10-31 09:21:11 - urllib3.connectionpool - DEBUG - https://tdilatam.freshdesk.com:443 "GET /api/v2/tickets/32159 HTTP/1.1" 200 None
2025-10-31 09:21:11 - urllib3.connectionpool - DEBUG - Starting new HTTPS connection (1): tdilatam.freshdesk.com:443
2025-10-31 09:21:11 - urllib3.connectionpool - DEBUG - https://tdilatam.freshdesk.com:443 "GET /api/v2/tickets/32160 HTTP/1.1" 200 None
2025-10-31 09:21:11 - urllib3.connectionpool - DEBUG - Starting new HTTPS connection (1): tdilatam.freshdesk.com:443
2025-10-31 09:21:12 - urllib3.connectionpool - DEBUG - https://tdilatam.freshdesk.com:443 "GET /api/v2/tickets/32161 HTTP/1.1" 200 None
2025-10-31 09:21:12 - urllib3.connectionpool - DEBUG - Starting new HTTPS connection (1): tdilatam.freshdesk.com:443
2025-10-31 09:21:13 - urllib3.connectionpool - DEBUG - https://tdilatam.freshdesk.com:443 "GET /api/v2/tickets/32162 HTTP/1.1" 200 None
2025-10-31 09:21:14 - urllib3.connectionpool - DEBUG - Starting new HTTPS connection (1): tdilatam.freshdesk.com:443
2025-10-31 09:21:15 - urllib3.connectionpool - DEBUG - https://tdilatam.freshdesk.com:443 "GET /api/v2/tickets/32165 HTTP/1.1" 200 None
2025-10-31 09:21:15 - urllib3.connectionpool - DEBUG - Starting new HTTPS connection (1): tdilatam.freshdesk.com:443
2025-10-31 09:21:16 - urllib3.connectionpool - DEBUG - https://tdilatam.freshdesk.com:443 "GET /api/v2/tickets/32166 HTTP/1.1" 200 None
2025-10-31 09:21:16 - urllib3.connectionpool - DEBUG - Starting new HTTPS connection (1): tdilatam.freshdesk.com:443
2025-10-31 09:21:16 - urllib3.connectionpool - DEBUG - https://tdilatam.freshdesk.com:443 "GET /api/v2/tickets/32167 HTTP/1.1" 200 None
2025-10-31 09:21:16 - urllib3.connectionpool - DEBUG - Starting new HTTPS connection (1): tdilatam.freshdesk.com:443
2025-10-31 09:21:17 - urllib3.connectionpool - DEBUG - https://tdilatam.freshdesk.com:443 "GET /api/v2/tickets/32168 HTTP/1.1" 200 None
2025-10-31 09:21:17 - urllib3.connectionpool - DEBUG - Starting new HTTPS connection (1): tdilatam.freshdesk.com:443
2025-10-31 09:21:18 - urllib3.connectionpool - DEBUG - https://tdilatam.freshdesk.com:443 "GET /api/v2/tickets/32173 HTTP/1.1" 200 None
2025-10-31 09:21:18 - urllib3.connectionpool - DEBUG - Starting new HTTPS connection (1): tdilatam.freshdesk.com:443
2025-10-31 09:21:19 - urllib3.connectionpool - DEBUG - https://tdilatam.freshdesk.com:443 "GET /api/v2/tickets/32174 HTTP/1.1" 200 None
2025-10-31 09:21:19 - urllib3.connectionpool - DEBUG - Starting new HTTPS connection (1): tdilatam.freshdesk.com:443
2025-10-31 09:21:20 - urllib3.connectionpool - DEBUG - https://tdilatam.freshdesk.com:443 "GET /api/v2/tickets/32177 HTTP/1.1" 200 None
2025-10-31 09:21:20 - urllib3.connectionpool - DEBUG - Starting new HTTPS connection (1): tdilatam.freshdesk.com:443
2025-10-31 09:21:20 - urllib3.connectionpool - DEBUG - https://tdilatam.freshdesk.com:443 "GET /api/v2/tickets/32179 HTTP/1.1" 200 None
2025-10-31 09:21:20 - urllib3.connectionpool - DEBUG - Starting new HTTPS connection (1): tdilatam.freshdesk.com:443
2025-10-31 09:21:21 - urllib3.connectionpool - DEBUG - https://tdilatam.freshdesk.com:443 "GET /api/v2/tickets/32180 HTTP/1.1" 200 None
2025-10-31 09:21:21 - urllib3.connectionpool - DEBUG - Starting new HTTPS connection (1): tdilatam.freshdesk.com:443
2025-10-31 09:21:22 - urllib3.connectionpool - DEBUG - https://tdilatam.freshdesk.com:443 "GET /api/v2/tickets/32182 HTTP/1.1" 200 None
2025-10-31 09:21:23 - urllib3.connectionpool - DEBUG - Starting new HTTPS connection (1): tdilatam.freshdesk.com:443
2025-10-31 09:21:24 - urllib3.connectionpool - DEBUG - https://tdilatam.freshdesk.com:443 "GET /api/v2/tickets/32183 HTTP/1.1" 200 None
2025-10-31 09:21:24 - urllib3.connectionpool - DEBUG - Starting new HTTPS connection (1): tdilatam.freshdesk.com:443
2025-10-31 09:21:25 - urllib3.connectionpool - DEBUG - https://tdilatam.freshdesk.com:443 "GET /api/v2/tickets/32184 HTTP/1.1" 200 None
2025-10-31 09:21:25 - urllib3.connectionpool - DEBUG - Starting new HTTPS connection (1): tdilatam.freshdesk.com:443
2025-10-31 09:21:25 - urllib3.connectionpool - DEBUG - https://tdilatam.freshdesk.com:443 "GET /api/v2/tickets/32187 HTTP/1.1" 200 None
2025-10-31 09:21:25 - urllib3.connectionpool - DEBUG - Starting new HTTPS connection (1): tdilatam.freshdesk.com:443
2025-10-31 09:21:26 - urllib3.connectionpool - DEBUG - https://tdilatam.freshdesk.com:443 "GET /api/v2/tickets/32188 HTTP/1.1" 200 None
2025-10-31 09:21:26 - urllib3.connectionpool - DEBUG - Starting new HTTPS connection (1): tdilatam.freshdesk.com:443
2025-10-31 09:21:27 - urllib3.connectionpool - DEBUG - https://tdilatam.freshdesk.com:443 "GET /api/v2/tickets/32192 HTTP/1.1" 200 None
2025-10-31 09:21:27 - urllib3.connectionpool - DEBUG - Starting new HTTPS connection (1): tdilatam.freshdesk.com:443
2025-10-31 09:21:28 - urllib3.connectionpool - DEBUG - https://tdilatam.freshdesk.com:443 "GET /api/v2/tickets/32193 HTTP/1.1" 200 None
2025-10-31 09:21:28 - urllib3.connectionpool - DEBUG - Starting new HTTPS connection (1): tdilatam.freshdesk.com:443
2025-10-31 09:21:28 - urllib3.connectionpool - DEBUG - https://tdilatam.freshdesk.com:443 "GET /api/v2/tickets/32194 HTTP/1.1" 200 None
2025-10-31 09:21:28 - urllib3.connectionpool - DEBUG - Starting new HTTPS connection (1): tdilatam.freshdesk.com:443
2025-10-31 09:21:29 - urllib3.connectionpool - DEBUG - https://tdilatam.freshdesk.com:443 "GET /api/v2/tickets/32196 HTTP/1.1" 200 None
2025-10-31 09:21:29 - urllib3.connectionpool - DEBUG - Starting new HTTPS connection (1): tdilatam.freshdesk.com:443
2025-10-31 09:21:30 - urllib3.connectionpool - DEBUG - https://tdilatam.freshdesk.com:443 "GET /api/v2/tickets/32197 HTTP/1.1" 200 None
2025-10-31 09:21:30 - urllib3.connectionpool - DEBUG - Starting new HTTPS connection (1): tdilatam.freshdesk.com:443
2025-10-31 09:21:31 - urllib3.connectionpool - DEBUG - https://tdilatam.freshdesk.com:443 "GET /api/v2/tickets/32198 HTTP/1.1" 200 None
2025-10-31 09:21:32 - urllib3.connectionpool - DEBUG - Starting new HTTPS connection (1): tdilatam.freshdesk.com:443
2025-10-31 09:21:33 - urllib3.connectionpool - DEBUG - https://tdilatam.freshdesk.com:443 "GET /api/v2/tickets/32199 HTTP/1.1" 200 None
2025-10-31 09:21:33 - urllib3.connectionpool - DEBUG - Starting new HTTPS connection (1): tdilatam.freshdesk.com:443
2025-10-31 09:21:33 - urllib3.connectionpool - DEBUG - https://tdilatam.freshdesk.com:443 "GET /api/v2/tickets/32200 HTTP/1.1" 200 None
2025-10-31 09:21:33 - urllib3.connectionpool - DEBUG - Starting new HTTPS connection (1): tdilatam.freshdesk.com:443
2025-10-31 09:21:35 - urllib3.connectionpool - DEBUG - https://tdilatam.freshdesk.com:443 "GET /api/v2/tickets/32201 HTTP/1.1" 200 None
2025-10-31 09:21:35 - urllib3.connectionpool - DEBUG - Starting new HTTPS connection (1): tdilatam.freshdesk.com:443
2025-10-31 09:21:36 - urllib3.connectionpool - DEBUG - https://tdilatam.freshdesk.com:443 "GET /api/v2/tickets/32202 HTTP/1.1" 200 None
2025-10-31 09:21:36 - urllib3.connectionpool - DEBUG - Starting new HTTPS connection (1): tdilatam.freshdesk.com:443
2025-10-31 09:21:37 - urllib3.connectionpool - DEBUG - https://tdilatam.freshdesk.com:443 "GET /api/v2/tickets/32203 HTTP/1.1" 200 None
2025-10-31 09:21:37 - urllib3.connectionpool - DEBUG - Starting new HTTPS connection (1): tdilatam.freshdesk.com:443
2025-10-31 09:21:37 - urllib3.connectionpool - DEBUG - https://tdilatam.freshdesk.com:443 "GET /api/v2/tickets/32204 HTTP/1.1" 200 None
2025-10-31 09:21:37 - urllib3.connectionpool - DEBUG - Starting new HTTPS connection (1): tdilatam.freshdesk.com:443
2025-10-31 09:21:38 - urllib3.connectionpool - DEBUG - https://tdilatam.freshdesk.com:443 "GET /api/v2/tickets/32212 HTTP/1.1" 200 None
2025-10-31 09:21:38 - urllib3.connectionpool - DEBUG - Starting new HTTPS connection (1): tdilatam.freshdesk.com:443
2025-10-31 09:21:39 - urllib3.connectionpool - DEBUG - https://tdilatam.freshdesk.com:443 "GET /api/v2/tickets/32213 HTTP/1.1" 200 None
2025-10-31 09:21:39 - urllib3.connectionpool - DEBUG - Starting new HTTPS connection (1): tdilatam.freshdesk.com:443
2025-10-31 09:21:40 - urllib3.connectionpool - DEBUG - https://tdilatam.freshdesk.com:443 "GET /api/v2/tickets/32214 HTTP/1.1" 200 None
2025-10-31 09:21:40 - urllib3.connectionpool - DEBUG - Starting new HTTPS connection (1): tdilatam.freshdesk.com:443
2025-10-31 09:21:40 - urllib3.connectionpool - DEBUG - https://tdilatam.freshdesk.com:443 "GET /api/v2/tickets/32215 HTTP/1.1" 200 None
2025-10-31 09:21:41 - urllib3.connectionpool - DEBUG - Starting new HTTPS connection (1): tdilatam.freshdesk.com:443
2025-10-31 09:21:42 - urllib3.connectionpool - DEBUG - https://tdilatam.freshdesk.com:443 "GET /api/v2/tickets/32216 HTTP/1.1" 200 None
2025-10-31 09:21:42 - urllib3.connectionpool - DEBUG - Starting new HTTPS connection (1): tdilatam.freshdesk.com:443
2025-10-31 09:21:43 - urllib3.connectionpool - DEBUG - https://tdilatam.freshdesk.com:443 "GET /api/v2/tickets/32217 HTTP/1.1" 200 None
2025-10-31 09:21:43 - urllib3.connectionpool - DEBUG - Starting new HTTPS connection (1): tdilatam.freshdesk.com:443
2025-10-31 09:21:44 - urllib3.connectionpool - DEBUG - https://tdilatam.freshdesk.com:443 "GET /api/v2/tickets/32218 HTTP/1.1" 200 None
2025-10-31 09:21:44 - urllib3.connectionpool - DEBUG - Starting new HTTPS connection (1): tdilatam.freshdesk.com:443
2025-10-31 09:21:45 - urllib3.connectionpool - DEBUG - https://tdilatam.freshdesk.com:443 "GET /api/v2/tickets/32219 HTTP/1.1" 200 None
2025-10-31 09:21:45 - urllib3.connectionpool - DEBUG - Starting new HTTPS connection (1): tdilatam.freshdesk.com:443
2025-10-31 09:21:45 - urllib3.connectionpool - DEBUG - https://tdilatam.freshdesk.com:443 "GET /api/v2/tickets/32220 HTTP/1.1" 200 None
2025-10-31 09:21:46 - urllib3.connectionpool - DEBUG - Starting new HTTPS connection (1): tdilatam.freshdesk.com:443
2025-10-31 09:21:46 - urllib3.connectionpool - DEBUG - https://tdilatam.freshdesk.com:443 "GET /api/v2/tickets/32221 HTTP/1.1" 200 None
2025-10-31 09:21:46 - urllib3.connectionpool - DEBUG - Starting new HTTPS connection (1): tdilatam.freshdesk.com:443
2025-10-31 09:21:47 - urllib3.connectionpool - DEBUG - https://tdilatam.freshdesk.com:443 "GET /api/v2/tickets/32222 HTTP/1.1" 200 None
2025-10-31 09:21:47 - urllib3.connectionpool - DEBUG - Starting new HTTPS connection (1): tdilatam.freshdesk.com:443
2025-10-31 09:21:48 - urllib3.connectionpool - DEBUG - https://tdilatam.freshdesk.com:443 "GET /api/v2/tickets/32223 HTTP/1.1" 200 None
2025-10-31 09:21:48 - urllib3.connectionpool - DEBUG - Starting new HTTPS connection (1): tdilatam.freshdesk.com:443
2025-10-31 09:21:49 - urllib3.connectionpool - DEBUG - https://tdilatam.freshdesk.com:443 "GET /api/v2/tickets/32224 HTTP/1.1" 200 None
2025-10-31 09:21:49 - urllib3.connectionpool - DEBUG - Starting new HTTPS connection (1): tdilatam.freshdesk.com:443
2025-10-31 09:21:49 - urllib3.connectionpool - DEBUG - https://tdilatam.freshdesk.com:443 "GET /api/v2/tickets/32225 HTTP/1.1" 200 None
2025-10-31 09:21:50 - urllib3.connectionpool - DEBUG - Starting new HTTPS connection (1): tdilatam.freshdesk.com:443
2025-10-31 09:21:51 - urllib3.connectionpool - DEBUG - https://tdilatam.freshdesk.com:443 "GET /api/v2/tickets/32226 HTTP/1.1" 200 None
2025-10-31 09:21:51 - urllib3.connectionpool - DEBUG - Starting new HTTPS connection (1): tdilatam.freshdesk.com:443
2025-10-31 09:21:52 - urllib3.connectionpool - DEBUG - https://tdilatam.freshdesk.com:443 "GET /api/v2/tickets/32227 HTTP/1.1" 200 None
2025-10-31 09:21:52 - urllib3.connectionpool - DEBUG - Starting new HTTPS connection (1): tdilatam.freshdesk.com:443
2025-10-31 09:21:53 - urllib3.connectionpool - DEBUG - https://tdilatam.freshdesk.com:443 "GET /api/v2/tickets/32228 HTTP/1.1" 200 None
2025-10-31 09:21:53 - urllib3.connectionpool - DEBUG - Starting new HTTPS connection (1): tdilatam.freshdesk.com:443
2025-10-31 09:21:53 - urllib3.connectionpool - DEBUG - https://tdilatam.freshdesk.com:443 "GET /api/v2/tickets/32229 HTTP/1.1" 200 None
2025-10-31 09:21:53 - urllib3.connectionpool - DEBUG - Starting new HTTPS connection (1): tdilatam.freshdesk.com:443
2025-10-31 09:21:54 - urllib3.connectionpool - DEBUG - https://tdilatam.freshdesk.com:443 "GET /api/v2/tickets/32230 HTTP/1.1" 200 None
2025-10-31 09:21:54 - urllib3.connectionpool - DEBUG - Starting new HTTPS connection (1): tdilatam.freshdesk.com:443
2025-10-31 09:21:55 - urllib3.connectionpool - DEBUG - https://tdilatam.freshdesk.com:443 "GET /api/v2/tickets/32231 HTTP/1.1" 200 None
2025-10-31 09:21:55 - urllib3.connectionpool - DEBUG - Starting new HTTPS connection (1): tdilatam.freshdesk.com:443
2025-10-31 09:21:56 - urllib3.connectionpool - DEBUG - https://tdilatam.freshdesk.com:443 "GET /api/v2/tickets/32232 HTTP/1.1" 200 None
2025-10-31 09:21:56 - urllib3.connectionpool - DEBUG - Starting new HTTPS connection (1): tdilatam.freshdesk.com:443
2025-10-31 09:21:57 - urllib3.connectionpool - DEBUG - https://tdilatam.freshdesk.com:443 "GET /api/v2/tickets/32233 HTTP/1.1" 200 None
2025-10-31 09:21:57 - urllib3.connectionpool - DEBUG - Starting new HTTPS connection (1): tdilatam.freshdesk.com:443
2025-10-31 09:21:57 - urllib3.connectionpool - DEBUG - https://tdilatam.freshdesk.com:443 "GET /api/v2/tickets/32234 HTTP/1.1" 200 None
2025-10-31 09:21:57 - urllib3.connectionpool - DEBUG - Starting new HTTPS connection (1): tdilatam.freshdesk.com:443
2025-10-31 09:21:58 - urllib3.connectionpool - DEBUG - https://tdilatam.freshdesk.com:443 "GET /api/v2/tickets/32235 HTTP/1.1" 200 None
2025-10-31 09:21:59 - urllib3.connectionpool - DEBUG - Starting new HTTPS connection (1): tdilatam.freshdesk.com:443
2025-10-31 09:22:00 - urllib3.connectionpool - DEBUG - https://tdilatam.freshdesk.com:443 "GET /api/v2/tickets/32236 HTTP/1.1" 200 None
2025-10-31 09:22:00 - urllib3.connectionpool - DEBUG - Starting new HTTPS connection (1): tdilatam.freshdesk.com:443
2025-10-31 09:22:00 - urllib3.connectionpool - DEBUG - https://tdilatam.freshdesk.com:443 "GET /api/v2/tickets/32237 HTTP/1.1" 200 None
2025-10-31 09:22:00 - urllib3.connectionpool - DEBUG - Starting new HTTPS connection (1): tdilatam.freshdesk.com:443
2025-10-31 09:22:01 - urllib3.connectionpool - DEBUG - https://tdilatam.freshdesk.com:443 "GET /api/v2/tickets/32238 HTTP/1.1" 200 None
2025-10-31 09:22:01 - urllib3.connectionpool - DEBUG - Starting new HTTPS connection (1): tdilatam.freshdesk.com:443
2025-10-31 09:22:02 - urllib3.connectionpool - DEBUG - https://tdilatam.freshdesk.com:443 "GET /api/v2/tickets/32239 HTTP/1.1" 200 None
2025-10-31 09:22:02 - urllib3.connectionpool - DEBUG - Starting new HTTPS connection (1): tdilatam.freshdesk.com:443
2025-10-31 09:22:03 - urllib3.connectionpool - DEBUG - https://tdilatam.freshdesk.com:443 "GET /api/v2/tickets/32240 HTTP/1.1" 200 None
2025-10-31 09:22:03 - urllib3.connectionpool - DEBUG - Starting new HTTPS connection (1): tdilatam.freshdesk.com:443
2025-10-31 09:22:04 - urllib3.connectionpool - DEBUG - https://tdilatam.freshdesk.com:443 "GET /api/v2/tickets/32241 HTTP/1.1" 200 None
2025-10-31 09:22:04 - urllib3.connectionpool - DEBUG - Starting new HTTPS connection (1): tdilatam.freshdesk.com:443
2025-10-31 09:22:06 - urllib3.connectionpool - DEBUG - https://tdilatam.freshdesk.com:443 "GET /api/v2/tickets/32242 HTTP/1.1" 200 None
2025-10-31 09:22:06 - urllib3.connectionpool - DEBUG - Starting new HTTPS connection (1): tdilatam.freshdesk.com:443
2025-10-31 09:22:06 - urllib3.connectionpool - DEBUG - https://tdilatam.freshdesk.com:443 "GET /api/v2/tickets/32243 HTTP/1.1" 200 None
2025-10-31 09:22:06 - urllib3.connectionpool - DEBUG - Starting new HTTPS connection (1): tdilatam.freshdesk.com:443
2025-10-31 09:22:07 - urllib3.connectionpool - DEBUG - https://tdilatam.freshdesk.com:443 "GET /api/v2/tickets/32244 HTTP/1.1" 200 None
2025-10-31 09:22:07 - urllib3.connectionpool - DEBUG - Starting new HTTPS connection (1): tdilatam.freshdesk.com:443
2025-10-31 09:22:08 - urllib3.connectionpool - DEBUG - https://tdilatam.freshdesk.com:443 "GET /api/v2/tickets/32245 HTTP/1.1" 200 None
2025-10-31 09:22:09 - urllib3.connectionpool - DEBUG - Starting new HTTPS connection (1): tdilatam.freshdesk.com:443
2025-10-31 09:22:10 - urllib3.connectionpool - DEBUG - https://tdilatam.freshdesk.com:443 "GET /api/v2/tickets/32246 HTTP/1.1" 200 None
2025-10-31 09:22:10 - urllib3.connectionpool - DEBUG - Starting new HTTPS connection (1): tdilatam.freshdesk.com:443
2025-10-31 09:22:10 - urllib3.connectionpool - DEBUG - https://tdilatam.freshdesk.com:443 "GET /api/v2/tickets/32247 HTTP/1.1" 200 None
2025-10-31 09:22:10 - urllib3.connectionpool - DEBUG - Starting new HTTPS connection (1): tdilatam.freshdesk.com:443
2025-10-31 09:22:11 - urllib3.connectionpool - DEBUG - https://tdilatam.freshdesk.com:443 "GET /api/v2/tickets/32248 HTTP/1.1" 200 None
2025-10-31 09:22:11 - urllib3.connectionpool - DEBUG - Starting new HTTPS connection (1): tdilatam.freshdesk.com:443
2025-10-31 09:22:12 - urllib3.connectionpool - DEBUG - https://tdilatam.freshdesk.com:443 "GET /api/v2/tickets/32250 HTTP/1.1" 200 None
2025-10-31 09:22:12 - urllib3.connectionpool - DEBUG - Starting new HTTPS connection (1): tdilatam.freshdesk.com:443
2025-10-31 09:22:13 - urllib3.connectionpool - DEBUG - https://tdilatam.freshdesk.com:443 "GET /api/v2/tickets/32251 HTTP/1.1" 200 None
2025-10-31 09:22:13 - urllib3.connectionpool - DEBUG - Starting new HTTPS connection (1): tdilatam.freshdesk.com:443
2025-10-31 09:22:14 - urllib3.connectionpool - DEBUG - https://tdilatam.freshdesk.com:443 "GET /api/v2/tickets/32252 HTTP/1.1" 200 None
2025-10-31 09:22:14 - urllib3.connectionpool - DEBUG - Starting new HTTPS connection (1): tdilatam.freshdesk.com:443
2025-10-31 09:22:14 - urllib3.connectionpool - DEBUG - https://tdilatam.freshdesk.com:443 "GET /api/v2/tickets/32253 HTTP/1.1" 200 None
2025-10-31 09:22:14 - urllib3.connectionpool - DEBUG - Starting new HTTPS connection (1): tdilatam.freshdesk.com:443
2025-10-31 09:22:15 - urllib3.connectionpool - DEBUG - https://tdilatam.freshdesk.com:443 "GET /api/v2/tickets/32254 HTTP/1.1" 200 None
2025-10-31 09:22:15 - urllib3.connectionpool - DEBUG - Starting new HTTPS connection (1): tdilatam.freshdesk.com:443
2025-10-31 09:22:16 - urllib3.connectionpool - DEBUG - https://tdilatam.freshdesk.com:443 "GET /api/v2/tickets/32255 HTTP/1.1" 200 None
2025-10-31 09:22:16 - urllib3.connectionpool - DEBUG - Starting new HTTPS connection (1): tdilatam.freshdesk.com:443
2025-10-31 09:22:17 - urllib3.connectionpool - DEBUG - https://tdilatam.freshdesk.com:443 "GET /api/v2/tickets/32258 HTTP/1.1" 200 None
2025-10-31 09:22:18 - urllib3.connectionpool - DEBUG - Starting new HTTPS connection (1): tdilatam.freshdesk.com:443
2025-10-31 09:22:18 - urllib3.connectionpool - DEBUG - https://tdilatam.freshdesk.com:443 "GET /api/v2/tickets/32259 HTTP/1.1" 200 None
2025-10-31 09:22:19 - urllib3.connectionpool - DEBUG - Starting new HTTPS connection (1): tdilatam.freshdesk.com:443
2025-10-31 09:22:19 - urllib3.connectionpool - DEBUG - https://tdilatam.freshdesk.com:443 "GET /api/v2/tickets/32260 HTTP/1.1" 200 None
2025-10-31 09:22:19 - urllib3.connectionpool - DEBUG - Starting new HTTPS connection (1): tdilatam.freshdesk.com:443
2025-10-31 09:22:20 - urllib3.connectionpool - DEBUG - https://tdilatam.freshdesk.com:443 "GET /api/v2/tickets/32261 HTTP/1.1" 200 None
2025-10-31 09:22:20 - urllib3.connectionpool - DEBUG - Starting new HTTPS connection (1): tdilatam.freshdesk.com:443
2025-10-31 09:22:21 - urllib3.connectionpool - DEBUG - https://tdilatam.freshdesk.com:443 "GET /api/v2/tickets/32262 HTTP/1.1" 200 None
2025-10-31 09:22:21 - urllib3.connectionpool - DEBUG - Starting new HTTPS connection (1): tdilatam.freshdesk.com:443
2025-10-31 09:22:22 - urllib3.connectionpool - DEBUG - https://tdilatam.freshdesk.com:443 "GET /api/v2/tickets/32263 HTTP/1.1" 200 None
2025-10-31 09:22:22 - urllib3.connectionpool - DEBUG - Starting new HTTPS connection (1): tdilatam.freshdesk.com:443
2025-10-31 09:22:23 - urllib3.connectionpool - DEBUG - https://tdilatam.freshdesk.com:443 "GET /api/v2/tickets/32265 HTTP/1.1" 200 None
2025-10-31 09:22:23 - urllib3.connectionpool - DEBUG - Starting new HTTPS connection (1): tdilatam.freshdesk.com:443
2025-10-31 09:22:23 - urllib3.connectionpool - DEBUG - https://tdilatam.freshdesk.com:443 "GET /api/v2/tickets/32266 HTTP/1.1" 200 None
2025-10-31 09:22:23 - urllib3.connectionpool - DEBUG - Starting new HTTPS connection (1): tdilatam.freshdesk.com:443
2025-10-31 09:22:24 - urllib3.connectionpool - DEBUG - https://tdilatam.freshdesk.com:443 "GET /api/v2/tickets/32267 HTTP/1.1" 200 None
2025-10-31 09:22:24 - urllib3.connectionpool - DEBUG - Starting new HTTPS connection (1): tdilatam.freshdesk.com:443
2025-10-31 09:22:25 - urllib3.connectionpool - DEBUG - https://tdilatam.freshdesk.com:443 "GET /api/v2/tickets/32268 HTTP/1.1" 200 None
2025-10-31 09:22:25 - urllib3.connectionpool - DEBUG - Starting new HTTPS connection (1): tdilatam.freshdesk.com:443
2025-10-31 09:22:26 - urllib3.connectionpool - DEBUG - https://tdilatam.freshdesk.com:443 "GET /api/v2/tickets/32269 HTTP/1.1" 200 None
2025-10-31 09:22:27 - urllib3.connectionpool - DEBUG - Starting new HTTPS connection (1): tdilatam.freshdesk.com:443
2025-10-31 09:22:27 - urllib3.connectionpool - DEBUG - https://tdilatam.freshdesk.com:443 "GET /api/v2/tickets/32270 HTTP/1.1" 200 None
2025-10-31 09:22:27 - urllib3.connectionpool - DEBUG - Starting new HTTPS connection (1): tdilatam.freshdesk.com:443
2025-10-31 09:22:28 - urllib3.connectionpool - DEBUG - https://tdilatam.freshdesk.com:443 "GET /api/v2/tickets/32271 HTTP/1.1" 200 None
2025-10-31 09:22:28 - urllib3.connectionpool - DEBUG - Starting new HTTPS connection (1): tdilatam.freshdesk.com:443
2025-10-31 09:22:29 - urllib3.connectionpool - DEBUG - https://tdilatam.freshdesk.com:443 "GET /api/v2/tickets/32272 HTTP/1.1" 200 None
2025-10-31 09:22:29 - urllib3.connectionpool - DEBUG - Starting new HTTPS connection (1): tdilatam.freshdesk.com:443
2025-10-31 09:22:30 - urllib3.connectionpool - DEBUG - https://tdilatam.freshdesk.com:443 "GET /api/v2/tickets/32273 HTTP/1.1" 200 None
2025-10-31 09:22:30 - urllib3.connectionpool - DEBUG - Starting new HTTPS connection (1): tdilatam.freshdesk.com:443
2025-10-31 09:22:31 - urllib3.connectionpool - DEBUG - https://tdilatam.freshdesk.com:443 "GET /api/v2/tickets/32274 HTTP/1.1" 200 None
2025-10-31 09:22:31 - urllib3.connectionpool - DEBUG - Starting new HTTPS connection (1): tdilatam.freshdesk.com:443
2025-10-31 09:22:31 - urllib3.connectionpool - DEBUG - https://tdilatam.freshdesk.com:443 "GET /api/v2/tickets/32276 HTTP/1.1" 200 None
2025-10-31 09:22:31 - urllib3.connectionpool - DEBUG - Starting new HTTPS connection (1): tdilatam.freshdesk.com:443
2025-10-31 09:22:32 - urllib3.connectionpool - DEBUG - https://tdilatam.freshdesk.com:443 "GET /api/v2/tickets/32277 HTTP/1.1" 200 None
2025-10-31 09:22:32 - urllib3.connectionpool - DEBUG - Starting new HTTPS connection (1): tdilatam.freshdesk.com:443
2025-10-31 09:22:33 - urllib3.connectionpool - DEBUG - https://tdilatam.freshdesk.com:443 "GET /api/v2/tickets/32278 HTTP/1.1" 200 None
2025-10-31 09:22:33 - urllib3.connectionpool - DEBUG - Starting new HTTPS connection (1): tdilatam.freshdesk.com:443
2025-10-31 09:22:34 - urllib3.connectionpool - DEBUG - https://tdilatam.freshdesk.com:443 "GET /api/v2/tickets/32279 HTTP/1.1" 200 None
2025-10-31 09:22:34 - urllib3.connectionpool - DEBUG - Starting new HTTPS connection (1): tdilatam.freshdesk.com:443
2025-10-31 09:22:36 - urllib3.connectionpool - DEBUG - https://tdilatam.freshdesk.com:443 "GET /api/v2/tickets/32281 HTTP/1.1" 200 None
2025-10-31 09:22:37 - urllib3.connectionpool - DEBUG - Starting new HTTPS connection (1): tdilatam.freshdesk.com:443
2025-10-31 09:22:39 - urllib3.connectionpool - DEBUG - https://tdilatam.freshdesk.com:443 "GET /api/v2/tickets/32282 HTTP/1.1" 200 None
2025-10-31 09:22:39 - urllib3.connectionpool - DEBUG - Starting new HTTPS connection (1): tdilatam.freshdesk.com:443
2025-10-31 09:22:40 - urllib3.connectionpool - DEBUG - https://tdilatam.freshdesk.com:443 "GET /api/v2/tickets/32283 HTTP/1.1" 200 None
2025-10-31 09:22:40 - urllib3.connectionpool - DEBUG - Starting new HTTPS connection (1): tdilatam.freshdesk.com:443
2025-10-31 09:22:41 - urllib3.connectionpool - DEBUG - https://tdilatam.freshdesk.com:443 "GET /api/v2/tickets/32284 HTTP/1.1" 200 None
2025-10-31 09:22:41 - urllib3.connectionpool - DEBUG - Starting new HTTPS connection (1): tdilatam.freshdesk.com:443
2025-10-31 09:22:41 - urllib3.connectionpool - DEBUG - https://tdilatam.freshdesk.com:443 "GET /api/v2/tickets/32287 HTTP/1.1" 200 None
2025-10-31 09:22:41 - urllib3.connectionpool - DEBUG - Starting new HTTPS connection (1): tdilatam.freshdesk.com:443
2025-10-31 09:22:42 - urllib3.connectionpool - DEBUG - https://tdilatam.freshdesk.com:443 "GET /api/v2/tickets/32288 HTTP/1.1" 200 None
2025-10-31 09:22:42 - urllib3.connectionpool - DEBUG - Starting new HTTPS connection (1): tdilatam.freshdesk.com:443
2025-10-31 09:22:43 - urllib3.connectionpool - DEBUG - https://tdilatam.freshdesk.com:443 "GET /api/v2/tickets/32289 HTTP/1.1" 200 None
2025-10-31 09:22:43 - urllib3.connectionpool - DEBUG - Starting new HTTPS connection (1): tdilatam.freshdesk.com:443
2025-10-31 09:22:44 - urllib3.connectionpool - DEBUG - https://tdilatam.freshdesk.com:443 "GET /api/v2/tickets/32290 HTTP/1.1" 200 None
2025-10-31 09:22:44 - urllib3.connectionpool - DEBUG - Starting new HTTPS connection (1): tdilatam.freshdesk.com:443
2025-10-31 09:22:45 - urllib3.connectionpool - DEBUG - https://tdilatam.freshdesk.com:443 "GET /api/v2/tickets/32291 HTTP/1.1" 200 None
2025-10-31 09:22:45 - urllib3.connectionpool - DEBUG - Starting new HTTPS connection (1): tdilatam.freshdesk.com:443
2025-10-31 09:22:46 - urllib3.connectionpool - DEBUG - https://tdilatam.freshdesk.com:443 "GET /api/v2/tickets/32292 HTTP/1.1" 200 None
2025-10-31 09:22:46 - urllib3.connectionpool - DEBUG - Starting new HTTPS connection (1): tdilatam.freshdesk.com:443
2025-10-31 09:22:46 - urllib3.connectionpool - DEBUG - https://tdilatam.freshdesk.com:443 "GET /api/v2/tickets/32293 HTTP/1.1" 200 None
2025-10-31 09:22:47 - urllib3.connectionpool - DEBUG - Starting new HTTPS connection (1): tdilatam.freshdesk.com:443
2025-10-31 09:22:48 - urllib3.connectionpool - DEBUG - https://tdilatam.freshdesk.com:443 "GET /api/v2/tickets/32294 HTTP/1.1" 200 None
2025-10-31 09:22:48 - urllib3.connectionpool - DEBUG - Starting new HTTPS connection (1): tdilatam.freshdesk.com:443
2025-10-31 09:22:49 - urllib3.connectionpool - DEBUG - https://tdilatam.freshdesk.com:443 "GET /api/v2/tickets/32295 HTTP/1.1" 200 None
2025-10-31 09:22:49 - urllib3.connectionpool - DEBUG - Starting new HTTPS connection (1): tdilatam.freshdesk.com:443
2025-10-31 09:22:50 - urllib3.connectionpool - DEBUG - https://tdilatam.freshdesk.com:443 "GET /api/v2/tickets/32296 HTTP/1.1" 200 None
2025-10-31 09:22:50 - urllib3.connectionpool - DEBUG - Starting new HTTPS connection (1): tdilatam.freshdesk.com:443
2025-10-31 09:22:50 - urllib3.connectionpool - DEBUG - https://tdilatam.freshdesk.com:443 "GET /api/v2/tickets/32297 HTTP/1.1" 200 None
2025-10-31 09:22:50 - urllib3.connectionpool - DEBUG - Starting new HTTPS connection (1): tdilatam.freshdesk.com:443
2025-10-31 09:22:51 - urllib3.connectionpool - DEBUG - https://tdilatam.freshdesk.com:443 "GET /api/v2/tickets/32298 HTTP/1.1" 200 None
2025-10-31 09:22:51 - urllib3.connectionpool - DEBUG - Starting new HTTPS connection (1): tdilatam.freshdesk.com:443
2025-10-31 09:22:52 - urllib3.connectionpool - DEBUG - https://tdilatam.freshdesk.com:443 "GET /api/v2/tickets/32299 HTTP/1.1" 200 None
2025-10-31 09:22:52 - urllib3.connectionpool - DEBUG - Starting new HTTPS connection (1): tdilatam.freshdesk.com:443
2025-10-31 09:22:53 - urllib3.connectionpool - DEBUG - https://tdilatam.freshdesk.com:443 "GET /api/v2/tickets/32301 HTTP/1.1" 200 None
2025-10-31 09:22:53 - urllib3.connectionpool - DEBUG - Starting new HTTPS connection (1): tdilatam.freshdesk.com:443
2025-10-31 09:22:53 - urllib3.connectionpool - DEBUG - https://tdilatam.freshdesk.com:443 "GET /api/v2/tickets/32304 HTTP/1.1" 200 None
2025-10-31 09:22:54 - urllib3.connectionpool - DEBUG - Starting new HTTPS connection (1): tdilatam.freshdesk.com:443
2025-10-31 09:22:54 - urllib3.connectionpool - DEBUG - https://tdilatam.freshdesk.com:443 "GET /api/v2/tickets/32305 HTTP/1.1" 200 None
2025-10-31 09:22:54 - urllib3.connectionpool - DEBUG - Starting new HTTPS connection (1): tdilatam.freshdesk.com:443
2025-10-31 09:22:55 - urllib3.connectionpool - DEBUG - https://tdilatam.freshdesk.com:443 "GET /api/v2/tickets/32308 HTTP/1.1" 200 None
2025-10-31 09:22:56 - urllib3.connectionpool - DEBUG - Starting new HTTPS connection (1): tdilatam.freshdesk.com:443
2025-10-31 09:22:57 - urllib3.connectionpool - DEBUG - https://tdilatam.freshdesk.com:443 "GET /api/v2/tickets/32310 HTTP/1.1" 200 None
2025-10-31 09:22:57 - urllib3.connectionpool - DEBUG - Starting new HTTPS connection (1): tdilatam.freshdesk.com:443
2025-10-31 09:22:58 - urllib3.connectionpool - DEBUG - https://tdilatam.freshdesk.com:443 "GET /api/v2/tickets/32311 HTTP/1.1" 200 None
2025-10-31 09:22:58 - urllib3.connectionpool - DEBUG - Starting new HTTPS connection (1): tdilatam.freshdesk.com:443
2025-10-31 09:22:58 - urllib3.connectionpool - DEBUG - https://tdilatam.freshdesk.com:443 "GET /api/v2/tickets/32312 HTTP/1.1" 200 None
2025-10-31 09:22:58 - urllib3.connectionpool - DEBUG - Starting new HTTPS connection (1): tdilatam.freshdesk.com:443
2025-10-31 09:22:59 - urllib3.connectionpool - DEBUG - https://tdilatam.freshdesk.com:443 "GET /api/v2/tickets/32313 HTTP/1.1" 200 None
2025-10-31 09:22:59 - urllib3.connectionpool - DEBUG - Starting new HTTPS connection (1): tdilatam.freshdesk.com:443
2025-10-31 09:23:00 - urllib3.connectionpool - DEBUG - https://tdilatam.freshdesk.com:443 "GET /api/v2/tickets/32314 HTTP/1.1" 200 None
2025-10-31 09:23:00 - urllib3.connectionpool - DEBUG - Starting new HTTPS connection (1): tdilatam.freshdesk.com:443
2025-10-31 09:23:01 - urllib3.connectionpool - DEBUG - https://tdilatam.freshdesk.com:443 "GET /api/v2/tickets/32315 HTTP/1.1" 200 None
2025-10-31 09:23:01 - urllib3.connectionpool - DEBUG - Starting new HTTPS connection (1): tdilatam.freshdesk.com:443
2025-10-31 09:23:01 - urllib3.connectionpool - DEBUG - https://tdilatam.freshdesk.com:443 "GET /api/v2/tickets/32316 HTTP/1.1" 200 None
2025-10-31 09:23:01 - urllib3.connectionpool - DEBUG - Starting new HTTPS connection (1): tdilatam.freshdesk.com:443
2025-10-31 09:23:02 - urllib3.connectionpool - DEBUG - https://tdilatam.freshdesk.com:443 "GET /api/v2/tickets/32317 HTTP/1.1" 200 None
2025-10-31 09:23:02 - urllib3.connectionpool - DEBUG - Starting new HTTPS connection (1): tdilatam.freshdesk.com:443
2025-10-31 09:23:03 - urllib3.connectionpool - DEBUG - https://tdilatam.freshdesk.com:443 "GET /api/v2/tickets/32318 HTTP/1.1" 200 None
2025-10-31 09:23:03 - urllib3.connectionpool - DEBUG - Starting new HTTPS connection (1): tdilatam.freshdesk.com:443
2025-10-31 09:23:04 - urllib3.connectionpool - DEBUG - https://tdilatam.freshdesk.com:443 "GET /api/v2/tickets/32319 HTTP/1.1" 200 None
2025-10-31 09:23:05 - urllib3.connectionpool - DEBUG - Starting new HTTPS connection (1): tdilatam.freshdesk.com:443
2025-10-31 09:23:05 - urllib3.connectionpool - DEBUG - https://tdilatam.freshdesk.com:443 "GET /api/v2/tickets/32320 HTTP/1.1" 200 None
2025-10-31 09:23:06 - urllib3.connectionpool - DEBUG - Starting new HTTPS connection (1): tdilatam.freshdesk.com:443
2025-10-31 09:23:06 - urllib3.connectionpool - DEBUG - https://tdilatam.freshdesk.com:443 "GET /api/v2/tickets/32321 HTTP/1.1" 200 None
2025-10-31 09:23:07 - urllib3.connectionpool - DEBUG - Starting new HTTPS connection (1): tdilatam.freshdesk.com:443
2025-10-31 09:23:07 - urllib3.connectionpool - DEBUG - https://tdilatam.freshdesk.com:443 "GET /api/v2/tickets/32322 HTTP/1.1" 200 None
2025-10-31 09:23:07 - urllib3.connectionpool - DEBUG - Starting new HTTPS connection (1): tdilatam.freshdesk.com:443
2025-10-31 09:23:08 - urllib3.connectionpool - DEBUG - https://tdilatam.freshdesk.com:443 "GET /api/v2/tickets/32323 HTTP/1.1" 200 None
2025-10-31 09:23:08 - urllib3.connectionpool - DEBUG - Starting new HTTPS connection (1): tdilatam.freshdesk.com:443
2025-10-31 09:23:09 - urllib3.connectionpool - DEBUG - https://tdilatam.freshdesk.com:443 "GET /api/v2/tickets/32324 HTTP/1.1" 200 None
2025-10-31 09:23:09 - urllib3.connectionpool - DEBUG - Starting new HTTPS connection (1): tdilatam.freshdesk.com:443
2025-10-31 09:23:09 - urllib3.connectionpool - DEBUG - https://tdilatam.freshdesk.com:443 "GET /api/v2/tickets/32325 HTTP/1.1" 200 None
2025-10-31 09:23:09 - urllib3.connectionpool - DEBUG - Starting new HTTPS connection (1): tdilatam.freshdesk.com:443
2025-10-31 09:23:10 - urllib3.connectionpool - DEBUG - https://tdilatam.freshdesk.com:443 "GET /api/v2/tickets/32326 HTTP/1.1" 200 None
2025-10-31 09:23:10 - urllib3.connectionpool - DEBUG - Starting new HTTPS connection (1): tdilatam.freshdesk.com:443
2025-10-31 09:23:11 - urllib3.connectionpool - DEBUG - https://tdilatam.freshdesk.com:443 "GET /api/v2/tickets/32327 HTTP/1.1" 200 None
2025-10-31 09:23:11 - urllib3.connectionpool - DEBUG - Starting new HTTPS connection (1): tdilatam.freshdesk.com:443
2025-10-31 09:23:12 - urllib3.connectionpool - DEBUG - https://tdilatam.freshdesk.com:443 "GET /api/v2/tickets/32328 HTTP/1.1" 200 None
2025-10-31 09:23:12 - urllib3.connectionpool - DEBUG - Starting new HTTPS connection (1): tdilatam.freshdesk.com:443
2025-10-31 09:23:13 - urllib3.connectionpool - DEBUG - https://tdilatam.freshdesk.com:443 "GET /api/v2/tickets/32329 HTTP/1.1" 200 None
2025-10-31 09:23:14 - urllib3.connectionpool - DEBUG - Starting new HTTPS connection (1): tdilatam.freshdesk.com:443
2025-10-31 09:23:15 - urllib3.connectionpool - DEBUG - https://tdilatam.freshdesk.com:443 "GET /api/v2/tickets/32330 HTTP/1.1" 200 None
2025-10-31 09:23:15 - urllib3.connectionpool - DEBUG - Starting new HTTPS connection (1): tdilatam.freshdesk.com:443
2025-10-31 09:23:16 - urllib3.connectionpool - DEBUG - https://tdilatam.freshdesk.com:443 "GET /api/v2/tickets/32331 HTTP/1.1" 200 None
2025-10-31 09:23:16 - urllib3.connectionpool - DEBUG - Starting new HTTPS connection (1): tdilatam.freshdesk.com:443
2025-10-31 09:23:17 - urllib3.connectionpool - DEBUG - https://tdilatam.freshdesk.com:443 "GET /api/v2/tickets/32332 HTTP/1.1" 200 None
2025-10-31 09:23:17 - urllib3.connectionpool - DEBUG - Starting new HTTPS connection (1): tdilatam.freshdesk.com:443
2025-10-31 09:23:17 - urllib3.connectionpool - DEBUG - https://tdilatam.freshdesk.com:443 "GET /api/v2/tickets/32333 HTTP/1.1" 200 None
2025-10-31 09:23:17 - urllib3.connectionpool - DEBUG - Starting new HTTPS connection (1): tdilatam.freshdesk.com:443
2025-10-31 09:23:18 - urllib3.connectionpool - DEBUG - https://tdilatam.freshdesk.com:443 "GET /api/v2/tickets/32335 HTTP/1.1" 200 None
2025-10-31 09:23:18 - urllib3.connectionpool - DEBUG - Starting new HTTPS connection (1): tdilatam.freshdesk.com:443
2025-10-31 09:23:19 - urllib3.connectionpool - DEBUG - https://tdilatam.freshdesk.com:443 "GET /api/v2/tickets/32336 HTTP/1.1" 200 None
2025-10-31 09:23:19 - urllib3.connectionpool - DEBUG - Starting new HTTPS connection (1): tdilatam.freshdesk.com:443
2025-10-31 09:23:20 - urllib3.connectionpool - DEBUG - https://tdilatam.freshdesk.com:443 "GET /api/v2/tickets/32337 HTTP/1.1" 200 None
2025-10-31 09:23:20 - urllib3.connectionpool - DEBUG - Starting new HTTPS connection (1): tdilatam.freshdesk.com:443
2025-10-31 09:23:21 - urllib3.connectionpool - DEBUG - https://tdilatam.freshdesk.com:443 "GET /api/v2/tickets/32340 HTTP/1.1" 200 None
2025-10-31 09:23:21 - urllib3.connectionpool - DEBUG - Starting new HTTPS connection (1): tdilatam.freshdesk.com:443
2025-10-31 09:23:22 - urllib3.connectionpool - DEBUG - https://tdilatam.freshdesk.com:443 "GET /api/v2/tickets/32341 HTTP/1.1" 200 None
2025-10-31 09:23:22 - urllib3.connectionpool - DEBUG - Starting new HTTPS connection (1): tdilatam.freshdesk.com:443
2025-10-31 09:23:22 - urllib3.connectionpool - DEBUG - https://tdilatam.freshdesk.com:443 "GET /api/v2/tickets/32342 HTTP/1.1" 200 None
2025-10-31 09:23:24 - urllib3.connectionpool - DEBUG - Starting new HTTPS connection (1): tdilatam.freshdesk.com:443
2025-10-31 09:23:24 - urllib3.connectionpool - DEBUG - https://tdilatam.freshdesk.com:443 "GET /api/v2/tickets/32343 HTTP/1.1" 200 None
2025-10-31 09:23:24 - urllib3.connectionpool - DEBUG - Starting new HTTPS connection (1): tdilatam.freshdesk.com:443
2025-10-31 09:23:25 - urllib3.connectionpool - DEBUG - https://tdilatam.freshdesk.com:443 "GET /api/v2/tickets/32346 HTTP/1.1" 200 None
2025-10-31 09:23:25 - urllib3.connectionpool - DEBUG - Starting new HTTPS connection (1): tdilatam.freshdesk.com:443
2025-10-31 09:23:26 - urllib3.connectionpool - DEBUG - https://tdilatam.freshdesk.com:443 "GET /api/v2/tickets/32348 HTTP/1.1" 200 None
2025-10-31 09:23:26 - urllib3.connectionpool - DEBUG - Starting new HTTPS connection (1): tdilatam.freshdesk.com:443
2025-10-31 09:23:27 - urllib3.connectionpool - DEBUG - https://tdilatam.freshdesk.com:443 "GET /api/v2/tickets/32350 HTTP/1.1" 200 None
2025-10-31 09:23:27 - urllib3.connectionpool - DEBUG - Starting new HTTPS connection (1): tdilatam.freshdesk.com:443
2025-10-31 09:23:27 - urllib3.connectionpool - DEBUG - https://tdilatam.freshdesk.com:443 "GET /api/v2/tickets/32351 HTTP/1.1" 200 None
2025-10-31 09:23:28 - urllib3.connectionpool - DEBUG - Starting new HTTPS connection (1): tdilatam.freshdesk.com:443
2025-10-31 09:23:28 - urllib3.connectionpool - DEBUG - https://tdilatam.freshdesk.com:443 "GET /api/v2/tickets/32353 HTTP/1.1" 200 None
2025-10-31 09:23:28 - urllib3.connectionpool - DEBUG - Starting new HTTPS connection (1): tdilatam.freshdesk.com:443
2025-10-31 09:23:29 - urllib3.connectionpool - DEBUG - https://tdilatam.freshdesk.com:443 "GET /api/v2/tickets/32356 HTTP/1.1" 200 None
2025-10-31 09:23:29 - urllib3.connectionpool - DEBUG - Starting new HTTPS connection (1): tdilatam.freshdesk.com:443
2025-10-31 09:23:30 - urllib3.connectionpool - DEBUG - https://tdilatam.freshdesk.com:443 "GET /api/v2/tickets/32357 HTTP/1.1" 200 None
2025-10-31 09:23:30 - urllib3.connectionpool - DEBUG - Starting new HTTPS connection (1): tdilatam.freshdesk.com:443
2025-10-31 09:23:31 - urllib3.connectionpool - DEBUG - https://tdilatam.freshdesk.com:443 "GET /api/v2/tickets/32358 HTTP/1.1" 200 None
2025-10-31 09:23:31 - urllib3.connectionpool - DEBUG - Starting new HTTPS connection (1): tdilatam.freshdesk.com:443
2025-10-31 09:23:32 - urllib3.connectionpool - DEBUG - https://tdilatam.freshdesk.com:443 "GET /api/v2/tickets/32359 HTTP/1.1" 200 None
2025-10-31 09:23:33 - urllib3.connectionpool - DEBUG - Starting new HTTPS connection (1): tdilatam.freshdesk.com:443
2025-10-31 09:23:33 - urllib3.connectionpool - DEBUG - https://tdilatam.freshdesk.com:443 "GET /api/v2/tickets/32361 HTTP/1.1" 200 None
2025-10-31 09:23:33 - urllib3.connectionpool - DEBUG - Starting new HTTPS connection (1): tdilatam.freshdesk.com:443
2025-10-31 09:23:34 - urllib3.connectionpool - DEBUG - https://tdilatam.freshdesk.com:443 "GET /api/v2/tickets/32362 HTTP/1.1" 200 None
2025-10-31 09:23:34 - urllib3.connectionpool - DEBUG - Starting new HTTPS connection (1): tdilatam.freshdesk.com:443
2025-10-31 09:23:35 - urllib3.connectionpool - DEBUG - https://tdilatam.freshdesk.com:443 "GET /api/v2/tickets/32363 HTTP/1.1" 200 None
2025-10-31 09:23:35 - urllib3.connectionpool - DEBUG - Starting new HTTPS connection (1): tdilatam.freshdesk.com:443
2025-10-31 09:23:36 - urllib3.connectionpool - DEBUG - https://tdilatam.freshdesk.com:443 "GET /api/v2/tickets/32364 HTTP/1.1" 200 None
2025-10-31 09:23:36 - urllib3.connectionpool - DEBUG - Starting new HTTPS connection (1): tdilatam.freshdesk.com:443
2025-10-31 09:23:36 - urllib3.connectionpool - DEBUG - https://tdilatam.freshdesk.com:443 "GET /api/v2/tickets/32365 HTTP/1.1" 200 None
2025-10-31 09:23:36 - urllib3.connectionpool - DEBUG - Starting new HTTPS connection (1): tdilatam.freshdesk.com:443
2025-10-31 09:23:37 - urllib3.connectionpool - DEBUG - https://tdilatam.freshdesk.com:443 "GET /api/v2/tickets/32366 HTTP/1.1" 200 None
2025-10-31 09:23:37 - urllib3.connectionpool - DEBUG - Starting new HTTPS connection (1): tdilatam.freshdesk.com:443
2025-10-31 09:23:38 - urllib3.connectionpool - DEBUG - https://tdilatam.freshdesk.com:443 "GET /api/v2/tickets/32367 HTTP/1.1" 200 None
2025-10-31 09:23:38 - urllib3.connectionpool - DEBUG - Starting new HTTPS connection (1): tdilatam.freshdesk.com:443
2025-10-31 09:23:39 - urllib3.connectionpool - DEBUG - https://tdilatam.freshdesk.com:443 "GET /api/v2/tickets/32373 HTTP/1.1" 200 None
2025-10-31 09:23:39 - urllib3.connectionpool - DEBUG - Starting new HTTPS connection (1): tdilatam.freshdesk.com:443
2025-10-31 09:23:40 - urllib3.connectionpool - DEBUG - https://tdilatam.freshdesk.com:443 "GET /api/v2/tickets/32374 HTTP/1.1" 200 None
2025-10-31 09:23:40 - urllib3.connectionpool - DEBUG - Starting new HTTPS connection (1): tdilatam.freshdesk.com:443
2025-10-31 09:23:41 - urllib3.connectionpool - DEBUG - https://tdilatam.freshdesk.com:443 "GET /api/v2/tickets/32375 HTTP/1.1" 200 None
2025-10-31 09:23:42 - urllib3.connectionpool - DEBUG - Starting new HTTPS connection (1): tdilatam.freshdesk.com:443
2025-10-31 09:23:43 - urllib3.connectionpool - DEBUG - https://tdilatam.freshdesk.com:443 "GET /api/v2/tickets/32376 HTTP/1.1" 200 None
2025-10-31 09:23:43 - urllib3.connectionpool - DEBUG - Starting new HTTPS connection (1): tdilatam.freshdesk.com:443
2025-10-31 09:23:44 - urllib3.connectionpool - DEBUG - https://tdilatam.freshdesk.com:443 "GET /api/v2/tickets/32377 HTTP/1.1" 200 None
2025-10-31 09:23:44 - urllib3.connectionpool - DEBUG - Starting new HTTPS connection (1): tdilatam.freshdesk.com:443
2025-10-31 09:23:45 - urllib3.connectionpool - DEBUG - https://tdilatam.freshdesk.com:443 "GET /api/v2/tickets/32381 HTTP/1.1" 200 None
2025-10-31 09:23:46 - urllib3.connectionpool - DEBUG - Starting new HTTPS connection (1): tdilatam.freshdesk.com:443
2025-10-31 09:23:46 - urllib3.connectionpool - DEBUG - https://tdilatam.freshdesk.com:443 "GET /api/v2/tickets/32382 HTTP/1.1" 200 None
2025-10-31 09:23:46 - urllib3.connectionpool - DEBUG - Starting new HTTPS connection (1): tdilatam.freshdesk.com:443
2025-10-31 09:23:47 - urllib3.connectionpool - DEBUG - https://tdilatam.freshdesk.com:443 "GET /api/v2/tickets/32385 HTTP/1.1" 200 None
2025-10-31 09:23:47 - urllib3.connectionpool - DEBUG - Starting new HTTPS connection (1): tdilatam.freshdesk.com:443
2025-10-31 09:23:48 - urllib3.connectionpool - DEBUG - https://tdilatam.freshdesk.com:443 "GET /api/v2/tickets/32386 HTTP/1.1" 200 None
2025-10-31 09:23:48 - urllib3.connectionpool - DEBUG - Starting new HTTPS connection (1): tdilatam.freshdesk.com:443
2025-10-31 09:23:49 - urllib3.connectionpool - DEBUG - https://tdilatam.freshdesk.com:443 "GET /api/v2/tickets/32387 HTTP/1.1" 200 None
2025-10-31 09:23:49 - urllib3.connectionpool - DEBUG - Starting new HTTPS connection (1): tdilatam.freshdesk.com:443
2025-10-31 09:23:49 - urllib3.connectionpool - DEBUG - https://tdilatam.freshdesk.com:443 "GET /api/v2/tickets/32390 HTTP/1.1" 200 None
2025-10-31 09:23:50 - urllib3.connectionpool - DEBUG - Starting new HTTPS connection (1): tdilatam.freshdesk.com:443
2025-10-31 09:23:50 - urllib3.connectionpool - DEBUG - https://tdilatam.freshdesk.com:443 "GET /api/v2/tickets/32391 HTTP/1.1" 200 None
2025-10-31 09:23:50 - urllib3.connectionpool - DEBUG - Starting new HTTPS connection (1): tdilatam.freshdesk.com:443
2025-10-31 09:23:51 - urllib3.connectionpool - DEBUG - https://tdilatam.freshdesk.com:443 "GET /api/v2/tickets/32392 HTTP/1.1" 200 None
2025-10-31 09:23:52 - urllib3.connectionpool - DEBUG - Starting new HTTPS connection (1): tdilatam.freshdesk.com:443
2025-10-31 09:23:53 - urllib3.connectionpool - DEBUG - https://tdilatam.freshdesk.com:443 "GET /api/v2/tickets/32393 HTTP/1.1" 200 None
2025-10-31 09:23:53 - urllib3.connectionpool - DEBUG - Starting new HTTPS connection (1): tdilatam.freshdesk.com:443
2025-10-31 09:23:54 - urllib3.connectionpool - DEBUG - https://tdilatam.freshdesk.com:443 "GET /api/v2/tickets/32395 HTTP/1.1" 200 None
2025-10-31 09:23:54 - urllib3.connectionpool - DEBUG - Starting new HTTPS connection (1): tdilatam.freshdesk.com:443
2025-10-31 09:23:54 - urllib3.connectionpool - DEBUG - https://tdilatam.freshdesk.com:443 "GET /api/v2/tickets/32397 HTTP/1.1" 200 None
2025-10-31 09:23:54 - urllib3.connectionpool - DEBUG - Starting new HTTPS connection (1): tdilatam.freshdesk.com:443
2025-10-31 09:23:55 - urllib3.connectionpool - DEBUG - https://tdilatam.freshdesk.com:443 "GET /api/v2/tickets/32398 HTTP/1.1" 200 None
2025-10-31 09:23:55 - urllib3.connectionpool - DEBUG - Starting new HTTPS connection (1): tdilatam.freshdesk.com:443
2025-10-31 09:23:56 - urllib3.connectionpool - DEBUG - https://tdilatam.freshdesk.com:443 "GET /api/v2/tickets/32399 HTTP/1.1" 200 None
2025-10-31 09:23:56 - urllib3.connectionpool - DEBUG - Starting new HTTPS connection (1): tdilatam.freshdesk.com:443
2025-10-31 09:23:57 - urllib3.connectionpool - DEBUG - https://tdilatam.freshdesk.com:443 "GET /api/v2/tickets/32400 HTTP/1.1" 200 None
2025-10-31 09:23:57 - urllib3.connectionpool - DEBUG - Starting new HTTPS connection (1): tdilatam.freshdesk.com:443
2025-10-31 09:23:58 - urllib3.connectionpool - DEBUG - https://tdilatam.freshdesk.com:443 "GET /api/v2/tickets/32401 HTTP/1.1" 200 None
2025-10-31 09:23:58 - urllib3.connectionpool - DEBUG - Starting new HTTPS connection (1): tdilatam.freshdesk.com:443
2025-10-31 09:23:58 - urllib3.connectionpool - DEBUG - https://tdilatam.freshdesk.com:443 "GET /api/v2/tickets/32403 HTTP/1.1" 200 None
2025-10-31 09:23:58 - urllib3.connectionpool - DEBUG - Starting new HTTPS connection (1): tdilatam.freshdesk.com:443
2025-10-31 09:23:59 - urllib3.connectionpool - DEBUG - https://tdilatam.freshdesk.com:443 "GET /api/v2/tickets/32404 HTTP/1.1" 200 None
2025-10-31 09:23:59 - urllib3.connectionpool - DEBUG - Starting new HTTPS connection (1): tdilatam.freshdesk.com:443
2025-10-31 09:24:00 - urllib3.connectionpool - DEBUG - https://tdilatam.freshdesk.com:443 "GET /api/v2/tickets/32405 HTTP/1.1" 200 None
2025-10-31 09:24:01 - urllib3.connectionpool - DEBUG - Starting new HTTPS connection (1): tdilatam.freshdesk.com:443
2025-10-31 09:24:02 - urllib3.connectionpool - DEBUG - https://tdilatam.freshdesk.com:443 "GET /api/v2/tickets/32406 HTTP/1.1" 200 None
2025-10-31 09:24:02 - urllib3.connectionpool - DEBUG - Starting new HTTPS connection (1): tdilatam.freshdesk.com:443
2025-10-31 09:24:03 - urllib3.connectionpool - DEBUG - https://tdilatam.freshdesk.com:443 "GET /api/v2/tickets/32408 HTTP/1.1" 200 None
2025-10-31 09:24:03 - urllib3.connectionpool - DEBUG - Starting new HTTPS connection (1): tdilatam.freshdesk.com:443
2025-10-31 09:24:04 - urllib3.connectionpool - DEBUG - https://tdilatam.freshdesk.com:443 "GET /api/v2/tickets/32409 HTTP/1.1" 200 None
2025-10-31 09:24:04 - urllib3.connectionpool - DEBUG - Starting new HTTPS connection (1): tdilatam.freshdesk.com:443
2025-10-31 09:24:04 - urllib3.connectionpool - DEBUG - https://tdilatam.freshdesk.com:443 "GET /api/v2/tickets/32410 HTTP/1.1" 200 None
2025-10-31 09:24:04 - urllib3.connectionpool - DEBUG - Starting new HTTPS connection (1): tdilatam.freshdesk.com:443
2025-10-31 09:24:05 - urllib3.connectionpool - DEBUG - https://tdilatam.freshdesk.com:443 "GET /api/v2/tickets/32411 HTTP/1.1" 200 None
2025-10-31 09:24:05 - urllib3.connectionpool - DEBUG - Starting new HTTPS connection (1): tdilatam.freshdesk.com:443
2025-10-31 09:24:06 - urllib3.connectionpool - DEBUG - https://tdilatam.freshdesk.com:443 "GET /api/v2/tickets/32412 HTTP/1.1" 200 None
2025-10-31 09:24:06 - urllib3.connectionpool - DEBUG - Starting new HTTPS connection (1): tdilatam.freshdesk.com:443
2025-10-31 09:24:06 - urllib3.connectionpool - DEBUG - https://tdilatam.freshdesk.com:443 "GET /api/v2/tickets/32413 HTTP/1.1" 200 None
2025-10-31 09:24:07 - urllib3.connectionpool - DEBUG - Starting new HTTPS connection (1): tdilatam.freshdesk.com:443
2025-10-31 09:24:07 - urllib3.connectionpool - DEBUG - https://tdilatam.freshdesk.com:443 "GET /api/v2/tickets/32414 HTTP/1.1" 200 None
2025-10-31 09:24:07 - urllib3.connectionpool - DEBUG - Starting new HTTPS connection (1): tdilatam.freshdesk.com:443
2025-10-31 09:24:08 - urllib3.connectionpool - DEBUG - https://tdilatam.freshdesk.com:443 "GET /api/v2/tickets/32415 HTTP/1.1" 200 None
2025-10-31 09:24:08 - urllib3.connectionpool - DEBUG - Starting new HTTPS connection (1): tdilatam.freshdesk.com:443
2025-10-31 09:24:09 - urllib3.connectionpool - DEBUG - https://tdilatam.freshdesk.com:443 "GET /api/v2/tickets/32416 HTTP/1.1" 200 None
2025-10-31 09:24:10 - urllib3.connectionpool - DEBUG - Starting new HTTPS connection (1): tdilatam.freshdesk.com:443
2025-10-31 09:24:10 - urllib3.connectionpool - DEBUG - https://tdilatam.freshdesk.com:443 "GET /api/v2/tickets/32417 HTTP/1.1" 200 None
2025-10-31 09:24:10 - urllib3.connectionpool - DEBUG - Starting new HTTPS connection (1): tdilatam.freshdesk.com:443
2025-10-31 09:24:11 - urllib3.connectionpool - DEBUG - https://tdilatam.freshdesk.com:443 "GET /api/v2/tickets/32418 HTTP/1.1" 200 None
2025-10-31 09:24:11 - urllib3.connectionpool - DEBUG - Starting new HTTPS connection (1): tdilatam.freshdesk.com:443
2025-10-31 09:24:12 - urllib3.connectionpool - DEBUG - https://tdilatam.freshdesk.com:443 "GET /api/v2/tickets/32419 HTTP/1.1" 200 None
2025-10-31 09:24:12 - urllib3.connectionpool - DEBUG - Starting new HTTPS connection (1): tdilatam.freshdesk.com:443
2025-10-31 09:24:13 - urllib3.connectionpool - DEBUG - https://tdilatam.freshdesk.com:443 "GET /api/v2/tickets/32420 HTTP/1.1" 200 None
2025-10-31 09:24:13 - urllib3.connectionpool - DEBUG - Starting new HTTPS connection (1): tdilatam.freshdesk.com:443
2025-10-31 09:24:13 - urllib3.connectionpool - DEBUG - https://tdilatam.freshdesk.com:443 "GET /api/v2/tickets/32421 HTTP/1.1" 200 None
2025-10-31 09:24:13 - urllib3.connectionpool - DEBUG - Starting new HTTPS connection (1): tdilatam.freshdesk.com:443
2025-10-31 09:24:14 - urllib3.connectionpool - DEBUG - https://tdilatam.freshdesk.com:443 "GET /api/v2/tickets/32422 HTTP/1.1" 200 None
2025-10-31 09:24:14 - urllib3.connectionpool - DEBUG - Starting new HTTPS connection (1): tdilatam.freshdesk.com:443
2025-10-31 09:24:15 - urllib3.connectionpool - DEBUG - https://tdilatam.freshdesk.com:443 "GET /api/v2/tickets/32423 HTTP/1.1" 200 None
2025-10-31 09:24:15 - urllib3.connectionpool - DEBUG - Starting new HTTPS connection (1): tdilatam.freshdesk.com:443
2025-10-31 09:24:16 - urllib3.connectionpool - DEBUG - https://tdilatam.freshdesk.com:443 "GET /api/v2/tickets/32424 HTTP/1.1" 200 None
2025-10-31 09:24:16 - urllib3.connectionpool - DEBUG - Starting new HTTPS connection (1): tdilatam.freshdesk.com:443
2025-10-31 09:24:16 - urllib3.connectionpool - DEBUG - https://tdilatam.freshdesk.com:443 "GET /api/v2/tickets/32425 HTTP/1.1" 200 None
2025-10-31 09:24:17 - urllib3.connectionpool - DEBUG - Starting new HTTPS connection (1): tdilatam.freshdesk.com:443
2025-10-31 09:24:17 - urllib3.connectionpool - DEBUG - https://tdilatam.freshdesk.com:443 "GET /api/v2/tickets/32426 HTTP/1.1" 200 None
2025-10-31 09:24:18 - urllib3.connectionpool - DEBUG - Starting new HTTPS connection (1): tdilatam.freshdesk.com:443
2025-10-31 09:24:19 - urllib3.connectionpool - DEBUG - https://tdilatam.freshdesk.com:443 "GET /api/v2/tickets/32427 HTTP/1.1" 200 None
2025-10-31 09:24:19 - urllib3.connectionpool - DEBUG - Starting new HTTPS connection (1): tdilatam.freshdesk.com:443
2025-10-31 09:24:20 - urllib3.connectionpool - DEBUG - https://tdilatam.freshdesk.com:443 "GET /api/v2/tickets/32428 HTTP/1.1" 200 None
2025-10-31 09:24:20 - urllib3.connectionpool - DEBUG - Starting new HTTPS connection (1): tdilatam.freshdesk.com:443
2025-10-31 09:24:21 - urllib3.connectionpool - DEBUG - https://tdilatam.freshdesk.com:443 "GET /api/v2/tickets/32430 HTTP/1.1" 200 None
2025-10-31 09:24:21 - urllib3.connectionpool - DEBUG - Starting new HTTPS connection (1): tdilatam.freshdesk.com:443
2025-10-31 09:24:21 - urllib3.connectionpool - DEBUG - https://tdilatam.freshdesk.com:443 "GET /api/v2/tickets/32431 HTTP/1.1" 200 None
2025-10-31 09:24:21 - urllib3.connectionpool - DEBUG - Starting new HTTPS connection (1): tdilatam.freshdesk.com:443
2025-10-31 09:24:22 - urllib3.connectionpool - DEBUG - https://tdilatam.freshdesk.com:443 "GET /api/v2/tickets/32432 HTTP/1.1" 200 None
2025-10-31 09:24:22 - urllib3.connectionpool - DEBUG - Starting new HTTPS connection (1): tdilatam.freshdesk.com:443
2025-10-31 09:24:23 - urllib3.connectionpool - DEBUG - https://tdilatam.freshdesk.com:443 "GET /api/v2/tickets/32433 HTTP/1.1" 200 None
2025-10-31 09:24:23 - urllib3.connectionpool - DEBUG - Starting new HTTPS connection (1): tdilatam.freshdesk.com:443
2025-10-31 09:24:24 - urllib3.connectionpool - DEBUG - https://tdilatam.freshdesk.com:443 "GET /api/v2/tickets/32434 HTTP/1.1" 200 None
2025-10-31 09:24:24 - urllib3.connectionpool - DEBUG - Starting new HTTPS connection (1): tdilatam.freshdesk.com:443
2025-10-31 09:24:25 - urllib3.connectionpool - DEBUG - https://tdilatam.freshdesk.com:443 "GET /api/v2/tickets/32435 HTTP/1.1" 200 None
2025-10-31 09:24:25 - urllib3.connectionpool - DEBUG - Starting new HTTPS connection (1): tdilatam.freshdesk.com:443
2025-10-31 09:24:25 - urllib3.connectionpool - DEBUG - https://tdilatam.freshdesk.com:443 "GET /api/v2/tickets/32436 HTTP/1.1" 200 None
2025-10-31 09:24:25 - urllib3.connectionpool - DEBUG - Starting new HTTPS connection (1): tdilatam.freshdesk.com:443
2025-10-31 09:24:26 - urllib3.connectionpool - DEBUG - https://tdilatam.freshdesk.com:443 "GET /api/v2/tickets/32437 HTTP/1.1" 200 None
2025-10-31 09:24:27 - urllib3.connectionpool - DEBUG - Starting new HTTPS connection (1): tdilatam.freshdesk.com:443
2025-10-31 09:24:28 - urllib3.connectionpool - DEBUG - https://tdilatam.freshdesk.com:443 "GET /api/v2/tickets/32440 HTTP/1.1" 200 None
2025-10-31 09:24:28 - urllib3.connectionpool - DEBUG - Starting new HTTPS connection (1): tdilatam.freshdesk.com:443
2025-10-31 09:24:29 - urllib3.connectionpool - DEBUG - https://tdilatam.freshdesk.com:443 "GET /api/v2/tickets/32442 HTTP/1.1" 200 None
2025-10-31 09:24:29 - urllib3.connectionpool - DEBUG - Starting new HTTPS connection (1): tdilatam.freshdesk.com:443
2025-10-31 09:24:29 - urllib3.connectionpool - DEBUG - https://tdilatam.freshdesk.com:443 "GET /api/v2/tickets/32443 HTTP/1.1" 200 None
2025-10-31 09:24:29 - urllib3.connectionpool - DEBUG - Starting new HTTPS connection (1): tdilatam.freshdesk.com:443
2025-10-31 09:24:30 - urllib3.connectionpool - DEBUG - https://tdilatam.freshdesk.com:443 "GET /api/v2/tickets/32444 HTTP/1.1" 200 None
2025-10-31 09:24:30 - urllib3.connectionpool - DEBUG - Starting new HTTPS connection (1): tdilatam.freshdesk.com:443
2025-10-31 09:24:31 - urllib3.connectionpool - DEBUG - https://tdilatam.freshdesk.com:443 "GET /api/v2/tickets/32445 HTTP/1.1" 200 None
2025-10-31 09:24:31 - urllib3.connectionpool - DEBUG - Starting new HTTPS connection (1): tdilatam.freshdesk.com:443
2025-10-31 09:24:32 - urllib3.connectionpool - DEBUG - https://tdilatam.freshdesk.com:443 "GET /api/v2/tickets/32446 HTTP/1.1" 200 None
2025-10-31 09:24:32 - urllib3.connectionpool - DEBUG - Starting new HTTPS connection (1): tdilatam.freshdesk.com:443
2025-10-31 09:24:32 - urllib3.connectionpool - DEBUG - https://tdilatam.freshdesk.com:443 "GET /api/v2/tickets/32447 HTTP/1.1" 200 None
2025-10-31 09:24:32 - urllib3.connectionpool - DEBUG - Starting new HTTPS connection (1): tdilatam.freshdesk.com:443
2025-10-31 09:24:33 - urllib3.connectionpool - DEBUG - https://tdilatam.freshdesk.com:443 "GET /api/v2/tickets/32448 HTTP/1.1" 200 None
2025-10-31 09:24:33 - urllib3.connectionpool - DEBUG - Starting new HTTPS connection (1): tdilatam.freshdesk.com:443
2025-10-31 09:24:34 - urllib3.connectionpool - DEBUG - https://tdilatam.freshdesk.com:443 "GET /api/v2/tickets/32452 HTTP/1.1" 200 None
2025-10-31 09:24:34 - urllib3.connectionpool - DEBUG - Starting new HTTPS connection (1): tdilatam.freshdesk.com:443
2025-10-31 09:24:35 - urllib3.connectionpool - DEBUG - https://tdilatam.freshdesk.com:443 "GET /api/v2/tickets/32453 HTTP/1.1" 200 None
2025-10-31 09:24:36 - urllib3.connectionpool - DEBUG - Starting new HTTPS connection (1): tdilatam.freshdesk.com:443
2025-10-31 09:24:36 - urllib3.connectionpool - DEBUG - https://tdilatam.freshdesk.com:443 "GET /api/v2/tickets/32454 HTTP/1.1" 200 None
2025-10-31 09:24:37 - urllib3.connectionpool - DEBUG - Starting new HTTPS connection (1): tdilatam.freshdesk.com:443
2025-10-31 09:24:37 - urllib3.connectionpool - DEBUG - https://tdilatam.freshdesk.com:443 "GET /api/v2/tickets/32455 HTTP/1.1" 200 None
2025-10-31 09:24:37 - urllib3.connectionpool - DEBUG - Starting new HTTPS connection (1): tdilatam.freshdesk.com:443
2025-10-31 09:24:38 - urllib3.connectionpool - DEBUG - https://tdilatam.freshdesk.com:443 "GET /api/v2/tickets/32456 HTTP/1.1" 200 None
2025-10-31 09:24:38 - urllib3.connectionpool - DEBUG - Starting new HTTPS connection (1): tdilatam.freshdesk.com:443
2025-10-31 09:24:39 - urllib3.connectionpool - DEBUG - https://tdilatam.freshdesk.com:443 "GET /api/v2/tickets/32457 HTTP/1.1" 200 None
2025-10-31 09:24:39 - urllib3.connectionpool - DEBUG - Starting new HTTPS connection (1): tdilatam.freshdesk.com:443
2025-10-31 09:24:40 - urllib3.connectionpool - DEBUG - https://tdilatam.freshdesk.com:443 "GET /api/v2/tickets/32458 HTTP/1.1" 200 None
2025-10-31 09:24:40 - urllib3.connectionpool - DEBUG - Starting new HTTPS connection (1): tdilatam.freshdesk.com:443
2025-10-31 09:24:40 - urllib3.connectionpool - DEBUG - https://tdilatam.freshdesk.com:443 "GET /api/v2/tickets/32459 HTTP/1.1" 200 None
2025-10-31 09:24:41 - urllib3.connectionpool - DEBUG - Starting new HTTPS connection (1): tdilatam.freshdesk.com:443
2025-10-31 09:24:41 - urllib3.connectionpool - DEBUG - https://tdilatam.freshdesk.com:443 "GET /api/v2/tickets/32460 HTTP/1.1" 200 None
2025-10-31 09:24:41 - urllib3.connectionpool - DEBUG - Starting new HTTPS connection (1): tdilatam.freshdesk.com:443
2025-10-31 09:24:42 - urllib3.connectionpool - DEBUG - https://tdilatam.freshdesk.com:443 "GET /api/v2/tickets/32461 HTTP/1.1" 200 None
2025-10-31 09:24:42 - urllib3.connectionpool - DEBUG - Starting new HTTPS connection (1): tdilatam.freshdesk.com:443
2025-10-31 09:24:43 - urllib3.connectionpool - DEBUG - https://tdilatam.freshdesk.com:443 "GET /api/v2/tickets/32462 HTTP/1.1" 200 None
2025-10-31 09:24:43 - urllib3.connectionpool - DEBUG - Starting new HTTPS connection (1): tdilatam.freshdesk.com:443
2025-10-31 09:24:44 - urllib3.connectionpool - DEBUG - https://tdilatam.freshdesk.com:443 "GET /api/v2/tickets/32463 HTTP/1.1" 200 None
2025-10-31 09:24:45 - urllib3.connectionpool - DEBUG - Starting new HTTPS connection (1): tdilatam.freshdesk.com:443
2025-10-31 09:24:46 - urllib3.connectionpool - DEBUG - https://tdilatam.freshdesk.com:443 "GET /api/v2/tickets/32464 HTTP/1.1" 200 None
2025-10-31 09:24:46 - urllib3.connectionpool - DEBUG - Starting new HTTPS connection (1): tdilatam.freshdesk.com:443
2025-10-31 09:24:46 - urllib3.connectionpool - DEBUG - https://tdilatam.freshdesk.com:443 "GET /api/v2/tickets/32469 HTTP/1.1" 200 None
2025-10-31 09:24:46 - urllib3.connectionpool - DEBUG - Starting new HTTPS connection (1): tdilatam.freshdesk.com:443
2025-10-31 09:24:47 - urllib3.connectionpool - DEBUG - https://tdilatam.freshdesk.com:443 "GET /api/v2/tickets/32470 HTTP/1.1" 200 None
2025-10-31 09:24:47 - urllib3.connectionpool - DEBUG - Starting new HTTPS connection (1): tdilatam.freshdesk.com:443
2025-10-31 09:24:48 - urllib3.connectionpool - DEBUG - https://tdilatam.freshdesk.com:443 "GET /api/v2/tickets/32471 HTTP/1.1" 200 None
2025-10-31 09:24:48 - urllib3.connectionpool - DEBUG - Starting new HTTPS connection (1): tdilatam.freshdesk.com:443
2025-10-31 09:24:49 - urllib3.connectionpool - DEBUG - https://tdilatam.freshdesk.com:443 "GET /api/v2/tickets/32472 HTTP/1.1" 200 None
2025-10-31 09:24:49 - urllib3.connectionpool - DEBUG - Starting new HTTPS connection (1): tdilatam.freshdesk.com:443
2025-10-31 09:24:50 - urllib3.connectionpool - DEBUG - https://tdilatam.freshdesk.com:443 "GET /api/v2/tickets/32473 HTTP/1.1" 200 None
2025-10-31 09:24:50 - urllib3.connectionpool - DEBUG - Starting new HTTPS connection (1): tdilatam.freshdesk.com:443
2025-10-31 09:24:51 - urllib3.connectionpool - DEBUG - https://tdilatam.freshdesk.com:443 "GET /api/v2/tickets/32474 HTTP/1.1" 200 None
2025-10-31 09:24:51 - urllib3.connectionpool - DEBUG - Starting new HTTPS connection (1): tdilatam.freshdesk.com:443
2025-10-31 09:24:51 - urllib3.connectionpool - DEBUG - https://tdilatam.freshdesk.com:443 "GET /api/v2/tickets/32475 HTTP/1.1" 200 None
2025-10-31 09:24:51 - urllib3.connectionpool - DEBUG - Starting new HTTPS connection (1): tdilatam.freshdesk.com:443
2025-10-31 09:24:52 - urllib3.connectionpool - DEBUG - https://tdilatam.freshdesk.com:443 "GET /api/v2/tickets/32476 HTTP/1.1" 200 None
2025-10-31 09:24:52 - urllib3.connectionpool - DEBUG - Starting new HTTPS connection (1): tdilatam.freshdesk.com:443
2025-10-31 09:24:53 - urllib3.connectionpool - DEBUG - https://tdilatam.freshdesk.com:443 "GET /api/v2/tickets/32477 HTTP/1.1" 200 None
2025-10-31 09:24:54 - urllib3.connectionpool - DEBUG - Starting new HTTPS connection (1): tdilatam.freshdesk.com:443
2025-10-31 09:24:55 - urllib3.connectionpool - DEBUG - https://tdilatam.freshdesk.com:443 "GET /api/v2/tickets/32478 HTTP/1.1" 200 None
2025-10-31 09:24:55 - urllib3.connectionpool - DEBUG - Starting new HTTPS connection (1): tdilatam.freshdesk.com:443
2025-10-31 09:24:56 - urllib3.connectionpool - DEBUG - https://tdilatam.freshdesk.com:443 "GET /api/v2/tickets/32479 HTTP/1.1" 200 None
2025-10-31 09:24:56 - urllib3.connectionpool - DEBUG - Starting new HTTPS connection (1): tdilatam.freshdesk.com:443
2025-10-31 09:24:56 - urllib3.connectionpool - DEBUG - https://tdilatam.freshdesk.com:443 "GET /api/v2/tickets/32480 HTTP/1.1" 200 None
2025-10-31 09:24:56 - urllib3.connectionpool - DEBUG - Starting new HTTPS connection (1): tdilatam.freshdesk.com:443
2025-10-31 09:24:57 - urllib3.connectionpool - DEBUG - https://tdilatam.freshdesk.com:443 "GET /api/v2/tickets/32481 HTTP/1.1" 200 None
2025-10-31 09:24:57 - urllib3.connectionpool - DEBUG - Starting new HTTPS connection (1): tdilatam.freshdesk.com:443
2025-10-31 09:24:58 - urllib3.connectionpool - DEBUG - https://tdilatam.freshdesk.com:443 "GET /api/v2/tickets/32482 HTTP/1.1" 200 None
2025-10-31 09:24:58 - urllib3.connectionpool - DEBUG - Starting new HTTPS connection (1): tdilatam.freshdesk.com:443
2025-10-31 09:24:59 - urllib3.connectionpool - DEBUG - https://tdilatam.freshdesk.com:443 "GET /api/v2/tickets/32483 HTTP/1.1" 200 None
2025-10-31 09:24:59 - urllib3.connectionpool - DEBUG - Starting new HTTPS connection (1): tdilatam.freshdesk.com:443
2025-10-31 09:24:59 - urllib3.connectionpool - DEBUG - https://tdilatam.freshdesk.com:443 "GET /api/v2/tickets/32484 HTTP/1.1" 200 None
2025-10-31 09:24:59 - urllib3.connectionpool - DEBUG - Starting new HTTPS connection (1): tdilatam.freshdesk.com:443
2025-10-31 09:25:00 - urllib3.connectionpool - DEBUG - https://tdilatam.freshdesk.com:443 "GET /api/v2/tickets/32485 HTTP/1.1" 200 None
2025-10-31 09:25:00 - urllib3.connectionpool - DEBUG - Starting new HTTPS connection (1): tdilatam.freshdesk.com:443
2025-10-31 09:25:01 - urllib3.connectionpool - DEBUG - https://tdilatam.freshdesk.com:443 "GET /api/v2/tickets/32486 HTTP/1.1" 200 None
2025-10-31 09:25:01 - urllib3.connectionpool - DEBUG - Starting new HTTPS connection (1): tdilatam.freshdesk.com:443
2025-10-31 09:25:02 - urllib3.connectionpool - DEBUG - https://tdilatam.freshdesk.com:443 "GET /api/v2/tickets/32488 HTTP/1.1" 200 None
2025-10-31 09:25:03 - urllib3.connectionpool - DEBUG - Starting new HTTPS connection (1): tdilatam.freshdesk.com:443
2025-10-31 09:25:04 - urllib3.connectionpool - DEBUG - https://tdilatam.freshdesk.com:443 "GET /api/v2/tickets/32489 HTTP/1.1" 200 None
2025-10-31 09:25:04 - urllib3.connectionpool - DEBUG - Starting new HTTPS connection (1): tdilatam.freshdesk.com:443
2025-10-31 09:25:04 - urllib3.connectionpool - DEBUG - https://tdilatam.freshdesk.com:443 "GET /api/v2/tickets/32490 HTTP/1.1" 200 None
2025-10-31 09:25:04 - urllib3.connectionpool - DEBUG - Starting new HTTPS connection (1): tdilatam.freshdesk.com:443
2025-10-31 09:25:05 - urllib3.connectionpool - DEBUG - https://tdilatam.freshdesk.com:443 "GET /api/v2/tickets/32491 HTTP/1.1" 200 None
2025-10-31 09:25:05 - urllib3.connectionpool - DEBUG - Starting new HTTPS connection (1): tdilatam.freshdesk.com:443
2025-10-31 09:25:06 - urllib3.connectionpool - DEBUG - https://tdilatam.freshdesk.com:443 "GET /api/v2/tickets/32492 HTTP/1.1" 200 None
2025-10-31 09:25:06 - urllib3.connectionpool - DEBUG - Starting new HTTPS connection (1): tdilatam.freshdesk.com:443
2025-10-31 09:25:07 - urllib3.connectionpool - DEBUG - https://tdilatam.freshdesk.com:443 "GET /api/v2/tickets/32493 HTTP/1.1" 200 None
2025-10-31 09:25:07 - urllib3.connectionpool - DEBUG - Starting new HTTPS connection (1): tdilatam.freshdesk.com:443
2025-10-31 09:25:08 - urllib3.connectionpool - DEBUG - https://tdilatam.freshdesk.com:443 "GET /api/v2/tickets/32494 HTTP/1.1" 200 None
2025-10-31 09:25:08 - urllib3.connectionpool - DEBUG - Starting new HTTPS connection (1): tdilatam.freshdesk.com:443
2025-10-31 09:25:09 - urllib3.connectionpool - DEBUG - https://tdilatam.freshdesk.com:443 "GET /api/v2/tickets/32495 HTTP/1.1" 200 None
2025-10-31 09:25:09 - urllib3.connectionpool - DEBUG - Starting new HTTPS connection (1): tdilatam.freshdesk.com:443
2025-10-31 09:25:09 - urllib3.connectionpool - DEBUG - https://tdilatam.freshdesk.com:443 "GET /api/v2/tickets/32496 HTTP/1.1" 200 None
2025-10-31 09:25:09 - urllib3.connectionpool - DEBUG - Starting new HTTPS connection (1): tdilatam.freshdesk.com:443
2025-10-31 09:25:10 - urllib3.connectionpool - DEBUG - https://tdilatam.freshdesk.com:443 "GET /api/v2/tickets/32497 HTTP/1.1" 200 None
2025-10-31 09:25:10 - urllib3.connectionpool - DEBUG - Starting new HTTPS connection (1): tdilatam.freshdesk.com:443
2025-10-31 09:25:11 - urllib3.connectionpool - DEBUG - https://tdilatam.freshdesk.com:443 "GET /api/v2/tickets/32498 HTTP/1.1" 200 None
2025-10-31 09:25:12 - urllib3.connectionpool - DEBUG - Starting new HTTPS connection (1): tdilatam.freshdesk.com:443
2025-10-31 09:25:13 - urllib3.connectionpool - DEBUG - https://tdilatam.freshdesk.com:443 "GET /api/v2/tickets/32499 HTTP/1.1" 200 None
2025-10-31 09:25:13 - urllib3.connectionpool - DEBUG - Starting new HTTPS connection (1): tdilatam.freshdesk.com:443
2025-10-31 09:25:13 - urllib3.connectionpool - DEBUG - https://tdilatam.freshdesk.com:443 "GET /api/v2/tickets/32500 HTTP/1.1" 200 None
2025-10-31 09:25:13 - urllib3.connectionpool - DEBUG - Starting new HTTPS connection (1): tdilatam.freshdesk.com:443
2025-10-31 09:25:14 - urllib3.connectionpool - DEBUG - https://tdilatam.freshdesk.com:443 "GET /api/v2/tickets/32501 HTTP/1.1" 200 None
2025-10-31 09:25:14 - urllib3.connectionpool - DEBUG - Starting new HTTPS connection (1): tdilatam.freshdesk.com:443
2025-10-31 09:25:15 - urllib3.connectionpool - DEBUG - https://tdilatam.freshdesk.com:443 "GET /api/v2/tickets/32502 HTTP/1.1" 200 None
2025-10-31 09:25:15 - urllib3.connectionpool - DEBUG - Starting new HTTPS connection (1): tdilatam.freshdesk.com:443
2025-10-31 09:25:16 - urllib3.connectionpool - DEBUG - https://tdilatam.freshdesk.com:443 "GET /api/v2/tickets/32503 HTTP/1.1" 200 None
2025-10-31 09:25:16 - urllib3.connectionpool - DEBUG - Starting new HTTPS connection (1): tdilatam.freshdesk.com:443
2025-10-31 09:25:16 - urllib3.connectionpool - DEBUG - https://tdilatam.freshdesk.com:443 "GET /api/v2/tickets/32504 HTTP/1.1" 200 None
2025-10-31 09:25:16 - urllib3.connectionpool - DEBUG - Starting new HTTPS connection (1): tdilatam.freshdesk.com:443
2025-10-31 09:25:17 - urllib3.connectionpool - DEBUG - https://tdilatam.freshdesk.com:443 "GET /api/v2/tickets/32505 HTTP/1.1" 200 None
2025-10-31 09:25:17 - urllib3.connectionpool - DEBUG - Starting new HTTPS connection (1): tdilatam.freshdesk.com:443
2025-10-31 09:25:18 - urllib3.connectionpool - DEBUG - https://tdilatam.freshdesk.com:443 "GET /api/v2/tickets/32506 HTTP/1.1" 200 None
2025-10-31 09:25:18 - urllib3.connectionpool - DEBUG - Starting new HTTPS connection (1): tdilatam.freshdesk.com:443
2025-10-31 09:25:19 - urllib3.connectionpool - DEBUG - https://tdilatam.freshdesk.com:443 "GET /api/v2/tickets/32507 HTTP/1.1" 200 None
2025-10-31 09:25:19 - urllib3.connectionpool - DEBUG - Starting new HTTPS connection (1): tdilatam.freshdesk.com:443
2025-10-31 09:25:19 - urllib3.connectionpool - DEBUG - https://tdilatam.freshdesk.com:443 "GET /api/v2/tickets/32532 HTTP/1.1" 200 None
2025-10-31 09:25:20 - urllib3.connectionpool - DEBUG - Starting new HTTPS connection (1): tdilatam.freshdesk.com:443
2025-10-31 09:25:21 - urllib3.connectionpool - DEBUG - https://tdilatam.freshdesk.com:443 "GET /api/v2/tickets/32533 HTTP/1.1" 200 None
2025-10-31 09:25:21 - urllib3.connectionpool - DEBUG - Starting new HTTPS connection (1): tdilatam.freshdesk.com:443
2025-10-31 09:25:22 - urllib3.connectionpool - DEBUG - https://tdilatam.freshdesk.com:443 "GET /api/v2/tickets/32534 HTTP/1.1" 200 None
2025-10-31 09:25:22 - urllib3.connectionpool - DEBUG - Starting new HTTPS connection (1): tdilatam.freshdesk.com:443
2025-10-31 09:25:23 - urllib3.connectionpool - DEBUG - https://tdilatam.freshdesk.com:443 "GET /api/v2/tickets/32535 HTTP/1.1" 200 None
2025-10-31 09:25:23 - urllib3.connectionpool - DEBUG - Starting new HTTPS connection (1): tdilatam.freshdesk.com:443
2025-10-31 09:25:23 - urllib3.connectionpool - DEBUG - https://tdilatam.freshdesk.com:443 "GET /api/v2/tickets/32536 HTTP/1.1" 200 None
2025-10-31 09:25:23 - urllib3.connectionpool - DEBUG - Starting new HTTPS connection (1): tdilatam.freshdesk.com:443
2025-10-31 09:25:24 - urllib3.connectionpool - DEBUG - https://tdilatam.freshdesk.com:443 "GET /api/v2/tickets/32537 HTTP/1.1" 200 None
2025-10-31 09:25:24 - urllib3.connectionpool - DEBUG - Starting new HTTPS connection (1): tdilatam.freshdesk.com:443
2025-10-31 09:25:25 - urllib3.connectionpool - DEBUG - https://tdilatam.freshdesk.com:443 "GET /api/v2/tickets/32538 HTTP/1.1" 200 None
2025-10-31 09:25:25 - urllib3.connectionpool - DEBUG - Starting new HTTPS connection (1): tdilatam.freshdesk.com:443
2025-10-31 09:25:26 - urllib3.connectionpool - DEBUG - https://tdilatam.freshdesk.com:443 "GET /api/v2/tickets/32539 HTTP/1.1" 200 None
2025-10-31 09:25:26 - urllib3.connectionpool - DEBUG - Starting new HTTPS connection (1): tdilatam.freshdesk.com:443
2025-10-31 09:25:26 - urllib3.connectionpool - DEBUG - https://tdilatam.freshdesk.com:443 "GET /api/v2/tickets/32540 HTTP/1.1" 200 None
2025-10-31 09:25:27 - urllib3.connectionpool - DEBUG - Starting new HTTPS connection (1): tdilatam.freshdesk.com:443
2025-10-31 09:25:27 - urllib3.connectionpool - DEBUG - https://tdilatam.freshdesk.com:443 "GET /api/v2/tickets/32541 HTTP/1.1" 200 None
2025-10-31 09:25:27 - urllib3.connectionpool - DEBUG - Starting new HTTPS connection (1): tdilatam.freshdesk.com:443
2025-10-31 09:25:28 - urllib3.connectionpool - DEBUG - https://tdilatam.freshdesk.com:443 "GET /api/v2/tickets/32542 HTTP/1.1" 200 None
2025-10-31 09:25:29 - urllib3.connectionpool - DEBUG - Starting new HTTPS connection (1): tdilatam.freshdesk.com:443
2025-10-31 09:25:30 - urllib3.connectionpool - DEBUG - https://tdilatam.freshdesk.com:443 "GET /api/v2/tickets/32543 HTTP/1.1" 200 None
2025-10-31 09:25:30 - urllib3.connectionpool - DEBUG - Starting new HTTPS connection (1): tdilatam.freshdesk.com:443
2025-10-31 09:25:30 - urllib3.connectionpool - DEBUG - https://tdilatam.freshdesk.com:443 "GET /api/v2/tickets/32544 HTTP/1.1" 200 None
2025-10-31 09:25:30 - urllib3.connectionpool - DEBUG - Starting new HTTPS connection (1): tdilatam.freshdesk.com:443
2025-10-31 09:25:31 - urllib3.connectionpool - DEBUG - https://tdilatam.freshdesk.com:443 "GET /api/v2/tickets/32545 HTTP/1.1" 200 None
2025-10-31 09:25:31 - urllib3.connectionpool - DEBUG - Starting new HTTPS connection (1): tdilatam.freshdesk.com:443
2025-10-31 09:25:32 - urllib3.connectionpool - DEBUG - https://tdilatam.freshdesk.com:443 "GET /api/v2/tickets/32546 HTTP/1.1" 200 None
2025-10-31 09:25:32 - urllib3.connectionpool - DEBUG - Starting new HTTPS connection (1): tdilatam.freshdesk.com:443
2025-10-31 09:25:33 - urllib3.connectionpool - DEBUG - https://tdilatam.freshdesk.com:443 "GET /api/v2/tickets/32550 HTTP/1.1" 200 None
2025-10-31 09:25:33 - urllib3.connectionpool - DEBUG - Starting new HTTPS connection (1): tdilatam.freshdesk.com:443
2025-10-31 09:25:33 - urllib3.connectionpool - DEBUG - https://tdilatam.freshdesk.com:443 "GET /api/v2/tickets/32551 HTTP/1.1" 200 None
2025-10-31 09:25:33 - urllib3.connectionpool - DEBUG - Starting new HTTPS connection (1): tdilatam.freshdesk.com:443
2025-10-31 09:25:34 - urllib3.connectionpool - DEBUG - https://tdilatam.freshdesk.com:443 "GET /api/v2/tickets/32552 HTTP/1.1" 200 None
2025-10-31 09:25:34 - urllib3.connectionpool - DEBUG - Starting new HTTPS connection (1): tdilatam.freshdesk.com:443
2025-10-31 09:25:35 - urllib3.connectionpool - DEBUG - https://tdilatam.freshdesk.com:443 "GET /api/v2/tickets/32553 HTTP/1.1" 200 None
2025-10-31 09:25:35 - urllib3.connectionpool - DEBUG - Starting new HTTPS connection (1): tdilatam.freshdesk.com:443
2025-10-31 09:25:36 - urllib3.connectionpool - DEBUG - https://tdilatam.freshdesk.com:443 "GET /api/v2/tickets/32554 HTTP/1.1" 200 None
2025-10-31 09:25:36 - urllib3.connectionpool - DEBUG - Starting new HTTPS connection (1): tdilatam.freshdesk.com:443
2025-10-31 09:25:37 - urllib3.connectionpool - DEBUG - https://tdilatam.freshdesk.com:443 "GET /api/v2/tickets/32555 HTTP/1.1" 200 None
2025-10-31 09:25:38 - urllib3.connectionpool - DEBUG - Starting new HTTPS connection (1): tdilatam.freshdesk.com:443
2025-10-31 09:25:39 - urllib3.connectionpool - DEBUG - https://tdilatam.freshdesk.com:443 "GET /api/v2/tickets/32556 HTTP/1.1" 200 None
2025-10-31 09:25:39 - urllib3.connectionpool - DEBUG - Starting new HTTPS connection (1): tdilatam.freshdesk.com:443
2025-10-31 09:25:39 - urllib3.connectionpool - DEBUG - https://tdilatam.freshdesk.com:443 "GET /api/v2/tickets/32557 HTTP/1.1" 200 None
2025-10-31 09:25:40 - urllib3.connectionpool - DEBUG - Starting new HTTPS connection (1): tdilatam.freshdesk.com:443
2025-10-31 09:25:40 - urllib3.connectionpool - DEBUG - https://tdilatam.freshdesk.com:443 "GET /api/v2/tickets/32558 HTTP/1.1" 200 None
2025-10-31 09:25:40 - urllib3.connectionpool - DEBUG - Starting new HTTPS connection (1): tdilatam.freshdesk.com:443
2025-10-31 09:25:41 - urllib3.connectionpool - DEBUG - https://tdilatam.freshdesk.com:443 "GET /api/v2/tickets/32559 HTTP/1.1" 200 None
2025-10-31 09:25:41 - urllib3.connectionpool - DEBUG - Starting new HTTPS connection (1): tdilatam.freshdesk.com:443
2025-10-31 09:25:42 - urllib3.connectionpool - DEBUG - https://tdilatam.freshdesk.com:443 "GET /api/v2/tickets/32560 HTTP/1.1" 200 None
2025-10-31 09:25:42 - urllib3.connectionpool - DEBUG - Starting new HTTPS connection (1): tdilatam.freshdesk.com:443
2025-10-31 09:25:43 - urllib3.connectionpool - DEBUG - https://tdilatam.freshdesk.com:443 "GET /api/v2/tickets/32561 HTTP/1.1" 200 None
2025-10-31 09:25:43 - urllib3.connectionpool - DEBUG - Starting new HTTPS connection (1): tdilatam.freshdesk.com:443
2025-10-31 09:25:44 - urllib3.connectionpool - DEBUG - https://tdilatam.freshdesk.com:443 "GET /api/v2/tickets/32562 HTTP/1.1" 200 None
2025-10-31 09:25:44 - urllib3.connectionpool - DEBUG - Starting new HTTPS connection (1): tdilatam.freshdesk.com:443
2025-10-31 09:25:44 - urllib3.connectionpool - DEBUG - https://tdilatam.freshdesk.com:443 "GET /api/v2/tickets/32563 HTTP/1.1" 200 None
2025-10-31 09:25:44 - urllib3.connectionpool - DEBUG - Starting new HTTPS connection (1): tdilatam.freshdesk.com:443
2025-10-31 09:25:45 - urllib3.connectionpool - DEBUG - https://tdilatam.freshdesk.com:443 "GET /api/v2/tickets/32564 HTTP/1.1" 200 None
2025-10-31 09:25:45 - urllib3.connectionpool - DEBUG - Starting new HTTPS connection (1): tdilatam.freshdesk.com:443
2025-10-31 09:25:46 - urllib3.connectionpool - DEBUG - https://tdilatam.freshdesk.com:443 "GET /api/v2/tickets/32565 HTTP/1.1" 200 None
2025-10-31 09:25:47 - urllib3.connectionpool - DEBUG - Starting new HTTPS connection (1): tdilatam.freshdesk.com:443
2025-10-31 09:25:48 - urllib3.connectionpool - DEBUG - https://tdilatam.freshdesk.com:443 "GET /api/v2/tickets/32566 HTTP/1.1" 200 None
2025-10-31 09:25:48 - urllib3.connectionpool - DEBUG - Starting new HTTPS connection (1): tdilatam.freshdesk.com:443
2025-10-31 09:25:48 - urllib3.connectionpool - DEBUG - https://tdilatam.freshdesk.com:443 "GET /api/v2/tickets/32567 HTTP/1.1" 200 None
2025-10-31 09:25:48 - urllib3.connectionpool - DEBUG - Starting new HTTPS connection (1): tdilatam.freshdesk.com:443
2025-10-31 09:25:49 - urllib3.connectionpool - DEBUG - https://tdilatam.freshdesk.com:443 "GET /api/v2/tickets/32568 HTTP/1.1" 200 None
2025-10-31 09:25:49 - urllib3.connectionpool - DEBUG - Starting new HTTPS connection (1): tdilatam.freshdesk.com:443
2025-10-31 09:25:50 - urllib3.connectionpool - DEBUG - https://tdilatam.freshdesk.com:443 "GET /api/v2/tickets/32569 HTTP/1.1" 200 None
2025-10-31 09:25:50 - urllib3.connectionpool - DEBUG - Starting new HTTPS connection (1): tdilatam.freshdesk.com:443
2025-10-31 09:25:51 - urllib3.connectionpool - DEBUG - https://tdilatam.freshdesk.com:443 "GET /api/v2/tickets/32570 HTTP/1.1" 200 None
2025-10-31 09:25:51 - urllib3.connectionpool - DEBUG - Starting new HTTPS connection (1): tdilatam.freshdesk.com:443
2025-10-31 09:25:52 - urllib3.connectionpool - DEBUG - https://tdilatam.freshdesk.com:443 "GET /api/v2/tickets/32571 HTTP/1.1" 200 None
2025-10-31 09:25:52 - urllib3.connectionpool - DEBUG - Starting new HTTPS connection (1): tdilatam.freshdesk.com:443
2025-10-31 09:25:53 - urllib3.connectionpool - DEBUG - https://tdilatam.freshdesk.com:443 "GET /api/v2/tickets/32572 HTTP/1.1" 200 None
2025-10-31 09:25:54 - urllib3.connectionpool - DEBUG - Starting new HTTPS connection (1): tdilatam.freshdesk.com:443
2025-10-31 09:25:54 - urllib3.connectionpool - DEBUG - https://tdilatam.freshdesk.com:443 "GET /api/v2/tickets/32573 HTTP/1.1" 200 None
2025-10-31 09:25:54 - urllib3.connectionpool - DEBUG - Starting new HTTPS connection (1): tdilatam.freshdesk.com:443
2025-10-31 09:25:55 - urllib3.connectionpool - DEBUG - https://tdilatam.freshdesk.com:443 "GET /api/v2/tickets/32575 HTTP/1.1" 200 None
2025-10-31 09:25:55 - urllib3.connectionpool - DEBUG - Starting new HTTPS connection (1): tdilatam.freshdesk.com:443
2025-10-31 09:25:56 - urllib3.connectionpool - DEBUG - https://tdilatam.freshdesk.com:443 "GET /api/v2/tickets/32577 HTTP/1.1" 200 None
2025-10-31 09:25:57 - urllib3.connectionpool - DEBUG - Starting new HTTPS connection (1): tdilatam.freshdesk.com:443
2025-10-31 09:25:58 - urllib3.connectionpool - DEBUG - https://tdilatam.freshdesk.com:443 "GET /api/v2/tickets/32578 HTTP/1.1" 200 None
2025-10-31 09:25:58 - urllib3.connectionpool - DEBUG - Starting new HTTPS connection (1): tdilatam.freshdesk.com:443
2025-10-31 09:25:58 - urllib3.connectionpool - DEBUG - https://tdilatam.freshdesk.com:443 "GET /api/v2/tickets/32582 HTTP/1.1" 200 None
2025-10-31 09:25:59 - urllib3.connectionpool - DEBUG - Starting new HTTPS connection (1): tdilatam.freshdesk.com:443
2025-10-31 09:26:31 - urllib3.connectionpool - DEBUG - https://tdilatam.freshdesk.com:443 "GET /api/v2/tickets/32583 HTTP/1.1" 200 None
2025-10-31 09:26:31 - urllib3.connectionpool - DEBUG - Starting new HTTPS connection (1): tdilatam.freshdesk.com:443
2025-10-31 09:26:32 - urllib3.connectionpool - DEBUG - https://tdilatam.freshdesk.com:443 "GET /api/v2/tickets/32585 HTTP/1.1" 200 None
2025-10-31 09:26:32 - urllib3.connectionpool - DEBUG - Starting new HTTPS connection (1): tdilatam.freshdesk.com:443
2025-10-31 09:26:32 - urllib3.connectionpool - DEBUG - https://tdilatam.freshdesk.com:443 "GET /api/v2/tickets/32587 HTTP/1.1" 200 None
2025-10-31 09:26:32 - urllib3.connectionpool - DEBUG - Starting new HTTPS connection (1): tdilatam.freshdesk.com:443
2025-10-31 09:26:33 - urllib3.connectionpool - DEBUG - https://tdilatam.freshdesk.com:443 "GET /api/v2/tickets/32594 HTTP/1.1" 200 None
2025-10-31 09:26:33 - urllib3.connectionpool - DEBUG - Starting new HTTPS connection (1): tdilatam.freshdesk.com:443
2025-10-31 09:26:34 - urllib3.connectionpool - DEBUG - https://tdilatam.freshdesk.com:443 "GET /api/v2/tickets/32597 HTTP/1.1" 200 None
2025-10-31 09:26:34 - urllib3.connectionpool - DEBUG - Starting new HTTPS connection (1): tdilatam.freshdesk.com:443
2025-10-31 09:26:35 - urllib3.connectionpool - DEBUG - https://tdilatam.freshdesk.com:443 "GET /api/v2/tickets/32598 HTTP/1.1" 200 None
2025-10-31 09:26:35 - urllib3.connectionpool - DEBUG - Starting new HTTPS connection (1): tdilatam.freshdesk.com:443
2025-10-31 09:26:36 - urllib3.connectionpool - DEBUG - https://tdilatam.freshdesk.com:443 "GET /api/v2/tickets/32600 HTTP/1.1" 200 None
2025-10-31 09:26:36 - urllib3.connectionpool - DEBUG - Starting new HTTPS connection (1): tdilatam.freshdesk.com:443
2025-10-31 09:26:37 - urllib3.connectionpool - DEBUG - https://tdilatam.freshdesk.com:443 "GET /api/v2/tickets/32601 HTTP/1.1" 200 None
2025-10-31 09:26:38 - urllib3.connectionpool - DEBUG - Starting new HTTPS connection (1): tdilatam.freshdesk.com:443
2025-10-31 09:26:38 - urllib3.connectionpool - DEBUG - https://tdilatam.freshdesk.com:443 "GET /api/v2/tickets/32602 HTTP/1.1" 200 None
2025-10-31 09:26:39 - urllib3.connectionpool - DEBUG - Starting new HTTPS connection (1): tdilatam.freshdesk.com:443
2025-10-31 09:26:39 - urllib3.connectionpool - DEBUG - https://tdilatam.freshdesk.com:443 "GET /api/v2/tickets/32603 HTTP/1.1" 200 None
2025-10-31 09:26:39 - urllib3.connectionpool - DEBUG - Starting new HTTPS connection (1): tdilatam.freshdesk.com:443
2025-10-31 09:26:40 - urllib3.connectionpool - DEBUG - https://tdilatam.freshdesk.com:443 "GET /api/v2/tickets/32604 HTTP/1.1" 200 None
2025-10-31 09:26:40 - urllib3.connectionpool - DEBUG - Starting new HTTPS connection (1): tdilatam.freshdesk.com:443
2025-10-31 09:26:41 - urllib3.connectionpool - DEBUG - https://tdilatam.freshdesk.com:443 "GET /api/v2/tickets/32605 HTTP/1.1" 200 None
2025-10-31 09:26:41 - urllib3.connectionpool - DEBUG - Starting new HTTPS connection (1): tdilatam.freshdesk.com:443
2025-10-31 09:26:42 - urllib3.connectionpool - DEBUG - https://tdilatam.freshdesk.com:443 "GET /api/v2/tickets/32606 HTTP/1.1" 200 None
2025-10-31 09:26:42 - urllib3.connectionpool - DEBUG - Starting new HTTPS connection (1): tdilatam.freshdesk.com:443
2025-10-31 09:26:43 - urllib3.connectionpool - DEBUG - https://tdilatam.freshdesk.com:443 "GET /api/v2/tickets/32607 HTTP/1.1" 200 None
2025-10-31 09:26:43 - urllib3.connectionpool - DEBUG - Starting new HTTPS connection (1): tdilatam.freshdesk.com:443
2025-10-31 09:26:43 - urllib3.connectionpool - DEBUG - https://tdilatam.freshdesk.com:443 "GET /api/v2/tickets/32608 HTTP/1.1" 200 None
2025-10-31 09:26:43 - urllib3.connectionpool - DEBUG - Starting new HTTPS connection (1): tdilatam.freshdesk.com:443
2025-10-31 09:26:44 - urllib3.connectionpool - DEBUG - https://tdilatam.freshdesk.com:443 "GET /api/v2/tickets/32609 HTTP/1.1" 200 None
2025-10-31 09:26:44 - urllib3.connectionpool - DEBUG - Starting new HTTPS connection (1): tdilatam.freshdesk.com:443
2025-10-31 09:26:45 - urllib3.connectionpool - DEBUG - https://tdilatam.freshdesk.com:443 "GET /api/v2/tickets/32610 HTTP/1.1" 200 None
2025-10-31 09:26:45 - urllib3.connectionpool - DEBUG - Starting new HTTPS connection (1): tdilatam.freshdesk.com:443
2025-10-31 09:26:46 - urllib3.connectionpool - DEBUG - https://tdilatam.freshdesk.com:443 "GET /api/v2/tickets/32611 HTTP/1.1" 200 None
2025-10-31 09:26:47 - urllib3.connectionpool - DEBUG - Starting new HTTPS connection (1): tdilatam.freshdesk.com:443
2025-10-31 09:26:47 - urllib3.connectionpool - DEBUG - https://tdilatam.freshdesk.com:443 "GET /api/v2/tickets/32612 HTTP/1.1" 200 None
2025-10-31 09:26:47 - urllib3.connectionpool - DEBUG - Starting new HTTPS connection (1): tdilatam.freshdesk.com:443
2025-10-31 09:26:48 - urllib3.connectionpool - DEBUG - https://tdilatam.freshdesk.com:443 "GET /api/v2/tickets/32613 HTTP/1.1" 200 None
2025-10-31 09:26:48 - urllib3.connectionpool - DEBUG - Starting new HTTPS connection (1): tdilatam.freshdesk.com:443
2025-10-31 09:26:49 - urllib3.connectionpool - DEBUG - https://tdilatam.freshdesk.com:443 "GET /api/v2/tickets/32614 HTTP/1.1" 200 None
2025-10-31 09:26:49 - urllib3.connectionpool - DEBUG - Starting new HTTPS connection (1): tdilatam.freshdesk.com:443
2025-10-31 09:26:50 - urllib3.connectionpool - DEBUG - https://tdilatam.freshdesk.com:443 "GET /api/v2/tickets/32615 HTTP/1.1" 200 None
2025-10-31 09:26:50 - urllib3.connectionpool - DEBUG - Starting new HTTPS connection (1): tdilatam.freshdesk.com:443
2025-10-31 09:26:51 - urllib3.connectionpool - DEBUG - https://tdilatam.freshdesk.com:443 "GET /api/v2/tickets/32616 HTTP/1.1" 200 None
2025-10-31 09:26:51 - urllib3.connectionpool - DEBUG - Starting new HTTPS connection (1): tdilatam.freshdesk.com:443
2025-10-31 09:26:51 - urllib3.connectionpool - DEBUG - https://tdilatam.freshdesk.com:443 "GET /api/v2/tickets/32617 HTTP/1.1" 200 None
2025-10-31 09:26:51 - urllib3.connectionpool - DEBUG - Starting new HTTPS connection (1): tdilatam.freshdesk.com:443
2025-10-31 09:26:52 - urllib3.connectionpool - DEBUG - https://tdilatam.freshdesk.com:443 "GET /api/v2/tickets/32618 HTTP/1.1" 200 None
2025-10-31 09:26:52 - urllib3.connectionpool - DEBUG - Starting new HTTPS connection (1): tdilatam.freshdesk.com:443
2025-10-31 09:26:53 - urllib3.connectionpool - DEBUG - https://tdilatam.freshdesk.com:443 "GET /api/v2/tickets/32619 HTTP/1.1" 200 None
2025-10-31 09:26:53 - urllib3.connectionpool - DEBUG - Starting new HTTPS connection (1): tdilatam.freshdesk.com:443
2025-10-31 09:26:54 - urllib3.connectionpool - DEBUG - https://tdilatam.freshdesk.com:443 "GET /api/v2/tickets/32620 HTTP/1.1" 200 None
2025-10-31 09:26:54 - urllib3.connectionpool - DEBUG - Starting new HTTPS connection (1): tdilatam.freshdesk.com:443
2025-10-31 09:26:55 - urllib3.connectionpool - DEBUG - https://tdilatam.freshdesk.com:443 "GET /api/v2/tickets/32621 HTTP/1.1" 200 None
2025-10-31 09:26:56 - urllib3.connectionpool - DEBUG - Starting new HTTPS connection (1): tdilatam.freshdesk.com:443
2025-10-31 09:26:56 - urllib3.connectionpool - DEBUG - https://tdilatam.freshdesk.com:443 "GET /api/v2/tickets/32622 HTTP/1.1" 200 None
2025-10-31 09:26:56 - urllib3.connectionpool - DEBUG - Starting new HTTPS connection (1): tdilatam.freshdesk.com:443
2025-10-31 09:26:57 - urllib3.connectionpool - DEBUG - https://tdilatam.freshdesk.com:443 "GET /api/v2/tickets/32623 HTTP/1.1" 200 None
2025-10-31 09:26:57 - urllib3.connectionpool - DEBUG - Starting new HTTPS connection (1): tdilatam.freshdesk.com:443
2025-10-31 09:26:58 - urllib3.connectionpool - DEBUG - https://tdilatam.freshdesk.com:443 "GET /api/v2/tickets/32624 HTTP/1.1" 200 None
2025-10-31 09:26:58 - urllib3.connectionpool - DEBUG - Starting new HTTPS connection (1): tdilatam.freshdesk.com:443
2025-10-31 09:26:59 - urllib3.connectionpool - DEBUG - https://tdilatam.freshdesk.com:443 "GET /api/v2/tickets/32625 HTTP/1.1" 200 None
2025-10-31 09:26:59 - urllib3.connectionpool - DEBUG - Starting new HTTPS connection (1): tdilatam.freshdesk.com:443
2025-10-31 09:26:59 - urllib3.connectionpool - DEBUG - https://tdilatam.freshdesk.com:443 "GET /api/v2/tickets/32626 HTTP/1.1" 200 None
2025-10-31 09:26:59 - urllib3.connectionpool - DEBUG - Starting new HTTPS connection (1): tdilatam.freshdesk.com:443
2025-10-31 09:27:00 - urllib3.connectionpool - DEBUG - https://tdilatam.freshdesk.com:443 "GET /api/v2/tickets/32627 HTTP/1.1" 200 None
2025-10-31 09:27:00 - urllib3.connectionpool - DEBUG - Starting new HTTPS connection (1): tdilatam.freshdesk.com:443
2025-10-31 09:27:01 - urllib3.connectionpool - DEBUG - https://tdilatam.freshdesk.com:443 "GET /api/v2/tickets/32628 HTTP/1.1" 200 None
2025-10-31 09:27:01 - urllib3.connectionpool - DEBUG - Starting new HTTPS connection (1): tdilatam.freshdesk.com:443
2025-10-31 09:27:02 - urllib3.connectionpool - DEBUG - https://tdilatam.freshdesk.com:443 "GET /api/v2/tickets/32629 HTTP/1.1" 200 None
2025-10-31 09:27:02 - urllib3.connectionpool - DEBUG - Starting new HTTPS connection (1): tdilatam.freshdesk.com:443
2025-10-31 09:27:02 - urllib3.connectionpool - DEBUG - https://tdilatam.freshdesk.com:443 "GET /api/v2/tickets/32630 HTTP/1.1" 200 None
2025-10-31 09:27:02 - urllib3.connectionpool - DEBUG - Starting new HTTPS connection (1): tdilatam.freshdesk.com:443
2025-10-31 09:27:03 - urllib3.connectionpool - DEBUG - https://tdilatam.freshdesk.com:443 "GET /api/v2/tickets/32631 HTTP/1.1" 200 None
2025-10-31 09:27:04 - urllib3.connectionpool - DEBUG - Starting new HTTPS connection (1): tdilatam.freshdesk.com:443
2025-10-31 09:27:05 - urllib3.connectionpool - DEBUG - https://tdilatam.freshdesk.com:443 "GET /api/v2/tickets/32632 HTTP/1.1" 200 None
2025-10-31 09:27:05 - urllib3.connectionpool - DEBUG - Starting new HTTPS connection (1): tdilatam.freshdesk.com:443
2025-10-31 09:27:06 - urllib3.connectionpool - DEBUG - https://tdilatam.freshdesk.com:443 "GET /api/v2/tickets/32633 HTTP/1.1" 200 None
2025-10-31 09:27:06 - urllib3.connectionpool - DEBUG - Starting new HTTPS connection (1): tdilatam.freshdesk.com:443
2025-10-31 09:27:06 - urllib3.connectionpool - DEBUG - https://tdilatam.freshdesk.com:443 "GET /api/v2/tickets/32634 HTTP/1.1" 200 None
2025-10-31 09:27:06 - urllib3.connectionpool - DEBUG - Starting new HTTPS connection (1): tdilatam.freshdesk.com:443
2025-10-31 09:27:07 - urllib3.connectionpool - DEBUG - https://tdilatam.freshdesk.com:443 "GET /api/v2/tickets/32635 HTTP/1.1" 200 None
2025-10-31 09:27:07 - urllib3.connectionpool - DEBUG - Starting new HTTPS connection (1): tdilatam.freshdesk.com:443
2025-10-31 09:27:08 - urllib3.connectionpool - DEBUG - https://tdilatam.freshdesk.com:443 "GET /api/v2/tickets/32636 HTTP/1.1" 200 None
2025-10-31 09:27:08 - urllib3.connectionpool - DEBUG - Starting new HTTPS connection (1): tdilatam.freshdesk.com:443
2025-10-31 09:27:09 - urllib3.connectionpool - DEBUG - https://tdilatam.freshdesk.com:443 "GET /api/v2/tickets/32637 HTTP/1.1" 200 None
2025-10-31 09:27:09 - urllib3.connectionpool - DEBUG - Starting new HTTPS connection (1): tdilatam.freshdesk.com:443
2025-10-31 09:27:10 - urllib3.connectionpool - DEBUG - https://tdilatam.freshdesk.com:443 "GET /api/v2/tickets/32638 HTTP/1.1" 200 None
2025-10-31 09:27:10 - urllib3.connectionpool - DEBUG - Starting new HTTPS connection (1): tdilatam.freshdesk.com:443
2025-10-31 09:27:10 - urllib3.connectionpool - DEBUG - https://tdilatam.freshdesk.com:443 "GET /api/v2/tickets/32639 HTTP/1.1" 200 None
2025-10-31 09:27:10 - urllib3.connectionpool - DEBUG - Starting new HTTPS connection (1): tdilatam.freshdesk.com:443
2025-10-31 09:27:11 - urllib3.connectionpool - DEBUG - https://tdilatam.freshdesk.com:443 "GET /api/v2/tickets/32640 HTTP/1.1" 200 None
2025-10-31 09:27:11 - urllib3.connectionpool - DEBUG - Starting new HTTPS connection (1): tdilatam.freshdesk.com:443
2025-10-31 09:27:12 - urllib3.connectionpool - DEBUG - https://tdilatam.freshdesk.com:443 "GET /api/v2/tickets/32641 HTTP/1.1" 200 None
2025-10-31 09:27:13 - urllib3.connectionpool - DEBUG - Starting new HTTPS connection (1): tdilatam.freshdesk.com:443
2025-10-31 09:27:14 - urllib3.connectionpool - DEBUG - https://tdilatam.freshdesk.com:443 "GET /api/v2/tickets/32642 HTTP/1.1" 200 None
2025-10-31 09:27:14 - urllib3.connectionpool - DEBUG - Starting new HTTPS connection (1): tdilatam.freshdesk.com:443
2025-10-31 09:27:14 - urllib3.connectionpool - DEBUG - https://tdilatam.freshdesk.com:443 "GET /api/v2/tickets/32643 HTTP/1.1" 200 None
2025-10-31 09:27:14 - urllib3.connectionpool - DEBUG - Starting new HTTPS connection (1): tdilatam.freshdesk.com:443
2025-10-31 09:27:15 - urllib3.connectionpool - DEBUG - https://tdilatam.freshdesk.com:443 "GET /api/v2/tickets/32644 HTTP/1.1" 200 None
2025-10-31 09:27:15 - urllib3.connectionpool - DEBUG - Starting new HTTPS connection (1): tdilatam.freshdesk.com:443
2025-10-31 09:27:16 - urllib3.connectionpool - DEBUG - https://tdilatam.freshdesk.com:443 "GET /api/v2/tickets/32645 HTTP/1.1" 200 None
2025-10-31 09:27:16 - urllib3.connectionpool - DEBUG - Starting new HTTPS connection (1): tdilatam.freshdesk.com:443
2025-10-31 09:27:17 - urllib3.connectionpool - DEBUG - https://tdilatam.freshdesk.com:443 "GET /api/v2/tickets/32646 HTTP/1.1" 200 None
2025-10-31 09:27:17 - urllib3.connectionpool - DEBUG - Starting new HTTPS connection (1): tdilatam.freshdesk.com:443
2025-10-31 09:27:18 - urllib3.connectionpool - DEBUG - https://tdilatam.freshdesk.com:443 "GET /api/v2/tickets/32647 HTTP/1.1" 200 None
2025-10-31 09:27:18 - urllib3.connectionpool - DEBUG - Starting new HTTPS connection (1): tdilatam.freshdesk.com:443
2025-10-31 09:27:18 - urllib3.connectionpool - DEBUG - https://tdilatam.freshdesk.com:443 "GET /api/v2/tickets/32648 HTTP/1.1" 200 None
2025-10-31 09:27:18 - urllib3.connectionpool - DEBUG - Starting new HTTPS connection (1): tdilatam.freshdesk.com:443
2025-10-31 09:27:19 - urllib3.connectionpool - DEBUG - https://tdilatam.freshdesk.com:443 "GET /api/v2/tickets/32649 HTTP/1.1" 200 None
2025-10-31 09:27:19 - urllib3.connectionpool - DEBUG - Starting new HTTPS connection (1): tdilatam.freshdesk.com:443
2025-10-31 09:27:20 - urllib3.connectionpool - DEBUG - https://tdilatam.freshdesk.com:443 "GET /api/v2/tickets/32650 HTTP/1.1" 200 None
2025-10-31 09:27:20 - urllib3.connectionpool - DEBUG - Starting new HTTPS connection (1): tdilatam.freshdesk.com:443
2025-10-31 09:27:21 - urllib3.connectionpool - DEBUG - https://tdilatam.freshdesk.com:443 "GET /api/v2/tickets/32651 HTTP/1.1" 200 None
2025-10-31 09:27:22 - urllib3.connectionpool - DEBUG - Starting new HTTPS connection (1): tdilatam.freshdesk.com:443
2025-10-31 09:27:23 - urllib3.connectionpool - DEBUG - https://tdilatam.freshdesk.com:443 "GET /api/v2/tickets/32652 HTTP/1.1" 200 None
2025-10-31 09:27:23 - urllib3.connectionpool - DEBUG - Starting new HTTPS connection (1): tdilatam.freshdesk.com:443
2025-10-31 09:27:23 - urllib3.connectionpool - DEBUG - https://tdilatam.freshdesk.com:443 "GET /api/v2/tickets/32653 HTTP/1.1" 200 None
2025-10-31 09:27:24 - urllib3.connectionpool - DEBUG - Starting new HTTPS connection (1): tdilatam.freshdesk.com:443
2025-10-31 09:27:24 - urllib3.connectionpool - DEBUG - https://tdilatam.freshdesk.com:443 "GET /api/v2/tickets/32654 HTTP/1.1" 200 None
2025-10-31 09:27:24 - urllib3.connectionpool - DEBUG - Starting new HTTPS connection (1): tdilatam.freshdesk.com:443
2025-10-31 09:27:25 - urllib3.connectionpool - DEBUG - https://tdilatam.freshdesk.com:443 "GET /api/v2/tickets/32655 HTTP/1.1" 200 None
2025-10-31 09:27:25 - urllib3.connectionpool - DEBUG - Starting new HTTPS connection (1): tdilatam.freshdesk.com:443
2025-10-31 09:27:26 - urllib3.connectionpool - DEBUG - https://tdilatam.freshdesk.com:443 "GET /api/v2/tickets/32656 HTTP/1.1" 200 None
2025-10-31 09:27:26 - urllib3.connectionpool - DEBUG - Starting new HTTPS connection (1): tdilatam.freshdesk.com:443
2025-10-31 09:27:26 - urllib3.connectionpool - DEBUG - https://tdilatam.freshdesk.com:443 "GET /api/v2/tickets/32657 HTTP/1.1" 200 None
2025-10-31 09:27:26 - urllib3.connectionpool - DEBUG - Starting new HTTPS connection (1): tdilatam.freshdesk.com:443
2025-10-31 09:27:27 - urllib3.connectionpool - DEBUG - https://tdilatam.freshdesk.com:443 "GET /api/v2/tickets/32662 HTTP/1.1" 200 None
2025-10-31 09:27:27 - urllib3.connectionpool - DEBUG - Starting new HTTPS connection (1): tdilatam.freshdesk.com:443
2025-10-31 09:27:28 - urllib3.connectionpool - DEBUG - https://tdilatam.freshdesk.com:443 "GET /api/v2/tickets/32666 HTTP/1.1" 200 None
2025-10-31 09:27:28 - urllib3.connectionpool - DEBUG - Starting new HTTPS connection (1): tdilatam.freshdesk.com:443
2025-10-31 09:27:29 - urllib3.connectionpool - DEBUG - https://tdilatam.freshdesk.com:443 "GET /api/v2/tickets/32667 HTTP/1.1" 200 None
2025-10-31 09:27:29 - urllib3.connectionpool - DEBUG - Starting new HTTPS connection (1): tdilatam.freshdesk.com:443
2025-10-31 09:27:30 - urllib3.connectionpool - DEBUG - https://tdilatam.freshdesk.com:443 "GET /api/v2/tickets/32668 HTTP/1.1" 200 None
2025-10-31 09:27:31 - urllib3.connectionpool - DEBUG - Starting new HTTPS connection (1): tdilatam.freshdesk.com:443
2025-10-31 09:27:32 - urllib3.connectionpool - DEBUG - https://tdilatam.freshdesk.com:443 "GET /api/v2/tickets/32669 HTTP/1.1" 200 None
2025-10-31 09:27:32 - urllib3.connectionpool - DEBUG - Starting new HTTPS connection (1): tdilatam.freshdesk.com:443
2025-10-31 09:27:33 - urllib3.connectionpool - DEBUG - https://tdilatam.freshdesk.com:443 "GET /api/v2/tickets/32670 HTTP/1.1" 200 None
2025-10-31 09:27:33 - urllib3.connectionpool - DEBUG - Starting new HTTPS connection (1): tdilatam.freshdesk.com:443
2025-10-31 09:27:33 - urllib3.connectionpool - DEBUG - https://tdilatam.freshdesk.com:443 "GET /api/v2/tickets/32671 HTTP/1.1" 200 None
2025-10-31 09:27:34 - urllib3.connectionpool - DEBUG - Starting new HTTPS connection (1): tdilatam.freshdesk.com:443
2025-10-31 09:27:34 - urllib3.connectionpool - DEBUG - https://tdilatam.freshdesk.com:443 "GET /api/v2/tickets/32673 HTTP/1.1" 200 None
2025-10-31 09:27:34 - urllib3.connectionpool - DEBUG - Starting new HTTPS connection (1): tdilatam.freshdesk.com:443
2025-10-31 09:27:35 - urllib3.connectionpool - DEBUG - https://tdilatam.freshdesk.com:443 "GET /api/v2/tickets/32674 HTTP/1.1" 200 None
2025-10-31 09:27:35 - urllib3.connectionpool - DEBUG - Starting new HTTPS connection (1): tdilatam.freshdesk.com:443
2025-10-31 09:27:36 - urllib3.connectionpool - DEBUG - https://tdilatam.freshdesk.com:443 "GET /api/v2/tickets/32676 HTTP/1.1" 200 None
2025-10-31 09:27:36 - urllib3.connectionpool - DEBUG - Starting new HTTPS connection (1): tdilatam.freshdesk.com:443
2025-10-31 09:27:37 - urllib3.connectionpool - DEBUG - https://tdilatam.freshdesk.com:443 "GET /api/v2/tickets/32677 HTTP/1.1" 200 None
2025-10-31 09:27:37 - urllib3.connectionpool - DEBUG - Starting new HTTPS connection (1): tdilatam.freshdesk.com:443
2025-10-31 09:27:37 - urllib3.connectionpool - DEBUG - https://tdilatam.freshdesk.com:443 "GET /api/v2/tickets/32678 HTTP/1.1" 200 None
2025-10-31 09:27:37 - urllib3.connectionpool - DEBUG - Starting new HTTPS connection (1): tdilatam.freshdesk.com:443
2025-10-31 09:27:38 - urllib3.connectionpool - DEBUG - https://tdilatam.freshdesk.com:443 "GET /api/v2/tickets/32679 HTTP/1.1" 200 None
2025-10-31 09:27:38 - urllib3.connectionpool - DEBUG - Starting new HTTPS connection (1): tdilatam.freshdesk.com:443
2025-10-31 09:27:39 - urllib3.connectionpool - DEBUG - https://tdilatam.freshdesk.com:443 "GET /api/v2/tickets/32680 HTTP/1.1" 200 None
2025-10-31 09:27:40 - urllib3.connectionpool - DEBUG - Starting new HTTPS connection (1): tdilatam.freshdesk.com:443
2025-10-31 09:27:41 - urllib3.connectionpool - DEBUG - https://tdilatam.freshdesk.com:443 "GET /api/v2/tickets/32681 HTTP/1.1" 200 None
2025-10-31 09:27:41 - urllib3.connectionpool - DEBUG - Starting new HTTPS connection (1): tdilatam.freshdesk.com:443
2025-10-31 09:27:41 - urllib3.connectionpool - DEBUG - https://tdilatam.freshdesk.com:443 "GET /api/v2/tickets/32682 HTTP/1.1" 200 None
2025-10-31 09:27:41 - urllib3.connectionpool - DEBUG - Starting new HTTPS connection (1): tdilatam.freshdesk.com:443
2025-10-31 09:27:42 - urllib3.connectionpool - DEBUG - https://tdilatam.freshdesk.com:443 "GET /api/v2/tickets/32683 HTTP/1.1" 200 None
2025-10-31 09:27:42 - urllib3.connectionpool - DEBUG - Starting new HTTPS connection (1): tdilatam.freshdesk.com:443
2025-10-31 09:27:43 - urllib3.connectionpool - DEBUG - https://tdilatam.freshdesk.com:443 "GET /api/v2/tickets/32684 HTTP/1.1" 200 None
2025-10-31 09:27:43 - urllib3.connectionpool - DEBUG - Starting new HTTPS connection (1): tdilatam.freshdesk.com:443
2025-10-31 09:27:44 - urllib3.connectionpool - DEBUG - https://tdilatam.freshdesk.com:443 "GET /api/v2/tickets/32685 HTTP/1.1" 200 None
2025-10-31 09:27:44 - urllib3.connectionpool - DEBUG - Starting new HTTPS connection (1): tdilatam.freshdesk.com:443
2025-10-31 09:27:44 - urllib3.connectionpool - DEBUG - https://tdilatam.freshdesk.com:443 "GET /api/v2/tickets/32686 HTTP/1.1" 200 None
2025-10-31 09:27:44 - urllib3.connectionpool - DEBUG - Starting new HTTPS connection (1): tdilatam.freshdesk.com:443
2025-10-31 09:27:45 - urllib3.connectionpool - DEBUG - https://tdilatam.freshdesk.com:443 "GET /api/v2/tickets/32687 HTTP/1.1" 200 None
2025-10-31 09:27:45 - urllib3.connectionpool - DEBUG - Starting new HTTPS connection (1): tdilatam.freshdesk.com:443
2025-10-31 09:27:46 - urllib3.connectionpool - DEBUG - https://tdilatam.freshdesk.com:443 "GET /api/v2/tickets/32688 HTTP/1.1" 200 None
2025-10-31 09:27:46 - urllib3.connectionpool - DEBUG - Starting new HTTPS connection (1): tdilatam.freshdesk.com:443
2025-10-31 09:27:48 - urllib3.connectionpool - DEBUG - https://tdilatam.freshdesk.com:443 "GET /api/v2/tickets/32689 HTTP/1.1" 200 None
2025-10-31 09:27:48 - urllib3.connectionpool - DEBUG - Starting new HTTPS connection (1): tdilatam.freshdesk.com:443
2025-10-31 09:27:49 - urllib3.connectionpool - DEBUG - https://tdilatam.freshdesk.com:443 "GET /api/v2/tickets/32690 HTTP/1.1" 200 None
2025-10-31 09:27:50 - urllib3.connectionpool - DEBUG - Starting new HTTPS connection (1): tdilatam.freshdesk.com:443
2025-10-31 09:27:51 - urllib3.connectionpool - DEBUG - https://tdilatam.freshdesk.com:443 "GET /api/v2/tickets/32691 HTTP/1.1" 200 None
2025-10-31 09:27:51 - urllib3.connectionpool - DEBUG - Starting new HTTPS connection (1): tdilatam.freshdesk.com:443
2025-10-31 09:27:53 - urllib3.connectionpool - DEBUG - https://tdilatam.freshdesk.com:443 "GET /api/v2/tickets/32692 HTTP/1.1" 200 None
2025-10-31 09:27:53 - urllib3.connectionpool - DEBUG - Starting new HTTPS connection (1): tdilatam.freshdesk.com:443
2025-10-31 09:27:54 - urllib3.connectionpool - DEBUG - https://tdilatam.freshdesk.com:443 "GET /api/v2/tickets/32693 HTTP/1.1" 200 None
2025-10-31 09:27:54 - urllib3.connectionpool - DEBUG - Starting new HTTPS connection (1): tdilatam.freshdesk.com:443
2025-10-31 09:27:56 - urllib3.connectionpool - DEBUG - https://tdilatam.freshdesk.com:443 "GET /api/v2/tickets/32694 HTTP/1.1" 200 None
2025-10-31 09:27:56 - urllib3.connectionpool - DEBUG - Starting new HTTPS connection (1): tdilatam.freshdesk.com:443
2025-10-31 09:28:00 - urllib3.connectionpool - DEBUG - https://tdilatam.freshdesk.com:443 "GET /api/v2/tickets/32695 HTTP/1.1" 200 None
2025-10-31 09:28:00 - urllib3.connectionpool - DEBUG - Starting new HTTPS connection (1): tdilatam.freshdesk.com:443
2025-10-31 09:28:03 - urllib3.connectionpool - DEBUG - https://tdilatam.freshdesk.com:443 "GET /api/v2/tickets/32696 HTTP/1.1" 200 None
2025-10-31 09:28:03 - urllib3.connectionpool - DEBUG - Starting new HTTPS connection (1): tdilatam.freshdesk.com:443
2025-10-31 09:28:27 - urllib3.connectionpool - DEBUG - https://tdilatam.freshdesk.com:443 "GET /api/v2/tickets/32697 HTTP/1.1" 200 None
2025-10-31 09:28:27 - urllib3.connectionpool - DEBUG - Starting new HTTPS connection (1): tdilatam.freshdesk.com:443
2025-10-31 09:28:27 - urllib3.connectionpool - DEBUG - https://tdilatam.freshdesk.com:443 "GET /api/v2/tickets/32698 HTTP/1.1" 200 None
2025-10-31 09:28:28 - urllib3.connectionpool - DEBUG - Starting new HTTPS connection (1): tdilatam.freshdesk.com:443
2025-10-31 09:28:28 - urllib3.connectionpool - DEBUG - https://tdilatam.freshdesk.com:443 "GET /api/v2/tickets/32699 HTTP/1.1" 200 None
2025-10-31 09:28:28 - urllib3.connectionpool - DEBUG - Starting new HTTPS connection (1): tdilatam.freshdesk.com:443
2025-10-31 09:28:29 - urllib3.connectionpool - DEBUG - https://tdilatam.freshdesk.com:443 "GET /api/v2/tickets/32701 HTTP/1.1" 200 None
2025-10-31 09:28:30 - urllib3.connectionpool - DEBUG - Starting new HTTPS connection (1): tdilatam.freshdesk.com:443
2025-10-31 09:28:31 - urllib3.connectionpool - DEBUG - https://tdilatam.freshdesk.com:443 "GET /api/v2/tickets/32702 HTTP/1.1" 200 None
2025-10-31 09:28:31 - urllib3.connectionpool - DEBUG - Starting new HTTPS connection (1): tdilatam.freshdesk.com:443
2025-10-31 09:28:32 - urllib3.connectionpool - DEBUG - https://tdilatam.freshdesk.com:443 "GET /api/v2/tickets/32703 HTTP/1.1" 200 None
2025-10-31 09:28:32 - urllib3.connectionpool - DEBUG - Starting new HTTPS connection (1): tdilatam.freshdesk.com:443
2025-10-31 09:28:33 - urllib3.connectionpool - DEBUG - https://tdilatam.freshdesk.com:443 "GET /api/v2/tickets/32704 HTTP/1.1" 200 None
2025-10-31 09:28:33 - urllib3.connectionpool - DEBUG - Starting new HTTPS connection (1): tdilatam.freshdesk.com:443
2025-10-31 09:28:33 - urllib3.connectionpool - DEBUG - https://tdilatam.freshdesk.com:443 "GET /api/v2/tickets/32705 HTTP/1.1" 200 None
2025-10-31 09:28:33 - urllib3.connectionpool - DEBUG - Starting new HTTPS connection (1): tdilatam.freshdesk.com:443
2025-10-31 09:28:34 - urllib3.connectionpool - DEBUG - https://tdilatam.freshdesk.com:443 "GET /api/v2/tickets/32706 HTTP/1.1" 200 None
2025-10-31 09:28:34 - urllib3.connectionpool - DEBUG - Starting new HTTPS connection (1): tdilatam.freshdesk.com:443
2025-10-31 09:28:35 - urllib3.connectionpool - DEBUG - https://tdilatam.freshdesk.com:443 "GET /api/v2/tickets/32707 HTTP/1.1" 200 None
2025-10-31 09:28:35 - urllib3.connectionpool - DEBUG - Starting new HTTPS connection (1): tdilatam.freshdesk.com:443
2025-10-31 09:28:36 - urllib3.connectionpool - DEBUG - https://tdilatam.freshdesk.com:443 "GET /api/v2/tickets/32708 HTTP/1.1" 200 None
2025-10-31 09:28:37 - urllib3.connectionpool - DEBUG - Starting new HTTPS connection (1): tdilatam.freshdesk.com:443
2025-10-31 09:28:37 - urllib3.connectionpool - DEBUG - https://tdilatam.freshdesk.com:443 "GET /api/v2/tickets/32709 HTTP/1.1" 200 None
2025-10-31 09:28:37 - urllib3.connectionpool - DEBUG - Starting new HTTPS connection (1): tdilatam.freshdesk.com:443
2025-10-31 09:28:38 - urllib3.connectionpool - DEBUG - https://tdilatam.freshdesk.com:443 "GET /api/v2/tickets/32710 HTTP/1.1" 200 None
2025-10-31 09:28:38 - urllib3.connectionpool - DEBUG - Starting new HTTPS connection (1): tdilatam.freshdesk.com:443
2025-10-31 09:28:39 - urllib3.connectionpool - DEBUG - https://tdilatam.freshdesk.com:443 "GET /api/v2/tickets/32711 HTTP/1.1" 200 None
2025-10-31 09:28:40 - urllib3.connectionpool - DEBUG - Starting new HTTPS connection (1): tdilatam.freshdesk.com:443
2025-10-31 09:28:41 - urllib3.connectionpool - DEBUG - https://tdilatam.freshdesk.com:443 "GET /api/v2/tickets/32712 HTTP/1.1" 200 None
2025-10-31 09:28:41 - urllib3.connectionpool - DEBUG - Starting new HTTPS connection (1): tdilatam.freshdesk.com:443
2025-10-31 09:28:42 - urllib3.connectionpool - DEBUG - https://tdilatam.freshdesk.com:443 "GET /api/v2/tickets/32713 HTTP/1.1" 200 None
2025-10-31 09:28:42 - urllib3.connectionpool - DEBUG - Starting new HTTPS connection (1): tdilatam.freshdesk.com:443
2025-10-31 09:28:43 - urllib3.connectionpool - DEBUG - https://tdilatam.freshdesk.com:443 "GET /api/v2/tickets/32715 HTTP/1.1" 200 None
2025-10-31 09:28:43 - urllib3.connectionpool - DEBUG - Starting new HTTPS connection (1): tdilatam.freshdesk.com:443
2025-10-31 09:28:44 - urllib3.connectionpool - DEBUG - https://tdilatam.freshdesk.com:443 "GET /api/v2/tickets/32716 HTTP/1.1" 200 None
2025-10-31 09:28:44 - urllib3.connectionpool - DEBUG - Starting new HTTPS connection (1): tdilatam.freshdesk.com:443
2025-10-31 09:28:44 - urllib3.connectionpool - DEBUG - https://tdilatam.freshdesk.com:443 "GET /api/v2/tickets/32718 HTTP/1.1" 200 None
2025-10-31 09:28:44 - urllib3.connectionpool - DEBUG - Starting new HTTPS connection (1): tdilatam.freshdesk.com:443
2025-10-31 09:28:45 - urllib3.connectionpool - DEBUG - https://tdilatam.freshdesk.com:443 "GET /api/v2/tickets/32719 HTTP/1.1" 200 None
2025-10-31 09:28:45 - urllib3.connectionpool - DEBUG - Starting new HTTPS connection (1): tdilatam.freshdesk.com:443
2025-10-31 09:28:46 - urllib3.connectionpool - DEBUG - https://tdilatam.freshdesk.com:443 "GET /api/v2/tickets/32723 HTTP/1.1" 200 None
2025-10-31 09:28:46 - urllib3.connectionpool - DEBUG - Starting new HTTPS connection (1): tdilatam.freshdesk.com:443
2025-10-31 09:28:47 - urllib3.connectionpool - DEBUG - https://tdilatam.freshdesk.com:443 "GET /api/v2/tickets/32724 HTTP/1.1" 200 None
2025-10-31 09:28:47 - urllib3.connectionpool - DEBUG - Starting new HTTPS connection (1): tdilatam.freshdesk.com:443
2025-10-31 09:28:47 - urllib3.connectionpool - DEBUG - https://tdilatam.freshdesk.com:443 "GET /api/v2/tickets/32726 HTTP/1.1" 200 None
2025-10-31 09:28:47 - urllib3.connectionpool - DEBUG - Starting new HTTPS connection (1): tdilatam.freshdesk.com:443
2025-10-31 09:28:48 - urllib3.connectionpool - DEBUG - https://tdilatam.freshdesk.com:443 "GET /api/v2/tickets/32727 HTTP/1.1" 200 None
2025-10-31 09:28:49 - urllib3.connectionpool - DEBUG - Starting new HTTPS connection (1): tdilatam.freshdesk.com:443
2025-10-31 09:28:50 - urllib3.connectionpool - DEBUG - https://tdilatam.freshdesk.com:443 "GET /api/v2/tickets/32728 HTTP/1.1" 200 None
2025-10-31 09:28:50 - urllib3.connectionpool - DEBUG - Starting new HTTPS connection (1): tdilatam.freshdesk.com:443
2025-10-31 09:28:51 - urllib3.connectionpool - DEBUG - https://tdilatam.freshdesk.com:443 "GET /api/v2/tickets/32733 HTTP/1.1" 200 None
2025-10-31 09:28:51 - urllib3.connectionpool - DEBUG - Starting new HTTPS connection (1): tdilatam.freshdesk.com:443
2025-10-31 09:28:52 - urllib3.connectionpool - DEBUG - https://tdilatam.freshdesk.com:443 "GET /api/v2/tickets/32734 HTTP/1.1" 200 None
2025-10-31 09:28:52 - urllib3.connectionpool - DEBUG - Starting new HTTPS connection (1): tdilatam.freshdesk.com:443
2025-10-31 09:28:52 - urllib3.connectionpool - DEBUG - https://tdilatam.freshdesk.com:443 "GET /api/v2/tickets/32735 HTTP/1.1" 200 None
2025-10-31 09:28:52 - urllib3.connectionpool - DEBUG - Starting new HTTPS connection (1): tdilatam.freshdesk.com:443
2025-10-31 09:28:53 - urllib3.connectionpool - DEBUG - https://tdilatam.freshdesk.com:443 "GET /api/v2/tickets/32736 HTTP/1.1" 200 None
2025-10-31 09:28:53 - urllib3.connectionpool - DEBUG - Starting new HTTPS connection (1): tdilatam.freshdesk.com:443
2025-10-31 09:28:54 - urllib3.connectionpool - DEBUG - https://tdilatam.freshdesk.com:443 "GET /api/v2/tickets/32737 HTTP/1.1" 200 None
2025-10-31 09:28:54 - urllib3.connectionpool - DEBUG - Starting new HTTPS connection (1): tdilatam.freshdesk.com:443
2025-10-31 09:28:55 - urllib3.connectionpool - DEBUG - https://tdilatam.freshdesk.com:443 "GET /api/v2/tickets/32746 HTTP/1.1" 200 None
2025-10-31 09:28:55 - urllib3.connectionpool - DEBUG - Starting new HTTPS connection (1): tdilatam.freshdesk.com:443
2025-10-31 09:28:56 - urllib3.connectionpool - DEBUG - https://tdilatam.freshdesk.com:443 "GET /api/v2/tickets/32747 HTTP/1.1" 200 None
2025-10-31 09:28:56 - urllib3.connectionpool - DEBUG - Starting new HTTPS connection (1): tdilatam.freshdesk.com:443
2025-10-31 09:28:56 - urllib3.connectionpool - DEBUG - https://tdilatam.freshdesk.com:443 "GET /api/v2/tickets/32748 HTTP/1.1" 200 None
2025-10-31 09:28:57 - urllib3.connectionpool - DEBUG - Starting new HTTPS connection (1): tdilatam.freshdesk.com:443
2025-10-31 09:29:03 - urllib3.connectionpool - DEBUG - https://tdilatam.freshdesk.com:443 "GET /api/v2/tickets/32749 HTTP/1.1" 200 None
2025-10-31 09:29:04 - urllib3.connectionpool - DEBUG - Starting new HTTPS connection (1): tdilatam.freshdesk.com:443
2025-10-31 09:29:25 - urllib3.connectionpool - DEBUG - https://tdilatam.freshdesk.com:443 "GET /api/v2/tickets/32750 HTTP/1.1" 200 None
2025-10-31 09:29:25 - urllib3.connectionpool - DEBUG - Starting new HTTPS connection (1): tdilatam.freshdesk.com:443
2025-10-31 09:29:29 - urllib3.connectionpool - DEBUG - https://tdilatam.freshdesk.com:443 "GET /api/v2/tickets/32751 HTTP/1.1" 200 None
2025-10-31 09:29:29 - urllib3.connectionpool - DEBUG - Starting new HTTPS connection (1): tdilatam.freshdesk.com:443
2025-10-31 09:29:31 - urllib3.connectionpool - DEBUG - https://tdilatam.freshdesk.com:443 "GET /api/v2/tickets/32752 HTTP/1.1" 200 None
2025-10-31 09:29:31 - urllib3.connectionpool - DEBUG - Starting new HTTPS connection (1): tdilatam.freshdesk.com:443
2025-10-31 09:29:32 - urllib3.connectionpool - DEBUG - https://tdilatam.freshdesk.com:443 "GET /api/v2/tickets/32753 HTTP/1.1" 200 None
2025-10-31 09:29:32 - urllib3.connectionpool - DEBUG - Starting new HTTPS connection (1): tdilatam.freshdesk.com:443
2025-10-31 09:29:33 - urllib3.connectionpool - DEBUG - https://tdilatam.freshdesk.com:443 "GET /api/v2/tickets/32754 HTTP/1.1" 200 None
2025-10-31 09:29:33 - urllib3.connectionpool - DEBUG - Starting new HTTPS connection (1): tdilatam.freshdesk.com:443
2025-10-31 09:29:34 - urllib3.connectionpool - DEBUG - https://tdilatam.freshdesk.com:443 "GET /api/v2/tickets/32755 HTTP/1.1" 200 None
2025-10-31 09:29:34 - urllib3.connectionpool - DEBUG - Starting new HTTPS connection (1): tdilatam.freshdesk.com:443
2025-10-31 09:29:35 - urllib3.connectionpool - DEBUG - https://tdilatam.freshdesk.com:443 "GET /api/v2/tickets/32757 HTTP/1.1" 200 None
2025-10-31 09:29:35 - urllib3.connectionpool - DEBUG - Starting new HTTPS connection (1): tdilatam.freshdesk.com:443
2025-10-31 09:29:35 - urllib3.connectionpool - DEBUG - https://tdilatam.freshdesk.com:443 "GET /api/v2/tickets/32758 HTTP/1.1" 200 None
2025-10-31 09:29:36 - urllib3.connectionpool - DEBUG - Starting new HTTPS connection (1): tdilatam.freshdesk.com:443
2025-10-31 09:29:37 - urllib3.connectionpool - DEBUG - https://tdilatam.freshdesk.com:443 "GET /api/v2/tickets/32760 HTTP/1.1" 200 None
2025-10-31 09:29:37 - urllib3.connectionpool - DEBUG - Starting new HTTPS connection (1): tdilatam.freshdesk.com:443
2025-10-31 09:29:37 - urllib3.connectionpool - DEBUG - https://tdilatam.freshdesk.com:443 "GET /api/v2/tickets/32761 HTTP/1.1" 200 None
2025-10-31 09:29:38 - urllib3.connectionpool - DEBUG - Starting new HTTPS connection (1): tdilatam.freshdesk.com:443
2025-10-31 09:29:39 - urllib3.connectionpool - DEBUG - https://tdilatam.freshdesk.com:443 "GET /api/v2/tickets/32762 HTTP/1.1" 200 None
2025-10-31 09:29:39 - urllib3.connectionpool - DEBUG - Starting new HTTPS connection (1): tdilatam.freshdesk.com:443
2025-10-31 09:29:40 - urllib3.connectionpool - DEBUG - https://tdilatam.freshdesk.com:443 "GET /api/v2/tickets/32763 HTTP/1.1" 200 None
2025-10-31 09:29:40 - urllib3.connectionpool - DEBUG - Starting new HTTPS connection (1): tdilatam.freshdesk.com:443
2025-10-31 09:29:41 - urllib3.connectionpool - DEBUG - https://tdilatam.freshdesk.com:443 "GET /api/v2/tickets/32764 HTTP/1.1" 200 None
2025-10-31 09:29:41 - urllib3.connectionpool - DEBUG - Starting new HTTPS connection (1): tdilatam.freshdesk.com:443
2025-10-31 09:29:41 - urllib3.connectionpool - DEBUG - https://tdilatam.freshdesk.com:443 "GET /api/v2/tickets/32765 HTTP/1.1" 200 None
2025-10-31 09:29:41 - urllib3.connectionpool - DEBUG - Starting new HTTPS connection (1): tdilatam.freshdesk.com:443
2025-10-31 09:29:42 - urllib3.connectionpool - DEBUG - https://tdilatam.freshdesk.com:443 "GET /api/v2/tickets/32766 HTTP/1.1" 200 None
2025-10-31 09:29:42 - urllib3.connectionpool - DEBUG - Starting new HTTPS connection (1): tdilatam.freshdesk.com:443
2025-10-31 09:29:43 - urllib3.connectionpool - DEBUG - https://tdilatam.freshdesk.com:443 "GET /api/v2/tickets/32767 HTTP/1.1" 200 None
2025-10-31 09:29:43 - urllib3.connectionpool - DEBUG - Starting new HTTPS connection (1): tdilatam.freshdesk.com:443
2025-10-31 09:29:44 - urllib3.connectionpool - DEBUG - https://tdilatam.freshdesk.com:443 "GET /api/v2/tickets/32768 HTTP/1.1" 200 None
2025-10-31 09:29:44 - urllib3.connectionpool - DEBUG - Starting new HTTPS connection (1): tdilatam.freshdesk.com:443
2025-10-31 09:29:45 - urllib3.connectionpool - DEBUG - https://tdilatam.freshdesk.com:443 "GET /api/v2/tickets/32772 HTTP/1.1" 200 None
2025-10-31 09:29:45 - urllib3.connectionpool - DEBUG - Starting new HTTPS connection (1): tdilatam.freshdesk.com:443
2025-10-31 09:29:46 - urllib3.connectionpool - DEBUG - https://tdilatam.freshdesk.com:443 "GET /api/v2/tickets/32773 HTTP/1.1" 200 None
2025-10-31 09:29:46 - urllib3.connectionpool - DEBUG - Starting new HTTPS connection (1): tdilatam.freshdesk.com:443
2025-10-31 09:29:46 - urllib3.connectionpool - DEBUG - https://tdilatam.freshdesk.com:443 "GET /api/v2/tickets/32774 HTTP/1.1" 200 None
2025-10-31 09:29:47 - urllib3.connectionpool - DEBUG - Starting new HTTPS connection (1): tdilatam.freshdesk.com:443
2025-10-31 09:29:48 - urllib3.connectionpool - DEBUG - https://tdilatam.freshdesk.com:443 "GET /api/v2/tickets/32776 HTTP/1.1" 200 None
2025-10-31 09:29:48 - urllib3.connectionpool - DEBUG - Starting new HTTPS connection (1): tdilatam.freshdesk.com:443
2025-10-31 09:29:49 - urllib3.connectionpool - DEBUG - https://tdilatam.freshdesk.com:443 "GET /api/v2/tickets/32777 HTTP/1.1" 200 None
2025-10-31 09:29:49 - urllib3.connectionpool - DEBUG - Starting new HTTPS connection (1): tdilatam.freshdesk.com:443
2025-10-31 09:29:50 - urllib3.connectionpool - DEBUG - https://tdilatam.freshdesk.com:443 "GET /api/v2/tickets/32778 HTTP/1.1" 200 None
2025-10-31 09:29:50 - urllib3.connectionpool - DEBUG - Starting new HTTPS connection (1): tdilatam.freshdesk.com:443
2025-10-31 09:29:51 - urllib3.connectionpool - DEBUG - https://tdilatam.freshdesk.com:443 "GET /api/v2/tickets/32780 HTTP/1.1" 200 None
2025-10-31 09:29:51 - urllib3.connectionpool - DEBUG - Starting new HTTPS connection (1): tdilatam.freshdesk.com:443
2025-10-31 09:29:52 - urllib3.connectionpool - DEBUG - https://tdilatam.freshdesk.com:443 "GET /api/v2/tickets/32781 HTTP/1.1" 200 None
2025-10-31 09:29:52 - urllib3.connectionpool - DEBUG - Starting new HTTPS connection (1): tdilatam.freshdesk.com:443
2025-10-31 09:29:53 - urllib3.connectionpool - DEBUG - https://tdilatam.freshdesk.com:443 "GET /api/v2/tickets/32782 HTTP/1.1" 200 None
2025-10-31 09:29:53 - urllib3.connectionpool - DEBUG - Starting new HTTPS connection (1): tdilatam.freshdesk.com:443
2025-10-31 09:29:54 - urllib3.connectionpool - DEBUG - https://tdilatam.freshdesk.com:443 "GET /api/v2/tickets/32785 HTTP/1.1" 200 None
2025-10-31 09:29:54 - urllib3.connectionpool - DEBUG - Starting new HTTPS connection (1): tdilatam.freshdesk.com:443
2025-10-31 09:29:54 - urllib3.connectionpool - DEBUG - https://tdilatam.freshdesk.com:443 "GET /api/v2/tickets/32786 HTTP/1.1" 200 None
2025-10-31 09:29:54 - urllib3.connectionpool - DEBUG - Starting new HTTPS connection (1): tdilatam.freshdesk.com:443
2025-10-31 09:29:55 - urllib3.connectionpool - DEBUG - https://tdilatam.freshdesk.com:443 "GET /api/v2/tickets/32787 HTTP/1.1" 200 None
2025-10-31 09:29:55 - urllib3.connectionpool - DEBUG - Starting new HTTPS connection (1): tdilatam.freshdesk.com:443
2025-10-31 09:29:57 - urllib3.connectionpool - DEBUG - https://tdilatam.freshdesk.com:443 "GET /api/v2/tickets/32788 HTTP/1.1" 200 None
2025-10-31 09:29:58 - urllib3.connectionpool - DEBUG - Starting new HTTPS connection (1): tdilatam.freshdesk.com:443
2025-10-31 09:29:59 - urllib3.connectionpool - DEBUG - https://tdilatam.freshdesk.com:443 "GET /api/v2/tickets/32789 HTTP/1.1" 200 None
2025-10-31 09:29:59 - urllib3.connectionpool - DEBUG - Starting new HTTPS connection (1): tdilatam.freshdesk.com:443
2025-10-31 09:30:00 - urllib3.connectionpool - DEBUG - https://tdilatam.freshdesk.com:443 "GET /api/v2/tickets/32790 HTTP/1.1" 200 None
2025-10-31 09:30:00 - urllib3.connectionpool - DEBUG - Starting new HTTPS connection (1): tdilatam.freshdesk.com:443
2025-10-31 09:30:01 - urllib3.connectionpool - DEBUG - https://tdilatam.freshdesk.com:443 "GET /api/v2/tickets/32791 HTTP/1.1" 200 None
2025-10-31 09:30:01 - urllib3.connectionpool - DEBUG - Starting new HTTPS connection (1): tdilatam.freshdesk.com:443
2025-10-31 09:30:02 - urllib3.connectionpool - DEBUG - https://tdilatam.freshdesk.com:443 "GET /api/v2/tickets/32792 HTTP/1.1" 200 None
2025-10-31 09:30:02 - urllib3.connectionpool - DEBUG - Starting new HTTPS connection (1): tdilatam.freshdesk.com:443
2025-10-31 09:30:03 - urllib3.connectionpool - DEBUG - https://tdilatam.freshdesk.com:443 "GET /api/v2/tickets/32793 HTTP/1.1" 200 None
2025-10-31 09:30:03 - urllib3.connectionpool - DEBUG - Starting new HTTPS connection (1): tdilatam.freshdesk.com:443
2025-10-31 09:30:04 - urllib3.connectionpool - DEBUG - https://tdilatam.freshdesk.com:443 "GET /api/v2/tickets/32794 HTTP/1.1" 200 None
2025-10-31 09:30:04 - urllib3.connectionpool - DEBUG - Starting new HTTPS connection (1): tdilatam.freshdesk.com:443
2025-10-31 09:30:05 - urllib3.connectionpool - DEBUG - https://tdilatam.freshdesk.com:443 "GET /api/v2/tickets/32795 HTTP/1.1" 200 None
2025-10-31 09:30:05 - urllib3.connectionpool - DEBUG - Starting new HTTPS connection (1): tdilatam.freshdesk.com:443
2025-10-31 09:30:05 - urllib3.connectionpool - DEBUG - https://tdilatam.freshdesk.com:443 "GET /api/v2/tickets/32796 HTTP/1.1" 200 None
2025-10-31 09:30:05 - urllib3.connectionpool - DEBUG - Starting new HTTPS connection (1): tdilatam.freshdesk.com:443
2025-10-31 09:30:06 - urllib3.connectionpool - DEBUG - https://tdilatam.freshdesk.com:443 "GET /api/v2/tickets/32797 HTTP/1.1" 200 None
2025-10-31 09:30:06 - urllib3.connectionpool - DEBUG - Starting new HTTPS connection (1): tdilatam.freshdesk.com:443
2025-10-31 09:30:07 - urllib3.connectionpool - DEBUG - https://tdilatam.freshdesk.com:443 "GET /api/v2/tickets/32798 HTTP/1.1" 200 None
2025-10-31 09:30:08 - urllib3.connectionpool - DEBUG - Starting new HTTPS connection (1): tdilatam.freshdesk.com:443
2025-10-31 09:30:09 - urllib3.connectionpool - DEBUG - https://tdilatam.freshdesk.com:443 "GET /api/v2/tickets/32799 HTTP/1.1" 200 None
2025-10-31 09:30:09 - urllib3.connectionpool - DEBUG - Starting new HTTPS connection (1): tdilatam.freshdesk.com:443
2025-10-31 09:30:10 - urllib3.connectionpool - DEBUG - https://tdilatam.freshdesk.com:443 "GET /api/v2/tickets/32800 HTTP/1.1" 200 None
2025-10-31 09:30:10 - urllib3.connectionpool - DEBUG - Starting new HTTPS connection (1): tdilatam.freshdesk.com:443
2025-10-31 09:30:10 - urllib3.connectionpool - DEBUG - https://tdilatam.freshdesk.com:443 "GET /api/v2/tickets/32801 HTTP/1.1" 200 None
2025-10-31 09:30:10 - urllib3.connectionpool - DEBUG - Starting new HTTPS connection (1): tdilatam.freshdesk.com:443
2025-10-31 09:30:11 - urllib3.connectionpool - DEBUG - https://tdilatam.freshdesk.com:443 "GET /api/v2/tickets/32802 HTTP/1.1" 200 None
2025-10-31 09:30:11 - urllib3.connectionpool - DEBUG - Starting new HTTPS connection (1): tdilatam.freshdesk.com:443
2025-10-31 09:30:12 - urllib3.connectionpool - DEBUG - https://tdilatam.freshdesk.com:443 "GET /api/v2/tickets/32803 HTTP/1.1" 200 None
2025-10-31 09:30:12 - urllib3.connectionpool - DEBUG - Starting new HTTPS connection (1): tdilatam.freshdesk.com:443
2025-10-31 09:30:13 - urllib3.connectionpool - DEBUG - https://tdilatam.freshdesk.com:443 "GET /api/v2/tickets/32804 HTTP/1.1" 200 None
2025-10-31 09:30:13 - urllib3.connectionpool - DEBUG - Starting new HTTPS connection (1): tdilatam.freshdesk.com:443
2025-10-31 09:30:14 - urllib3.connectionpool - DEBUG - https://tdilatam.freshdesk.com:443 "GET /api/v2/tickets/32805 HTTP/1.1" 200 None
2025-10-31 09:30:14 - urllib3.connectionpool - DEBUG - Starting new HTTPS connection (1): tdilatam.freshdesk.com:443
2025-10-31 09:30:14 - urllib3.connectionpool - DEBUG - https://tdilatam.freshdesk.com:443 "GET /api/v2/tickets/32806 HTTP/1.1" 200 None
2025-10-31 09:30:14 - urllib3.connectionpool - DEBUG - Starting new HTTPS connection (1): tdilatam.freshdesk.com:443
2025-10-31 09:30:15 - urllib3.connectionpool - DEBUG - https://tdilatam.freshdesk.com:443 "GET /api/v2/tickets/32807 HTTP/1.1" 200 None
2025-10-31 09:30:15 - urllib3.connectionpool - DEBUG - Starting new HTTPS connection (1): tdilatam.freshdesk.com:443
2025-10-31 09:30:16 - urllib3.connectionpool - DEBUG - https://tdilatam.freshdesk.com:443 "GET /api/v2/tickets/32808 HTTP/1.1" 200 None
2025-10-31 09:30:17 - urllib3.connectionpool - DEBUG - Starting new HTTPS connection (1): tdilatam.freshdesk.com:443
2025-10-31 09:30:18 - urllib3.connectionpool - DEBUG - https://tdilatam.freshdesk.com:443 "GET /api/v2/tickets/32809 HTTP/1.1" 200 None
2025-10-31 09:30:18 - urllib3.connectionpool - DEBUG - Starting new HTTPS connection (1): tdilatam.freshdesk.com:443
2025-10-31 09:30:18 - urllib3.connectionpool - DEBUG - https://tdilatam.freshdesk.com:443 "GET /api/v2/tickets/32810 HTTP/1.1" 200 None
2025-10-31 09:30:18 - urllib3.connectionpool - DEBUG - Starting new HTTPS connection (1): tdilatam.freshdesk.com:443
2025-10-31 09:30:19 - urllib3.connectionpool - DEBUG - https://tdilatam.freshdesk.com:443 "GET /api/v2/tickets/32811 HTTP/1.1" 200 None
2025-10-31 09:30:19 - urllib3.connectionpool - DEBUG - Starting new HTTPS connection (1): tdilatam.freshdesk.com:443
2025-10-31 09:30:20 - urllib3.connectionpool - DEBUG - https://tdilatam.freshdesk.com:443 "GET /api/v2/tickets/32812 HTTP/1.1" 200 None
2025-10-31 09:30:20 - urllib3.connectionpool - DEBUG - Starting new HTTPS connection (1): tdilatam.freshdesk.com:443
2025-10-31 09:30:21 - urllib3.connectionpool - DEBUG - https://tdilatam.freshdesk.com:443 "GET /api/v2/tickets/32813 HTTP/1.1" 200 None
2025-10-31 09:30:21 - urllib3.connectionpool - DEBUG - Starting new HTTPS connection (1): tdilatam.freshdesk.com:443
2025-10-31 09:30:22 - urllib3.connectionpool - DEBUG - https://tdilatam.freshdesk.com:443 "GET /api/v2/tickets/32814 HTTP/1.1" 200 None
2025-10-31 09:30:22 - urllib3.connectionpool - DEBUG - Starting new HTTPS connection (1): tdilatam.freshdesk.com:443
2025-10-31 09:30:22 - urllib3.connectionpool - DEBUG - https://tdilatam.freshdesk.com:443 "GET /api/v2/tickets/32815 HTTP/1.1" 200 None
2025-10-31 09:30:22 - urllib3.connectionpool - DEBUG - Starting new HTTPS connection (1): tdilatam.freshdesk.com:443
2025-10-31 09:30:23 - urllib3.connectionpool - DEBUG - https://tdilatam.freshdesk.com:443 "GET /api/v2/tickets/32816 HTTP/1.1" 200 None
2025-10-31 09:30:23 - urllib3.connectionpool - DEBUG - Starting new HTTPS connection (1): tdilatam.freshdesk.com:443
2025-10-31 09:30:24 - urllib3.connectionpool - DEBUG - https://tdilatam.freshdesk.com:443 "GET /api/v2/tickets/32817 HTTP/1.1" 200 None
2025-10-31 09:30:24 - urllib3.connectionpool - DEBUG - Starting new HTTPS connection (1): tdilatam.freshdesk.com:443
2025-10-31 09:30:25 - urllib3.connectionpool - DEBUG - https://tdilatam.freshdesk.com:443 "GET /api/v2/tickets/32818 HTTP/1.1" 200 None
2025-10-31 09:30:26 - urllib3.connectionpool - DEBUG - Starting new HTTPS connection (1): tdilatam.freshdesk.com:443
2025-10-31 09:30:26 - urllib3.connectionpool - DEBUG - https://tdilatam.freshdesk.com:443 "GET /api/v2/tickets/32819 HTTP/1.1" 200 None
2025-10-31 09:30:27 - urllib3.connectionpool - DEBUG - Starting new HTTPS connection (1): tdilatam.freshdesk.com:443
2025-10-31 09:30:27 - urllib3.connectionpool - DEBUG - https://tdilatam.freshdesk.com:443 "GET /api/v2/tickets/32821 HTTP/1.1" 200 None
2025-10-31 09:30:27 - urllib3.connectionpool - DEBUG - Starting new HTTPS connection (1): tdilatam.freshdesk.com:443
2025-10-31 09:30:28 - urllib3.connectionpool - DEBUG - https://tdilatam.freshdesk.com:443 "GET /api/v2/tickets/32822 HTTP/1.1" 200 None
2025-10-31 09:30:28 - urllib3.connectionpool - DEBUG - Starting new HTTPS connection (1): tdilatam.freshdesk.com:443
2025-10-31 09:30:29 - urllib3.connectionpool - DEBUG - https://tdilatam.freshdesk.com:443 "GET /api/v2/tickets/32823 HTTP/1.1" 200 None
2025-10-31 09:30:29 - urllib3.connectionpool - DEBUG - Starting new HTTPS connection (1): tdilatam.freshdesk.com:443
2025-10-31 09:30:30 - urllib3.connectionpool - DEBUG - https://tdilatam.freshdesk.com:443 "GET /api/v2/tickets/32824 HTTP/1.1" 200 None
2025-10-31 09:30:30 - urllib3.connectionpool - DEBUG - Starting new HTTPS connection (1): tdilatam.freshdesk.com:443
2025-10-31 09:30:30 - urllib3.connectionpool - DEBUG - https://tdilatam.freshdesk.com:443 "GET /api/v2/tickets/32825 HTTP/1.1" 200 None
2025-10-31 09:30:30 - urllib3.connectionpool - DEBUG - Starting new HTTPS connection (1): tdilatam.freshdesk.com:443
2025-10-31 09:30:31 - urllib3.connectionpool - DEBUG - https://tdilatam.freshdesk.com:443 "GET /api/v2/tickets/32826 HTTP/1.1" 200 None
2025-10-31 09:30:31 - urllib3.connectionpool - DEBUG - Starting new HTTPS connection (1): tdilatam.freshdesk.com:443
2025-10-31 09:30:32 - urllib3.connectionpool - DEBUG - https://tdilatam.freshdesk.com:443 "GET /api/v2/tickets/32827 HTTP/1.1" 200 None
2025-10-31 09:30:32 - urllib3.connectionpool - DEBUG - Starting new HTTPS connection (1): tdilatam.freshdesk.com:443
2025-10-31 09:30:33 - urllib3.connectionpool - DEBUG - https://tdilatam.freshdesk.com:443 "GET /api/v2/tickets/32828 HTTP/1.1" 200 None
2025-10-31 09:30:33 - urllib3.connectionpool - DEBUG - Starting new HTTPS connection (1): tdilatam.freshdesk.com:443
2025-10-31 09:30:34 - urllib3.connectionpool - DEBUG - https://tdilatam.freshdesk.com:443 "GET /api/v2/tickets/32830 HTTP/1.1" 200 None
2025-10-31 09:30:35 - urllib3.connectionpool - DEBUG - Starting new HTTPS connection (1): tdilatam.freshdesk.com:443
2025-10-31 09:30:36 - urllib3.connectionpool - DEBUG - https://tdilatam.freshdesk.com:443 "GET /api/v2/tickets/32834 HTTP/1.1" 200 None
2025-10-31 09:30:36 - urllib3.connectionpool - DEBUG - Starting new HTTPS connection (1): tdilatam.freshdesk.com:443
2025-10-31 09:30:37 - urllib3.connectionpool - DEBUG - https://tdilatam.freshdesk.com:443 "GET /api/v2/tickets/32835 HTTP/1.1" 200 None
2025-10-31 09:30:37 - urllib3.connectionpool - DEBUG - Starting new HTTPS connection (1): tdilatam.freshdesk.com:443
2025-10-31 09:30:38 - urllib3.connectionpool - DEBUG - https://tdilatam.freshdesk.com:443 "GET /api/v2/tickets/32836 HTTP/1.1" 200 None
2025-10-31 09:30:38 - urllib3.connectionpool - DEBUG - Starting new HTTPS connection (1): tdilatam.freshdesk.com:443
2025-10-31 09:30:38 - urllib3.connectionpool - DEBUG - https://tdilatam.freshdesk.com:443 "GET /api/v2/tickets/32837 HTTP/1.1" 200 None
2025-10-31 09:30:38 - urllib3.connectionpool - DEBUG - Starting new HTTPS connection (1): tdilatam.freshdesk.com:443
2025-10-31 09:30:39 - urllib3.connectionpool - DEBUG - https://tdilatam.freshdesk.com:443 "GET /api/v2/tickets/32838 HTTP/1.1" 200 None
2025-10-31 09:30:39 - urllib3.connectionpool - DEBUG - Starting new HTTPS connection (1): tdilatam.freshdesk.com:443
2025-10-31 09:30:40 - urllib3.connectionpool - DEBUG - https://tdilatam.freshdesk.com:443 "GET /api/v2/tickets/32839 HTTP/1.1" 200 None
2025-10-31 09:30:40 - urllib3.connectionpool - DEBUG - Starting new HTTPS connection (1): tdilatam.freshdesk.com:443
2025-10-31 09:30:41 - urllib3.connectionpool - DEBUG - https://tdilatam.freshdesk.com:443 "GET /api/v2/tickets/32840 HTTP/1.1" 200 None
2025-10-31 09:30:41 - urllib3.connectionpool - DEBUG - Starting new HTTPS connection (1): tdilatam.freshdesk.com:443
2025-10-31 09:30:42 - urllib3.connectionpool - DEBUG - https://tdilatam.freshdesk.com:443 "GET /api/v2/tickets/32841 HTTP/1.1" 200 None
2025-10-31 09:30:42 - urllib3.connectionpool - DEBUG - Starting new HTTPS connection (1): tdilatam.freshdesk.com:443
2025-10-31 09:30:42 - urllib3.connectionpool - DEBUG - https://tdilatam.freshdesk.com:443 "GET /api/v2/tickets/32842 HTTP/1.1" 200 None
2025-10-31 09:30:42 - urllib3.connectionpool - DEBUG - Starting new HTTPS connection (1): tdilatam.freshdesk.com:443
2025-10-31 09:30:43 - urllib3.connectionpool - DEBUG - https://tdilatam.freshdesk.com:443 "GET /api/v2/tickets/32843 HTTP/1.1" 200 None
2025-10-31 09:30:44 - urllib3.connectionpool - DEBUG - Starting new HTTPS connection (1): tdilatam.freshdesk.com:443
2025-10-31 09:30:45 - urllib3.connectionpool - DEBUG - https://tdilatam.freshdesk.com:443 "GET /api/v2/tickets/32844 HTTP/1.1" 200 None
2025-10-31 09:30:45 - urllib3.connectionpool - DEBUG - Starting new HTTPS connection (1): tdilatam.freshdesk.com:443
2025-10-31 09:30:46 - urllib3.connectionpool - DEBUG - https://tdilatam.freshdesk.com:443 "GET /api/v2/tickets/32846 HTTP/1.1" 200 None
2025-10-31 09:30:46 - urllib3.connectionpool - DEBUG - Starting new HTTPS connection (1): tdilatam.freshdesk.com:443
2025-10-31 09:30:47 - urllib3.connectionpool - DEBUG - https://tdilatam.freshdesk.com:443 "GET /api/v2/tickets/32847 HTTP/1.1" 200 None
2025-10-31 09:30:47 - urllib3.connectionpool - DEBUG - Starting new HTTPS connection (1): tdilatam.freshdesk.com:443
2025-10-31 09:30:47 - urllib3.connectionpool - DEBUG - https://tdilatam.freshdesk.com:443 "GET /api/v2/tickets/32848 HTTP/1.1" 200 None
2025-10-31 09:30:48 - urllib3.connectionpool - DEBUG - Starting new HTTPS connection (1): tdilatam.freshdesk.com:443
2025-10-31 09:30:48 - urllib3.connectionpool - DEBUG - https://tdilatam.freshdesk.com:443 "GET /api/v2/tickets/32849 HTTP/1.1" 200 None
2025-10-31 09:30:48 - urllib3.connectionpool - DEBUG - Starting new HTTPS connection (1): tdilatam.freshdesk.com:443
2025-10-31 09:30:49 - urllib3.connectionpool - DEBUG - https://tdilatam.freshdesk.com:443 "GET /api/v2/tickets/32850 HTTP/1.1" 200 None
2025-10-31 09:30:49 - urllib3.connectionpool - DEBUG - Starting new HTTPS connection (1): tdilatam.freshdesk.com:443
2025-10-31 09:30:50 - urllib3.connectionpool - DEBUG - https://tdilatam.freshdesk.com:443 "GET /api/v2/tickets/32851 HTTP/1.1" 200 None
2025-10-31 09:30:50 - urllib3.connectionpool - DEBUG - Starting new HTTPS connection (1): tdilatam.freshdesk.com:443
2025-10-31 09:30:51 - urllib3.connectionpool - DEBUG - https://tdilatam.freshdesk.com:443 "GET /api/v2/tickets/32853 HTTP/1.1" 200 None
2025-10-31 09:30:51 - urllib3.connectionpool - DEBUG - Starting new HTTPS connection (1): tdilatam.freshdesk.com:443
2025-10-31 09:30:52 - urllib3.connectionpool - DEBUG - https://tdilatam.freshdesk.com:443 "GET /api/v2/tickets/32854 HTTP/1.1" 200 None
2025-10-31 09:30:52 - urllib3.connectionpool - DEBUG - Starting new HTTPS connection (1): tdilatam.freshdesk.com:443
2025-10-31 09:30:53 - urllib3.connectionpool - DEBUG - https://tdilatam.freshdesk.com:443 "GET /api/v2/tickets/32855 HTTP/1.1" 200 None
2025-10-31 09:30:54 - urllib3.connectionpool - DEBUG - Starting new HTTPS connection (1): tdilatam.freshdesk.com:443
2025-10-31 09:30:54 - urllib3.connectionpool - DEBUG - https://tdilatam.freshdesk.com:443 "GET /api/v2/tickets/32856 HTTP/1.1" 200 None
2025-10-31 09:30:54 - urllib3.connectionpool - DEBUG - Starting new HTTPS connection (1): tdilatam.freshdesk.com:443
2025-10-31 09:30:55 - urllib3.connectionpool - DEBUG - https://tdilatam.freshdesk.com:443 "GET /api/v2/tickets/32858 HTTP/1.1" 200 None
2025-10-31 09:30:55 - urllib3.connectionpool - DEBUG - Starting new HTTPS connection (1): tdilatam.freshdesk.com:443
2025-10-31 09:30:56 - urllib3.connectionpool - DEBUG - https://tdilatam.freshdesk.com:443 "GET /api/v2/tickets/32859 HTTP/1.1" 200 None
2025-10-31 09:30:56 - urllib3.connectionpool - DEBUG - Starting new HTTPS connection (1): tdilatam.freshdesk.com:443
2025-10-31 09:30:57 - urllib3.connectionpool - DEBUG - https://tdilatam.freshdesk.com:443 "GET /api/v2/tickets/32862 HTTP/1.1" 200 None
2025-10-31 09:30:57 - urllib3.connectionpool - DEBUG - Starting new HTTPS connection (1): tdilatam.freshdesk.com:443
2025-10-31 09:30:58 - urllib3.connectionpool - DEBUG - https://tdilatam.freshdesk.com:443 "GET /api/v2/tickets/32864 HTTP/1.1" 200 None
2025-10-31 09:30:58 - urllib3.connectionpool - DEBUG - Starting new HTTPS connection (1): tdilatam.freshdesk.com:443
2025-10-31 09:30:58 - urllib3.connectionpool - DEBUG - https://tdilatam.freshdesk.com:443 "GET /api/v2/tickets/32865 HTTP/1.1" 200 None
2025-10-31 09:30:58 - urllib3.connectionpool - DEBUG - Starting new HTTPS connection (1): tdilatam.freshdesk.com:443
2025-10-31 09:30:59 - urllib3.connectionpool - DEBUG - https://tdilatam.freshdesk.com:443 "GET /api/v2/tickets/32866 HTTP/1.1" 200 None
2025-10-31 09:30:59 - urllib3.connectionpool - DEBUG - Starting new HTTPS connection (1): tdilatam.freshdesk.com:443
2025-10-31 09:31:00 - urllib3.connectionpool - DEBUG - https://tdilatam.freshdesk.com:443 "GET /api/v2/tickets/32869 HTTP/1.1" 200 None
2025-10-31 09:31:00 - urllib3.connectionpool - DEBUG - Starting new HTTPS connection (1): tdilatam.freshdesk.com:443
2025-10-31 09:31:01 - urllib3.connectionpool - DEBUG - https://tdilatam.freshdesk.com:443 "GET /api/v2/tickets/32870 HTTP/1.1" 200 None
2025-10-31 09:31:01 - urllib3.connectionpool - DEBUG - Starting new HTTPS connection (1): tdilatam.freshdesk.com:443
2025-10-31 09:31:02 - urllib3.connectionpool - DEBUG - https://tdilatam.freshdesk.com:443 "GET /api/v2/tickets/32871 HTTP/1.1" 200 None
2025-10-31 09:31:03 - urllib3.connectionpool - DEBUG - Starting new HTTPS connection (1): tdilatam.freshdesk.com:443
2025-10-31 09:31:03 - urllib3.connectionpool - DEBUG - https://tdilatam.freshdesk.com:443 "GET /api/v2/tickets/32872 HTTP/1.1" 200 None
2025-10-31 09:31:03 - urllib3.connectionpool - DEBUG - Starting new HTTPS connection (1): tdilatam.freshdesk.com:443
2025-10-31 09:31:04 - urllib3.connectionpool - DEBUG - https://tdilatam.freshdesk.com:443 "GET /api/v2/tickets/32873 HTTP/1.1" 200 None
2025-10-31 09:31:04 - urllib3.connectionpool - DEBUG - Starting new HTTPS connection (1): tdilatam.freshdesk.com:443
2025-10-31 09:31:05 - urllib3.connectionpool - DEBUG - https://tdilatam.freshdesk.com:443 "GET /api/v2/tickets/32874 HTTP/1.1" 200 None
2025-10-31 09:31:05 - urllib3.connectionpool - DEBUG - Starting new HTTPS connection (1): tdilatam.freshdesk.com:443
2025-10-31 09:31:06 - urllib3.connectionpool - DEBUG - https://tdilatam.freshdesk.com:443 "GET /api/v2/tickets/32875 HTTP/1.1" 200 None
2025-10-31 09:31:06 - urllib3.connectionpool - DEBUG - Starting new HTTPS connection (1): tdilatam.freshdesk.com:443
2025-10-31 09:31:07 - urllib3.connectionpool - DEBUG - https://tdilatam.freshdesk.com:443 "GET /api/v2/tickets/32876 HTTP/1.1" 200 None
2025-10-31 09:31:07 - urllib3.connectionpool - DEBUG - Starting new HTTPS connection (1): tdilatam.freshdesk.com:443
2025-10-31 09:31:07 - urllib3.connectionpool - DEBUG - https://tdilatam.freshdesk.com:443 "GET /api/v2/tickets/32877 HTTP/1.1" 200 None
2025-10-31 09:31:07 - urllib3.connectionpool - DEBUG - Starting new HTTPS connection (1): tdilatam.freshdesk.com:443
2025-10-31 09:31:08 - urllib3.connectionpool - DEBUG - https://tdilatam.freshdesk.com:443 "GET /api/v2/tickets/32878 HTTP/1.1" 200 None
2025-10-31 09:31:08 - urllib3.connectionpool - DEBUG - Starting new HTTPS connection (1): tdilatam.freshdesk.com:443
2025-10-31 09:31:09 - urllib3.connectionpool - DEBUG - https://tdilatam.freshdesk.com:443 "GET /api/v2/tickets/32879 HTTP/1.1" 200 None
2025-10-31 09:31:09 - urllib3.connectionpool - DEBUG - Starting new HTTPS connection (1): tdilatam.freshdesk.com:443
2025-10-31 09:31:10 - urllib3.connectionpool - DEBUG - https://tdilatam.freshdesk.com:443 "GET /api/v2/tickets/32882 HTTP/1.1" 200 None
2025-10-31 09:31:10 - urllib3.connectionpool - DEBUG - Starting new HTTPS connection (1): tdilatam.freshdesk.com:443
2025-10-31 09:31:10 - urllib3.connectionpool - DEBUG - https://tdilatam.freshdesk.com:443 "GET /api/v2/tickets/32883 HTTP/1.1" 200 None
2025-10-31 09:31:11 - urllib3.connectionpool - DEBUG - Starting new HTTPS connection (1): tdilatam.freshdesk.com:443
2025-10-31 09:31:12 - urllib3.connectionpool - DEBUG - https://tdilatam.freshdesk.com:443 "GET /api/v2/tickets/32886 HTTP/1.1" 200 None
2025-10-31 09:31:12 - urllib3.connectionpool - DEBUG - Starting new HTTPS connection (1): tdilatam.freshdesk.com:443
2025-10-31 09:31:13 - urllib3.connectionpool - DEBUG - https://tdilatam.freshdesk.com:443 "GET /api/v2/tickets/32889 HTTP/1.1" 200 None
2025-10-31 09:31:13 - urllib3.connectionpool - DEBUG - Starting new HTTPS connection (1): tdilatam.freshdesk.com:443
2025-10-31 09:31:14 - urllib3.connectionpool - DEBUG - https://tdilatam.freshdesk.com:443 "GET /api/v2/tickets/32899 HTTP/1.1" 200 None
2025-10-31 09:31:14 - urllib3.connectionpool - DEBUG - Starting new HTTPS connection (1): tdilatam.freshdesk.com:443
2025-10-31 09:31:14 - urllib3.connectionpool - DEBUG - https://tdilatam.freshdesk.com:443 "GET /api/v2/tickets/32900 HTTP/1.1" 200 None
2025-10-31 09:31:14 - urllib3.connectionpool - DEBUG - Starting new HTTPS connection (1): tdilatam.freshdesk.com:443
2025-10-31 09:31:15 - urllib3.connectionpool - DEBUG - https://tdilatam.freshdesk.com:443 "GET /api/v2/tickets/32901 HTTP/1.1" 200 None
2025-10-31 09:31:15 - urllib3.connectionpool - DEBUG - Starting new HTTPS connection (1): tdilatam.freshdesk.com:443
2025-10-31 09:31:16 - urllib3.connectionpool - DEBUG - https://tdilatam.freshdesk.com:443 "GET /api/v2/tickets/32902 HTTP/1.1" 200 None
2025-10-31 09:31:16 - urllib3.connectionpool - DEBUG - Starting new HTTPS connection (1): tdilatam.freshdesk.com:443
2025-10-31 09:31:17 - urllib3.connectionpool - DEBUG - https://tdilatam.freshdesk.com:443 "GET /api/v2/tickets/32903 HTTP/1.1" 200 None
2025-10-31 09:31:17 - urllib3.connectionpool - DEBUG - Starting new HTTPS connection (1): tdilatam.freshdesk.com:443
2025-10-31 09:31:18 - urllib3.connectionpool - DEBUG - https://tdilatam.freshdesk.com:443 "GET /api/v2/tickets/32904 HTTP/1.1" 200 None
2025-10-31 09:31:18 - urllib3.connectionpool - DEBUG - Starting new HTTPS connection (1): tdilatam.freshdesk.com:443
2025-10-31 09:31:19 - urllib3.connectionpool - DEBUG - https://tdilatam.freshdesk.com:443 "GET /api/v2/tickets/32905 HTTP/1.1" 200 None
2025-10-31 09:31:19 - urllib3.connectionpool - DEBUG - Starting new HTTPS connection (1): tdilatam.freshdesk.com:443
2025-10-31 09:31:19 - urllib3.connectionpool - DEBUG - https://tdilatam.freshdesk.com:443 "GET /api/v2/tickets/32906 HTTP/1.1" 200 None
2025-10-31 09:31:20 - urllib3.connectionpool - DEBUG - Starting new HTTPS connection (1): tdilatam.freshdesk.com:443
2025-10-31 09:31:21 - urllib3.connectionpool - DEBUG - https://tdilatam.freshdesk.com:443 "GET /api/v2/tickets/32907 HTTP/1.1" 200 None
2025-10-31 09:31:21 - urllib3.connectionpool - DEBUG - Starting new HTTPS connection (1): tdilatam.freshdesk.com:443
2025-10-31 09:31:22 - urllib3.connectionpool - DEBUG - https://tdilatam.freshdesk.com:443 "GET /api/v2/tickets/32908 HTTP/1.1" 200 None
2025-10-31 09:31:22 - urllib3.connectionpool - DEBUG - Starting new HTTPS connection (1): tdilatam.freshdesk.com:443
2025-10-31 09:31:23 - urllib3.connectionpool - DEBUG - https://tdilatam.freshdesk.com:443 "GET /api/v2/tickets/32909 HTTP/1.1" 200 None
2025-10-31 09:31:23 - urllib3.connectionpool - DEBUG - Starting new HTTPS connection (1): tdilatam.freshdesk.com:443
2025-10-31 09:31:23 - urllib3.connectionpool - DEBUG - https://tdilatam.freshdesk.com:443 "GET /api/v2/tickets/32910 HTTP/1.1" 200 None
2025-10-31 09:31:23 - urllib3.connectionpool - DEBUG - Starting new HTTPS connection (1): tdilatam.freshdesk.com:443
2025-10-31 09:31:24 - urllib3.connectionpool - DEBUG - https://tdilatam.freshdesk.com:443 "GET /api/v2/tickets/32911 HTTP/1.1" 200 None
2025-10-31 09:31:24 - urllib3.connectionpool - DEBUG - Starting new HTTPS connection (1): tdilatam.freshdesk.com:443
2025-10-31 09:31:25 - urllib3.connectionpool - DEBUG - https://tdilatam.freshdesk.com:443 "GET /api/v2/tickets/32912 HTTP/1.1" 200 None
2025-10-31 09:31:25 - urllib3.connectionpool - DEBUG - Starting new HTTPS connection (1): tdilatam.freshdesk.com:443
2025-10-31 09:31:26 - urllib3.connectionpool - DEBUG - https://tdilatam.freshdesk.com:443 "GET /api/v2/tickets/32913 HTTP/1.1" 200 None
2025-10-31 09:31:26 - urllib3.connectionpool - DEBUG - Starting new HTTPS connection (1): tdilatam.freshdesk.com:443
2025-10-31 09:31:27 - urllib3.connectionpool - DEBUG - https://tdilatam.freshdesk.com:443 "GET /api/v2/tickets/32914 HTTP/1.1" 200 None
2025-10-31 09:31:27 - urllib3.connectionpool - DEBUG - Starting new HTTPS connection (1): tdilatam.freshdesk.com:443
2025-10-31 09:31:28 - urllib3.connectionpool - DEBUG - https://tdilatam.freshdesk.com:443 "GET /api/v2/tickets/32915 HTTP/1.1" 200 None
2025-10-31 09:31:28 - urllib3.connectionpool - DEBUG - Starting new HTTPS connection (1): tdilatam.freshdesk.com:443
2025-10-31 09:31:28 - urllib3.connectionpool - DEBUG - https://tdilatam.freshdesk.com:443 "GET /api/v2/tickets/32916 HTTP/1.1" 200 None
2025-10-31 09:31:29 - urllib3.connectionpool - DEBUG - Starting new HTTPS connection (1): tdilatam.freshdesk.com:443
2025-10-31 09:31:30 - urllib3.connectionpool - DEBUG - https://tdilatam.freshdesk.com:443 "GET /api/v2/tickets/32917 HTTP/1.1" 200 None
2025-10-31 09:31:30 - urllib3.connectionpool - DEBUG - Starting new HTTPS connection (1): tdilatam.freshdesk.com:443
2025-10-31 09:31:31 - urllib3.connectionpool - DEBUG - https://tdilatam.freshdesk.com:443 "GET /api/v2/tickets/32919 HTTP/1.1" 200 None
2025-10-31 09:31:32 - urllib3.connectionpool - DEBUG - Starting new HTTPS connection (1): tdilatam.freshdesk.com:443
2025-10-31 09:31:33 - urllib3.connectionpool - DEBUG - https://tdilatam.freshdesk.com:443 "GET /api/v2/tickets/32920 HTTP/1.1" 200 None
2025-10-31 09:31:33 - urllib3.connectionpool - DEBUG - Starting new HTTPS connection (1): tdilatam.freshdesk.com:443
2025-10-31 09:31:34 - urllib3.connectionpool - DEBUG - https://tdilatam.freshdesk.com:443 "GET /api/v2/tickets/32921 HTTP/1.1" 200 None
2025-10-31 09:31:34 - urllib3.connectionpool - DEBUG - Starting new HTTPS connection (1): tdilatam.freshdesk.com:443
2025-10-31 09:31:35 - urllib3.connectionpool - DEBUG - https://tdilatam.freshdesk.com:443 "GET /api/v2/tickets/32922 HTTP/1.1" 200 None
2025-10-31 09:31:35 - urllib3.connectionpool - DEBUG - Starting new HTTPS connection (1): tdilatam.freshdesk.com:443
2025-10-31 09:31:35 - urllib3.connectionpool - DEBUG - https://tdilatam.freshdesk.com:443 "GET /api/v2/tickets/32923 HTTP/1.1" 200 None
2025-10-31 09:31:35 - urllib3.connectionpool - DEBUG - Starting new HTTPS connection (1): tdilatam.freshdesk.com:443
2025-10-31 09:31:36 - urllib3.connectionpool - DEBUG - https://tdilatam.freshdesk.com:443 "GET /api/v2/tickets/32924 HTTP/1.1" 200 None
2025-10-31 09:31:36 - urllib3.connectionpool - DEBUG - Starting new HTTPS connection (1): tdilatam.freshdesk.com:443
2025-10-31 09:31:37 - urllib3.connectionpool - DEBUG - https://tdilatam.freshdesk.com:443 "GET /api/v2/tickets/32925 HTTP/1.1" 200 None
2025-10-31 09:31:37 - urllib3.connectionpool - DEBUG - Starting new HTTPS connection (1): tdilatam.freshdesk.com:443
2025-10-31 09:31:38 - urllib3.connectionpool - DEBUG - https://tdilatam.freshdesk.com:443 "GET /api/v2/tickets/32926 HTTP/1.1" 200 None
2025-10-31 09:31:38 - urllib3.connectionpool - DEBUG - Starting new HTTPS connection (1): tdilatam.freshdesk.com:443
2025-10-31 09:31:38 - urllib3.connectionpool - DEBUG - https://tdilatam.freshdesk.com:443 "GET /api/v2/tickets/32930 HTTP/1.1" 200 None
2025-10-31 09:31:39 - urllib3.connectionpool - DEBUG - Starting new HTTPS connection (1): tdilatam.freshdesk.com:443
2025-10-31 09:31:41 - urllib3.connectionpool - DEBUG - https://tdilatam.freshdesk.com:443 "GET /api/v2/tickets/32931 HTTP/1.1" 200 None
2025-10-31 09:31:41 - urllib3.connectionpool - DEBUG - Starting new HTTPS connection (1): tdilatam.freshdesk.com:443
2025-10-31 09:31:42 - urllib3.connectionpool - DEBUG - https://tdilatam.freshdesk.com:443 "GET /api/v2/tickets/32932 HTTP/1.1" 200 None
2025-10-31 09:31:42 - urllib3.connectionpool - DEBUG - Starting new HTTPS connection (1): tdilatam.freshdesk.com:443
2025-10-31 09:31:43 - urllib3.connectionpool - DEBUG - https://tdilatam.freshdesk.com:443 "GET /api/v2/tickets/32933 HTTP/1.1" 200 None
2025-10-31 09:31:43 - urllib3.connectionpool - DEBUG - Starting new HTTPS connection (1): tdilatam.freshdesk.com:443
2025-10-31 09:31:43 - urllib3.connectionpool - DEBUG - https://tdilatam.freshdesk.com:443 "GET /api/v2/tickets/32934 HTTP/1.1" 200 None
2025-10-31 09:31:43 - urllib3.connectionpool - DEBUG - Starting new HTTPS connection (1): tdilatam.freshdesk.com:443
2025-10-31 09:31:44 - urllib3.connectionpool - DEBUG - https://tdilatam.freshdesk.com:443 "GET /api/v2/tickets/32935 HTTP/1.1" 200 None
2025-10-31 09:31:44 - urllib3.connectionpool - DEBUG - Starting new HTTPS connection (1): tdilatam.freshdesk.com:443
2025-10-31 09:31:45 - urllib3.connectionpool - DEBUG - https://tdilatam.freshdesk.com:443 "GET /api/v2/tickets/32936 HTTP/1.1" 200 None
2025-10-31 09:31:45 - urllib3.connectionpool - DEBUG - Starting new HTTPS connection (1): tdilatam.freshdesk.com:443
2025-10-31 09:31:46 - urllib3.connectionpool - DEBUG - https://tdilatam.freshdesk.com:443 "GET /api/v2/tickets/32937 HTTP/1.1" 200 None
2025-10-31 09:31:46 - urllib3.connectionpool - DEBUG - Starting new HTTPS connection (1): tdilatam.freshdesk.com:443
2025-10-31 09:31:46 - urllib3.connectionpool - DEBUG - https://tdilatam.freshdesk.com:443 "GET /api/v2/tickets/32938 HTTP/1.1" 200 None
2025-10-31 09:31:46 - urllib3.connectionpool - DEBUG - Starting new HTTPS connection (1): tdilatam.freshdesk.com:443
2025-10-31 09:31:47 - urllib3.connectionpool - DEBUG - https://tdilatam.freshdesk.com:443 "GET /api/v2/tickets/32939 HTTP/1.1" 200 None
2025-10-31 09:31:47 - urllib3.connectionpool - DEBUG - Starting new HTTPS connection (1): tdilatam.freshdesk.com:443
2025-10-31 09:31:48 - urllib3.connectionpool - DEBUG - https://tdilatam.freshdesk.com:443 "GET /api/v2/tickets/32941 HTTP/1.1" 200 None
2025-10-31 09:31:49 - urllib3.connectionpool - DEBUG - Starting new HTTPS connection (1): tdilatam.freshdesk.com:443
2025-10-31 09:31:50 - urllib3.connectionpool - DEBUG - https://tdilatam.freshdesk.com:443 "GET /api/v2/tickets/32942 HTTP/1.1" 200 None
2025-10-31 09:31:50 - urllib3.connectionpool - DEBUG - Starting new HTTPS connection (1): tdilatam.freshdesk.com:443
2025-10-31 09:31:51 - urllib3.connectionpool - DEBUG - https://tdilatam.freshdesk.com:443 "GET /api/v2/tickets/32943 HTTP/1.1" 200 None
2025-10-31 09:31:51 - urllib3.connectionpool - DEBUG - Starting new HTTPS connection (1): tdilatam.freshdesk.com:443
2025-10-31 09:31:51 - urllib3.connectionpool - DEBUG - https://tdilatam.freshdesk.com:443 "GET /api/v2/tickets/32945 HTTP/1.1" 200 None
2025-10-31 09:31:51 - urllib3.connectionpool - DEBUG - Starting new HTTPS connection (1): tdilatam.freshdesk.com:443
2025-10-31 09:31:52 - urllib3.connectionpool - DEBUG - https://tdilatam.freshdesk.com:443 "GET /api/v2/tickets/32946 HTTP/1.1" 200 None
2025-10-31 09:31:52 - urllib3.connectionpool - DEBUG - Starting new HTTPS connection (1): tdilatam.freshdesk.com:443
2025-10-31 09:31:53 - urllib3.connectionpool - DEBUG - https://tdilatam.freshdesk.com:443 "GET /api/v2/tickets/32947 HTTP/1.1" 200 None
2025-10-31 09:31:53 - urllib3.connectionpool - DEBUG - Starting new HTTPS connection (1): tdilatam.freshdesk.com:443
2025-10-31 09:31:54 - urllib3.connectionpool - DEBUG - https://tdilatam.freshdesk.com:443 "GET /api/v2/tickets/32948 HTTP/1.1" 200 None
2025-10-31 09:31:54 - urllib3.connectionpool - DEBUG - Starting new HTTPS connection (1): tdilatam.freshdesk.com:443
2025-10-31 09:31:55 - urllib3.connectionpool - DEBUG - https://tdilatam.freshdesk.com:443 "GET /api/v2/tickets/32949 HTTP/1.1" 200 None
2025-10-31 09:31:55 - urllib3.connectionpool - DEBUG - Starting new HTTPS connection (1): tdilatam.freshdesk.com:443
2025-10-31 09:31:55 - urllib3.connectionpool - DEBUG - https://tdilatam.freshdesk.com:443 "GET /api/v2/tickets/32950 HTTP/1.1" 200 None
2025-10-31 09:31:55 - urllib3.connectionpool - DEBUG - Starting new HTTPS connection (1): tdilatam.freshdesk.com:443
2025-10-31 09:31:56 - urllib3.connectionpool - DEBUG - https://tdilatam.freshdesk.com:443 "GET /api/v2/tickets/32951 HTTP/1.1" 200 None
2025-10-31 09:31:56 - urllib3.connectionpool - DEBUG - Starting new HTTPS connection (1): tdilatam.freshdesk.com:443
2025-10-31 09:31:57 - urllib3.connectionpool - DEBUG - https://tdilatam.freshdesk.com:443 "GET /api/v2/tickets/32954 HTTP/1.1" 200 None
2025-10-31 09:31:58 - urllib3.connectionpool - DEBUG - Starting new HTTPS connection (1): tdilatam.freshdesk.com:443
2025-10-31 09:31:59 - urllib3.connectionpool - DEBUG - https://tdilatam.freshdesk.com:443 "GET /api/v2/tickets/32955 HTTP/1.1" 200 None
2025-10-31 09:31:59 - urllib3.connectionpool - DEBUG - Starting new HTTPS connection (1): tdilatam.freshdesk.com:443
2025-10-31 09:32:00 - urllib3.connectionpool - DEBUG - https://tdilatam.freshdesk.com:443 "GET /api/v2/tickets/32956 HTTP/1.1" 200 None
2025-10-31 09:32:00 - urllib3.connectionpool - DEBUG - Starting new HTTPS connection (1): tdilatam.freshdesk.com:443
2025-10-31 09:32:01 - urllib3.connectionpool - DEBUG - https://tdilatam.freshdesk.com:443 "GET /api/v2/tickets/32957 HTTP/1.1" 200 None
2025-10-31 09:32:01 - urllib3.connectionpool - DEBUG - Starting new HTTPS connection (1): tdilatam.freshdesk.com:443
2025-10-31 09:32:01 - urllib3.connectionpool - DEBUG - https://tdilatam.freshdesk.com:443 "GET /api/v2/tickets/32958 HTTP/1.1" 200 None
2025-10-31 09:32:01 - urllib3.connectionpool - DEBUG - Starting new HTTPS connection (1): tdilatam.freshdesk.com:443
2025-10-31 09:32:02 - urllib3.connectionpool - DEBUG - https://tdilatam.freshdesk.com:443 "GET /api/v2/tickets/32959 HTTP/1.1" 200 None
2025-10-31 09:32:02 - urllib3.connectionpool - DEBUG - Starting new HTTPS connection (1): tdilatam.freshdesk.com:443
2025-10-31 09:32:03 - urllib3.connectionpool - DEBUG - https://tdilatam.freshdesk.com:443 "GET /api/v2/tickets/32960 HTTP/1.1" 200 None
2025-10-31 09:32:03 - urllib3.connectionpool - DEBUG - Starting new HTTPS connection (1): tdilatam.freshdesk.com:443
2025-10-31 09:32:05 - urllib3.connectionpool - DEBUG - https://tdilatam.freshdesk.com:443 "GET /api/v2/tickets/32961 HTTP/1.1" 200 None
2025-10-31 09:32:05 - urllib3.connectionpool - DEBUG - Starting new HTTPS connection (1): tdilatam.freshdesk.com:443
2025-10-31 09:32:05 - urllib3.connectionpool - DEBUG - https://tdilatam.freshdesk.com:443 "GET /api/v2/tickets/32962 HTTP/1.1" 200 None
2025-10-31 09:32:05 - urllib3.connectionpool - DEBUG - Starting new HTTPS connection (1): tdilatam.freshdesk.com:443
2025-10-31 09:32:06 - urllib3.connectionpool - DEBUG - https://tdilatam.freshdesk.com:443 "GET /api/v2/tickets/32964 HTTP/1.1" 200 None
2025-10-31 09:32:06 - urllib3.connectionpool - DEBUG - Starting new HTTPS connection (1): tdilatam.freshdesk.com:443
2025-10-31 09:32:07 - urllib3.connectionpool - DEBUG - https://tdilatam.freshdesk.com:443 "GET /api/v2/tickets/32966 HTTP/1.1" 200 None
2025-10-31 09:32:08 - urllib3.connectionpool - DEBUG - Starting new HTTPS connection (1): tdilatam.freshdesk.com:443
2025-10-31 09:32:09 - urllib3.connectionpool - DEBUG - https://tdilatam.freshdesk.com:443 "GET /api/v2/tickets/32967 HTTP/1.1" 200 None
2025-10-31 09:32:09 - urllib3.connectionpool - DEBUG - Starting new HTTPS connection (1): tdilatam.freshdesk.com:443
2025-10-31 09:32:10 - urllib3.connectionpool - DEBUG - https://tdilatam.freshdesk.com:443 "GET /api/v2/tickets/32968 HTTP/1.1" 200 None
2025-10-31 09:32:10 - urllib3.connectionpool - DEBUG - Starting new HTTPS connection (1): tdilatam.freshdesk.com:443
2025-10-31 09:32:11 - urllib3.connectionpool - DEBUG - https://tdilatam.freshdesk.com:443 "GET /api/v2/tickets/32969 HTTP/1.1" 200 None
2025-10-31 09:32:11 - urllib3.connectionpool - DEBUG - Starting new HTTPS connection (1): tdilatam.freshdesk.com:443
2025-10-31 09:32:12 - urllib3.connectionpool - DEBUG - https://tdilatam.freshdesk.com:443 "GET /api/v2/tickets/32970 HTTP/1.1" 200 None
2025-10-31 09:32:12 - urllib3.connectionpool - DEBUG - Starting new HTTPS connection (1): tdilatam.freshdesk.com:443
2025-10-31 09:32:12 - urllib3.connectionpool - DEBUG - https://tdilatam.freshdesk.com:443 "GET /api/v2/tickets/32971 HTTP/1.1" 200 None
2025-10-31 09:32:12 - urllib3.connectionpool - DEBUG - Starting new HTTPS connection (1): tdilatam.freshdesk.com:443
2025-10-31 09:32:13 - urllib3.connectionpool - DEBUG - https://tdilatam.freshdesk.com:443 "GET /api/v2/tickets/32972 HTTP/1.1" 200 None
2025-10-31 09:32:13 - urllib3.connectionpool - DEBUG - Starting new HTTPS connection (1): tdilatam.freshdesk.com:443
2025-10-31 09:32:14 - urllib3.connectionpool - DEBUG - https://tdilatam.freshdesk.com:443 "GET /api/v2/tickets/32973 HTTP/1.1" 200 None
2025-10-31 09:32:14 - urllib3.connectionpool - DEBUG - Starting new HTTPS connection (1): tdilatam.freshdesk.com:443
2025-10-31 09:32:15 - urllib3.connectionpool - DEBUG - https://tdilatam.freshdesk.com:443 "GET /api/v2/tickets/32974 HTTP/1.1" 200 None
2025-10-31 09:32:15 - urllib3.connectionpool - DEBUG - Starting new HTTPS connection (1): tdilatam.freshdesk.com:443
2025-10-31 09:32:15 - urllib3.connectionpool - DEBUG - https://tdilatam.freshdesk.com:443 "GET /api/v2/tickets/32975 HTTP/1.1" 200 None
2025-10-31 09:32:15 - urllib3.connectionpool - DEBUG - Starting new HTTPS connection (1): tdilatam.freshdesk.com:443
2025-10-31 09:32:16 - urllib3.connectionpool - DEBUG - https://tdilatam.freshdesk.com:443 "GET /api/v2/tickets/32976 HTTP/1.1" 200 None
2025-10-31 09:32:17 - urllib3.connectionpool - DEBUG - Starting new HTTPS connection (1): tdilatam.freshdesk.com:443
2025-10-31 09:32:18 - urllib3.connectionpool - DEBUG - https://tdilatam.freshdesk.com:443 "GET /api/v2/tickets/32977 HTTP/1.1" 200 None
2025-10-31 09:32:18 - urllib3.connectionpool - DEBUG - Starting new HTTPS connection (1): tdilatam.freshdesk.com:443
2025-10-31 09:32:19 - urllib3.connectionpool - DEBUG - https://tdilatam.freshdesk.com:443 "GET /api/v2/tickets/32978 HTTP/1.1" 200 None
2025-10-31 09:32:19 - urllib3.connectionpool - DEBUG - Starting new HTTPS connection (1): tdilatam.freshdesk.com:443
2025-10-31 09:32:20 - urllib3.connectionpool - DEBUG - https://tdilatam.freshdesk.com:443 "GET /api/v2/tickets/32979 HTTP/1.1" 200 None
2025-10-31 09:32:20 - urllib3.connectionpool - DEBUG - Starting new HTTPS connection (1): tdilatam.freshdesk.com:443
2025-10-31 09:32:21 - urllib3.connectionpool - DEBUG - https://tdilatam.freshdesk.com:443 "GET /api/v2/tickets/32980 HTTP/1.1" 200 None
2025-10-31 09:32:21 - urllib3.connectionpool - DEBUG - Starting new HTTPS connection (1): tdilatam.freshdesk.com:443
2025-10-31 09:32:22 - urllib3.connectionpool - DEBUG - https://tdilatam.freshdesk.com:443 "GET /api/v2/tickets/32981 HTTP/1.1" 200 None
2025-10-31 09:32:22 - urllib3.connectionpool - DEBUG - Starting new HTTPS connection (1): tdilatam.freshdesk.com:443
2025-10-31 09:32:23 - urllib3.connectionpool - DEBUG - https://tdilatam.freshdesk.com:443 "GET /api/v2/tickets/32982 HTTP/1.1" 200 None
2025-10-31 09:32:23 - urllib3.connectionpool - DEBUG - Starting new HTTPS connection (1): tdilatam.freshdesk.com:443
2025-10-31 09:32:23 - urllib3.connectionpool - DEBUG - https://tdilatam.freshdesk.com:443 "GET /api/v2/tickets/32983 HTTP/1.1" 200 None
2025-10-31 09:32:23 - urllib3.connectionpool - DEBUG - Starting new HTTPS connection (1): tdilatam.freshdesk.com:443
2025-10-31 09:32:24 - urllib3.connectionpool - DEBUG - https://tdilatam.freshdesk.com:443 "GET /api/v2/tickets/32984 HTTP/1.1" 200 None
2025-10-31 09:32:24 - urllib3.connectionpool - DEBUG - Starting new HTTPS connection (1): tdilatam.freshdesk.com:443
2025-10-31 09:32:25 - urllib3.connectionpool - DEBUG - https://tdilatam.freshdesk.com:443 "GET /api/v2/tickets/32987 HTTP/1.1" 200 None
2025-10-31 09:32:25 - urllib3.connectionpool - DEBUG - Starting new HTTPS connection (1): tdilatam.freshdesk.com:443
2025-10-31 09:32:26 - urllib3.connectionpool - DEBUG - https://tdilatam.freshdesk.com:443 "GET /api/v2/tickets/32988 HTTP/1.1" 200 None
2025-10-31 09:32:27 - urllib3.connectionpool - DEBUG - Starting new HTTPS connection (1): tdilatam.freshdesk.com:443
2025-10-31 09:32:28 - urllib3.connectionpool - DEBUG - https://tdilatam.freshdesk.com:443 "GET /api/v2/tickets/32989 HTTP/1.1" 200 None
2025-10-31 09:32:28 - urllib3.connectionpool - DEBUG - Starting new HTTPS connection (1): tdilatam.freshdesk.com:443
2025-10-31 09:32:29 - urllib3.connectionpool - DEBUG - https://tdilatam.freshdesk.com:443 "GET /api/v2/tickets/32990 HTTP/1.1" 200 None
2025-10-31 09:32:29 - urllib3.connectionpool - DEBUG - Starting new HTTPS connection (1): tdilatam.freshdesk.com:443
2025-10-31 09:32:29 - urllib3.connectionpool - DEBUG - https://tdilatam.freshdesk.com:443 "GET /api/v2/tickets/32991 HTTP/1.1" 200 None
2025-10-31 09:32:29 - urllib3.connectionpool - DEBUG - Starting new HTTPS connection (1): tdilatam.freshdesk.com:443
2025-10-31 09:32:30 - urllib3.connectionpool - DEBUG - https://tdilatam.freshdesk.com:443 "GET /api/v2/tickets/32992 HTTP/1.1" 200 None
2025-10-31 09:32:30 - urllib3.connectionpool - DEBUG - Starting new HTTPS connection (1): tdilatam.freshdesk.com:443
2025-10-31 09:32:31 - urllib3.connectionpool - DEBUG - https://tdilatam.freshdesk.com:443 "GET /api/v2/tickets/32993 HTTP/1.1" 200 None
2025-10-31 09:32:31 - urllib3.connectionpool - DEBUG - Starting new HTTPS connection (1): tdilatam.freshdesk.com:443
2025-10-31 09:32:32 - urllib3.connectionpool - DEBUG - https://tdilatam.freshdesk.com:443 "GET /api/v2/tickets/32994 HTTP/1.1" 200 None
2025-10-31 09:32:32 - urllib3.connectionpool - DEBUG - Starting new HTTPS connection (1): tdilatam.freshdesk.com:443
2025-10-31 09:32:33 - urllib3.connectionpool - DEBUG - https://tdilatam.freshdesk.com:443 "GET /api/v2/tickets/32995 HTTP/1.1" 200 None
2025-10-31 09:32:33 - urllib3.connectionpool - DEBUG - Starting new HTTPS connection (1): tdilatam.freshdesk.com:443
2025-10-31 09:32:34 - urllib3.connectionpool - DEBUG - https://tdilatam.freshdesk.com:443 "GET /api/v2/tickets/32996 HTTP/1.1" 200 None
2025-10-31 09:32:34 - urllib3.connectionpool - DEBUG - Starting new HTTPS connection (1): tdilatam.freshdesk.com:443
2025-10-31 09:32:34 - urllib3.connectionpool - DEBUG - https://tdilatam.freshdesk.com:443 "GET /api/v2/tickets/32997 HTTP/1.1" 200 None
2025-10-31 09:32:34 - urllib3.connectionpool - DEBUG - Starting new HTTPS connection (1): tdilatam.freshdesk.com:443
2025-10-31 09:32:35 - urllib3.connectionpool - DEBUG - https://tdilatam.freshdesk.com:443 "GET /api/v2/tickets/33001 HTTP/1.1" 200 None
2025-10-31 09:32:36 - urllib3.connectionpool - DEBUG - Starting new HTTPS connection (1): tdilatam.freshdesk.com:443
2025-10-31 09:32:37 - urllib3.connectionpool - DEBUG - https://tdilatam.freshdesk.com:443 "GET /api/v2/tickets/33002 HTTP/1.1" 200 None
2025-10-31 09:32:37 - urllib3.connectionpool - DEBUG - Starting new HTTPS connection (1): tdilatam.freshdesk.com:443
2025-10-31 09:32:38 - urllib3.connectionpool - DEBUG - https://tdilatam.freshdesk.com:443 "GET /api/v2/tickets/33003 HTTP/1.1" 200 None
2025-10-31 09:32:38 - urllib3.connectionpool - DEBUG - Starting new HTTPS connection (1): tdilatam.freshdesk.com:443
2025-10-31 09:32:38 - urllib3.connectionpool - DEBUG - https://tdilatam.freshdesk.com:443 "GET /api/v2/tickets/33004 HTTP/1.1" 200 None
2025-10-31 09:32:38 - urllib3.connectionpool - DEBUG - Starting new HTTPS connection (1): tdilatam.freshdesk.com:443
2025-10-31 09:32:39 - urllib3.connectionpool - DEBUG - https://tdilatam.freshdesk.com:443 "GET /api/v2/tickets/33005 HTTP/1.1" 200 None
2025-10-31 09:32:39 - urllib3.connectionpool - DEBUG - Starting new HTTPS connection (1): tdilatam.freshdesk.com:443
2025-10-31 09:32:40 - urllib3.connectionpool - DEBUG - https://tdilatam.freshdesk.com:443 "GET /api/v2/tickets/33006 HTTP/1.1" 200 None
2025-10-31 09:32:40 - urllib3.connectionpool - DEBUG - Starting new HTTPS connection (1): tdilatam.freshdesk.com:443
2025-10-31 09:32:41 - urllib3.connectionpool - DEBUG - https://tdilatam.freshdesk.com:443 "GET /api/v2/tickets/33007 HTTP/1.1" 200 None
2025-10-31 09:32:41 - urllib3.connectionpool - DEBUG - Starting new HTTPS connection (1): tdilatam.freshdesk.com:443
2025-10-31 09:32:41 - urllib3.connectionpool - DEBUG - https://tdilatam.freshdesk.com:443 "GET /api/v2/tickets/33008 HTTP/1.1" 200 None
2025-10-31 09:32:41 - urllib3.connectionpool - DEBUG - Starting new HTTPS connection (1): tdilatam.freshdesk.com:443
2025-10-31 09:32:42 - urllib3.connectionpool - DEBUG - https://tdilatam.freshdesk.com:443 "GET /api/v2/tickets/33009 HTTP/1.1" 200 None
2025-10-31 09:32:42 - urllib3.connectionpool - DEBUG - Starting new HTTPS connection (1): tdilatam.freshdesk.com:443
2025-10-31 09:32:44 - urllib3.connectionpool - DEBUG - https://tdilatam.freshdesk.com:443 "GET /api/v2/tickets/33010 HTTP/1.1" 200 None
2025-10-31 09:32:44 - urllib3.connectionpool - DEBUG - Starting new HTTPS connection (1): tdilatam.freshdesk.com:443
2025-10-31 09:32:45 - urllib3.connectionpool - DEBUG - https://tdilatam.freshdesk.com:443 "GET /api/v2/tickets/33011 HTTP/1.1" 200 None
2025-10-31 09:32:46 - urllib3.connectionpool - DEBUG - Starting new HTTPS connection (1): tdilatam.freshdesk.com:443
2025-10-31 09:32:46 - urllib3.connectionpool - DEBUG - https://tdilatam.freshdesk.com:443 "GET /api/v2/tickets/33012 HTTP/1.1" 200 None
2025-10-31 09:32:46 - urllib3.connectionpool - DEBUG - Starting new HTTPS connection (1): tdilatam.freshdesk.com:443
2025-10-31 09:32:47 - urllib3.connectionpool - DEBUG - https://tdilatam.freshdesk.com:443 "GET /api/v2/tickets/33013 HTTP/1.1" 200 None
2025-10-31 09:32:47 - urllib3.connectionpool - DEBUG - Starting new HTTPS connection (1): tdilatam.freshdesk.com:443
2025-10-31 09:32:48 - urllib3.connectionpool - DEBUG - https://tdilatam.freshdesk.com:443 "GET /api/v2/tickets/33014 HTTP/1.1" 200 None
2025-10-31 09:32:48 - urllib3.connectionpool - DEBUG - Starting new HTTPS connection (1): tdilatam.freshdesk.com:443
2025-10-31 09:32:49 - urllib3.connectionpool - DEBUG - https://tdilatam.freshdesk.com:443 "GET /api/v2/tickets/33015 HTTP/1.1" 200 None
2025-10-31 09:32:49 - urllib3.connectionpool - DEBUG - Starting new HTTPS connection (1): tdilatam.freshdesk.com:443
2025-10-31 09:32:50 - urllib3.connectionpool - DEBUG - https://tdilatam.freshdesk.com:443 "GET /api/v2/tickets/33016 HTTP/1.1" 200 None
2025-10-31 09:32:50 - urllib3.connectionpool - DEBUG - Starting new HTTPS connection (1): tdilatam.freshdesk.com:443
2025-10-31 09:32:50 - urllib3.connectionpool - DEBUG - https://tdilatam.freshdesk.com:443 "GET /api/v2/tickets/33019 HTTP/1.1" 200 None
2025-10-31 09:32:50 - urllib3.connectionpool - DEBUG - Starting new HTTPS connection (1): tdilatam.freshdesk.com:443
2025-10-31 09:32:51 - urllib3.connectionpool - DEBUG - https://tdilatam.freshdesk.com:443 "GET /api/v2/tickets/33020 HTTP/1.1" 200 None
2025-10-31 09:32:51 - urllib3.connectionpool - DEBUG - Starting new HTTPS connection (1): tdilatam.freshdesk.com:443
2025-10-31 09:32:52 - urllib3.connectionpool - DEBUG - https://tdilatam.freshdesk.com:443 "GET /api/v2/tickets/33021 HTTP/1.1" 200 None
2025-10-31 09:32:52 - urllib3.connectionpool - DEBUG - Starting new HTTPS connection (1): tdilatam.freshdesk.com:443
2025-10-31 09:32:53 - urllib3.connectionpool - DEBUG - https://tdilatam.freshdesk.com:443 "GET /api/v2/tickets/33022 HTTP/1.1" 200 None
2025-10-31 09:32:53 - urllib3.connectionpool - DEBUG - Starting new HTTPS connection (1): tdilatam.freshdesk.com:443
2025-10-31 09:32:54 - urllib3.connectionpool - DEBUG - https://tdilatam.freshdesk.com:443 "GET /api/v2/tickets/33023 HTTP/1.1" 200 None
2025-10-31 09:32:55 - urllib3.connectionpool - DEBUG - Starting new HTTPS connection (1): tdilatam.freshdesk.com:443
2025-10-31 09:32:56 - urllib3.connectionpool - DEBUG - https://tdilatam.freshdesk.com:443 "GET /api/v2/tickets/33025 HTTP/1.1" 200 None
2025-10-31 09:32:56 - urllib3.connectionpool - DEBUG - Starting new HTTPS connection (1): tdilatam.freshdesk.com:443
2025-10-31 09:32:57 - urllib3.connectionpool - DEBUG - https://tdilatam.freshdesk.com:443 "GET /api/v2/tickets/33026 HTTP/1.1" 200 None
2025-10-31 09:32:57 - urllib3.connectionpool - DEBUG - Starting new HTTPS connection (1): tdilatam.freshdesk.com:443
2025-10-31 09:32:57 - urllib3.connectionpool - DEBUG - https://tdilatam.freshdesk.com:443 "GET /api/v2/tickets/33027 HTTP/1.1" 200 None
2025-10-31 09:32:57 - urllib3.connectionpool - DEBUG - Starting new HTTPS connection (1): tdilatam.freshdesk.com:443
2025-10-31 09:32:58 - urllib3.connectionpool - DEBUG - https://tdilatam.freshdesk.com:443 "GET /api/v2/tickets/33030 HTTP/1.1" 200 None
2025-10-31 09:32:59 - urllib3.connectionpool - DEBUG - Starting new HTTPS connection (1): tdilatam.freshdesk.com:443
2025-10-31 09:33:00 - urllib3.connectionpool - DEBUG - https://tdilatam.freshdesk.com:443 "GET /api/v2/tickets/33032 HTTP/1.1" 200 None
2025-10-31 09:33:00 - urllib3.connectionpool - DEBUG - Starting new HTTPS connection (1): tdilatam.freshdesk.com:443
2025-10-31 09:33:01 - urllib3.connectionpool - DEBUG - https://tdilatam.freshdesk.com:443 "GET /api/v2/tickets/33033 HTTP/1.1" 200 None
2025-10-31 09:33:01 - urllib3.connectionpool - DEBUG - Starting new HTTPS connection (1): tdilatam.freshdesk.com:443
2025-10-31 09:33:01 - urllib3.connectionpool - DEBUG - https://tdilatam.freshdesk.com:443 "GET /api/v2/tickets/33034 HTTP/1.1" 200 None
2025-10-31 09:33:01 - urllib3.connectionpool - DEBUG - Starting new HTTPS connection (1): tdilatam.freshdesk.com:443
2025-10-31 09:33:02 - urllib3.connectionpool - DEBUG - https://tdilatam.freshdesk.com:443 "GET /api/v2/tickets/33036 HTTP/1.1" 200 None
2025-10-31 09:33:02 - urllib3.connectionpool - DEBUG - Starting new HTTPS connection (1): tdilatam.freshdesk.com:443
2025-10-31 09:33:03 - urllib3.connectionpool - DEBUG - https://tdilatam.freshdesk.com:443 "GET /api/v2/tickets/33037 HTTP/1.1" 200 None
2025-10-31 09:33:03 - urllib3.connectionpool - DEBUG - Starting new HTTPS connection (1): tdilatam.freshdesk.com:443
2025-10-31 09:33:04 - urllib3.connectionpool - DEBUG - https://tdilatam.freshdesk.com:443 "GET /api/v2/tickets/33039 HTTP/1.1" 200 None
2025-10-31 09:33:05 - urllib3.connectionpool - DEBUG - Starting new HTTPS connection (1): tdilatam.freshdesk.com:443
2025-10-31 09:33:06 - urllib3.connectionpool - DEBUG - https://tdilatam.freshdesk.com:443 "GET /api/v2/tickets/33040 HTTP/1.1" 200 None
2025-10-31 09:33:06 - urllib3.connectionpool - DEBUG - Starting new HTTPS connection (1): tdilatam.freshdesk.com:443
2025-10-31 09:33:06 - urllib3.connectionpool - DEBUG - https://tdilatam.freshdesk.com:443 "GET /api/v2/tickets/33044 HTTP/1.1" 200 None
2025-10-31 09:33:06 - urllib3.connectionpool - DEBUG - Starting new HTTPS connection (1): tdilatam.freshdesk.com:443
2025-10-31 09:33:07 - urllib3.connectionpool - DEBUG - https://tdilatam.freshdesk.com:443 "GET /api/v2/tickets/33045 HTTP/1.1" 200 None
2025-10-31 09:33:07 - urllib3.connectionpool - DEBUG - Starting new HTTPS connection (1): tdilatam.freshdesk.com:443
2025-10-31 09:33:08 - urllib3.connectionpool - DEBUG - https://tdilatam.freshdesk.com:443 "GET /api/v2/tickets/33046 HTTP/1.1" 200 None
2025-10-31 09:33:08 - urllib3.connectionpool - DEBUG - Starting new HTTPS connection (1): tdilatam.freshdesk.com:443
2025-10-31 09:33:09 - urllib3.connectionpool - DEBUG - https://tdilatam.freshdesk.com:443 "GET /api/v2/tickets/33047 HTTP/1.1" 200 None
2025-10-31 09:33:09 - urllib3.connectionpool - DEBUG - Starting new HTTPS connection (1): tdilatam.freshdesk.com:443
2025-10-31 09:33:40 - urllib3.connectionpool - DEBUG - https://tdilatam.freshdesk.com:443 "GET /api/v2/tickets/33048 HTTP/1.1" 200 None
2025-10-31 09:33:40 - urllib3.connectionpool - DEBUG - Starting new HTTPS connection (1): tdilatam.freshdesk.com:443
2025-10-31 09:33:41 - urllib3.connectionpool - DEBUG - https://tdilatam.freshdesk.com:443 "GET /api/v2/tickets/33049 HTTP/1.1" 200 None
2025-10-31 09:33:41 - urllib3.connectionpool - DEBUG - Starting new HTTPS connection (1): tdilatam.freshdesk.com:443
2025-10-31 09:33:42 - urllib3.connectionpool - DEBUG - https://tdilatam.freshdesk.com:443 "GET /api/v2/tickets/33050 HTTP/1.1" 200 None
2025-10-31 09:33:42 - urllib3.connectionpool - DEBUG - Starting new HTTPS connection (1): tdilatam.freshdesk.com:443
2025-10-31 09:33:42 - urllib3.connectionpool - DEBUG - https://tdilatam.freshdesk.com:443 "GET /api/v2/tickets/33051 HTTP/1.1" 200 None
2025-10-31 09:33:42 - urllib3.connectionpool - DEBUG - Starting new HTTPS connection (1): tdilatam.freshdesk.com:443
2025-10-31 09:33:43 - urllib3.connectionpool - DEBUG - https://tdilatam.freshdesk.com:443 "GET /api/v2/tickets/33052 HTTP/1.1" 200 None
2025-10-31 09:33:44 - urllib3.connectionpool - DEBUG - Starting new HTTPS connection (1): tdilatam.freshdesk.com:443
2025-10-31 09:33:45 - urllib3.connectionpool - DEBUG - https://tdilatam.freshdesk.com:443 "GET /api/v2/tickets/33053 HTTP/1.1" 200 None
2025-10-31 09:33:45 - urllib3.connectionpool - DEBUG - Starting new HTTPS connection (1): tdilatam.freshdesk.com:443
2025-10-31 09:33:46 - urllib3.connectionpool - DEBUG - https://tdilatam.freshdesk.com:443 "GET /api/v2/tickets/33054 HTTP/1.1" 200 None
2025-10-31 09:33:46 - urllib3.connectionpool - DEBUG - Starting new HTTPS connection (1): tdilatam.freshdesk.com:443
2025-10-31 09:33:47 - urllib3.connectionpool - DEBUG - https://tdilatam.freshdesk.com:443 "GET /api/v2/tickets/33055 HTTP/1.1" 200 None
2025-10-31 09:33:47 - urllib3.connectionpool - DEBUG - Starting new HTTPS connection (1): tdilatam.freshdesk.com:443
2025-10-31 09:33:48 - urllib3.connectionpool - DEBUG - https://tdilatam.freshdesk.com:443 "GET /api/v2/tickets/33056 HTTP/1.1" 200 None
2025-10-31 09:33:48 - urllib3.connectionpool - DEBUG - Starting new HTTPS connection (1): tdilatam.freshdesk.com:443
2025-10-31 09:33:49 - urllib3.connectionpool - DEBUG - https://tdilatam.freshdesk.com:443 "GET /api/v2/tickets/33057 HTTP/1.1" 200 None
2025-10-31 09:33:49 - urllib3.connectionpool - DEBUG - Starting new HTTPS connection (1): tdilatam.freshdesk.com:443
2025-10-31 09:33:49 - urllib3.connectionpool - DEBUG - https://tdilatam.freshdesk.com:443 "GET /api/v2/tickets/33058 HTTP/1.1" 200 None
2025-10-31 09:33:49 - urllib3.connectionpool - DEBUG - Starting new HTTPS connection (1): tdilatam.freshdesk.com:443
2025-10-31 09:33:50 - urllib3.connectionpool - DEBUG - https://tdilatam.freshdesk.com:443 "GET /api/v2/tickets/33059 HTTP/1.1" 200 None
2025-10-31 09:33:50 - urllib3.connectionpool - DEBUG - Starting new HTTPS connection (1): tdilatam.freshdesk.com:443
2025-10-31 09:33:51 - urllib3.connectionpool - DEBUG - https://tdilatam.freshdesk.com:443 "GET /api/v2/tickets/33060 HTTP/1.1" 200 None
2025-10-31 09:33:51 - urllib3.connectionpool - DEBUG - Starting new HTTPS connection (1): tdilatam.freshdesk.com:443
2025-10-31 09:33:52 - urllib3.connectionpool - DEBUG - https://tdilatam.freshdesk.com:443 "GET /api/v2/tickets/33061 HTTP/1.1" 200 None
2025-10-31 09:33:52 - urllib3.connectionpool - DEBUG - Starting new HTTPS connection (1): tdilatam.freshdesk.com:443
2025-10-31 09:33:52 - urllib3.connectionpool - DEBUG - https://tdilatam.freshdesk.com:443 "GET /api/v2/tickets/33062 HTTP/1.1" 200 None
2025-10-31 09:33:54 - urllib3.connectionpool - DEBUG - Starting new HTTPS connection (1): tdilatam.freshdesk.com:443
2025-10-31 09:33:54 - urllib3.connectionpool - DEBUG - https://tdilatam.freshdesk.com:443 "GET /api/v2/tickets/33063 HTTP/1.1" 200 None
2025-10-31 09:33:54 - urllib3.connectionpool - DEBUG - Starting new HTTPS connection (1): tdilatam.freshdesk.com:443
2025-10-31 09:33:55 - urllib3.connectionpool - DEBUG - https://tdilatam.freshdesk.com:443 "GET /api/v2/tickets/33064 HTTP/1.1" 200 None
2025-10-31 09:33:55 - urllib3.connectionpool - DEBUG - Starting new HTTPS connection (1): tdilatam.freshdesk.com:443
2025-10-31 09:33:57 - urllib3.connectionpool - DEBUG - https://tdilatam.freshdesk.com:443 "GET /api/v2/tickets/33065 HTTP/1.1" 200 None
2025-10-31 09:33:57 - urllib3.connectionpool - DEBUG - Starting new HTTPS connection (1): tdilatam.freshdesk.com:443
2025-10-31 09:33:57 - urllib3.connectionpool - DEBUG - https://tdilatam.freshdesk.com:443 "GET /api/v2/tickets/33067 HTTP/1.1" 200 None
2025-10-31 09:33:57 - urllib3.connectionpool - DEBUG - Starting new HTTPS connection (1): tdilatam.freshdesk.com:443
2025-10-31 09:35:10 - urllib3.connectionpool - DEBUG - https://tdilatam.freshdesk.com:443 "GET /api/v2/tickets/33068 HTTP/1.1" 200 None
2025-10-31 09:35:11 - urllib3.connectionpool - DEBUG - Starting new HTTPS connection (1): tdilatam.freshdesk.com:443
2025-10-31 09:35:11 - urllib3.connectionpool - DEBUG - https://tdilatam.freshdesk.com:443 "GET /api/v2/tickets/33069 HTTP/1.1" 200 None
2025-10-31 09:35:12 - urllib3.connectionpool - DEBUG - Starting new HTTPS connection (1): tdilatam.freshdesk.com:443
2025-10-31 09:35:12 - urllib3.connectionpool - DEBUG - https://tdilatam.freshdesk.com:443 "GET /api/v2/tickets/33070 HTTP/1.1" 200 None
2025-10-31 09:35:12 - urllib3.connectionpool - DEBUG - Starting new HTTPS connection (1): tdilatam.freshdesk.com:443
2025-10-31 09:35:13 - urllib3.connectionpool - DEBUG - https://tdilatam.freshdesk.com:443 "GET /api/v2/tickets/33071 HTTP/1.1" 200 None
2025-10-31 09:35:13 - urllib3.connectionpool - DEBUG - Starting new HTTPS connection (1): tdilatam.freshdesk.com:443
2025-10-31 09:35:14 - urllib3.connectionpool - DEBUG - https://tdilatam.freshdesk.com:443 "GET /api/v2/tickets/33072 HTTP/1.1" 200 None
2025-10-31 09:35:14 - urllib3.connectionpool - DEBUG - Starting new HTTPS connection (1): tdilatam.freshdesk.com:443
2025-10-31 09:35:15 - urllib3.connectionpool - DEBUG - https://tdilatam.freshdesk.com:443 "GET /api/v2/tickets/33075 HTTP/1.1" 200 None
2025-10-31 09:35:16 - urllib3.connectionpool - DEBUG - Starting new HTTPS connection (1): tdilatam.freshdesk.com:443
2025-10-31 09:35:17 - urllib3.connectionpool - DEBUG - https://tdilatam.freshdesk.com:443 "GET /api/v2/tickets/33076 HTTP/1.1" 200 None
2025-10-31 09:35:17 - urllib3.connectionpool - DEBUG - Starting new HTTPS connection (1): tdilatam.freshdesk.com:443
2025-10-31 09:35:18 - urllib3.connectionpool - DEBUG - https://tdilatam.freshdesk.com:443 "GET /api/v2/tickets/33077 HTTP/1.1" 200 None
2025-10-31 09:35:18 - urllib3.connectionpool - DEBUG - Starting new HTTPS connection (1): tdilatam.freshdesk.com:443
2025-10-31 09:35:19 - urllib3.connectionpool - DEBUG - https://tdilatam.freshdesk.com:443 "GET /api/v2/tickets/33078 HTTP/1.1" 200 None
2025-10-31 09:35:19 - urllib3.connectionpool - DEBUG - Starting new HTTPS connection (1): tdilatam.freshdesk.com:443
2025-10-31 09:35:20 - urllib3.connectionpool - DEBUG - https://tdilatam.freshdesk.com:443 "GET /api/v2/tickets/33079 HTTP/1.1" 200 None
2025-10-31 09:35:20 - urllib3.connectionpool - DEBUG - Starting new HTTPS connection (1): tdilatam.freshdesk.com:443
2025-10-31 09:35:20 - urllib3.connectionpool - DEBUG - https://tdilatam.freshdesk.com:443 "GET /api/v2/tickets/33080 HTTP/1.1" 200 None
2025-10-31 09:35:20 - urllib3.connectionpool - DEBUG - Starting new HTTPS connection (1): tdilatam.freshdesk.com:443
2025-10-31 09:35:21 - urllib3.connectionpool - DEBUG - https://tdilatam.freshdesk.com:443 "GET /api/v2/tickets/33081 HTTP/1.1" 200 None
2025-10-31 09:35:21 - urllib3.connectionpool - DEBUG - Starting new HTTPS connection (1): tdilatam.freshdesk.com:443
2025-10-31 09:35:22 - urllib3.connectionpool - DEBUG - https://tdilatam.freshdesk.com:443 "GET /api/v2/tickets/33082 HTTP/1.1" 200 None
2025-10-31 09:35:22 - urllib3.connectionpool - DEBUG - Starting new HTTPS connection (1): tdilatam.freshdesk.com:443
2025-10-31 09:35:24 - urllib3.connectionpool - DEBUG - https://tdilatam.freshdesk.com:443 "GET /api/v2/tickets/33083 HTTP/1.1" 200 None
2025-10-31 09:35:24 - urllib3.connectionpool - DEBUG - Starting new HTTPS connection (1): tdilatam.freshdesk.com:443
2025-10-31 09:35:25 - urllib3.connectionpool - DEBUG - https://tdilatam.freshdesk.com:443 "GET /api/v2/tickets/33085 HTTP/1.1" 200 None
2025-10-31 09:35:25 - urllib3.connectionpool - DEBUG - Starting new HTTPS connection (1): tdilatam.freshdesk.com:443
2025-10-31 09:35:26 - urllib3.connectionpool - DEBUG - https://tdilatam.freshdesk.com:443 "GET /api/v2/tickets/33086 HTTP/1.1" 200 None
2025-10-31 09:35:27 - urllib3.connectionpool - DEBUG - Starting new HTTPS connection (1): tdilatam.freshdesk.com:443
2025-10-31 09:35:28 - urllib3.connectionpool - DEBUG - https://tdilatam.freshdesk.com:443 "GET /api/v2/tickets/33088 HTTP/1.1" 200 None
2025-10-31 09:35:28 - urllib3.connectionpool - DEBUG - Starting new HTTPS connection (1): tdilatam.freshdesk.com:443
2025-10-31 09:35:29 - urllib3.connectionpool - DEBUG - https://tdilatam.freshdesk.com:443 "GET /api/v2/tickets/33089 HTTP/1.1" 200 None
2025-10-31 09:35:29 - urllib3.connectionpool - DEBUG - Starting new HTTPS connection (1): tdilatam.freshdesk.com:443
2025-10-31 09:35:30 - urllib3.connectionpool - DEBUG - https://tdilatam.freshdesk.com:443 "GET /api/v2/tickets/33090 HTTP/1.1" 200 None
2025-10-31 09:35:30 - urllib3.connectionpool - DEBUG - Starting new HTTPS connection (1): tdilatam.freshdesk.com:443
2025-10-31 09:35:30 - urllib3.connectionpool - DEBUG - https://tdilatam.freshdesk.com:443 "GET /api/v2/tickets/33091 HTTP/1.1" 200 None
2025-10-31 09:35:30 - urllib3.connectionpool - DEBUG - Starting new HTTPS connection (1): tdilatam.freshdesk.com:443
2025-10-31 09:35:31 - urllib3.connectionpool - DEBUG - https://tdilatam.freshdesk.com:443 "GET /api/v2/tickets/33093 HTTP/1.1" 200 None
2025-10-31 09:35:31 - urllib3.connectionpool - DEBUG - Starting new HTTPS connection (1): tdilatam.freshdesk.com:443
2025-10-31 09:35:33 - urllib3.connectionpool - DEBUG - https://tdilatam.freshdesk.com:443 "GET /api/v2/tickets/33094 HTTP/1.1" 200 None
2025-10-31 09:35:33 - urllib3.connectionpool - DEBUG - Starting new HTTPS connection (1): tdilatam.freshdesk.com:443
2025-10-31 09:35:34 - urllib3.connectionpool - DEBUG - https://tdilatam.freshdesk.com:443 "GET /api/v2/tickets/33095 HTTP/1.1" 200 None
2025-10-31 09:35:34 - urllib3.connectionpool - DEBUG - Starting new HTTPS connection (1): tdilatam.freshdesk.com:443
2025-10-31 09:35:35 - urllib3.connectionpool - DEBUG - https://tdilatam.freshdesk.com:443 "GET /api/v2/tickets/33096 HTTP/1.1" 200 None
2025-10-31 09:35:35 - urllib3.connectionpool - DEBUG - Starting new HTTPS connection (1): tdilatam.freshdesk.com:443
2025-10-31 09:35:36 - urllib3.connectionpool - DEBUG - https://tdilatam.freshdesk.com:443 "GET /api/v2/tickets/33097 HTTP/1.1" 200 None
2025-10-31 09:35:36 - urllib3.connectionpool - DEBUG - Starting new HTTPS connection (1): tdilatam.freshdesk.com:443
2025-10-31 09:35:37 - urllib3.connectionpool - DEBUG - https://tdilatam.freshdesk.com:443 "GET /api/v2/tickets/33098 HTTP/1.1" 200 None
2025-10-31 09:35:38 - urllib3.connectionpool - DEBUG - Starting new HTTPS connection (1): tdilatam.freshdesk.com:443
2025-10-31 09:35:39 - urllib3.connectionpool - DEBUG - https://tdilatam.freshdesk.com:443 "GET /api/v2/tickets/33099 HTTP/1.1" 200 None
2025-10-31 09:35:39 - urllib3.connectionpool - DEBUG - Starting new HTTPS connection (1): tdilatam.freshdesk.com:443
2025-10-31 09:35:39 - urllib3.connectionpool - DEBUG - https://tdilatam.freshdesk.com:443 "GET /api/v2/tickets/33100 HTTP/1.1" 200 None
2025-10-31 09:35:39 - urllib3.connectionpool - DEBUG - Starting new HTTPS connection (1): tdilatam.freshdesk.com:443
2025-10-31 09:35:40 - urllib3.connectionpool - DEBUG - https://tdilatam.freshdesk.com:443 "GET /api/v2/tickets/33101 HTTP/1.1" 200 None
2025-10-31 09:35:40 - urllib3.connectionpool - DEBUG - Starting new HTTPS connection (1): tdilatam.freshdesk.com:443
2025-10-31 09:35:41 - urllib3.connectionpool - DEBUG - https://tdilatam.freshdesk.com:443 "GET /api/v2/tickets/33102 HTTP/1.1" 200 None
2025-10-31 09:35:41 - urllib3.connectionpool - DEBUG - Starting new HTTPS connection (1): tdilatam.freshdesk.com:443
2025-10-31 09:35:42 - urllib3.connectionpool - DEBUG - https://tdilatam.freshdesk.com:443 "GET /api/v2/tickets/33103 HTTP/1.1" 200 None
2025-10-31 09:35:42 - urllib3.connectionpool - DEBUG - Starting new HTTPS connection (1): tdilatam.freshdesk.com:443
2025-10-31 09:35:43 - urllib3.connectionpool - DEBUG - https://tdilatam.freshdesk.com:443 "GET /api/v2/tickets/33104 HTTP/1.1" 200 None
2025-10-31 09:35:43 - urllib3.connectionpool - DEBUG - Starting new HTTPS connection (1): tdilatam.freshdesk.com:443
2025-10-31 09:35:44 - urllib3.connectionpool - DEBUG - https://tdilatam.freshdesk.com:443 "GET /api/v2/tickets/33105 HTTP/1.1" 200 None
2025-10-31 09:35:44 - urllib3.connectionpool - DEBUG - Starting new HTTPS connection (1): tdilatam.freshdesk.com:443
2025-10-31 09:35:45 - urllib3.connectionpool - DEBUG - https://tdilatam.freshdesk.com:443 "GET /api/v2/tickets/33106 HTTP/1.1" 200 None
2025-10-31 09:35:45 - urllib3.connectionpool - DEBUG - Starting new HTTPS connection (1): tdilatam.freshdesk.com:443
2025-10-31 09:35:46 - urllib3.connectionpool - DEBUG - https://tdilatam.freshdesk.com:443 "GET /api/v2/tickets/33107 HTTP/1.1" 200 None
2025-10-31 09:35:46 - urllib3.connectionpool - DEBUG - Starting new HTTPS connection (1): tdilatam.freshdesk.com:443
2025-10-31 09:35:47 - urllib3.connectionpool - DEBUG - https://tdilatam.freshdesk.com:443 "GET /api/v2/tickets/33108 HTTP/1.1" 200 None
2025-10-31 09:35:48 - urllib3.connectionpool - DEBUG - Starting new HTTPS connection (1): tdilatam.freshdesk.com:443
2025-10-31 09:35:48 - urllib3.connectionpool - DEBUG - https://tdilatam.freshdesk.com:443 "GET /api/v2/tickets/33109 HTTP/1.1" 200 None
2025-10-31 09:35:48 - urllib3.connectionpool - DEBUG - Starting new HTTPS connection (1): tdilatam.freshdesk.com:443
2025-10-31 09:35:49 - urllib3.connectionpool - DEBUG - https://tdilatam.freshdesk.com:443 "GET /api/v2/tickets/33110 HTTP/1.1" 200 None
2025-10-31 09:35:49 - urllib3.connectionpool - DEBUG - Starting new HTTPS connection (1): tdilatam.freshdesk.com:443
2025-10-31 09:35:50 - urllib3.connectionpool - DEBUG - https://tdilatam.freshdesk.com:443 "GET /api/v2/tickets/33111 HTTP/1.1" 200 None
2025-10-31 09:35:50 - urllib3.connectionpool - DEBUG - Starting new HTTPS connection (1): tdilatam.freshdesk.com:443
2025-10-31 09:35:51 - urllib3.connectionpool - DEBUG - https://tdilatam.freshdesk.com:443 "GET /api/v2/tickets/33113 HTTP/1.1" 200 None
2025-10-31 09:35:51 - urllib3.connectionpool - DEBUG - Starting new HTTPS connection (1): tdilatam.freshdesk.com:443
2025-10-31 09:35:52 - urllib3.connectionpool - DEBUG - https://tdilatam.freshdesk.com:443 "GET /api/v2/tickets/33114 HTTP/1.1" 200 None
2025-10-31 09:35:52 - urllib3.connectionpool - DEBUG - Starting new HTTPS connection (1): tdilatam.freshdesk.com:443
2025-10-31 09:35:53 - urllib3.connectionpool - DEBUG - https://tdilatam.freshdesk.com:443 "GET /api/v2/tickets/33115 HTTP/1.1" 200 None
2025-10-31 09:35:53 - urllib3.connectionpool - DEBUG - Starting new HTTPS connection (1): tdilatam.freshdesk.com:443
2025-10-31 09:35:54 - urllib3.connectionpool - DEBUG - https://tdilatam.freshdesk.com:443 "GET /api/v2/tickets/33116 HTTP/1.1" 200 None
2025-10-31 09:35:54 - urllib3.connectionpool - DEBUG - Starting new HTTPS connection (1): tdilatam.freshdesk.com:443
2025-10-31 09:35:55 - urllib3.connectionpool - DEBUG - https://tdilatam.freshdesk.com:443 "GET /api/v2/tickets/33117 HTTP/1.1" 200 None
2025-10-31 09:35:55 - urllib3.connectionpool - DEBUG - Starting new HTTPS connection (1): tdilatam.freshdesk.com:443
2025-10-31 09:35:55 - urllib3.connectionpool - DEBUG - https://tdilatam.freshdesk.com:443 "GET /api/v2/tickets/33118 HTTP/1.1" 200 None
2025-10-31 09:35:55 - urllib3.connectionpool - DEBUG - Starting new HTTPS connection (1): tdilatam.freshdesk.com:443
2025-10-31 09:35:56 - urllib3.connectionpool - DEBUG - https://tdilatam.freshdesk.com:443 "GET /api/v2/tickets/33119 HTTP/1.1" 200 None
2025-10-31 09:35:57 - urllib3.connectionpool - DEBUG - Starting new HTTPS connection (1): tdilatam.freshdesk.com:443
2025-10-31 09:35:58 - urllib3.connectionpool - DEBUG - https://tdilatam.freshdesk.com:443 "GET /api/v2/tickets/33120 HTTP/1.1" 200 None
2025-10-31 09:35:58 - urllib3.connectionpool - DEBUG - Starting new HTTPS connection (1): tdilatam.freshdesk.com:443
2025-10-31 09:35:59 - urllib3.connectionpool - DEBUG - https://tdilatam.freshdesk.com:443 "GET /api/v2/tickets/33121 HTTP/1.1" 200 None
2025-10-31 09:35:59 - urllib3.connectionpool - DEBUG - Starting new HTTPS connection (1): tdilatam.freshdesk.com:443
2025-10-31 09:36:00 - urllib3.connectionpool - DEBUG - https://tdilatam.freshdesk.com:443 "GET /api/v2/tickets/33122 HTTP/1.1" 200 None
2025-10-31 09:36:00 - urllib3.connectionpool - DEBUG - Starting new HTTPS connection (1): tdilatam.freshdesk.com:443
2025-10-31 09:36:01 - urllib3.connectionpool - DEBUG - https://tdilatam.freshdesk.com:443 "GET /api/v2/tickets/33123 HTTP/1.1" 200 None
2025-10-31 09:36:01 - urllib3.connectionpool - DEBUG - Starting new HTTPS connection (1): tdilatam.freshdesk.com:443
2025-10-31 09:36:02 - urllib3.connectionpool - DEBUG - https://tdilatam.freshdesk.com:443 "GET /api/v2/tickets/33124 HTTP/1.1" 200 None
2025-10-31 09:36:02 - urllib3.connectionpool - DEBUG - Starting new HTTPS connection (1): tdilatam.freshdesk.com:443
2025-10-31 09:36:03 - urllib3.connectionpool - DEBUG - https://tdilatam.freshdesk.com:443 "GET /api/v2/tickets/33125 HTTP/1.1" 200 None
2025-10-31 09:36:03 - urllib3.connectionpool - DEBUG - Starting new HTTPS connection (1): tdilatam.freshdesk.com:443
2025-10-31 09:36:04 - urllib3.connectionpool - DEBUG - https://tdilatam.freshdesk.com:443 "GET /api/v2/tickets/33127 HTTP/1.1" 200 None
2025-10-31 09:36:04 - urllib3.connectionpool - DEBUG - Starting new HTTPS connection (1): tdilatam.freshdesk.com:443
2025-10-31 09:36:05 - urllib3.connectionpool - DEBUG - https://tdilatam.freshdesk.com:443 "GET /api/v2/tickets/33128 HTTP/1.1" 200 None
2025-10-31 09:36:05 - urllib3.connectionpool - DEBUG - Starting new HTTPS connection (1): tdilatam.freshdesk.com:443
2025-10-31 09:36:06 - urllib3.connectionpool - DEBUG - https://tdilatam.freshdesk.com:443 "GET /api/v2/tickets/33129 HTTP/1.1" 200 None
2025-10-31 09:36:06 - urllib3.connectionpool - DEBUG - Starting new HTTPS connection (1): tdilatam.freshdesk.com:443
2025-10-31 09:36:07 - urllib3.connectionpool - DEBUG - https://tdilatam.freshdesk.com:443 "GET /api/v2/tickets/33130 HTTP/1.1" 200 None
2025-10-31 09:36:08 - urllib3.connectionpool - DEBUG - Starting new HTTPS connection (1): tdilatam.freshdesk.com:443
2025-10-31 09:36:09 - urllib3.connectionpool - DEBUG - https://tdilatam.freshdesk.com:443 "GET /api/v2/tickets/33131 HTTP/1.1" 200 None
2025-10-31 09:36:09 - urllib3.connectionpool - DEBUG - Starting new HTTPS connection (1): tdilatam.freshdesk.com:443
2025-10-31 09:36:09 - urllib3.connectionpool - DEBUG - https://tdilatam.freshdesk.com:443 "GET /api/v2/tickets/33132 HTTP/1.1" 200 None
2025-10-31 09:36:09 - urllib3.connectionpool - DEBUG - Starting new HTTPS connection (1): tdilatam.freshdesk.com:443
2025-10-31 09:36:10 - urllib3.connectionpool - DEBUG - https://tdilatam.freshdesk.com:443 "GET /api/v2/tickets/33139 HTTP/1.1" 200 None
2025-10-31 09:36:10 - urllib3.connectionpool - DEBUG - Starting new HTTPS connection (1): tdilatam.freshdesk.com:443
2025-10-31 09:36:11 - urllib3.connectionpool - DEBUG - https://tdilatam.freshdesk.com:443 "GET /api/v2/tickets/33140 HTTP/1.1" 200 None
2025-10-31 09:36:11 - urllib3.connectionpool - DEBUG - Starting new HTTPS connection (1): tdilatam.freshdesk.com:443
2025-10-31 09:36:12 - urllib3.connectionpool - DEBUG - https://tdilatam.freshdesk.com:443 "GET /api/v2/tickets/33141 HTTP/1.1" 200 None
2025-10-31 09:36:12 - urllib3.connectionpool - DEBUG - Starting new HTTPS connection (1): tdilatam.freshdesk.com:443
2025-10-31 09:36:13 - urllib3.connectionpool - DEBUG - https://tdilatam.freshdesk.com:443 "GET /api/v2/tickets/33142 HTTP/1.1" 200 None
2025-10-31 09:36:13 - urllib3.connectionpool - DEBUG - Starting new HTTPS connection (1): tdilatam.freshdesk.com:443
2025-10-31 09:36:14 - urllib3.connectionpool - DEBUG - https://tdilatam.freshdesk.com:443 "GET /api/v2/tickets/33143 HTTP/1.1" 200 None
2025-10-31 09:36:14 - urllib3.connectionpool - DEBUG - Starting new HTTPS connection (1): tdilatam.freshdesk.com:443
2025-10-31 09:36:15 - urllib3.connectionpool - DEBUG - https://tdilatam.freshdesk.com:443 "GET /api/v2/tickets/33144 HTTP/1.1" 200 None
2025-10-31 09:36:15 - urllib3.connectionpool - DEBUG - Starting new HTTPS connection (1): tdilatam.freshdesk.com:443
2025-10-31 09:36:16 - urllib3.connectionpool - DEBUG - https://tdilatam.freshdesk.com:443 "GET /api/v2/tickets/33145 HTTP/1.1" 200 None
2025-10-31 09:36:16 - urllib3.connectionpool - DEBUG - Starting new HTTPS connection (1): tdilatam.freshdesk.com:443
2025-10-31 09:36:16 - urllib3.connectionpool - DEBUG - https://tdilatam.freshdesk.com:443 "GET /api/v2/tickets/33147 HTTP/1.1" 200 None
2025-10-31 09:36:17 - urllib3.connectionpool - DEBUG - Starting new HTTPS connection (1): tdilatam.freshdesk.com:443
2025-10-31 09:36:39 - urllib3.connectionpool - DEBUG - https://tdilatam.freshdesk.com:443 "GET /api/v2/tickets/33148 HTTP/1.1" 200 None
2025-10-31 09:36:40 - urllib3.connectionpool - DEBUG - Starting new HTTPS connection (1): tdilatam.freshdesk.com:443
2025-10-31 09:37:20 - urllib3.connectionpool - DEBUG - https://tdilatam.freshdesk.com:443 "GET /api/v2/tickets/33149 HTTP/1.1" 200 None
2025-10-31 09:37:20 - urllib3.connectionpool - DEBUG - Starting new HTTPS connection (1): tdilatam.freshdesk.com:443
2025-10-31 09:37:21 - urllib3.connectionpool - DEBUG - https://tdilatam.freshdesk.com:443 "GET /api/v2/tickets/33150 HTTP/1.1" 200 None
2025-10-31 09:37:21 - urllib3.connectionpool - DEBUG - Starting new HTTPS connection (1): tdilatam.freshdesk.com:443
2025-10-31 09:37:22 - urllib3.connectionpool - DEBUG - https://tdilatam.freshdesk.com:443 "GET /api/v2/tickets/33151 HTTP/1.1" 200 None
2025-10-31 09:37:22 - urllib3.connectionpool - DEBUG - Starting new HTTPS connection (1): tdilatam.freshdesk.com:443
2025-10-31 09:37:23 - urllib3.connectionpool - DEBUG - https://tdilatam.freshdesk.com:443 "GET /api/v2/tickets/33153 HTTP/1.1" 200 None
2025-10-31 09:37:23 - urllib3.connectionpool - DEBUG - Starting new HTTPS connection (1): tdilatam.freshdesk.com:443
2025-10-31 09:37:23 - urllib3.connectionpool - DEBUG - https://tdilatam.freshdesk.com:443 "GET /api/v2/tickets/33157 HTTP/1.1" 200 None
2025-10-31 09:37:23 - urllib3.connectionpool - DEBUG - Starting new HTTPS connection (1): tdilatam.freshdesk.com:443
2025-10-31 09:37:24 - urllib3.connectionpool - DEBUG - https://tdilatam.freshdesk.com:443 "GET /api/v2/tickets/33158 HTTP/1.1" 200 None
2025-10-31 09:37:24 - urllib3.connectionpool - DEBUG - Starting new HTTPS connection (1): tdilatam.freshdesk.com:443
2025-10-31 09:37:25 - urllib3.connectionpool - DEBUG - https://tdilatam.freshdesk.com:443 "GET /api/v2/tickets/33159 HTTP/1.1" 200 None
2025-10-31 09:37:25 - urllib3.connectionpool - DEBUG - Starting new HTTPS connection (1): tdilatam.freshdesk.com:443
2025-10-31 09:37:27 - urllib3.connectionpool - DEBUG - https://tdilatam.freshdesk.com:443 "GET /api/v2/tickets/33160 HTTP/1.1" 200 None
2025-10-31 09:37:27 - urllib3.connectionpool - DEBUG - Starting new HTTPS connection (1): tdilatam.freshdesk.com:443
2025-10-31 09:37:28 - urllib3.connectionpool - DEBUG - https://tdilatam.freshdesk.com:443 "GET /api/v2/tickets/33161 HTTP/1.1" 200 None
2025-10-31 09:37:29 - urllib3.connectionpool - DEBUG - Starting new HTTPS connection (1): tdilatam.freshdesk.com:443
2025-10-31 09:37:29 - urllib3.connectionpool - DEBUG - https://tdilatam.freshdesk.com:443 "GET /api/v2/tickets/33162 HTTP/1.1" 200 None
2025-10-31 09:37:29 - urllib3.connectionpool - DEBUG - Starting new HTTPS connection (1): tdilatam.freshdesk.com:443
2025-10-31 09:37:30 - urllib3.connectionpool - DEBUG - https://tdilatam.freshdesk.com:443 "GET /api/v2/tickets/33163 HTTP/1.1" 200 None
2025-10-31 09:37:30 - urllib3.connectionpool - DEBUG - Starting new HTTPS connection (1): tdilatam.freshdesk.com:443
2025-10-31 09:37:31 - urllib3.connectionpool - DEBUG - https://tdilatam.freshdesk.com:443 "GET /api/v2/tickets/33164 HTTP/1.1" 200 None
2025-10-31 09:37:31 - urllib3.connectionpool - DEBUG - Starting new HTTPS connection (1): tdilatam.freshdesk.com:443
2025-10-31 09:37:32 - urllib3.connectionpool - DEBUG - https://tdilatam.freshdesk.com:443 "GET /api/v2/tickets/33165 HTTP/1.1" 200 None
2025-10-31 09:37:32 - urllib3.connectionpool - DEBUG - Starting new HTTPS connection (1): tdilatam.freshdesk.com:443
2025-10-31 09:37:33 - urllib3.connectionpool - DEBUG - https://tdilatam.freshdesk.com:443 "GET /api/v2/tickets/33166 HTTP/1.1" 200 None
2025-10-31 09:37:33 - urllib3.connectionpool - DEBUG - Starting new HTTPS connection (1): tdilatam.freshdesk.com:443
2025-10-31 09:37:34 - urllib3.connectionpool - DEBUG - https://tdilatam.freshdesk.com:443 "GET /api/v2/tickets/33167 HTTP/1.1" 200 None
2025-10-31 09:37:34 - urllib3.connectionpool - DEBUG - Starting new HTTPS connection (1): tdilatam.freshdesk.com:443
2025-10-31 09:37:34 - urllib3.connectionpool - DEBUG - https://tdilatam.freshdesk.com:443 "GET /api/v2/tickets/33168 HTTP/1.1" 200 None
2025-10-31 09:37:35 - urllib3.connectionpool - DEBUG - Starting new HTTPS connection (1): tdilatam.freshdesk.com:443
2025-10-31 09:37:35 - urllib3.connectionpool - DEBUG - https://tdilatam.freshdesk.com:443 "GET /api/v2/tickets/33169 HTTP/1.1" 200 None
2025-10-31 09:37:35 - urllib3.connectionpool - DEBUG - Starting new HTTPS connection (1): tdilatam.freshdesk.com:443
2025-10-31 09:37:36 - urllib3.connectionpool - DEBUG - https://tdilatam.freshdesk.com:443 "GET /api/v2/tickets/33170 HTTP/1.1" 200 None
2025-10-31 09:37:36 - urllib3.connectionpool - DEBUG - Starting new HTTPS connection (1): tdilatam.freshdesk.com:443
2025-10-31 09:37:37 - urllib3.connectionpool - DEBUG - https://tdilatam.freshdesk.com:443 "GET /api/v2/tickets/33171 HTTP/1.1" 200 None
2025-10-31 09:37:38 - urllib3.connectionpool - DEBUG - Starting new HTTPS connection (1): tdilatam.freshdesk.com:443
2025-10-31 09:37:39 - urllib3.connectionpool - DEBUG - https://tdilatam.freshdesk.com:443 "GET /api/v2/tickets/33172 HTTP/1.1" 200 None
2025-10-31 09:37:39 - urllib3.connectionpool - DEBUG - Starting new HTTPS connection (1): tdilatam.freshdesk.com:443
2025-10-31 09:37:41 - urllib3.connectionpool - DEBUG - https://tdilatam.freshdesk.com:443 "GET /api/v2/tickets/33173 HTTP/1.1" 200 None
2025-10-31 09:37:41 - urllib3.connectionpool - DEBUG - Starting new HTTPS connection (1): tdilatam.freshdesk.com:443
2025-10-31 09:37:42 - urllib3.connectionpool - DEBUG - https://tdilatam.freshdesk.com:443 "GET /api/v2/tickets/33174 HTTP/1.1" 200 None
2025-10-31 09:37:42 - urllib3.connectionpool - DEBUG - Starting new HTTPS connection (1): tdilatam.freshdesk.com:443
2025-10-31 09:37:42 - urllib3.connectionpool - DEBUG - https://tdilatam.freshdesk.com:443 "GET /api/v2/tickets/33175 HTTP/1.1" 200 None
2025-10-31 09:37:42 - urllib3.connectionpool - DEBUG - Starting new HTTPS connection (1): tdilatam.freshdesk.com:443
2025-10-31 09:37:43 - urllib3.connectionpool - DEBUG - https://tdilatam.freshdesk.com:443 "GET /api/v2/tickets/33178 HTTP/1.1" 200 None
2025-10-31 09:37:43 - urllib3.connectionpool - DEBUG - Starting new HTTPS connection (1): tdilatam.freshdesk.com:443
2025-10-31 09:37:44 - urllib3.connectionpool - DEBUG - https://tdilatam.freshdesk.com:443 "GET /api/v2/tickets/33179 HTTP/1.1" 200 None
2025-10-31 09:37:44 - urllib3.connectionpool - DEBUG - Starting new HTTPS connection (1): tdilatam.freshdesk.com:443
2025-10-31 09:37:45 - urllib3.connectionpool - DEBUG - https://tdilatam.freshdesk.com:443 "GET /api/v2/tickets/33180 HTTP/1.1" 200 None
2025-10-31 09:37:45 - urllib3.connectionpool - DEBUG - Starting new HTTPS connection (1): tdilatam.freshdesk.com:443
2025-10-31 09:37:46 - urllib3.connectionpool - DEBUG - https://tdilatam.freshdesk.com:443 "GET /api/v2/tickets/33181 HTTP/1.1" 200 None
2025-10-31 09:37:46 - urllib3.connectionpool - DEBUG - Starting new HTTPS connection (1): tdilatam.freshdesk.com:443
2025-10-31 09:37:47 - urllib3.connectionpool - DEBUG - https://tdilatam.freshdesk.com:443 "GET /api/v2/tickets/33182 HTTP/1.1" 200 None
2025-10-31 09:37:47 - urllib3.connectionpool - DEBUG - Starting new HTTPS connection (1): tdilatam.freshdesk.com:443
2025-10-31 09:37:48 - urllib3.connectionpool - DEBUG - https://tdilatam.freshdesk.com:443 "GET /api/v2/tickets/33183 HTTP/1.1" 200 None
2025-10-31 09:37:49 - urllib3.connectionpool - DEBUG - Starting new HTTPS connection (1): tdilatam.freshdesk.com:443
2025-10-31 09:37:50 - urllib3.connectionpool - DEBUG - https://tdilatam.freshdesk.com:443 "GET /api/v2/tickets/33184 HTTP/1.1" 200 None
2025-10-31 09:37:50 - urllib3.connectionpool - DEBUG - Starting new HTTPS connection (1): tdilatam.freshdesk.com:443
2025-10-31 09:37:51 - urllib3.connectionpool - DEBUG - https://tdilatam.freshdesk.com:443 "GET /api/v2/tickets/33185 HTTP/1.1" 200 None
2025-10-31 09:37:51 - urllib3.connectionpool - DEBUG - Starting new HTTPS connection (1): tdilatam.freshdesk.com:443
2025-10-31 09:37:52 - urllib3.connectionpool - DEBUG - https://tdilatam.freshdesk.com:443 "GET /api/v2/tickets/33186 HTTP/1.1" 200 None
2025-10-31 09:37:52 - urllib3.connectionpool - DEBUG - Starting new HTTPS connection (1): tdilatam.freshdesk.com:443
2025-10-31 09:37:53 - urllib3.connectionpool - DEBUG - https://tdilatam.freshdesk.com:443 "GET /api/v2/tickets/33187 HTTP/1.1" 200 None
2025-10-31 09:37:53 - urllib3.connectionpool - DEBUG - Starting new HTTPS connection (1): tdilatam.freshdesk.com:443
2025-10-31 09:37:54 - urllib3.connectionpool - DEBUG - https://tdilatam.freshdesk.com:443 "GET /api/v2/tickets/33188 HTTP/1.1" 200 None
2025-10-31 09:37:54 - urllib3.connectionpool - DEBUG - Starting new HTTPS connection (1): tdilatam.freshdesk.com:443
2025-10-31 09:37:54 - urllib3.connectionpool - DEBUG - https://tdilatam.freshdesk.com:443 "GET /api/v2/tickets/33189 HTTP/1.1" 200 None
2025-10-31 09:37:54 - urllib3.connectionpool - DEBUG - Starting new HTTPS connection (1): tdilatam.freshdesk.com:443
2025-10-31 09:37:55 - urllib3.connectionpool - DEBUG - https://tdilatam.freshdesk.com:443 "GET /api/v2/tickets/33190 HTTP/1.1" 200 None
2025-10-31 09:37:55 - urllib3.connectionpool - DEBUG - Starting new HTTPS connection (1): tdilatam.freshdesk.com:443
2025-10-31 09:37:56 - urllib3.connectionpool - DEBUG - https://tdilatam.freshdesk.com:443 "GET /api/v2/tickets/33191 HTTP/1.1" 200 None
2025-10-31 09:37:56 - urllib3.connectionpool - DEBUG - Starting new HTTPS connection (1): tdilatam.freshdesk.com:443
2025-10-31 09:37:57 - urllib3.connectionpool - DEBUG - https://tdilatam.freshdesk.com:443 "GET /api/v2/tickets/33192 HTTP/1.1" 200 None
2025-10-31 09:37:57 - urllib3.connectionpool - DEBUG - Starting new HTTPS connection (1): tdilatam.freshdesk.com:443
2025-10-31 09:37:58 - urllib3.connectionpool - DEBUG - https://tdilatam.freshdesk.com:443 "GET /api/v2/tickets/33193 HTTP/1.1" 200 None
2025-10-31 09:37:59 - urllib3.connectionpool - DEBUG - Starting new HTTPS connection (1): tdilatam.freshdesk.com:443
2025-10-31 09:38:00 - urllib3.connectionpool - DEBUG - https://tdilatam.freshdesk.com:443 "GET /api/v2/tickets/33194 HTTP/1.1" 200 None
2025-10-31 09:38:00 - urllib3.connectionpool - DEBUG - Starting new HTTPS connection (1): tdilatam.freshdesk.com:443
2025-10-31 09:38:00 - urllib3.connectionpool - DEBUG - https://tdilatam.freshdesk.com:443 "GET /api/v2/tickets/33199 HTTP/1.1" 200 None
2025-10-31 09:38:00 - urllib3.connectionpool - DEBUG - Starting new HTTPS connection (1): tdilatam.freshdesk.com:443
2025-10-31 09:38:01 - urllib3.connectionpool - DEBUG - https://tdilatam.freshdesk.com:443 "GET /api/v2/tickets/33200 HTTP/1.1" 200 None
2025-10-31 09:38:01 - urllib3.connectionpool - DEBUG - Starting new HTTPS connection (1): tdilatam.freshdesk.com:443
2025-10-31 09:38:02 - urllib3.connectionpool - DEBUG - https://tdilatam.freshdesk.com:443 "GET /api/v2/tickets/33201 HTTP/1.1" 200 None
2025-10-31 09:38:02 - urllib3.connectionpool - DEBUG - Starting new HTTPS connection (1): tdilatam.freshdesk.com:443
2025-10-31 09:38:03 - urllib3.connectionpool - DEBUG - https://tdilatam.freshdesk.com:443 "GET /api/v2/tickets/33202 HTTP/1.1" 200 None
2025-10-31 09:38:03 - urllib3.connectionpool - DEBUG - Starting new HTTPS connection (1): tdilatam.freshdesk.com:443
2025-10-31 09:38:04 - urllib3.connectionpool - DEBUG - https://tdilatam.freshdesk.com:443 "GET /api/v2/tickets/33203 HTTP/1.1" 200 None
2025-10-31 09:38:04 - urllib3.connectionpool - DEBUG - Starting new HTTPS connection (1): tdilatam.freshdesk.com:443
2025-10-31 09:38:05 - urllib3.connectionpool - DEBUG - https://tdilatam.freshdesk.com:443 "GET /api/v2/tickets/33204 HTTP/1.1" 200 None
2025-10-31 09:38:05 - urllib3.connectionpool - DEBUG - Starting new HTTPS connection (1): tdilatam.freshdesk.com:443
2025-10-31 09:38:06 - urllib3.connectionpool - DEBUG - https://tdilatam.freshdesk.com:443 "GET /api/v2/tickets/33205 HTTP/1.1" 200 None
2025-10-31 09:38:06 - urllib3.connectionpool - DEBUG - Starting new HTTPS connection (1): tdilatam.freshdesk.com:443
2025-10-31 09:38:06 - urllib3.connectionpool - DEBUG - https://tdilatam.freshdesk.com:443 "GET /api/v2/tickets/33206 HTTP/1.1" 200 None
2025-10-31 09:38:06 - urllib3.connectionpool - DEBUG - Starting new HTTPS connection (1): tdilatam.freshdesk.com:443
2025-10-31 09:38:07 - urllib3.connectionpool - DEBUG - https://tdilatam.freshdesk.com:443 "GET /api/v2/tickets/33207 HTTP/1.1" 200 None
2025-10-31 09:38:08 - urllib3.connectionpool - DEBUG - Starting new HTTPS connection (1): tdilatam.freshdesk.com:443
2025-10-31 09:38:09 - urllib3.connectionpool - DEBUG - https://tdilatam.freshdesk.com:443 "GET /api/v2/tickets/33208 HTTP/1.1" 200 None
2025-10-31 09:38:09 - urllib3.connectionpool - DEBUG - Starting new HTTPS connection (1): tdilatam.freshdesk.com:443
2025-10-31 09:38:10 - urllib3.connectionpool - DEBUG - https://tdilatam.freshdesk.com:443 "GET /api/v2/tickets/33209 HTTP/1.1" 200 None
2025-10-31 09:38:10 - urllib3.connectionpool - DEBUG - Starting new HTTPS connection (1): tdilatam.freshdesk.com:443
2025-10-31 09:38:11 - urllib3.connectionpool - DEBUG - https://tdilatam.freshdesk.com:443 "GET /api/v2/tickets/33210 HTTP/1.1" 200 None
2025-10-31 09:38:11 - urllib3.connectionpool - DEBUG - Starting new HTTPS connection (1): tdilatam.freshdesk.com:443
2025-10-31 09:38:12 - urllib3.connectionpool - DEBUG - https://tdilatam.freshdesk.com:443 "GET /api/v2/tickets/33211 HTTP/1.1" 200 None
2025-10-31 09:38:12 - urllib3.connectionpool - DEBUG - Starting new HTTPS connection (1): tdilatam.freshdesk.com:443
2025-10-31 09:38:12 - urllib3.connectionpool - DEBUG - https://tdilatam.freshdesk.com:443 "GET /api/v2/tickets/33212 HTTP/1.1" 200 None
2025-10-31 09:38:12 - urllib3.connectionpool - DEBUG - Starting new HTTPS connection (1): tdilatam.freshdesk.com:443
2025-10-31 09:38:13 - urllib3.connectionpool - DEBUG - https://tdilatam.freshdesk.com:443 "GET /api/v2/tickets/33213 HTTP/1.1" 200 None
2025-10-31 09:38:13 - urllib3.connectionpool - DEBUG - Starting new HTTPS connection (1): tdilatam.freshdesk.com:443
2025-10-31 09:38:14 - urllib3.connectionpool - DEBUG - https://tdilatam.freshdesk.com:443 "GET /api/v2/tickets/33214 HTTP/1.1" 200 None
2025-10-31 09:38:14 - urllib3.connectionpool - DEBUG - Starting new HTTPS connection (1): tdilatam.freshdesk.com:443
2025-10-31 09:38:15 - urllib3.connectionpool - DEBUG - https://tdilatam.freshdesk.com:443 "GET /api/v2/tickets/33215 HTTP/1.1" 200 None
2025-10-31 09:38:15 - urllib3.connectionpool - DEBUG - Starting new HTTPS connection (1): tdilatam.freshdesk.com:443
2025-10-31 09:38:16 - urllib3.connectionpool - DEBUG - https://tdilatam.freshdesk.com:443 "GET /api/v2/tickets/33216 HTTP/1.1" 200 None
2025-10-31 09:38:16 - urllib3.connectionpool - DEBUG - Starting new HTTPS connection (1): tdilatam.freshdesk.com:443
2025-10-31 09:38:17 - urllib3.connectionpool - DEBUG - https://tdilatam.freshdesk.com:443 "GET /api/v2/tickets/33217 HTTP/1.1" 200 None
2025-10-31 09:38:18 - urllib3.connectionpool - DEBUG - Starting new HTTPS connection (1): tdilatam.freshdesk.com:443
2025-10-31 09:38:19 - urllib3.connectionpool - DEBUG - https://tdilatam.freshdesk.com:443 "GET /api/v2/tickets/33218 HTTP/1.1" 200 None
2025-10-31 09:38:19 - urllib3.connectionpool - DEBUG - Starting new HTTPS connection (1): tdilatam.freshdesk.com:443
2025-10-31 09:38:20 - urllib3.connectionpool - DEBUG - https://tdilatam.freshdesk.com:443 "GET /api/v2/tickets/33219 HTTP/1.1" 200 None
2025-10-31 09:38:20 - urllib3.connectionpool - DEBUG - Starting new HTTPS connection (1): tdilatam.freshdesk.com:443
2025-10-31 09:38:20 - urllib3.connectionpool - DEBUG - https://tdilatam.freshdesk.com:443 "GET /api/v2/tickets/33220 HTTP/1.1" 200 None
2025-10-31 09:38:20 - urllib3.connectionpool - DEBUG - Starting new HTTPS connection (1): tdilatam.freshdesk.com:443
2025-10-31 09:38:21 - urllib3.connectionpool - DEBUG - https://tdilatam.freshdesk.com:443 "GET /api/v2/tickets/33222 HTTP/1.1" 200 None
2025-10-31 09:38:21 - urllib3.connectionpool - DEBUG - Starting new HTTPS connection (1): tdilatam.freshdesk.com:443
2025-10-31 09:38:22 - urllib3.connectionpool - DEBUG - https://tdilatam.freshdesk.com:443 "GET /api/v2/tickets/33223 HTTP/1.1" 200 None
2025-10-31 09:38:22 - urllib3.connectionpool - DEBUG - Starting new HTTPS connection (1): tdilatam.freshdesk.com:443
2025-10-31 09:38:23 - urllib3.connectionpool - DEBUG - https://tdilatam.freshdesk.com:443 "GET /api/v2/tickets/33224 HTTP/1.1" 200 None
2025-10-31 09:38:23 - urllib3.connectionpool - DEBUG - Starting new HTTPS connection (1): tdilatam.freshdesk.com:443
2025-10-31 09:38:24 - urllib3.connectionpool - DEBUG - https://tdilatam.freshdesk.com:443 "GET /api/v2/tickets/33225 HTTP/1.1" 200 None
2025-10-31 09:38:24 - urllib3.connectionpool - DEBUG - Starting new HTTPS connection (1): tdilatam.freshdesk.com:443
2025-10-31 09:38:25 - urllib3.connectionpool - DEBUG - https://tdilatam.freshdesk.com:443 "GET /api/v2/tickets/33226 HTTP/1.1" 200 None
2025-10-31 09:38:25 - urllib3.connectionpool - DEBUG - Starting new HTTPS connection (1): tdilatam.freshdesk.com:443
2025-10-31 09:38:26 - urllib3.connectionpool - DEBUG - https://tdilatam.freshdesk.com:443 "GET /api/v2/tickets/33227 HTTP/1.1" 200 None
2025-10-31 09:38:26 - urllib3.connectionpool - DEBUG - Starting new HTTPS connection (1): tdilatam.freshdesk.com:443
2025-10-31 09:38:26 - urllib3.connectionpool - DEBUG - https://tdilatam.freshdesk.com:443 "GET /api/v2/tickets/33228 HTTP/1.1" 200 None
2025-10-31 09:38:27 - urllib3.connectionpool - DEBUG - Starting new HTTPS connection (1): tdilatam.freshdesk.com:443
2025-10-31 09:38:28 - urllib3.connectionpool - DEBUG - https://tdilatam.freshdesk.com:443 "GET /api/v2/tickets/33229 HTTP/1.1" 200 None
2025-10-31 09:38:28 - urllib3.connectionpool - DEBUG - Starting new HTTPS connection (1): tdilatam.freshdesk.com:443
2025-10-31 09:38:29 - urllib3.connectionpool - DEBUG - https://tdilatam.freshdesk.com:443 "GET /api/v2/tickets/33230 HTTP/1.1" 200 None
2025-10-31 09:38:29 - urllib3.connectionpool - DEBUG - Starting new HTTPS connection (1): tdilatam.freshdesk.com:443
2025-10-31 09:38:31 - urllib3.connectionpool - DEBUG - https://tdilatam.freshdesk.com:443 "GET /api/v2/tickets/33231 HTTP/1.1" 200 None
2025-10-31 09:38:31 - urllib3.connectionpool - DEBUG - Starting new HTTPS connection (1): tdilatam.freshdesk.com:443
2025-10-31 09:38:32 - urllib3.connectionpool - DEBUG - https://tdilatam.freshdesk.com:443 "GET /api/v2/tickets/33232 HTTP/1.1" 200 None
2025-10-31 09:38:32 - urllib3.connectionpool - DEBUG - Starting new HTTPS connection (1): tdilatam.freshdesk.com:443
2025-10-31 09:38:33 - urllib3.connectionpool - DEBUG - https://tdilatam.freshdesk.com:443 "GET /api/v2/tickets/33233 HTTP/1.1" 200 None
2025-10-31 09:38:33 - urllib3.connectionpool - DEBUG - Starting new HTTPS connection (1): tdilatam.freshdesk.com:443
2025-10-31 09:38:34 - urllib3.connectionpool - DEBUG - https://tdilatam.freshdesk.com:443 "GET /api/v2/tickets/33234 HTTP/1.1" 200 None
2025-10-31 09:38:34 - urllib3.connectionpool - DEBUG - Starting new HTTPS connection (1): tdilatam.freshdesk.com:443
2025-10-31 09:38:34 - urllib3.connectionpool - DEBUG - https://tdilatam.freshdesk.com:443 "GET /api/v2/tickets/33235 HTTP/1.1" 200 None
2025-10-31 09:38:34 - urllib3.connectionpool - DEBUG - Starting new HTTPS connection (1): tdilatam.freshdesk.com:443
2025-10-31 09:38:35 - urllib3.connectionpool - DEBUG - https://tdilatam.freshdesk.com:443 "GET /api/v2/tickets/33236 HTTP/1.1" 200 None
2025-10-31 09:38:35 - urllib3.connectionpool - DEBUG - Starting new HTTPS connection (1): tdilatam.freshdesk.com:443
2025-10-31 09:38:36 - urllib3.connectionpool - DEBUG - https://tdilatam.freshdesk.com:443 "GET /api/v2/tickets/33237 HTTP/1.1" 200 None
2025-10-31 09:38:36 - urllib3.connectionpool - DEBUG - Starting new HTTPS connection (1): tdilatam.freshdesk.com:443
2025-10-31 09:38:37 - urllib3.connectionpool - DEBUG - https://tdilatam.freshdesk.com:443 "GET /api/v2/tickets/33238 HTTP/1.1" 200 None
2025-10-31 09:38:38 - urllib3.connectionpool - DEBUG - Starting new HTTPS connection (1): tdilatam.freshdesk.com:443
2025-10-31 09:38:39 - urllib3.connectionpool - DEBUG - https://tdilatam.freshdesk.com:443 "GET /api/v2/tickets/33239 HTTP/1.1" 200 None
2025-10-31 09:38:39 - urllib3.connectionpool - DEBUG - Starting new HTTPS connection (1): tdilatam.freshdesk.com:443
2025-10-31 09:38:40 - urllib3.connectionpool - DEBUG - https://tdilatam.freshdesk.com:443 "GET /api/v2/tickets/33240 HTTP/1.1" 200 None
2025-10-31 09:38:40 - urllib3.connectionpool - DEBUG - Starting new HTTPS connection (1): tdilatam.freshdesk.com:443
2025-10-31 09:38:41 - urllib3.connectionpool - DEBUG - https://tdilatam.freshdesk.com:443 "GET /api/v2/tickets/33241 HTTP/1.1" 200 None
2025-10-31 09:38:41 - urllib3.connectionpool - DEBUG - Starting new HTTPS connection (1): tdilatam.freshdesk.com:443
2025-10-31 09:38:42 - urllib3.connectionpool - DEBUG - https://tdilatam.freshdesk.com:443 "GET /api/v2/tickets/33242 HTTP/1.1" 200 None
2025-10-31 09:38:42 - urllib3.connectionpool - DEBUG - Starting new HTTPS connection (1): tdilatam.freshdesk.com:443
2025-10-31 09:38:42 - urllib3.connectionpool - DEBUG - https://tdilatam.freshdesk.com:443 "GET /api/v2/tickets/33243 HTTP/1.1" 200 None
2025-10-31 09:38:43 - urllib3.connectionpool - DEBUG - Starting new HTTPS connection (1): tdilatam.freshdesk.com:443
2025-10-31 09:38:44 - urllib3.connectionpool - DEBUG - https://tdilatam.freshdesk.com:443 "GET /api/v2/tickets/33244 HTTP/1.1" 200 None
2025-10-31 09:38:44 - urllib3.connectionpool - DEBUG - Starting new HTTPS connection (1): tdilatam.freshdesk.com:443
2025-10-31 09:38:45 - urllib3.connectionpool - DEBUG - https://tdilatam.freshdesk.com:443 "GET /api/v2/tickets/33245 HTTP/1.1" 200 None
2025-10-31 09:38:45 - urllib3.connectionpool - DEBUG - Starting new HTTPS connection (1): tdilatam.freshdesk.com:443
2025-10-31 09:38:46 - urllib3.connectionpool - DEBUG - https://tdilatam.freshdesk.com:443 "GET /api/v2/tickets/33246 HTTP/1.1" 200 None
2025-10-31 09:38:46 - urllib3.connectionpool - DEBUG - Starting new HTTPS connection (1): tdilatam.freshdesk.com:443
2025-10-31 09:38:47 - urllib3.connectionpool - DEBUG - https://tdilatam.freshdesk.com:443 "GET /api/v2/tickets/33247 HTTP/1.1" 200 None
2025-10-31 09:38:47 - urllib3.connectionpool - DEBUG - Starting new HTTPS connection (1): tdilatam.freshdesk.com:443
2025-10-31 09:38:48 - urllib3.connectionpool - DEBUG - https://tdilatam.freshdesk.com:443 "GET /api/v2/tickets/33248 HTTP/1.1" 200 None
2025-10-31 09:38:49 - urllib3.connectionpool - DEBUG - Starting new HTTPS connection (1): tdilatam.freshdesk.com:443
2025-10-31 09:38:50 - urllib3.connectionpool - DEBUG - https://tdilatam.freshdesk.com:443 "GET /api/v2/tickets/33249 HTTP/1.1" 200 None
2025-10-31 09:38:50 - urllib3.connectionpool - DEBUG - Starting new HTTPS connection (1): tdilatam.freshdesk.com:443
2025-10-31 09:38:50 - urllib3.connectionpool - DEBUG - https://tdilatam.freshdesk.com:443 "GET /api/v2/tickets/33250 HTTP/1.1" 200 None
2025-10-31 09:38:51 - urllib3.connectionpool - DEBUG - Starting new HTTPS connection (1): tdilatam.freshdesk.com:443
2025-10-31 09:38:51 - urllib3.connectionpool - DEBUG - https://tdilatam.freshdesk.com:443 "GET /api/v2/tickets/33253 HTTP/1.1" 200 None
2025-10-31 09:38:51 - urllib3.connectionpool - DEBUG - Starting new HTTPS connection (1): tdilatam.freshdesk.com:443
2025-10-31 09:38:52 - urllib3.connectionpool - DEBUG - https://tdilatam.freshdesk.com:443 "GET /api/v2/tickets/33254 HTTP/1.1" 200 None
2025-10-31 09:38:52 - urllib3.connectionpool - DEBUG - Starting new HTTPS connection (1): tdilatam.freshdesk.com:443
2025-10-31 09:38:53 - urllib3.connectionpool - DEBUG - https://tdilatam.freshdesk.com:443 "GET /api/v2/tickets/33255 HTTP/1.1" 200 None
2025-10-31 09:38:53 - urllib3.connectionpool - DEBUG - Starting new HTTPS connection (1): tdilatam.freshdesk.com:443
2025-10-31 09:38:54 - urllib3.connectionpool - DEBUG - https://tdilatam.freshdesk.com:443 "GET /api/v2/tickets/33256 HTTP/1.1" 200 None
2025-10-31 09:38:54 - urllib3.connectionpool - DEBUG - Starting new HTTPS connection (1): tdilatam.freshdesk.com:443
2025-10-31 09:38:55 - urllib3.connectionpool - DEBUG - https://tdilatam.freshdesk.com:443 "GET /api/v2/tickets/33257 HTTP/1.1" 200 None
2025-10-31 09:38:55 - urllib3.connectionpool - DEBUG - Starting new HTTPS connection (1): tdilatam.freshdesk.com:443
2025-10-31 09:38:56 - urllib3.connectionpool - DEBUG - https://tdilatam.freshdesk.com:443 "GET /api/v2/tickets/33258 HTTP/1.1" 200 None
2025-10-31 09:38:56 - urllib3.connectionpool - DEBUG - Starting new HTTPS connection (1): tdilatam.freshdesk.com:443
2025-10-31 09:38:57 - urllib3.connectionpool - DEBUG - https://tdilatam.freshdesk.com:443 "GET /api/v2/tickets/33259 HTTP/1.1" 200 None
2025-10-31 09:38:57 - urllib3.connectionpool - DEBUG - Starting new HTTPS connection (1): tdilatam.freshdesk.com:443
2025-10-31 09:38:58 - urllib3.connectionpool - DEBUG - https://tdilatam.freshdesk.com:443 "GET /api/v2/tickets/33260 HTTP/1.1" 200 None
2025-10-31 09:38:59 - urllib3.connectionpool - DEBUG - Starting new HTTPS connection (1): tdilatam.freshdesk.com:443
2025-10-31 09:39:00 - urllib3.connectionpool - DEBUG - https://tdilatam.freshdesk.com:443 "GET /api/v2/tickets/33261 HTTP/1.1" 200 None
2025-10-31 09:39:00 - urllib3.connectionpool - DEBUG - Starting new HTTPS connection (1): tdilatam.freshdesk.com:443
2025-10-31 09:39:00 - urllib3.connectionpool - DEBUG - https://tdilatam.freshdesk.com:443 "GET /api/v2/tickets/33262 HTTP/1.1" 200 None
2025-10-31 09:39:00 - urllib3.connectionpool - DEBUG - Starting new HTTPS connection (1): tdilatam.freshdesk.com:443
2025-10-31 09:39:01 - urllib3.connectionpool - DEBUG - https://tdilatam.freshdesk.com:443 "GET /api/v2/tickets/33263 HTTP/1.1" 200 None
2025-10-31 09:39:01 - urllib3.connectionpool - DEBUG - Starting new HTTPS connection (1): tdilatam.freshdesk.com:443
2025-10-31 09:39:02 - urllib3.connectionpool - DEBUG - https://tdilatam.freshdesk.com:443 "GET /api/v2/tickets/33264 HTTP/1.1" 200 None
2025-10-31 09:39:02 - urllib3.connectionpool - DEBUG - Starting new HTTPS connection (1): tdilatam.freshdesk.com:443
2025-10-31 09:39:03 - urllib3.connectionpool - DEBUG - https://tdilatam.freshdesk.com:443 "GET /api/v2/tickets/33265 HTTP/1.1" 200 None
2025-10-31 09:39:03 - urllib3.connectionpool - DEBUG - Starting new HTTPS connection (1): tdilatam.freshdesk.com:443
2025-10-31 09:39:04 - urllib3.connectionpool - DEBUG - https://tdilatam.freshdesk.com:443 "GET /api/v2/tickets/33266 HTTP/1.1" 200 None
2025-10-31 09:39:04 - urllib3.connectionpool - DEBUG - Starting new HTTPS connection (1): tdilatam.freshdesk.com:443
2025-10-31 09:39:05 - urllib3.connectionpool - DEBUG - https://tdilatam.freshdesk.com:443 "GET /api/v2/tickets/33267 HTTP/1.1" 200 None
2025-10-31 09:39:05 - urllib3.connectionpool - DEBUG - Starting new HTTPS connection (1): tdilatam.freshdesk.com:443
2025-10-31 09:39:06 - urllib3.connectionpool - DEBUG - https://tdilatam.freshdesk.com:443 "GET /api/v2/tickets/33268 HTTP/1.1" 200 None
2025-10-31 09:39:06 - urllib3.connectionpool - DEBUG - Starting new HTTPS connection (1): tdilatam.freshdesk.com:443
2025-10-31 09:39:07 - urllib3.connectionpool - DEBUG - https://tdilatam.freshdesk.com:443 "GET /api/v2/tickets/33269 HTTP/1.1" 200 None
2025-10-31 09:39:07 - urllib3.connectionpool - DEBUG - Starting new HTTPS connection (1): tdilatam.freshdesk.com:443
2025-10-31 09:39:07 - urllib3.connectionpool - DEBUG - https://tdilatam.freshdesk.com:443 "GET /api/v2/tickets/33271 HTTP/1.1" 200 None
2025-10-31 09:39:08 - urllib3.connectionpool - DEBUG - Starting new HTTPS connection (1): tdilatam.freshdesk.com:443
2025-10-31 09:39:09 - urllib3.connectionpool - DEBUG - https://tdilatam.freshdesk.com:443 "GET /api/v2/tickets/33272 HTTP/1.1" 200 None
2025-10-31 09:39:09 - urllib3.connectionpool - DEBUG - Starting new HTTPS connection (1): tdilatam.freshdesk.com:443
2025-10-31 09:39:10 - urllib3.connectionpool - DEBUG - https://tdilatam.freshdesk.com:443 "GET /api/v2/tickets/33273 HTTP/1.1" 200 None
2025-10-31 09:39:10 - urllib3.connectionpool - DEBUG - Starting new HTTPS connection (1): tdilatam.freshdesk.com:443
2025-10-31 09:39:11 - urllib3.connectionpool - DEBUG - https://tdilatam.freshdesk.com:443 "GET /api/v2/tickets/33275 HTTP/1.1" 200 None
2025-10-31 09:39:11 - urllib3.connectionpool - DEBUG - Starting new HTTPS connection (1): tdilatam.freshdesk.com:443
2025-10-31 09:39:12 - urllib3.connectionpool - DEBUG - https://tdilatam.freshdesk.com:443 "GET /api/v2/tickets/33279 HTTP/1.1" 200 None
2025-10-31 09:39:12 - urllib3.connectionpool - DEBUG - Starting new HTTPS connection (1): tdilatam.freshdesk.com:443
2025-10-31 09:39:13 - urllib3.connectionpool - DEBUG - https://tdilatam.freshdesk.com:443 "GET /api/v2/tickets/33286 HTTP/1.1" 200 None
2025-10-31 09:39:13 - urllib3.connectionpool - DEBUG - Starting new HTTPS connection (1): tdilatam.freshdesk.com:443
2025-10-31 09:39:14 - urllib3.connectionpool - DEBUG - https://tdilatam.freshdesk.com:443 "GET /api/v2/tickets/33297 HTTP/1.1" 200 None
2025-10-31 09:39:14 - urllib3.connectionpool - DEBUG - Starting new HTTPS connection (1): tdilatam.freshdesk.com:443
2025-10-31 09:39:15 - urllib3.connectionpool - DEBUG - https://tdilatam.freshdesk.com:443 "GET /api/v2/tickets/33298 HTTP/1.1" 200 None
2025-10-31 09:39:15 - urllib3.connectionpool - DEBUG - Starting new HTTPS connection (1): tdilatam.freshdesk.com:443
2025-10-31 09:39:15 - urllib3.connectionpool - DEBUG - https://tdilatam.freshdesk.com:443 "GET /api/v2/tickets/33299 HTTP/1.1" 200 None
2025-10-31 09:39:15 - urllib3.connectionpool - DEBUG - Starting new HTTPS connection (1): tdilatam.freshdesk.com:443
2025-10-31 09:39:16 - urllib3.connectionpool - DEBUG - https://tdilatam.freshdesk.com:443 "GET /api/v2/tickets/33302 HTTP/1.1" 200 None
2025-10-31 09:39:16 - urllib3.connectionpool - DEBUG - Starting new HTTPS connection (1): tdilatam.freshdesk.com:443
2025-10-31 09:39:17 - urllib3.connectionpool - DEBUG - https://tdilatam.freshdesk.com:443 "GET /api/v2/tickets/33303 HTTP/1.1" 200 None
2025-10-31 09:39:18 - urllib3.connectionpool - DEBUG - Starting new HTTPS connection (1): tdilatam.freshdesk.com:443
2025-10-31 09:39:19 - urllib3.connectionpool - DEBUG - https://tdilatam.freshdesk.com:443 "GET /api/v2/tickets/33304 HTTP/1.1" 200 None
2025-10-31 09:39:19 - urllib3.connectionpool - DEBUG - Starting new HTTPS connection (1): tdilatam.freshdesk.com:443
2025-10-31 09:39:20 - urllib3.connectionpool - DEBUG - https://tdilatam.freshdesk.com:443 "GET /api/v2/tickets/33305 HTTP/1.1" 200 None
2025-10-31 09:39:20 - urllib3.connectionpool - DEBUG - Starting new HTTPS connection (1): tdilatam.freshdesk.com:443
2025-10-31 09:39:22 - urllib3.connectionpool - DEBUG - https://tdilatam.freshdesk.com:443 "GET /api/v2/tickets/33306 HTTP/1.1" 200 None
2025-10-31 09:39:22 - urllib3.connectionpool - DEBUG - Starting new HTTPS connection (1): tdilatam.freshdesk.com:443
2025-10-31 09:39:22 - urllib3.connectionpool - DEBUG - https://tdilatam.freshdesk.com:443 "GET /api/v2/tickets/33307 HTTP/1.1" 200 None
2025-10-31 09:39:22 - urllib3.connectionpool - DEBUG - Starting new HTTPS connection (1): tdilatam.freshdesk.com:443
2025-10-31 09:39:23 - urllib3.connectionpool - DEBUG - https://tdilatam.freshdesk.com:443 "GET /api/v2/tickets/33308 HTTP/1.1" 200 None
2025-10-31 09:39:23 - urllib3.connectionpool - DEBUG - Starting new HTTPS connection (1): tdilatam.freshdesk.com:443
2025-10-31 09:39:24 - urllib3.connectionpool - DEBUG - https://tdilatam.freshdesk.com:443 "GET /api/v2/tickets/33309 HTTP/1.1" 200 None
2025-10-31 09:39:24 - urllib3.connectionpool - DEBUG - Starting new HTTPS connection (1): tdilatam.freshdesk.com:443
2025-10-31 09:39:25 - urllib3.connectionpool - DEBUG - https://tdilatam.freshdesk.com:443 "GET /api/v2/tickets/33310 HTTP/1.1" 200 None
2025-10-31 09:39:25 - urllib3.connectionpool - DEBUG - Starting new HTTPS connection (1): tdilatam.freshdesk.com:443
2025-10-31 09:39:26 - urllib3.connectionpool - DEBUG - https://tdilatam.freshdesk.com:443 "GET /api/v2/tickets/33311 HTTP/1.1" 200 None
2025-10-31 09:39:26 - urllib3.connectionpool - DEBUG - Starting new HTTPS connection (1): tdilatam.freshdesk.com:443
2025-10-31 09:39:27 - urllib3.connectionpool - DEBUG - https://tdilatam.freshdesk.com:443 "GET /api/v2/tickets/33312 HTTP/1.1" 200 None
2025-10-31 09:39:27 - urllib3.connectionpool - DEBUG - Starting new HTTPS connection (1): tdilatam.freshdesk.com:443
2025-10-31 09:39:28 - urllib3.connectionpool - DEBUG - https://tdilatam.freshdesk.com:443 "GET /api/v2/tickets/33313 HTTP/1.1" 200 None
2025-10-31 09:39:29 - urllib3.connectionpool - DEBUG - Starting new HTTPS connection (1): tdilatam.freshdesk.com:443
2025-10-31 09:39:30 - urllib3.connectionpool - DEBUG - https://tdilatam.freshdesk.com:443 "GET /api/v2/tickets/33314 HTTP/1.1" 200 None
2025-10-31 09:39:30 - urllib3.connectionpool - DEBUG - Starting new HTTPS connection (1): tdilatam.freshdesk.com:443
2025-10-31 09:39:30 - urllib3.connectionpool - DEBUG - https://tdilatam.freshdesk.com:443 "GET /api/v2/tickets/33321 HTTP/1.1" 200 None
2025-10-31 09:39:30 - urllib3.connectionpool - DEBUG - Starting new HTTPS connection (1): tdilatam.freshdesk.com:443
2025-10-31 09:39:31 - urllib3.connectionpool - DEBUG - https://tdilatam.freshdesk.com:443 "GET /api/v2/tickets/33324 HTTP/1.1" 200 None
2025-10-31 09:39:31 - urllib3.connectionpool - DEBUG - Starting new HTTPS connection (1): tdilatam.freshdesk.com:443
2025-10-31 09:39:32 - urllib3.connectionpool - DEBUG - https://tdilatam.freshdesk.com:443 "GET /api/v2/tickets/33325 HTTP/1.1" 200 None
2025-10-31 09:39:32 - urllib3.connectionpool - DEBUG - Starting new HTTPS connection (1): tdilatam.freshdesk.com:443
2025-10-31 09:39:33 - urllib3.connectionpool - DEBUG - https://tdilatam.freshdesk.com:443 "GET /api/v2/tickets/33326 HTTP/1.1" 200 None
2025-10-31 09:39:33 - urllib3.connectionpool - DEBUG - Starting new HTTPS connection (1): tdilatam.freshdesk.com:443
2025-10-31 09:39:34 - urllib3.connectionpool - DEBUG - https://tdilatam.freshdesk.com:443 "GET /api/v2/tickets/33329 HTTP/1.1" 200 None
2025-10-31 09:39:34 - urllib3.connectionpool - DEBUG - Starting new HTTPS connection (1): tdilatam.freshdesk.com:443
2025-10-31 09:39:35 - urllib3.connectionpool - DEBUG - https://tdilatam.freshdesk.com:443 "GET /api/v2/tickets/33333 HTTP/1.1" 200 None
2025-10-31 09:39:35 - urllib3.connectionpool - DEBUG - Starting new HTTPS connection (1): tdilatam.freshdesk.com:443
2025-10-31 09:39:36 - urllib3.connectionpool - DEBUG - https://tdilatam.freshdesk.com:443 "GET /api/v2/tickets/33334 HTTP/1.1" 200 None
2025-10-31 09:39:36 - urllib3.connectionpool - DEBUG - Starting new HTTPS connection (1): tdilatam.freshdesk.com:443
2025-10-31 09:39:37 - urllib3.connectionpool - DEBUG - https://tdilatam.freshdesk.com:443 "GET /api/v2/tickets/33335 HTTP/1.1" 200 None
2025-10-31 09:39:37 - urllib3.connectionpool - DEBUG - Starting new HTTPS connection (1): tdilatam.freshdesk.com:443
2025-10-31 09:39:38 - urllib3.connectionpool - DEBUG - https://tdilatam.freshdesk.com:443 "GET /api/v2/tickets/33338 HTTP/1.1" 200 None
2025-10-31 09:39:39 - urllib3.connectionpool - DEBUG - Starting new HTTPS connection (1): tdilatam.freshdesk.com:443
2025-10-31 09:39:40 - urllib3.connectionpool - DEBUG - https://tdilatam.freshdesk.com:443 "GET /api/v2/tickets/33339 HTTP/1.1" 200 None
2025-10-31 09:39:40 - urllib3.connectionpool - DEBUG - Starting new HTTPS connection (1): tdilatam.freshdesk.com:443
2025-10-31 09:39:41 - urllib3.connectionpool - DEBUG - https://tdilatam.freshdesk.com:443 "GET /api/v2/tickets/33340 HTTP/1.1" 200 None
2025-10-31 09:39:41 - urllib3.connectionpool - DEBUG - Starting new HTTPS connection (1): tdilatam.freshdesk.com:443
2025-10-31 09:39:42 - urllib3.connectionpool - DEBUG - https://tdilatam.freshdesk.com:443 "GET /api/v2/tickets/33341 HTTP/1.1" 200 None
2025-10-31 09:39:42 - urllib3.connectionpool - DEBUG - Starting new HTTPS connection (1): tdilatam.freshdesk.com:443
2025-10-31 09:39:43 - urllib3.connectionpool - DEBUG - https://tdilatam.freshdesk.com:443 "GET /api/v2/tickets/33342 HTTP/1.1" 200 None
2025-10-31 09:39:43 - urllib3.connectionpool - DEBUG - Starting new HTTPS connection (1): tdilatam.freshdesk.com:443
2025-10-31 09:39:44 - urllib3.connectionpool - DEBUG - https://tdilatam.freshdesk.com:443 "GET /api/v2/tickets/33343 HTTP/1.1" 200 None
2025-10-31 09:39:44 - urllib3.connectionpool - DEBUG - Starting new HTTPS connection (1): tdilatam.freshdesk.com:443
2025-10-31 09:39:45 - urllib3.connectionpool - DEBUG - https://tdilatam.freshdesk.com:443 "GET /api/v2/tickets/33344 HTTP/1.1" 200 None
2025-10-31 09:39:45 - urllib3.connectionpool - DEBUG - Starting new HTTPS connection (1): tdilatam.freshdesk.com:443
2025-10-31 09:39:45 - urllib3.connectionpool - DEBUG - https://tdilatam.freshdesk.com:443 "GET /api/v2/tickets/33346 HTTP/1.1" 200 None
2025-10-31 09:39:45 - urllib3.connectionpool - DEBUG - Starting new HTTPS connection (1): tdilatam.freshdesk.com:443
2025-10-31 09:39:46 - urllib3.connectionpool - DEBUG - https://tdilatam.freshdesk.com:443 "GET /api/v2/tickets/33350 HTTP/1.1" 200 None
2025-10-31 09:39:46 - urllib3.connectionpool - DEBUG - Starting new HTTPS connection (1): tdilatam.freshdesk.com:443
2025-10-31 09:39:47 - urllib3.connectionpool - DEBUG - https://tdilatam.freshdesk.com:443 "GET /api/v2/tickets/33353 HTTP/1.1" 200 None
2025-10-31 09:39:47 - urllib3.connectionpool - DEBUG - Starting new HTTPS connection (1): tdilatam.freshdesk.com:443
2025-10-31 09:39:48 - urllib3.connectionpool - DEBUG - https://tdilatam.freshdesk.com:443 "GET /api/v2/tickets/33355 HTTP/1.1" 200 None
2025-10-31 09:39:49 - urllib3.connectionpool - DEBUG - Starting new HTTPS connection (1): tdilatam.freshdesk.com:443
2025-10-31 09:39:50 - urllib3.connectionpool - DEBUG - https://tdilatam.freshdesk.com:443 "GET /api/v2/tickets/33356 HTTP/1.1" 200 None
2025-10-31 09:39:50 - urllib3.connectionpool - DEBUG - Starting new HTTPS connection (1): tdilatam.freshdesk.com:443
2025-10-31 09:39:52 - urllib3.connectionpool - DEBUG - https://tdilatam.freshdesk.com:443 "GET /api/v2/tickets/33357 HTTP/1.1" 200 None
2025-10-31 09:39:52 - urllib3.connectionpool - DEBUG - Starting new HTTPS connection (1): tdilatam.freshdesk.com:443
2025-10-31 09:39:57 - urllib3.connectionpool - DEBUG - https://tdilatam.freshdesk.com:443 "GET /api/v2/tickets/33358 HTTP/1.1" 200 None
2025-10-31 09:39:57 - urllib3.connectionpool - DEBUG - Starting new HTTPS connection (1): tdilatam.freshdesk.com:443
2025-10-31 09:39:58 - urllib3.connectionpool - DEBUG - https://tdilatam.freshdesk.com:443 "GET /api/v2/tickets/33359 HTTP/1.1" 200 None
2025-10-31 09:39:58 - urllib3.connectionpool - DEBUG - Starting new HTTPS connection (1): tdilatam.freshdesk.com:443
2025-10-31 09:40:04 - urllib3.connectionpool - DEBUG - https://tdilatam.freshdesk.com:443 "GET /api/v2/tickets/33360 HTTP/1.1" 200 None
2025-10-31 09:40:04 - urllib3.connectionpool - DEBUG - Starting new HTTPS connection (1): tdilatam.freshdesk.com:443
2025-10-31 09:40:05 - urllib3.connectionpool - DEBUG - https://tdilatam.freshdesk.com:443 "GET /api/v2/tickets/33361 HTTP/1.1" 200 None
2025-10-31 09:40:05 - urllib3.connectionpool - DEBUG - Starting new HTTPS connection (1): tdilatam.freshdesk.com:443
2025-10-31 09:40:21 - urllib3.connectionpool - DEBUG - https://tdilatam.freshdesk.com:443 "GET /api/v2/tickets/33362 HTTP/1.1" 200 None
2025-10-31 09:40:21 - urllib3.connectionpool - DEBUG - Starting new HTTPS connection (1): tdilatam.freshdesk.com:443
2025-10-31 09:40:33 - urllib3.connectionpool - DEBUG - https://tdilatam.freshdesk.com:443 "GET /api/v2/tickets/33363 HTTP/1.1" 200 None
2025-10-31 09:40:33 - urllib3.connectionpool - DEBUG - Starting new HTTPS connection (1): tdilatam.freshdesk.com:443
2025-10-31 09:40:34 - urllib3.connectionpool - DEBUG - https://tdilatam.freshdesk.com:443 "GET /api/v2/tickets/33364 HTTP/1.1" 200 None
2025-10-31 09:40:34 - urllib3.connectionpool - DEBUG - Starting new HTTPS connection (1): tdilatam.freshdesk.com:443
2025-10-31 09:40:35 - urllib3.connectionpool - DEBUG - https://tdilatam.freshdesk.com:443 "GET /api/v2/tickets/33365 HTTP/1.1" 200 None
2025-10-31 09:40:36 - urllib3.connectionpool - DEBUG - Starting new HTTPS connection (1): tdilatam.freshdesk.com:443
2025-10-31 09:40:37 - urllib3.connectionpool - DEBUG - https://tdilatam.freshdesk.com:443 "GET /api/v2/tickets/33366 HTTP/1.1" 200 None
2025-10-31 09:40:37 - urllib3.connectionpool - DEBUG - Starting new HTTPS connection (1): tdilatam.freshdesk.com:443
2025-10-31 09:40:38 - urllib3.connectionpool - DEBUG - https://tdilatam.freshdesk.com:443 "GET /api/v2/tickets/33367 HTTP/1.1" 200 None
2025-10-31 09:40:38 - urllib3.connectionpool - DEBUG - Starting new HTTPS connection (1): tdilatam.freshdesk.com:443
2025-10-31 09:40:40 - urllib3.connectionpool - DEBUG - https://tdilatam.freshdesk.com:443 "GET /api/v2/tickets/33368 HTTP/1.1" 200 None
2025-10-31 09:40:40 - urllib3.connectionpool - DEBUG - Starting new HTTPS connection (1): tdilatam.freshdesk.com:443
2025-10-31 09:40:40 - urllib3.connectionpool - DEBUG - https://tdilatam.freshdesk.com:443 "GET /api/v2/tickets/33370 HTTP/1.1" 200 None
2025-10-31 09:40:40 - urllib3.connectionpool - DEBUG - Starting new HTTPS connection (1): tdilatam.freshdesk.com:443
2025-10-31 09:40:41 - urllib3.connectionpool - DEBUG - https://tdilatam.freshdesk.com:443 "GET /api/v2/tickets/33371 HTTP/1.1" 200 None
2025-10-31 09:40:41 - urllib3.connectionpool - DEBUG - Starting new HTTPS connection (1): tdilatam.freshdesk.com:443
2025-10-31 09:40:42 - urllib3.connectionpool - DEBUG - https://tdilatam.freshdesk.com:443 "GET /api/v2/tickets/33372 HTTP/1.1" 200 None
2025-10-31 09:40:42 - urllib3.connectionpool - DEBUG - Starting new HTTPS connection (1): tdilatam.freshdesk.com:443
2025-10-31 09:40:43 - urllib3.connectionpool - DEBUG - https://tdilatam.freshdesk.com:443 "GET /api/v2/tickets/33373 HTTP/1.1" 200 None
2025-10-31 09:40:43 - urllib3.connectionpool - DEBUG - Starting new HTTPS connection (1): tdilatam.freshdesk.com:443
2025-10-31 09:40:44 - urllib3.connectionpool - DEBUG - https://tdilatam.freshdesk.com:443 "GET /api/v2/tickets/33374 HTTP/1.1" 200 None
2025-10-31 09:40:44 - urllib3.connectionpool - DEBUG - Starting new HTTPS connection (1): tdilatam.freshdesk.com:443
2025-10-31 09:40:45 - urllib3.connectionpool - DEBUG - https://tdilatam.freshdesk.com:443 "GET /api/v2/tickets/33380 HTTP/1.1" 200 None
2025-10-31 09:40:45 - urllib3.connectionpool - DEBUG - Starting new HTTPS connection (1): tdilatam.freshdesk.com:443
2025-10-31 09:40:46 - urllib3.connectionpool - DEBUG - https://tdilatam.freshdesk.com:443 "GET /api/v2/tickets/33381 HTTP/1.1" 200 None
2025-10-31 09:40:47 - urllib3.connectionpool - DEBUG - Starting new HTTPS connection (1): tdilatam.freshdesk.com:443
2025-10-31 09:40:48 - urllib3.connectionpool - DEBUG - https://tdilatam.freshdesk.com:443 "GET /api/v2/tickets/33382 HTTP/1.1" 200 None
2025-10-31 09:40:48 - urllib3.connectionpool - DEBUG - Starting new HTTPS connection (1): tdilatam.freshdesk.com:443
2025-10-31 09:40:50 - urllib3.connectionpool - DEBUG - https://tdilatam.freshdesk.com:443 "GET /api/v2/tickets/33383 HTTP/1.1" 200 None
2025-10-31 09:40:50 - urllib3.connectionpool - DEBUG - Starting new HTTPS connection (1): tdilatam.freshdesk.com:443
2025-10-31 09:40:51 - urllib3.connectionpool - DEBUG - https://tdilatam.freshdesk.com:443 "GET /api/v2/tickets/33384 HTTP/1.1" 200 None
2025-10-31 09:40:51 - urllib3.connectionpool - DEBUG - Starting new HTTPS connection (1): tdilatam.freshdesk.com:443
2025-10-31 09:40:52 - urllib3.connectionpool - DEBUG - https://tdilatam.freshdesk.com:443 "GET /api/v2/tickets/33385 HTTP/1.1" 200 None
2025-10-31 09:40:52 - urllib3.connectionpool - DEBUG - Starting new HTTPS connection (1): tdilatam.freshdesk.com:443
2025-10-31 09:40:53 - urllib3.connectionpool - DEBUG - https://tdilatam.freshdesk.com:443 "GET /api/v2/tickets/33386 HTTP/1.1" 200 None
2025-10-31 09:40:53 - urllib3.connectionpool - DEBUG - Starting new HTTPS connection (1): tdilatam.freshdesk.com:443
2025-10-31 09:40:54 - urllib3.connectionpool - DEBUG - https://tdilatam.freshdesk.com:443 "GET /api/v2/tickets/33387 HTTP/1.1" 200 None
2025-10-31 09:40:54 - urllib3.connectionpool - DEBUG - Starting new HTTPS connection (1): tdilatam.freshdesk.com:443
2025-10-31 09:40:55 - urllib3.connectionpool - DEBUG - https://tdilatam.freshdesk.com:443 "GET /api/v2/tickets/33389 HTTP/1.1" 200 None
2025-10-31 09:40:55 - urllib3.connectionpool - DEBUG - Starting new HTTPS connection (1): tdilatam.freshdesk.com:443
2025-10-31 09:40:56 - urllib3.connectionpool - DEBUG - https://tdilatam.freshdesk.com:443 "GET /api/v2/tickets/33390 HTTP/1.1" 200 None
2025-10-31 09:40:56 - urllib3.connectionpool - DEBUG - Starting new HTTPS connection (1): tdilatam.freshdesk.com:443
2025-10-31 09:40:57 - urllib3.connectionpool - DEBUG - https://tdilatam.freshdesk.com:443 "GET /api/v2/tickets/33391 HTTP/1.1" 200 None
2025-10-31 09:40:57 - urllib3.connectionpool - DEBUG - Starting new HTTPS connection (1): tdilatam.freshdesk.com:443
2025-10-31 09:40:58 - urllib3.connectionpool - DEBUG - https://tdilatam.freshdesk.com:443 "GET /api/v2/tickets/33392 HTTP/1.1" 200 None
2025-10-31 09:40:59 - urllib3.connectionpool - DEBUG - Starting new HTTPS connection (1): tdilatam.freshdesk.com:443
2025-10-31 09:40:59 - urllib3.connectionpool - DEBUG - https://tdilatam.freshdesk.com:443 "GET /api/v2/tickets/33393 HTTP/1.1" 200 None
2025-10-31 09:40:59 - urllib3.connectionpool - DEBUG - Starting new HTTPS connection (1): tdilatam.freshdesk.com:443
2025-10-31 09:41:00 - urllib3.connectionpool - DEBUG - https://tdilatam.freshdesk.com:443 "GET /api/v2/tickets/33394 HTTP/1.1" 200 None
2025-10-31 09:41:01 - urllib3.connectionpool - DEBUG - Starting new HTTPS connection (1): tdilatam.freshdesk.com:443
2025-10-31 09:41:02 - urllib3.connectionpool - DEBUG - https://tdilatam.freshdesk.com:443 "GET /api/v2/tickets/33395 HTTP/1.1" 200 None
2025-10-31 09:41:02 - urllib3.connectionpool - DEBUG - Starting new HTTPS connection (1): tdilatam.freshdesk.com:443
2025-10-31 09:41:03 - urllib3.connectionpool - DEBUG - https://tdilatam.freshdesk.com:443 "GET /api/v2/tickets/33396 HTTP/1.1" 200 None
2025-10-31 09:41:03 - urllib3.connectionpool - DEBUG - Starting new HTTPS connection (1): tdilatam.freshdesk.com:443
2025-10-31 09:41:03 - urllib3.connectionpool - DEBUG - https://tdilatam.freshdesk.com:443 "GET /api/v2/tickets/33397 HTTP/1.1" 200 None
2025-10-31 09:41:03 - urllib3.connectionpool - DEBUG - Starting new HTTPS connection (1): tdilatam.freshdesk.com:443
2025-10-31 09:41:04 - urllib3.connectionpool - DEBUG - https://tdilatam.freshdesk.com:443 "GET /api/v2/tickets/33401 HTTP/1.1" 200 None
2025-10-31 09:41:04 - urllib3.connectionpool - DEBUG - Starting new HTTPS connection (1): tdilatam.freshdesk.com:443
2025-10-31 09:41:05 - urllib3.connectionpool - DEBUG - https://tdilatam.freshdesk.com:443 "GET /api/v2/tickets/33402 HTTP/1.1" 200 None
2025-10-31 09:41:05 - urllib3.connectionpool - DEBUG - Starting new HTTPS connection (1): tdilatam.freshdesk.com:443
2025-10-31 09:41:06 - urllib3.connectionpool - DEBUG - https://tdilatam.freshdesk.com:443 "GET /api/v2/tickets/33403 HTTP/1.1" 200 None
2025-10-31 09:41:06 - urllib3.connectionpool - DEBUG - Starting new HTTPS connection (1): tdilatam.freshdesk.com:443
2025-10-31 09:41:07 - urllib3.connectionpool - DEBUG - https://tdilatam.freshdesk.com:443 "GET /api/v2/tickets/33405 HTTP/1.1" 200 None
2025-10-31 09:41:07 - urllib3.connectionpool - DEBUG - Starting new HTTPS connection (1): tdilatam.freshdesk.com:443
2025-10-31 09:41:08 - urllib3.connectionpool - DEBUG - https://tdilatam.freshdesk.com:443 "GET /api/v2/tickets/33406 HTTP/1.1" 200 None
2025-10-31 09:41:09 - urllib3.connectionpool - DEBUG - Starting new HTTPS connection (1): tdilatam.freshdesk.com:443
2025-10-31 09:41:10 - urllib3.connectionpool - DEBUG - https://tdilatam.freshdesk.com:443 "GET /api/v2/tickets/33407 HTTP/1.1" 200 None
2025-10-31 09:41:10 - urllib3.connectionpool - DEBUG - Starting new HTTPS connection (1): tdilatam.freshdesk.com:443
2025-10-31 09:41:11 - urllib3.connectionpool - DEBUG - https://tdilatam.freshdesk.com:443 "GET /api/v2/tickets/33408 HTTP/1.1" 200 None
2025-10-31 09:41:11 - urllib3.connectionpool - DEBUG - Starting new HTTPS connection (1): tdilatam.freshdesk.com:443
2025-10-31 09:41:11 - urllib3.connectionpool - DEBUG - https://tdilatam.freshdesk.com:443 "GET /api/v2/tickets/33409 HTTP/1.1" 200 None
2025-10-31 09:41:11 - urllib3.connectionpool - DEBUG - Starting new HTTPS connection (1): tdilatam.freshdesk.com:443
2025-10-31 09:41:13 - urllib3.connectionpool - DEBUG - https://tdilatam.freshdesk.com:443 "GET /api/v2/tickets/33410 HTTP/1.1" 200 None
2025-10-31 09:41:13 - urllib3.connectionpool - DEBUG - Starting new HTTPS connection (1): tdilatam.freshdesk.com:443
2025-10-31 09:41:13 - urllib3.connectionpool - DEBUG - https://tdilatam.freshdesk.com:443 "GET /api/v2/tickets/33411 HTTP/1.1" 200 None
2025-10-31 09:41:13 - urllib3.connectionpool - DEBUG - Starting new HTTPS connection (1): tdilatam.freshdesk.com:443
2025-10-31 09:41:14 - urllib3.connectionpool - DEBUG - https://tdilatam.freshdesk.com:443 "GET /api/v2/tickets/33412 HTTP/1.1" 200 None
2025-10-31 09:41:14 - urllib3.connectionpool - DEBUG - Starting new HTTPS connection (1): tdilatam.freshdesk.com:443
2025-10-31 09:41:15 - urllib3.connectionpool - DEBUG - https://tdilatam.freshdesk.com:443 "GET /api/v2/tickets/33413 HTTP/1.1" 200 None
2025-10-31 09:41:15 - urllib3.connectionpool - DEBUG - Starting new HTTPS connection (1): tdilatam.freshdesk.com:443
2025-10-31 09:41:16 - urllib3.connectionpool - DEBUG - https://tdilatam.freshdesk.com:443 "GET /api/v2/tickets/33414 HTTP/1.1" 200 None
2025-10-31 09:41:16 - urllib3.connectionpool - DEBUG - Starting new HTTPS connection (1): tdilatam.freshdesk.com:443
2025-10-31 09:41:17 - urllib3.connectionpool - DEBUG - https://tdilatam.freshdesk.com:443 "GET /api/v2/tickets/33416 HTTP/1.1" 200 None
2025-10-31 09:41:17 - urllib3.connectionpool - DEBUG - Starting new HTTPS connection (1): tdilatam.freshdesk.com:443
2025-10-31 09:41:18 - urllib3.connectionpool - DEBUG - https://tdilatam.freshdesk.com:443 "GET /api/v2/tickets/33417 HTTP/1.1" 200 None
2025-10-31 09:41:19 - urllib3.connectionpool - DEBUG - Starting new HTTPS connection (1): tdilatam.freshdesk.com:443
2025-10-31 09:41:20 - urllib3.connectionpool - DEBUG - https://tdilatam.freshdesk.com:443 "GET /api/v2/tickets/33418 HTTP/1.1" 200 None
2025-10-31 09:41:20 - urllib3.connectionpool - DEBUG - Starting new HTTPS connection (1): tdilatam.freshdesk.com:443
2025-10-31 09:41:21 - urllib3.connectionpool - DEBUG - https://tdilatam.freshdesk.com:443 "GET /api/v2/tickets/33419 HTTP/1.1" 200 None
2025-10-31 09:41:21 - urllib3.connectionpool - DEBUG - Starting new HTTPS connection (1): tdilatam.freshdesk.com:443
2025-10-31 09:41:21 - urllib3.connectionpool - DEBUG - https://tdilatam.freshdesk.com:443 "GET /api/v2/tickets/33420 HTTP/1.1" 200 None
2025-10-31 09:41:22 - urllib3.connectionpool - DEBUG - Starting new HTTPS connection (1): tdilatam.freshdesk.com:443
2025-10-31 09:41:22 - urllib3.connectionpool - DEBUG - https://tdilatam.freshdesk.com:443 "GET /api/v2/tickets/33421 HTTP/1.1" 200 None
2025-10-31 09:41:22 - urllib3.connectionpool - DEBUG - Starting new HTTPS connection (1): tdilatam.freshdesk.com:443
2025-10-31 09:41:23 - urllib3.connectionpool - DEBUG - https://tdilatam.freshdesk.com:443 "GET /api/v2/tickets/33422 HTTP/1.1" 200 None
2025-10-31 09:41:23 - urllib3.connectionpool - DEBUG - Starting new HTTPS connection (1): tdilatam.freshdesk.com:443
2025-10-31 09:41:24 - urllib3.connectionpool - DEBUG - https://tdilatam.freshdesk.com:443 "GET /api/v2/tickets/33423 HTTP/1.1" 200 None
2025-10-31 09:41:24 - urllib3.connectionpool - DEBUG - Starting new HTTPS connection (1): tdilatam.freshdesk.com:443
2025-10-31 09:41:25 - urllib3.connectionpool - DEBUG - https://tdilatam.freshdesk.com:443 "GET /api/v2/tickets/33425 HTTP/1.1" 200 None
2025-10-31 09:41:25 - urllib3.connectionpool - DEBUG - Starting new HTTPS connection (1): tdilatam.freshdesk.com:443
2025-10-31 09:41:26 - urllib3.connectionpool - DEBUG - https://tdilatam.freshdesk.com:443 "GET /api/v2/tickets/33426 HTTP/1.1" 200 None
2025-10-31 09:41:26 - urllib3.connectionpool - DEBUG - Starting new HTTPS connection (1): tdilatam.freshdesk.com:443
2025-10-31 09:41:27 - urllib3.connectionpool - DEBUG - https://tdilatam.freshdesk.com:443 "GET /api/v2/tickets/33427 HTTP/1.1" 200 None
2025-10-31 09:41:27 - urllib3.connectionpool - DEBUG - Starting new HTTPS connection (1): tdilatam.freshdesk.com:443
2025-10-31 09:41:27 - urllib3.connectionpool - DEBUG - https://tdilatam.freshdesk.com:443 "GET /api/v2/tickets/33428 HTTP/1.1" 200 None
2025-10-31 09:41:28 - urllib3.connectionpool - DEBUG - Starting new HTTPS connection (1): tdilatam.freshdesk.com:443
2025-10-31 09:41:29 - urllib3.connectionpool - DEBUG - https://tdilatam.freshdesk.com:443 "GET /api/v2/tickets/33429 HTTP/1.1" 200 None
2025-10-31 09:41:29 - urllib3.connectionpool - DEBUG - Starting new HTTPS connection (1): tdilatam.freshdesk.com:443
2025-10-31 09:41:30 - urllib3.connectionpool - DEBUG - https://tdilatam.freshdesk.com:443 "GET /api/v2/tickets/33430 HTTP/1.1" 200 None
2025-10-31 09:41:30 - urllib3.connectionpool - DEBUG - Starting new HTTPS connection (1): tdilatam.freshdesk.com:443
2025-10-31 09:41:31 - urllib3.connectionpool - DEBUG - https://tdilatam.freshdesk.com:443 "GET /api/v2/tickets/33431 HTTP/1.1" 200 None
2025-10-31 09:41:31 - urllib3.connectionpool - DEBUG - Starting new HTTPS connection (1): tdilatam.freshdesk.com:443
2025-10-31 09:41:32 - urllib3.connectionpool - DEBUG - https://tdilatam.freshdesk.com:443 "GET /api/v2/tickets/33432 HTTP/1.1" 200 None
2025-10-31 09:41:32 - urllib3.connectionpool - DEBUG - Starting new HTTPS connection (1): tdilatam.freshdesk.com:443
2025-10-31 09:41:33 - urllib3.connectionpool - DEBUG - https://tdilatam.freshdesk.com:443 "GET /api/v2/tickets/33433 HTTP/1.1" 200 None
2025-10-31 09:41:33 - urllib3.connectionpool - DEBUG - Starting new HTTPS connection (1): tdilatam.freshdesk.com:443
2025-10-31 09:41:34 - urllib3.connectionpool - DEBUG - https://tdilatam.freshdesk.com:443 "GET /api/v2/tickets/33434 HTTP/1.1" 200 None
2025-10-31 09:41:34 - urllib3.connectionpool - DEBUG - Starting new HTTPS connection (1): tdilatam.freshdesk.com:443
2025-10-31 09:41:35 - urllib3.connectionpool - DEBUG - https://tdilatam.freshdesk.com:443 "GET /api/v2/tickets/33435 HTTP/1.1" 200 None
2025-10-31 09:41:35 - urllib3.connectionpool - DEBUG - Starting new HTTPS connection (1): tdilatam.freshdesk.com:443
2025-10-31 09:41:35 - urllib3.connectionpool - DEBUG - https://tdilatam.freshdesk.com:443 "GET /api/v2/tickets/33436 HTTP/1.1" 200 None
2025-10-31 09:41:35 - urllib3.connectionpool - DEBUG - Starting new HTTPS connection (1): tdilatam.freshdesk.com:443
2025-10-31 09:41:36 - urllib3.connectionpool - DEBUG - https://tdilatam.freshdesk.com:443 "GET /api/v2/tickets/33437 HTTP/1.1" 200 None
2025-10-31 09:41:36 - urllib3.connectionpool - DEBUG - Starting new HTTPS connection (1): tdilatam.freshdesk.com:443
2025-10-31 09:41:37 - urllib3.connectionpool - DEBUG - https://tdilatam.freshdesk.com:443 "GET /api/v2/tickets/33439 HTTP/1.1" 200 None
2025-10-31 09:41:38 - urllib3.connectionpool - DEBUG - Starting new HTTPS connection (1): tdilatam.freshdesk.com:443
2025-10-31 09:41:39 - urllib3.connectionpool - DEBUG - https://tdilatam.freshdesk.com:443 "GET /api/v2/tickets/33440 HTTP/1.1" 200 None
2025-10-31 09:41:39 - urllib3.connectionpool - DEBUG - Starting new HTTPS connection (1): tdilatam.freshdesk.com:443
2025-10-31 09:41:40 - urllib3.connectionpool - DEBUG - https://tdilatam.freshdesk.com:443 "GET /api/v2/tickets/33441 HTTP/1.1" 200 None
2025-10-31 09:41:40 - urllib3.connectionpool - DEBUG - Starting new HTTPS connection (1): tdilatam.freshdesk.com:443
2025-10-31 09:41:41 - urllib3.connectionpool - DEBUG - https://tdilatam.freshdesk.com:443 "GET /api/v2/tickets/33442 HTTP/1.1" 200 None
2025-10-31 09:41:41 - urllib3.connectionpool - DEBUG - Starting new HTTPS connection (1): tdilatam.freshdesk.com:443
2025-10-31 09:41:43 - urllib3.connectionpool - DEBUG - https://tdilatam.freshdesk.com:443 "GET /api/v2/tickets/33443 HTTP/1.1" 200 None
2025-10-31 09:41:43 - urllib3.connectionpool - DEBUG - Starting new HTTPS connection (1): tdilatam.freshdesk.com:443
2025-10-31 09:41:44 - urllib3.connectionpool - DEBUG - https://tdilatam.freshdesk.com:443 "GET /api/v2/tickets/33445 HTTP/1.1" 200 None
2025-10-31 09:41:44 - urllib3.connectionpool - DEBUG - Starting new HTTPS connection (1): tdilatam.freshdesk.com:443
2025-10-31 09:41:44 - urllib3.connectionpool - DEBUG - https://tdilatam.freshdesk.com:443 "GET /api/v2/tickets/33446 HTTP/1.1" 200 None
2025-10-31 09:41:44 - urllib3.connectionpool - DEBUG - Starting new HTTPS connection (1): tdilatam.freshdesk.com:443
2025-10-31 09:41:45 - urllib3.connectionpool - DEBUG - https://tdilatam.freshdesk.com:443 "GET /api/v2/tickets/33447 HTTP/1.1" 200 None
2025-10-31 09:41:45 - urllib3.connectionpool - DEBUG - Starting new HTTPS connection (1): tdilatam.freshdesk.com:443
2025-10-31 09:41:46 - urllib3.connectionpool - DEBUG - https://tdilatam.freshdesk.com:443 "GET /api/v2/tickets/33448 HTTP/1.1" 200 None
2025-10-31 09:41:46 - urllib3.connectionpool - DEBUG - Starting new HTTPS connection (1): tdilatam.freshdesk.com:443
2025-10-31 09:41:47 - urllib3.connectionpool - DEBUG - https://tdilatam.freshdesk.com:443 "GET /api/v2/tickets/33449 HTTP/1.1" 200 None
2025-10-31 09:41:47 - urllib3.connectionpool - DEBUG - Starting new HTTPS connection (1): tdilatam.freshdesk.com:443
2025-10-31 09:41:48 - urllib3.connectionpool - DEBUG - https://tdilatam.freshdesk.com:443 "GET /api/v2/tickets/33450 HTTP/1.1" 200 None
2025-10-31 09:41:49 - urllib3.connectionpool - DEBUG - Starting new HTTPS connection (1): tdilatam.freshdesk.com:443
2025-10-31 09:41:50 - urllib3.connectionpool - DEBUG - https://tdilatam.freshdesk.com:443 "GET /api/v2/tickets/33451 HTTP/1.1" 200 None
2025-10-31 09:41:50 - urllib3.connectionpool - DEBUG - Starting new HTTPS connection (1): tdilatam.freshdesk.com:443
2025-10-31 09:41:51 - urllib3.connectionpool - DEBUG - https://tdilatam.freshdesk.com:443 "GET /api/v2/tickets/33452 HTTP/1.1" 200 None
2025-10-31 09:41:51 - urllib3.connectionpool - DEBUG - Starting new HTTPS connection (1): tdilatam.freshdesk.com:443
2025-10-31 09:41:51 - urllib3.connectionpool - DEBUG - https://tdilatam.freshdesk.com:443 "GET /api/v2/tickets/33453 HTTP/1.1" 200 None
2025-10-31 09:41:52 - urllib3.connectionpool - DEBUG - Starting new HTTPS connection (1): tdilatam.freshdesk.com:443
2025-10-31 09:41:52 - urllib3.connectionpool - DEBUG - https://tdilatam.freshdesk.com:443 "GET /api/v2/tickets/33454 HTTP/1.1" 200 None
2025-10-31 09:41:52 - urllib3.connectionpool - DEBUG - Starting new HTTPS connection (1): tdilatam.freshdesk.com:443
2025-10-31 09:41:53 - urllib3.connectionpool - DEBUG - https://tdilatam.freshdesk.com:443 "GET /api/v2/tickets/33455 HTTP/1.1" 200 None
2025-10-31 09:41:53 - urllib3.connectionpool - DEBUG - Starting new HTTPS connection (1): tdilatam.freshdesk.com:443
2025-10-31 09:41:54 - urllib3.connectionpool - DEBUG - https://tdilatam.freshdesk.com:443 "GET /api/v2/tickets/33456 HTTP/1.1" 200 None
2025-10-31 09:41:54 - urllib3.connectionpool - DEBUG - Starting new HTTPS connection (1): tdilatam.freshdesk.com:443
2025-10-31 09:41:55 - urllib3.connectionpool - DEBUG - https://tdilatam.freshdesk.com:443 "GET /api/v2/tickets/33457 HTTP/1.1" 200 None
2025-10-31 09:41:55 - urllib3.connectionpool - DEBUG - Starting new HTTPS connection (1): tdilatam.freshdesk.com:443
2025-10-31 09:41:56 - urllib3.connectionpool - DEBUG - https://tdilatam.freshdesk.com:443 "GET /api/v2/tickets/33458 HTTP/1.1" 200 None
2025-10-31 09:41:56 - urllib3.connectionpool - DEBUG - Starting new HTTPS connection (1): tdilatam.freshdesk.com:443
2025-10-31 09:41:57 - urllib3.connectionpool - DEBUG - https://tdilatam.freshdesk.com:443 "GET /api/v2/tickets/33461 HTTP/1.1" 200 None
2025-10-31 09:41:57 - urllib3.connectionpool - DEBUG - Starting new HTTPS connection (1): tdilatam.freshdesk.com:443
2025-10-31 09:41:58 - urllib3.connectionpool - DEBUG - https://tdilatam.freshdesk.com:443 "GET /api/v2/tickets/33463 HTTP/1.1" 200 None
2025-10-31 09:41:59 - urllib3.connectionpool - DEBUG - Starting new HTTPS connection (1): tdilatam.freshdesk.com:443
2025-10-31 09:41:59 - urllib3.connectionpool - DEBUG - https://tdilatam.freshdesk.com:443 "GET /api/v2/tickets/33464 HTTP/1.1" 200 None
2025-10-31 09:41:59 - urllib3.connectionpool - DEBUG - Starting new HTTPS connection (1): tdilatam.freshdesk.com:443
2025-10-31 09:42:00 - urllib3.connectionpool - DEBUG - https://tdilatam.freshdesk.com:443 "GET /api/v2/tickets/33465 HTTP/1.1" 200 None
2025-10-31 09:42:00 - urllib3.connectionpool - DEBUG - Starting new HTTPS connection (1): tdilatam.freshdesk.com:443
2025-10-31 09:42:01 - urllib3.connectionpool - DEBUG - https://tdilatam.freshdesk.com:443 "GET /api/v2/tickets/33466 HTTP/1.1" 200 None
2025-10-31 09:42:01 - urllib3.connectionpool - DEBUG - Starting new HTTPS connection (1): tdilatam.freshdesk.com:443
2025-10-31 09:42:02 - urllib3.connectionpool - DEBUG - https://tdilatam.freshdesk.com:443 "GET /api/v2/tickets/33467 HTTP/1.1" 200 None
2025-10-31 09:42:02 - urllib3.connectionpool - DEBUG - Starting new HTTPS connection (1): tdilatam.freshdesk.com:443
2025-10-31 09:42:03 - urllib3.connectionpool - DEBUG - https://tdilatam.freshdesk.com:443 "GET /api/v2/tickets/33468 HTTP/1.1" 200 None
2025-10-31 09:42:03 - urllib3.connectionpool - DEBUG - Starting new HTTPS connection (1): tdilatam.freshdesk.com:443
2025-10-31 09:42:04 - urllib3.connectionpool - DEBUG - https://tdilatam.freshdesk.com:443 "GET /api/v2/tickets/33469 HTTP/1.1" 200 None
2025-10-31 09:42:04 - urllib3.connectionpool - DEBUG - Starting new HTTPS connection (1): tdilatam.freshdesk.com:443
2025-10-31 09:42:04 - urllib3.connectionpool - DEBUG - https://tdilatam.freshdesk.com:443 "GET /api/v2/tickets/33470 HTTP/1.1" 200 None
2025-10-31 09:42:05 - urllib3.connectionpool - DEBUG - Starting new HTTPS connection (1): tdilatam.freshdesk.com:443
2025-10-31 09:42:05 - urllib3.connectionpool - DEBUG - https://tdilatam.freshdesk.com:443 "GET /api/v2/tickets/33471 HTTP/1.1" 200 None
2025-10-31 09:42:05 - urllib3.connectionpool - DEBUG - Starting new HTTPS connection (1): tdilatam.freshdesk.com:443
2025-10-31 09:42:06 - urllib3.connectionpool - DEBUG - https://tdilatam.freshdesk.com:443 "GET /api/v2/tickets/33472 HTTP/1.1" 200 None
2025-10-31 09:42:06 - urllib3.connectionpool - DEBUG - Starting new HTTPS connection (1): tdilatam.freshdesk.com:443
2025-10-31 09:42:07 - urllib3.connectionpool - DEBUG - https://tdilatam.freshdesk.com:443 "GET /api/v2/tickets/33473 HTTP/1.1" 200 None
2025-10-31 09:42:08 - urllib3.connectionpool - DEBUG - Starting new HTTPS connection (1): tdilatam.freshdesk.com:443
2025-10-31 09:42:09 - urllib3.connectionpool - DEBUG - https://tdilatam.freshdesk.com:443 "GET /api/v2/tickets/33474 HTTP/1.1" 200 None
2025-10-31 09:42:09 - urllib3.connectionpool - DEBUG - Starting new HTTPS connection (1): tdilatam.freshdesk.com:443
2025-10-31 09:42:10 - urllib3.connectionpool - DEBUG - https://tdilatam.freshdesk.com:443 "GET /api/v2/tickets/33475 HTTP/1.1" 200 None
2025-10-31 09:42:10 - urllib3.connectionpool - DEBUG - Starting new HTTPS connection (1): tdilatam.freshdesk.com:443
2025-10-31 09:42:11 - urllib3.connectionpool - DEBUG - https://tdilatam.freshdesk.com:443 "GET /api/v2/tickets/33476 HTTP/1.1" 200 None
2025-10-31 09:42:11 - urllib3.connectionpool - DEBUG - Starting new HTTPS connection (1): tdilatam.freshdesk.com:443
2025-10-31 09:42:12 - urllib3.connectionpool - DEBUG - https://tdilatam.freshdesk.com:443 "GET /api/v2/tickets/33478 HTTP/1.1" 200 None
2025-10-31 09:42:12 - urllib3.connectionpool - DEBUG - Starting new HTTPS connection (1): tdilatam.freshdesk.com:443
2025-10-31 09:42:12 - urllib3.connectionpool - DEBUG - https://tdilatam.freshdesk.com:443 "GET /api/v2/tickets/33479 HTTP/1.1" 200 None
2025-10-31 09:42:12 - urllib3.connectionpool - DEBUG - Starting new HTTPS connection (1): tdilatam.freshdesk.com:443
2025-10-31 09:42:13 - urllib3.connectionpool - DEBUG - https://tdilatam.freshdesk.com:443 "GET /api/v2/tickets/33480 HTTP/1.1" 200 None
2025-10-31 09:42:13 - urllib3.connectionpool - DEBUG - Starting new HTTPS connection (1): tdilatam.freshdesk.com:443
2025-10-31 09:42:14 - urllib3.connectionpool - DEBUG - https://tdilatam.freshdesk.com:443 "GET /api/v2/tickets/33481 HTTP/1.1" 200 None
2025-10-31 09:42:14 - urllib3.connectionpool - DEBUG - Starting new HTTPS connection (1): tdilatam.freshdesk.com:443
2025-10-31 09:42:15 - urllib3.connectionpool - DEBUG - https://tdilatam.freshdesk.com:443 "GET /api/v2/tickets/33484 HTTP/1.1" 200 None
2025-10-31 09:42:15 - urllib3.connectionpool - DEBUG - Starting new HTTPS connection (1): tdilatam.freshdesk.com:443
2025-10-31 09:42:16 - urllib3.connectionpool - DEBUG - https://tdilatam.freshdesk.com:443 "GET /api/v2/tickets/33485 HTTP/1.1" 200 None
2025-10-31 09:42:16 - urllib3.connectionpool - DEBUG - Starting new HTTPS connection (1): tdilatam.freshdesk.com:443
2025-10-31 09:42:17 - urllib3.connectionpool - DEBUG - https://tdilatam.freshdesk.com:443 "GET /api/v2/tickets/33486 HTTP/1.1" 200 None
2025-10-31 09:42:18 - urllib3.connectionpool - DEBUG - Starting new HTTPS connection (1): tdilatam.freshdesk.com:443
2025-10-31 09:42:18 - urllib3.connectionpool - DEBUG - https://tdilatam.freshdesk.com:443 "GET /api/v2/tickets/33487 HTTP/1.1" 200 None
2025-10-31 09:42:18 - urllib3.connectionpool - DEBUG - Starting new HTTPS connection (1): tdilatam.freshdesk.com:443
2025-10-31 09:42:19 - urllib3.connectionpool - DEBUG - https://tdilatam.freshdesk.com:443 "GET /api/v2/tickets/33488 HTTP/1.1" 200 None
2025-10-31 09:42:19 - urllib3.connectionpool - DEBUG - Starting new HTTPS connection (1): tdilatam.freshdesk.com:443
2025-10-31 09:42:20 - urllib3.connectionpool - DEBUG - https://tdilatam.freshdesk.com:443 "GET /api/v2/tickets/33489 HTTP/1.1" 200 None
2025-10-31 09:42:20 - urllib3.connectionpool - DEBUG - Starting new HTTPS connection (1): tdilatam.freshdesk.com:443
2025-10-31 09:42:21 - urllib3.connectionpool - DEBUG - https://tdilatam.freshdesk.com:443 "GET /api/v2/tickets/33490 HTTP/1.1" 200 None
2025-10-31 09:42:21 - urllib3.connectionpool - DEBUG - Starting new HTTPS connection (1): tdilatam.freshdesk.com:443
2025-10-31 09:42:22 - urllib3.connectionpool - DEBUG - https://tdilatam.freshdesk.com:443 "GET /api/v2/tickets/33491 HTTP/1.1" 200 None
2025-10-31 09:42:22 - urllib3.connectionpool - DEBUG - Starting new HTTPS connection (1): tdilatam.freshdesk.com:443
2025-10-31 09:42:23 - urllib3.connectionpool - DEBUG - https://tdilatam.freshdesk.com:443 "GET /api/v2/tickets/33494 HTTP/1.1" 200 None
2025-10-31 09:42:23 - urllib3.connectionpool - DEBUG - Starting new HTTPS connection (1): tdilatam.freshdesk.com:443
2025-10-31 09:42:24 - urllib3.connectionpool - DEBUG - https://tdilatam.freshdesk.com:443 "GET /api/v2/tickets/33495 HTTP/1.1" 200 None
2025-10-31 09:42:24 - urllib3.connectionpool - DEBUG - Starting new HTTPS connection (1): tdilatam.freshdesk.com:443
2025-10-31 09:42:25 - urllib3.connectionpool - DEBUG - https://tdilatam.freshdesk.com:443 "GET /api/v2/tickets/33496 HTTP/1.1" 200 None
2025-10-31 09:42:25 - urllib3.connectionpool - DEBUG - Starting new HTTPS connection (1): tdilatam.freshdesk.com:443
2025-10-31 09:42:25 - urllib3.connectionpool - DEBUG - https://tdilatam.freshdesk.com:443 "GET /api/v2/tickets/33497 HTTP/1.1" 200 None
2025-10-31 09:42:25 - urllib3.connectionpool - DEBUG - Starting new HTTPS connection (1): tdilatam.freshdesk.com:443
2025-10-31 09:42:26 - urllib3.connectionpool - DEBUG - https://tdilatam.freshdesk.com:443 "GET /api/v2/tickets/33498 HTTP/1.1" 200 None
2025-10-31 09:42:27 - urllib3.connectionpool - DEBUG - Starting new HTTPS connection (1): tdilatam.freshdesk.com:443
2025-10-31 09:42:28 - urllib3.connectionpool - DEBUG - https://tdilatam.freshdesk.com:443 "GET /api/v2/tickets/33500 HTTP/1.1" 200 None
2025-10-31 09:42:28 - urllib3.connectionpool - DEBUG - Starting new HTTPS connection (1): tdilatam.freshdesk.com:443
2025-10-31 09:42:29 - urllib3.connectionpool - DEBUG - https://tdilatam.freshdesk.com:443 "GET /api/v2/tickets/33501 HTTP/1.1" 200 None
2025-10-31 09:42:29 - urllib3.connectionpool - DEBUG - Starting new HTTPS connection (1): tdilatam.freshdesk.com:443
2025-10-31 09:42:30 - urllib3.connectionpool - DEBUG - https://tdilatam.freshdesk.com:443 "GET /api/v2/tickets/33502 HTTP/1.1" 200 None
2025-10-31 09:42:30 - urllib3.connectionpool - DEBUG - Starting new HTTPS connection (1): tdilatam.freshdesk.com:443
2025-10-31 09:42:31 - urllib3.connectionpool - DEBUG - https://tdilatam.freshdesk.com:443 "GET /api/v2/tickets/33503 HTTP/1.1" 200 None
2025-10-31 09:42:31 - urllib3.connectionpool - DEBUG - Starting new HTTPS connection (1): tdilatam.freshdesk.com:443
2025-10-31 09:42:32 - urllib3.connectionpool - DEBUG - https://tdilatam.freshdesk.com:443 "GET /api/v2/tickets/33504 HTTP/1.1" 200 None
2025-10-31 09:42:32 - urllib3.connectionpool - DEBUG - Starting new HTTPS connection (1): tdilatam.freshdesk.com:443
2025-10-31 09:42:32 - urllib3.connectionpool - DEBUG - https://tdilatam.freshdesk.com:443 "GET /api/v2/tickets/33505 HTTP/1.1" 200 None
2025-10-31 09:42:32 - urllib3.connectionpool - DEBUG - Starting new HTTPS connection (1): tdilatam.freshdesk.com:443
2025-10-31 09:42:33 - urllib3.connectionpool - DEBUG - https://tdilatam.freshdesk.com:443 "GET /api/v2/tickets/33506 HTTP/1.1" 200 None
2025-10-31 09:42:33 - urllib3.connectionpool - DEBUG - Starting new HTTPS connection (1): tdilatam.freshdesk.com:443
2025-10-31 09:42:34 - urllib3.connectionpool - DEBUG - https://tdilatam.freshdesk.com:443 "GET /api/v2/tickets/33507 HTTP/1.1" 200 None
2025-10-31 09:42:34 - urllib3.connectionpool - DEBUG - Starting new HTTPS connection (1): tdilatam.freshdesk.com:443
2025-10-31 09:42:35 - urllib3.connectionpool - DEBUG - https://tdilatam.freshdesk.com:443 "GET /api/v2/tickets/33508 HTTP/1.1" 200 None
2025-10-31 09:42:35 - urllib3.connectionpool - DEBUG - Starting new HTTPS connection (1): tdilatam.freshdesk.com:443
2025-10-31 09:42:36 - urllib3.connectionpool - DEBUG - https://tdilatam.freshdesk.com:443 "GET /api/v2/tickets/33509 HTTP/1.1" 200 None
2025-10-31 09:42:37 - urllib3.connectionpool - DEBUG - Starting new HTTPS connection (1): tdilatam.freshdesk.com:443
2025-10-31 09:42:38 - urllib3.connectionpool - DEBUG - https://tdilatam.freshdesk.com:443 "GET /api/v2/tickets/33510 HTTP/1.1" 200 None
2025-10-31 09:42:38 - urllib3.connectionpool - DEBUG - Starting new HTTPS connection (1): tdilatam.freshdesk.com:443
2025-10-31 09:42:38 - urllib3.connectionpool - DEBUG - https://tdilatam.freshdesk.com:443 "GET /api/v2/tickets/33511 HTTP/1.1" 200 None
2025-10-31 09:42:38 - urllib3.connectionpool - DEBUG - Starting new HTTPS connection (1): tdilatam.freshdesk.com:443
2025-10-31 09:42:39 - urllib3.connectionpool - DEBUG - https://tdilatam.freshdesk.com:443 "GET /api/v2/tickets/33512 HTTP/1.1" 200 None
2025-10-31 09:42:39 - urllib3.connectionpool - DEBUG - Starting new HTTPS connection (1): tdilatam.freshdesk.com:443
2025-10-31 09:42:40 - urllib3.connectionpool - DEBUG - https://tdilatam.freshdesk.com:443 "GET /api/v2/tickets/33513 HTTP/1.1" 200 None
2025-10-31 09:42:40 - urllib3.connectionpool - DEBUG - Starting new HTTPS connection (1): tdilatam.freshdesk.com:443
2025-10-31 09:42:41 - urllib3.connectionpool - DEBUG - https://tdilatam.freshdesk.com:443 "GET /api/v2/tickets/33514 HTTP/1.1" 200 None
2025-10-31 09:42:41 - urllib3.connectionpool - DEBUG - Starting new HTTPS connection (1): tdilatam.freshdesk.com:443
2025-10-31 09:42:42 - urllib3.connectionpool - DEBUG - https://tdilatam.freshdesk.com:443 "GET /api/v2/tickets/33516 HTTP/1.1" 200 None
2025-10-31 09:42:42 - urllib3.connectionpool - DEBUG - Starting new HTTPS connection (1): tdilatam.freshdesk.com:443
2025-10-31 09:42:43 - urllib3.connectionpool - DEBUG - https://tdilatam.freshdesk.com:443 "GET /api/v2/tickets/33517 HTTP/1.1" 200 None
2025-10-31 09:42:43 - urllib3.connectionpool - DEBUG - Starting new HTTPS connection (1): tdilatam.freshdesk.com:443
2025-10-31 09:42:44 - urllib3.connectionpool - DEBUG - https://tdilatam.freshdesk.com:443 "GET /api/v2/tickets/33519 HTTP/1.1" 200 None
2025-10-31 09:42:44 - urllib3.connectionpool - DEBUG - Starting new HTTPS connection (1): tdilatam.freshdesk.com:443
2025-10-31 09:42:45 - urllib3.connectionpool - DEBUG - https://tdilatam.freshdesk.com:443 "GET /api/v2/tickets/33521 HTTP/1.1" 200 None
2025-10-31 09:42:45 - urllib3.connectionpool - DEBUG - Starting new HTTPS connection (1): tdilatam.freshdesk.com:443
2025-10-31 09:42:45 - urllib3.connectionpool - DEBUG - https://tdilatam.freshdesk.com:443 "GET /api/v2/tickets/33522 HTTP/1.1" 200 None
2025-10-31 09:42:46 - urllib3.connectionpool - DEBUG - Starting new HTTPS connection (1): tdilatam.freshdesk.com:443
2025-10-31 09:42:47 - urllib3.connectionpool - DEBUG - https://tdilatam.freshdesk.com:443 "GET /api/v2/tickets/33523 HTTP/1.1" 200 None
2025-10-31 09:42:47 - urllib3.connectionpool - DEBUG - Starting new HTTPS connection (1): tdilatam.freshdesk.com:443
2025-10-31 09:42:48 - urllib3.connectionpool - DEBUG - https://tdilatam.freshdesk.com:443 "GET /api/v2/tickets/33524 HTTP/1.1" 200 None
2025-10-31 09:42:48 - urllib3.connectionpool - DEBUG - Starting new HTTPS connection (1): tdilatam.freshdesk.com:443
2025-10-31 09:42:49 - urllib3.connectionpool - DEBUG - https://tdilatam.freshdesk.com:443 "GET /api/v2/tickets/33525 HTTP/1.1" 200 None
2025-10-31 09:42:49 - urllib3.connectionpool - DEBUG - Starting new HTTPS connection (1): tdilatam.freshdesk.com:443
2025-10-31 09:42:50 - urllib3.connectionpool - DEBUG - https://tdilatam.freshdesk.com:443 "GET /api/v2/tickets/33526 HTTP/1.1" 200 None
2025-10-31 09:42:50 - urllib3.connectionpool - DEBUG - Starting new HTTPS connection (1): tdilatam.freshdesk.com:443
2025-10-31 09:42:51 - urllib3.connectionpool - DEBUG - https://tdilatam.freshdesk.com:443 "GET /api/v2/tickets/33527 HTTP/1.1" 200 None
2025-10-31 09:42:51 - urllib3.connectionpool - DEBUG - Starting new HTTPS connection (1): tdilatam.freshdesk.com:443
2025-10-31 09:42:52 - urllib3.connectionpool - DEBUG - https://tdilatam.freshdesk.com:443 "GET /api/v2/tickets/33528 HTTP/1.1" 200 None
2025-10-31 09:42:52 - urllib3.connectionpool - DEBUG - Starting new HTTPS connection (1): tdilatam.freshdesk.com:443
2025-10-31 09:42:53 - urllib3.connectionpool - DEBUG - https://tdilatam.freshdesk.com:443 "GET /api/v2/tickets/33529 HTTP/1.1" 200 None
2025-10-31 09:42:53 - urllib3.connectionpool - DEBUG - Starting new HTTPS connection (1): tdilatam.freshdesk.com:443
2025-10-31 09:42:53 - urllib3.connectionpool - DEBUG - https://tdilatam.freshdesk.com:443 "GET /api/v2/tickets/33531 HTTP/1.1" 200 None
2025-10-31 09:42:53 - urllib3.connectionpool - DEBUG - Starting new HTTPS connection (1): tdilatam.freshdesk.com:443
2025-10-31 09:42:54 - urllib3.connectionpool - DEBUG - https://tdilatam.freshdesk.com:443 "GET /api/v2/tickets/33533 HTTP/1.1" 200 None
2025-10-31 09:42:54 - urllib3.connectionpool - DEBUG - Starting new HTTPS connection (1): tdilatam.freshdesk.com:443
2025-10-31 09:42:55 - urllib3.connectionpool - DEBUG - https://tdilatam.freshdesk.com:443 "GET /api/v2/tickets/33535 HTTP/1.1" 200 None
2025-10-31 09:42:56 - urllib3.connectionpool - DEBUG - Starting new HTTPS connection (1): tdilatam.freshdesk.com:443
2025-10-31 09:42:57 - urllib3.connectionpool - DEBUG - https://tdilatam.freshdesk.com:443 "GET /api/v2/tickets/33536 HTTP/1.1" 200 None
2025-10-31 09:42:57 - urllib3.connectionpool - DEBUG - Starting new HTTPS connection (1): tdilatam.freshdesk.com:443
2025-10-31 09:42:58 - urllib3.connectionpool - DEBUG - https://tdilatam.freshdesk.com:443 "GET /api/v2/tickets/33537 HTTP/1.1" 200 None
2025-10-31 09:42:58 - urllib3.connectionpool - DEBUG - Starting new HTTPS connection (1): tdilatam.freshdesk.com:443
2025-10-31 09:42:59 - urllib3.connectionpool - DEBUG - https://tdilatam.freshdesk.com:443 "GET /api/v2/tickets/33538 HTTP/1.1" 200 None
2025-10-31 09:42:59 - urllib3.connectionpool - DEBUG - Starting new HTTPS connection (1): tdilatam.freshdesk.com:443
2025-10-31 09:43:00 - urllib3.connectionpool - DEBUG - https://tdilatam.freshdesk.com:443 "GET /api/v2/tickets/33539 HTTP/1.1" 200 None
2025-10-31 09:43:00 - urllib3.connectionpool - DEBUG - Starting new HTTPS connection (1): tdilatam.freshdesk.com:443
2025-10-31 09:43:01 - urllib3.connectionpool - DEBUG - https://tdilatam.freshdesk.com:443 "GET /api/v2/tickets/33540 HTTP/1.1" 200 None
2025-10-31 09:43:01 - urllib3.connectionpool - DEBUG - Starting new HTTPS connection (1): tdilatam.freshdesk.com:443
2025-10-31 09:43:01 - urllib3.connectionpool - DEBUG - https://tdilatam.freshdesk.com:443 "GET /api/v2/tickets/33541 HTTP/1.1" 200 None
2025-10-31 09:43:01 - urllib3.connectionpool - DEBUG - Starting new HTTPS connection (1): tdilatam.freshdesk.com:443
2025-10-31 09:43:02 - urllib3.connectionpool - DEBUG - https://tdilatam.freshdesk.com:443 "GET /api/v2/tickets/33542 HTTP/1.1" 200 None
2025-10-31 09:43:02 - urllib3.connectionpool - DEBUG - Starting new HTTPS connection (1): tdilatam.freshdesk.com:443
2025-10-31 09:43:03 - urllib3.connectionpool - DEBUG - https://tdilatam.freshdesk.com:443 "GET /api/v2/tickets/33543 HTTP/1.1" 200 None
2025-10-31 09:43:03 - urllib3.connectionpool - DEBUG - Starting new HTTPS connection (1): tdilatam.freshdesk.com:443
2025-10-31 09:43:04 - urllib3.connectionpool - DEBUG - https://tdilatam.freshdesk.com:443 "GET /api/v2/tickets/33544 HTTP/1.1" 200 None
2025-10-31 09:43:04 - urllib3.connectionpool - DEBUG - Starting new HTTPS connection (1): tdilatam.freshdesk.com:443
2025-10-31 09:43:05 - urllib3.connectionpool - DEBUG - https://tdilatam.freshdesk.com:443 "GET /api/v2/tickets/33545 HTTP/1.1" 200 None
2025-10-31 09:43:06 - urllib3.connectionpool - DEBUG - Starting new HTTPS connection (1): tdilatam.freshdesk.com:443
2025-10-31 09:43:07 - urllib3.connectionpool - DEBUG - https://tdilatam.freshdesk.com:443 "GET /api/v2/tickets/33546 HTTP/1.1" 200 None
2025-10-31 09:43:07 - urllib3.connectionpool - DEBUG - Starting new HTTPS connection (1): tdilatam.freshdesk.com:443
2025-10-31 09:43:08 - urllib3.connectionpool - DEBUG - https://tdilatam.freshdesk.com:443 "GET /api/v2/tickets/33549 HTTP/1.1" 200 None
2025-10-31 09:43:08 - urllib3.connectionpool - DEBUG - Starting new HTTPS connection (1): tdilatam.freshdesk.com:443
2025-10-31 09:43:08 - urllib3.connectionpool - DEBUG - https://tdilatam.freshdesk.com:443 "GET /api/v2/tickets/33550 HTTP/1.1" 200 None
2025-10-31 09:43:08 - urllib3.connectionpool - DEBUG - Starting new HTTPS connection (1): tdilatam.freshdesk.com:443
2025-10-31 09:43:09 - urllib3.connectionpool - DEBUG - https://tdilatam.freshdesk.com:443 "GET /api/v2/tickets/33552 HTTP/1.1" 200 None
2025-10-31 09:43:09 - urllib3.connectionpool - DEBUG - Starting new HTTPS connection (1): tdilatam.freshdesk.com:443
2025-10-31 09:43:10 - urllib3.connectionpool - DEBUG - https://tdilatam.freshdesk.com:443 "GET /api/v2/tickets/33555 HTTP/1.1" 200 None
2025-10-31 09:43:10 - urllib3.connectionpool - DEBUG - Starting new HTTPS connection (1): tdilatam.freshdesk.com:443
2025-10-31 09:43:11 - urllib3.connectionpool - DEBUG - https://tdilatam.freshdesk.com:443 "GET /api/v2/tickets/33556 HTTP/1.1" 200 None
2025-10-31 09:43:11 - urllib3.connectionpool - DEBUG - Starting new HTTPS connection (1): tdilatam.freshdesk.com:443
2025-10-31 09:43:12 - urllib3.connectionpool - DEBUG - https://tdilatam.freshdesk.com:443 "GET /api/v2/tickets/33557 HTTP/1.1" 200 None
2025-10-31 09:43:12 - urllib3.connectionpool - DEBUG - Starting new HTTPS connection (1): tdilatam.freshdesk.com:443
2025-10-31 09:43:13 - urllib3.connectionpool - DEBUG - https://tdilatam.freshdesk.com:443 "GET /api/v2/tickets/33558 HTTP/1.1" 200 None
2025-10-31 09:43:13 - urllib3.connectionpool - DEBUG - Starting new HTTPS connection (1): tdilatam.freshdesk.com:443
2025-10-31 09:43:13 - urllib3.connectionpool - DEBUG - https://tdilatam.freshdesk.com:443 "GET /api/v2/tickets/33559 HTTP/1.1" 200 None
2025-10-31 09:43:13 - urllib3.connectionpool - DEBUG - Starting new HTTPS connection (1): tdilatam.freshdesk.com:443
2025-10-31 09:43:14 - urllib3.connectionpool - DEBUG - https://tdilatam.freshdesk.com:443 "GET /api/v2/tickets/33560 HTTP/1.1" 200 None
2025-10-31 09:43:15 - urllib3.connectionpool - DEBUG - Starting new HTTPS connection (1): tdilatam.freshdesk.com:443
2025-10-31 09:43:16 - urllib3.connectionpool - DEBUG - https://tdilatam.freshdesk.com:443 "GET /api/v2/tickets/33561 HTTP/1.1" 200 None
2025-10-31 09:43:16 - urllib3.connectionpool - DEBUG - Starting new HTTPS connection (1): tdilatam.freshdesk.com:443
2025-10-31 09:43:17 - urllib3.connectionpool - DEBUG - https://tdilatam.freshdesk.com:443 "GET /api/v2/tickets/33563 HTTP/1.1" 200 None
2025-10-31 09:43:17 - urllib3.connectionpool - DEBUG - Starting new HTTPS connection (1): tdilatam.freshdesk.com:443
2025-10-31 09:43:18 - urllib3.connectionpool - DEBUG - https://tdilatam.freshdesk.com:443 "GET /api/v2/tickets/33564 HTTP/1.1" 200 None
2025-10-31 09:43:18 - urllib3.connectionpool - DEBUG - Starting new HTTPS connection (1): tdilatam.freshdesk.com:443
2025-10-31 09:43:19 - urllib3.connectionpool - DEBUG - https://tdilatam.freshdesk.com:443 "GET /api/v2/tickets/33565 HTTP/1.1" 200 None
2025-10-31 09:43:19 - urllib3.connectionpool - DEBUG - Starting new HTTPS connection (1): tdilatam.freshdesk.com:443
2025-10-31 09:43:20 - urllib3.connectionpool - DEBUG - https://tdilatam.freshdesk.com:443 "GET /api/v2/tickets/33566 HTTP/1.1" 200 None
2025-10-31 09:43:20 - urllib3.connectionpool - DEBUG - Starting new HTTPS connection (1): tdilatam.freshdesk.com:443
2025-10-31 09:43:21 - urllib3.connectionpool - DEBUG - https://tdilatam.freshdesk.com:443 "GET /api/v2/tickets/33567 HTTP/1.1" 200 None
2025-10-31 09:43:21 - urllib3.connectionpool - DEBUG - Starting new HTTPS connection (1): tdilatam.freshdesk.com:443
2025-10-31 09:43:22 - urllib3.connectionpool - DEBUG - https://tdilatam.freshdesk.com:443 "GET /api/v2/tickets/33568 HTTP/1.1" 200 None
2025-10-31 09:43:22 - urllib3.connectionpool - DEBUG - Starting new HTTPS connection (1): tdilatam.freshdesk.com:443
2025-10-31 09:43:23 - urllib3.connectionpool - DEBUG - https://tdilatam.freshdesk.com:443 "GET /api/v2/tickets/33569 HTTP/1.1" 200 None
2025-10-31 09:43:23 - urllib3.connectionpool - DEBUG - Starting new HTTPS connection (1): tdilatam.freshdesk.com:443
2025-10-31 09:43:24 - urllib3.connectionpool - DEBUG - https://tdilatam.freshdesk.com:443 "GET /api/v2/tickets/33570 HTTP/1.1" 200 None
2025-10-31 09:43:24 - urllib3.connectionpool - DEBUG - Starting new HTTPS connection (1): tdilatam.freshdesk.com:443
2025-10-31 09:43:25 - urllib3.connectionpool - DEBUG - https://tdilatam.freshdesk.com:443 "GET /api/v2/tickets/33572 HTTP/1.1" 200 None
2025-10-31 09:43:26 - urllib3.connectionpool - DEBUG - Starting new HTTPS connection (1): tdilatam.freshdesk.com:443
2025-10-31 09:43:27 - urllib3.connectionpool - DEBUG - https://tdilatam.freshdesk.com:443 "GET /api/v2/tickets/33573 HTTP/1.1" 200 None
2025-10-31 09:43:27 - urllib3.connectionpool - DEBUG - Starting new HTTPS connection (1): tdilatam.freshdesk.com:443
2025-10-31 09:43:29 - urllib3.connectionpool - DEBUG - https://tdilatam.freshdesk.com:443 "GET /api/v2/tickets/33574 HTTP/1.1" 200 None
2025-10-31 09:43:29 - urllib3.connectionpool - DEBUG - Starting new HTTPS connection (1): tdilatam.freshdesk.com:443
2025-10-31 09:43:30 - urllib3.connectionpool - DEBUG - https://tdilatam.freshdesk.com:443 "GET /api/v2/tickets/33575 HTTP/1.1" 200 None
2025-10-31 09:43:30 - urllib3.connectionpool - DEBUG - Starting new HTTPS connection (1): tdilatam.freshdesk.com:443
2025-10-31 09:43:31 - urllib3.connectionpool - DEBUG - https://tdilatam.freshdesk.com:443 "GET /api/v2/tickets/33576 HTTP/1.1" 200 None
2025-10-31 09:43:31 - urllib3.connectionpool - DEBUG - Starting new HTTPS connection (1): tdilatam.freshdesk.com:443
2025-10-31 09:43:33 - urllib3.connectionpool - DEBUG - https://tdilatam.freshdesk.com:443 "GET /api/v2/tickets/33577 HTTP/1.1" 200 None
2025-10-31 09:43:33 - urllib3.connectionpool - DEBUG - Starting new HTTPS connection (1): tdilatam.freshdesk.com:443
2025-10-31 09:43:35 - urllib3.connectionpool - DEBUG - https://tdilatam.freshdesk.com:443 "GET /api/v2/tickets/33578 HTTP/1.1" 200 None
2025-10-31 09:43:35 - urllib3.connectionpool - DEBUG - Starting new HTTPS connection (1): tdilatam.freshdesk.com:443
2025-10-31 09:43:36 - urllib3.connectionpool - DEBUG - https://tdilatam.freshdesk.com:443 "GET /api/v2/tickets/33579 HTTP/1.1" 200 None
2025-10-31 09:43:36 - urllib3.connectionpool - DEBUG - Starting new HTTPS connection (1): tdilatam.freshdesk.com:443
2025-10-31 09:43:37 - urllib3.connectionpool - DEBUG - https://tdilatam.freshdesk.com:443 "GET /api/v2/tickets/33580 HTTP/1.1" 200 None
2025-10-31 09:43:37 - urllib3.connectionpool - DEBUG - Starting new HTTPS connection (1): tdilatam.freshdesk.com:443
2025-10-31 09:43:38 - urllib3.connectionpool - DEBUG - https://tdilatam.freshdesk.com:443 "GET /api/v2/tickets/33581 HTTP/1.1" 200 None
2025-10-31 09:43:38 - urllib3.connectionpool - DEBUG - Starting new HTTPS connection (1): tdilatam.freshdesk.com:443
2025-10-31 09:43:39 - urllib3.connectionpool - DEBUG - https://tdilatam.freshdesk.com:443 "GET /api/v2/tickets/33582 HTTP/1.1" 200 None
2025-10-31 09:43:40 - urllib3.connectionpool - DEBUG - Starting new HTTPS connection (1): tdilatam.freshdesk.com:443
2025-10-31 09:43:41 - urllib3.connectionpool - DEBUG - https://tdilatam.freshdesk.com:443 "GET /api/v2/tickets/33583 HTTP/1.1" 200 None
2025-10-31 09:43:41 - urllib3.connectionpool - DEBUG - Starting new HTTPS connection (1): tdilatam.freshdesk.com:443
2025-10-31 09:43:42 - urllib3.connectionpool - DEBUG - https://tdilatam.freshdesk.com:443 "GET /api/v2/tickets/33585 HTTP/1.1" 200 None
2025-10-31 09:43:42 - urllib3.connectionpool - DEBUG - Starting new HTTPS connection (1): tdilatam.freshdesk.com:443
2025-10-31 09:43:43 - urllib3.connectionpool - DEBUG - https://tdilatam.freshdesk.com:443 "GET /api/v2/tickets/33586 HTTP/1.1" 200 None
2025-10-31 09:43:43 - urllib3.connectionpool - DEBUG - Starting new HTTPS connection (1): tdilatam.freshdesk.com:443
2025-10-31 09:43:43 - urllib3.connectionpool - DEBUG - https://tdilatam.freshdesk.com:443 "GET /api/v2/tickets/33589 HTTP/1.1" 200 None
2025-10-31 09:43:43 - urllib3.connectionpool - DEBUG - Starting new HTTPS connection (1): tdilatam.freshdesk.com:443
2025-10-31 09:43:44 - urllib3.connectionpool - DEBUG - https://tdilatam.freshdesk.com:443 "GET /api/v2/tickets/33590 HTTP/1.1" 200 None
2025-10-31 09:43:44 - urllib3.connectionpool - DEBUG - Starting new HTTPS connection (1): tdilatam.freshdesk.com:443
2025-10-31 09:43:45 - urllib3.connectionpool - DEBUG - https://tdilatam.freshdesk.com:443 "GET /api/v2/tickets/33591 HTTP/1.1" 200 None
2025-10-31 09:43:45 - urllib3.connectionpool - DEBUG - Starting new HTTPS connection (1): tdilatam.freshdesk.com:443
2025-10-31 09:43:46 - urllib3.connectionpool - DEBUG - https://tdilatam.freshdesk.com:443 "GET /api/v2/tickets/33592 HTTP/1.1" 200 None
2025-10-31 09:43:46 - urllib3.connectionpool - DEBUG - Starting new HTTPS connection (1): tdilatam.freshdesk.com:443
2025-10-31 09:43:47 - urllib3.connectionpool - DEBUG - https://tdilatam.freshdesk.com:443 "GET /api/v2/tickets/33593 HTTP/1.1" 200 None
2025-10-31 09:43:47 - urllib3.connectionpool - DEBUG - Starting new HTTPS connection (1): tdilatam.freshdesk.com:443
2025-10-31 09:43:48 - urllib3.connectionpool - DEBUG - https://tdilatam.freshdesk.com:443 "GET /api/v2/tickets/33594 HTTP/1.1" 200 None
2025-10-31 09:43:48 - urllib3.connectionpool - DEBUG - Starting new HTTPS connection (1): tdilatam.freshdesk.com:443
2025-10-31 09:43:49 - urllib3.connectionpool - DEBUG - https://tdilatam.freshdesk.com:443 "GET /api/v2/tickets/33595 HTTP/1.1" 200 None
2025-10-31 09:43:50 - urllib3.connectionpool - DEBUG - Starting new HTTPS connection (1): tdilatam.freshdesk.com:443
2025-10-31 09:43:51 - urllib3.connectionpool - DEBUG - https://tdilatam.freshdesk.com:443 "GET /api/v2/tickets/33596 HTTP/1.1" 200 None
2025-10-31 09:43:51 - urllib3.connectionpool - DEBUG - Starting new HTTPS connection (1): tdilatam.freshdesk.com:443
2025-10-31 09:43:51 - urllib3.connectionpool - DEBUG - https://tdilatam.freshdesk.com:443 "GET /api/v2/tickets/33597 HTTP/1.1" 200 None
2025-10-31 09:43:51 - urllib3.connectionpool - DEBUG - Starting new HTTPS connection (1): tdilatam.freshdesk.com:443
2025-10-31 09:43:52 - urllib3.connectionpool - DEBUG - https://tdilatam.freshdesk.com:443 "GET /api/v2/tickets/33598 HTTP/1.1" 200 None
2025-10-31 09:43:52 - urllib3.connectionpool - DEBUG - Starting new HTTPS connection (1): tdilatam.freshdesk.com:443
2025-10-31 09:43:53 - urllib3.connectionpool - DEBUG - https://tdilatam.freshdesk.com:443 "GET /api/v2/tickets/33599 HTTP/1.1" 200 None
2025-10-31 09:43:53 - urllib3.connectionpool - DEBUG - Starting new HTTPS connection (1): tdilatam.freshdesk.com:443
2025-10-31 09:43:54 - urllib3.connectionpool - DEBUG - https://tdilatam.freshdesk.com:443 "GET /api/v2/tickets/33600 HTTP/1.1" 200 None
2025-10-31 09:43:54 - urllib3.connectionpool - DEBUG - Starting new HTTPS connection (1): tdilatam.freshdesk.com:443
2025-10-31 09:43:55 - urllib3.connectionpool - DEBUG - https://tdilatam.freshdesk.com:443 "GET /api/v2/tickets/33601 HTTP/1.1" 200 None
2025-10-31 09:43:55 - urllib3.connectionpool - DEBUG - Starting new HTTPS connection (1): tdilatam.freshdesk.com:443
2025-10-31 09:43:56 - urllib3.connectionpool - DEBUG - https://tdilatam.freshdesk.com:443 "GET /api/v2/tickets/33602 HTTP/1.1" 200 None
2025-10-31 09:43:56 - urllib3.connectionpool - DEBUG - Starting new HTTPS connection (1): tdilatam.freshdesk.com:443
2025-10-31 09:43:56 - urllib3.connectionpool - DEBUG - https://tdilatam.freshdesk.com:443 "GET /api/v2/tickets/33604 HTTP/1.1" 200 None
2025-10-31 09:43:56 - urllib3.connectionpool - DEBUG - Starting new HTTPS connection (1): tdilatam.freshdesk.com:443
2025-10-31 09:43:57 - urllib3.connectionpool - DEBUG - https://tdilatam.freshdesk.com:443 "GET /api/v2/tickets/33605 HTTP/1.1" 200 None
2025-10-31 09:43:57 - urllib3.connectionpool - DEBUG - Starting new HTTPS connection (1): tdilatam.freshdesk.com:443
2025-10-31 09:43:58 - urllib3.connectionpool - DEBUG - https://tdilatam.freshdesk.com:443 "GET /api/v2/tickets/33606 HTTP/1.1" 200 None
2025-10-31 09:43:59 - urllib3.connectionpool - DEBUG - Starting new HTTPS connection (1): tdilatam.freshdesk.com:443
2025-10-31 09:44:00 - urllib3.connectionpool - DEBUG - https://tdilatam.freshdesk.com:443 "GET /api/v2/tickets/33607 HTTP/1.1" 200 None
2025-10-31 09:44:00 - urllib3.connectionpool - DEBUG - Starting new HTTPS connection (1): tdilatam.freshdesk.com:443
2025-10-31 09:44:01 - urllib3.connectionpool - DEBUG - https://tdilatam.freshdesk.com:443 "GET /api/v2/tickets/33608 HTTP/1.1" 200 None
2025-10-31 09:44:01 - urllib3.connectionpool - DEBUG - Starting new HTTPS connection (1): tdilatam.freshdesk.com:443
2025-10-31 09:44:02 - urllib3.connectionpool - DEBUG - https://tdilatam.freshdesk.com:443 "GET /api/v2/tickets/33611 HTTP/1.1" 200 None
2025-10-31 09:44:02 - urllib3.connectionpool - DEBUG - Starting new HTTPS connection (1): tdilatam.freshdesk.com:443
2025-10-31 09:44:02 - urllib3.connectionpool - DEBUG - https://tdilatam.freshdesk.com:443 "GET /api/v2/tickets/33612 HTTP/1.1" 200 None
2025-10-31 09:44:02 - urllib3.connectionpool - DEBUG - Starting new HTTPS connection (1): tdilatam.freshdesk.com:443
2025-10-31 09:44:03 - urllib3.connectionpool - DEBUG - https://tdilatam.freshdesk.com:443 "GET /api/v2/tickets/33613 HTTP/1.1" 200 None
2025-10-31 09:44:03 - urllib3.connectionpool - DEBUG - Starting new HTTPS connection (1): tdilatam.freshdesk.com:443
2025-10-31 09:44:04 - urllib3.connectionpool - DEBUG - https://tdilatam.freshdesk.com:443 "GET /api/v2/tickets/33614 HTTP/1.1" 200 None
2025-10-31 09:44:04 - urllib3.connectionpool - DEBUG - Starting new HTTPS connection (1): tdilatam.freshdesk.com:443
2025-10-31 09:44:06 - urllib3.connectionpool - DEBUG - https://tdilatam.freshdesk.com:443 "GET /api/v2/tickets/33615 HTTP/1.1" 200 None
2025-10-31 09:44:06 - urllib3.connectionpool - DEBUG - Starting new HTTPS connection (1): tdilatam.freshdesk.com:443
2025-10-31 09:44:07 - urllib3.connectionpool - DEBUG - https://tdilatam.freshdesk.com:443 "GET /api/v2/tickets/33616 HTTP/1.1" 200 None
2025-10-31 09:44:07 - urllib3.connectionpool - DEBUG - Starting new HTTPS connection (1): tdilatam.freshdesk.com:443
2025-10-31 09:44:07 - urllib3.connectionpool - DEBUG - https://tdilatam.freshdesk.com:443 "GET /api/v2/tickets/33617 HTTP/1.1" 200 None
2025-10-31 09:44:07 - urllib3.connectionpool - DEBUG - Starting new HTTPS connection (1): tdilatam.freshdesk.com:443
2025-10-31 09:44:08 - urllib3.connectionpool - DEBUG - https://tdilatam.freshdesk.com:443 "GET /api/v2/tickets/33618 HTTP/1.1" 200 None
2025-10-31 09:44:09 - urllib3.connectionpool - DEBUG - Starting new HTTPS connection (1): tdilatam.freshdesk.com:443
2025-10-31 09:44:10 - urllib3.connectionpool - DEBUG - https://tdilatam.freshdesk.com:443 "GET /api/v2/tickets/33619 HTTP/1.1" 200 None
2025-10-31 09:44:10 - urllib3.connectionpool - DEBUG - Starting new HTTPS connection (1): tdilatam.freshdesk.com:443
2025-10-31 09:44:11 - urllib3.connectionpool - DEBUG - https://tdilatam.freshdesk.com:443 "GET /api/v2/tickets/33620 HTTP/1.1" 200 None
2025-10-31 09:44:11 - urllib3.connectionpool - DEBUG - Starting new HTTPS connection (1): tdilatam.freshdesk.com:443
2025-10-31 09:44:12 - urllib3.connectionpool - DEBUG - https://tdilatam.freshdesk.com:443 "GET /api/v2/tickets/33621 HTTP/1.1" 200 None
2025-10-31 09:44:12 - urllib3.connectionpool - DEBUG - Starting new HTTPS connection (1): tdilatam.freshdesk.com:443
2025-10-31 09:44:13 - urllib3.connectionpool - DEBUG - https://tdilatam.freshdesk.com:443 "GET /api/v2/tickets/33622 HTTP/1.1" 200 None
2025-10-31 09:44:13 - urllib3.connectionpool - DEBUG - Starting new HTTPS connection (1): tdilatam.freshdesk.com:443
2025-10-31 09:44:14 - urllib3.connectionpool - DEBUG - https://tdilatam.freshdesk.com:443 "GET /api/v2/tickets/33623 HTTP/1.1" 200 None
2025-10-31 09:44:14 - urllib3.connectionpool - DEBUG - Starting new HTTPS connection (1): tdilatam.freshdesk.com:443
2025-10-31 09:44:14 - urllib3.connectionpool - DEBUG - https://tdilatam.freshdesk.com:443 "GET /api/v2/tickets/33624 HTTP/1.1" 200 None
2025-10-31 09:44:14 - urllib3.connectionpool - DEBUG - Starting new HTTPS connection (1): tdilatam.freshdesk.com:443
2025-10-31 09:44:15 - urllib3.connectionpool - DEBUG - https://tdilatam.freshdesk.com:443 "GET /api/v2/tickets/33625 HTTP/1.1" 200 None
2025-10-31 09:44:15 - urllib3.connectionpool - DEBUG - Starting new HTTPS connection (1): tdilatam.freshdesk.com:443
2025-10-31 09:44:16 - urllib3.connectionpool - DEBUG - https://tdilatam.freshdesk.com:443 "GET /api/v2/tickets/33626 HTTP/1.1" 200 None
2025-10-31 09:44:16 - urllib3.connectionpool - DEBUG - Starting new HTTPS connection (1): tdilatam.freshdesk.com:443
2025-10-31 09:44:17 - urllib3.connectionpool - DEBUG - https://tdilatam.freshdesk.com:443 "GET /api/v2/tickets/33627 HTTP/1.1" 200 None
2025-10-31 09:44:17 - urllib3.connectionpool - DEBUG - Starting new HTTPS connection (1): tdilatam.freshdesk.com:443
2025-10-31 09:44:18 - urllib3.connectionpool - DEBUG - https://tdilatam.freshdesk.com:443 "GET /api/v2/tickets/33628 HTTP/1.1" 200 None
2025-10-31 09:44:19 - urllib3.connectionpool - DEBUG - Starting new HTTPS connection (1): tdilatam.freshdesk.com:443
2025-10-31 09:44:20 - urllib3.connectionpool - DEBUG - https://tdilatam.freshdesk.com:443 "GET /api/v2/tickets/33629 HTTP/1.1" 200 None
2025-10-31 09:44:20 - urllib3.connectionpool - DEBUG - Starting new HTTPS connection (1): tdilatam.freshdesk.com:443
2025-10-31 09:44:21 - urllib3.connectionpool - DEBUG - https://tdilatam.freshdesk.com:443 "GET /api/v2/tickets/33630 HTTP/1.1" 200 None
2025-10-31 09:44:21 - urllib3.connectionpool - DEBUG - Starting new HTTPS connection (1): tdilatam.freshdesk.com:443
2025-10-31 09:44:21 - urllib3.connectionpool - DEBUG - https://tdilatam.freshdesk.com:443 "GET /api/v2/tickets/33631 HTTP/1.1" 200 None
2025-10-31 09:44:21 - urllib3.connectionpool - DEBUG - Starting new HTTPS connection (1): tdilatam.freshdesk.com:443
2025-10-31 09:44:22 - urllib3.connectionpool - DEBUG - https://tdilatam.freshdesk.com:443 "GET /api/v2/tickets/33632 HTTP/1.1" 200 None
2025-10-31 09:44:22 - urllib3.connectionpool - DEBUG - Starting new HTTPS connection (1): tdilatam.freshdesk.com:443
2025-10-31 09:44:23 - urllib3.connectionpool - DEBUG - https://tdilatam.freshdesk.com:443 "GET /api/v2/tickets/33633 HTTP/1.1" 200 None
2025-10-31 09:44:23 - urllib3.connectionpool - DEBUG - Starting new HTTPS connection (1): tdilatam.freshdesk.com:443
2025-10-31 09:44:24 - urllib3.connectionpool - DEBUG - https://tdilatam.freshdesk.com:443 "GET /api/v2/tickets/33634 HTTP/1.1" 200 None
2025-10-31 09:44:24 - urllib3.connectionpool - DEBUG - Starting new HTTPS connection (1): tdilatam.freshdesk.com:443
2025-10-31 09:44:25 - urllib3.connectionpool - DEBUG - https://tdilatam.freshdesk.com:443 "GET /api/v2/tickets/33635 HTTP/1.1" 200 None
2025-10-31 09:44:25 - urllib3.connectionpool - DEBUG - Starting new HTTPS connection (1): tdilatam.freshdesk.com:443
2025-10-31 09:44:25 - urllib3.connectionpool - DEBUG - https://tdilatam.freshdesk.com:443 "GET /api/v2/tickets/33636 HTTP/1.1" 200 None
2025-10-31 09:44:25 - urllib3.connectionpool - DEBUG - Starting new HTTPS connection (1): tdilatam.freshdesk.com:443
2025-10-31 09:44:26 - urllib3.connectionpool - DEBUG - https://tdilatam.freshdesk.com:443 "GET /api/v2/tickets/33637 HTTP/1.1" 200 None
2025-10-31 09:44:26 - urllib3.connectionpool - DEBUG - Starting new HTTPS connection (1): tdilatam.freshdesk.com:443
2025-10-31 09:44:27 - urllib3.connectionpool - DEBUG - https://tdilatam.freshdesk.com:443 "GET /api/v2/tickets/33638 HTTP/1.1" 200 None
2025-10-31 09:44:28 - urllib3.connectionpool - DEBUG - Starting new HTTPS connection (1): tdilatam.freshdesk.com:443
2025-10-31 09:44:29 - urllib3.connectionpool - DEBUG - https://tdilatam.freshdesk.com:443 "GET /api/v2/tickets/33639 HTTP/1.1" 200 None
2025-10-31 09:44:29 - urllib3.connectionpool - DEBUG - Starting new HTTPS connection (1): tdilatam.freshdesk.com:443
2025-10-31 09:44:30 - urllib3.connectionpool - DEBUG - https://tdilatam.freshdesk.com:443 "GET /api/v2/tickets/33642 HTTP/1.1" 200 None
2025-10-31 09:44:30 - urllib3.connectionpool - DEBUG - Starting new HTTPS connection (1): tdilatam.freshdesk.com:443
2025-10-31 09:44:31 - urllib3.connectionpool - DEBUG - https://tdilatam.freshdesk.com:443 "GET /api/v2/tickets/33643 HTTP/1.1" 200 None
2025-10-31 09:44:31 - urllib3.connectionpool - DEBUG - Starting new HTTPS connection (1): tdilatam.freshdesk.com:443
2025-10-31 09:44:31 - urllib3.connectionpool - DEBUG - https://tdilatam.freshdesk.com:443 "GET /api/v2/tickets/33644 HTTP/1.1" 200 None
2025-10-31 09:44:32 - urllib3.connectionpool - DEBUG - Starting new HTTPS connection (1): tdilatam.freshdesk.com:443
2025-10-31 09:44:32 - urllib3.connectionpool - DEBUG - https://tdilatam.freshdesk.com:443 "GET /api/v2/tickets/33645 HTTP/1.1" 200 None
2025-10-31 09:44:32 - urllib3.connectionpool - DEBUG - Starting new HTTPS connection (1): tdilatam.freshdesk.com:443
2025-10-31 09:44:33 - urllib3.connectionpool - DEBUG - https://tdilatam.freshdesk.com:443 "GET /api/v2/tickets/33646 HTTP/1.1" 200 None
2025-10-31 09:44:33 - urllib3.connectionpool - DEBUG - Starting new HTTPS connection (1): tdilatam.freshdesk.com:443
2025-10-31 09:44:34 - urllib3.connectionpool - DEBUG - https://tdilatam.freshdesk.com:443 "GET /api/v2/tickets/33647 HTTP/1.1" 200 None
2025-10-31 09:44:34 - urllib3.connectionpool - DEBUG - Starting new HTTPS connection (1): tdilatam.freshdesk.com:443
2025-10-31 09:44:35 - urllib3.connectionpool - DEBUG - https://tdilatam.freshdesk.com:443 "GET /api/v2/tickets/33648 HTTP/1.1" 200 None
2025-10-31 09:44:35 - urllib3.connectionpool - DEBUG - Starting new HTTPS connection (1): tdilatam.freshdesk.com:443
2025-10-31 09:44:36 - urllib3.connectionpool - DEBUG - https://tdilatam.freshdesk.com:443 "GET /api/v2/tickets/33649 HTTP/1.1" 200 None
2025-10-31 09:44:36 - urllib3.connectionpool - DEBUG - Starting new HTTPS connection (1): tdilatam.freshdesk.com:443
2025-10-31 09:44:37 - urllib3.connectionpool - DEBUG - https://tdilatam.freshdesk.com:443 "GET /api/v2/tickets/33650 HTTP/1.1" 200 None
2025-10-31 09:44:38 - urllib3.connectionpool - DEBUG - Starting new HTTPS connection (1): tdilatam.freshdesk.com:443
2025-10-31 09:44:38 - urllib3.connectionpool - DEBUG - https://tdilatam.freshdesk.com:443 "GET /api/v2/tickets/33651 HTTP/1.1" 200 None
2025-10-31 09:44:38 - urllib3.connectionpool - DEBUG - Starting new HTTPS connection (1): tdilatam.freshdesk.com:443
2025-10-31 09:44:39 - urllib3.connectionpool - DEBUG - https://tdilatam.freshdesk.com:443 "GET /api/v2/tickets/33652 HTTP/1.1" 200 None
2025-10-31 09:44:39 - urllib3.connectionpool - DEBUG - Starting new HTTPS connection (1): tdilatam.freshdesk.com:443
2025-10-31 09:44:40 - urllib3.connectionpool - DEBUG - https://tdilatam.freshdesk.com:443 "GET /api/v2/tickets/33655 HTTP/1.1" 200 None
2025-10-31 09:44:40 - urllib3.connectionpool - DEBUG - Starting new HTTPS connection (1): tdilatam.freshdesk.com:443
2025-10-31 09:44:41 - urllib3.connectionpool - DEBUG - https://tdilatam.freshdesk.com:443 "GET /api/v2/tickets/33657 HTTP/1.1" 200 None
2025-10-31 09:44:41 - urllib3.connectionpool - DEBUG - Starting new HTTPS connection (1): tdilatam.freshdesk.com:443
2025-10-31 09:44:42 - urllib3.connectionpool - DEBUG - https://tdilatam.freshdesk.com:443 "GET /api/v2/tickets/33658 HTTP/1.1" 200 None
2025-10-31 09:44:42 - urllib3.connectionpool - DEBUG - Starting new HTTPS connection (1): tdilatam.freshdesk.com:443
2025-10-31 09:44:43 - urllib3.connectionpool - DEBUG - https://tdilatam.freshdesk.com:443 "GET /api/v2/tickets/33659 HTTP/1.1" 200 None
2025-10-31 09:44:43 - urllib3.connectionpool - DEBUG - Starting new HTTPS connection (1): tdilatam.freshdesk.com:443
2025-10-31 09:44:43 - urllib3.connectionpool - DEBUG - https://tdilatam.freshdesk.com:443 "GET /api/v2/tickets/33660 HTTP/1.1" 200 None
2025-10-31 09:44:43 - urllib3.connectionpool - DEBUG - Starting new HTTPS connection (1): tdilatam.freshdesk.com:443
2025-10-31 09:44:44 - urllib3.connectionpool - DEBUG - https://tdilatam.freshdesk.com:443 "GET /api/v2/tickets/33664 HTTP/1.1" 200 None
2025-10-31 09:44:44 - urllib3.connectionpool - DEBUG - Starting new HTTPS connection (1): tdilatam.freshdesk.com:443
2025-10-31 09:44:45 - urllib3.connectionpool - DEBUG - https://tdilatam.freshdesk.com:443 "GET /api/v2/tickets/33666 HTTP/1.1" 200 None
2025-10-31 09:44:45 - urllib3.connectionpool - DEBUG - Starting new HTTPS connection (1): tdilatam.freshdesk.com:443
2025-10-31 09:44:46 - urllib3.connectionpool - DEBUG - https://tdilatam.freshdesk.com:443 "GET /api/v2/tickets/33667 HTTP/1.1" 200 None
2025-10-31 09:44:47 - urllib3.connectionpool - DEBUG - Starting new HTTPS connection (1): tdilatam.freshdesk.com:443
2025-10-31 09:44:48 - urllib3.connectionpool - DEBUG - https://tdilatam.freshdesk.com:443 "GET /api/v2/tickets/33669 HTTP/1.1" 200 None
2025-10-31 09:44:48 - urllib3.connectionpool - DEBUG - Starting new HTTPS connection (1): tdilatam.freshdesk.com:443
2025-10-31 09:44:49 - urllib3.connectionpool - DEBUG - https://tdilatam.freshdesk.com:443 "GET /api/v2/tickets/33670 HTTP/1.1" 200 None
2025-10-31 09:44:49 - urllib3.connectionpool - DEBUG - Starting new HTTPS connection (1): tdilatam.freshdesk.com:443
2025-10-31 09:44:50 - urllib3.connectionpool - DEBUG - https://tdilatam.freshdesk.com:443 "GET /api/v2/tickets/33671 HTTP/1.1" 200 None
2025-10-31 09:44:50 - urllib3.connectionpool - DEBUG - Starting new HTTPS connection (1): tdilatam.freshdesk.com:443
2025-10-31 09:44:50 - urllib3.connectionpool - DEBUG - https://tdilatam.freshdesk.com:443 "GET /api/v2/tickets/33672 HTTP/1.1" 200 None
2025-10-31 09:44:50 - urllib3.connectionpool - DEBUG - Starting new HTTPS connection (1): tdilatam.freshdesk.com:443
2025-10-31 09:44:52 - urllib3.connectionpool - DEBUG - https://tdilatam.freshdesk.com:443 "GET /api/v2/tickets/33673 HTTP/1.1" 200 None
2025-10-31 09:44:52 - urllib3.connectionpool - DEBUG - Starting new HTTPS connection (1): tdilatam.freshdesk.com:443
2025-10-31 09:44:53 - urllib3.connectionpool - DEBUG - https://tdilatam.freshdesk.com:443 "GET /api/v2/tickets/33674 HTTP/1.1" 200 None
2025-10-31 09:44:53 - urllib3.connectionpool - DEBUG - Starting new HTTPS connection (1): tdilatam.freshdesk.com:443
2025-10-31 09:44:54 - urllib3.connectionpool - DEBUG - https://tdilatam.freshdesk.com:443 "GET /api/v2/tickets/33676 HTTP/1.1" 200 None
2025-10-31 09:44:54 - urllib3.connectionpool - DEBUG - Starting new HTTPS connection (1): tdilatam.freshdesk.com:443
2025-10-31 09:44:55 - urllib3.connectionpool - DEBUG - https://tdilatam.freshdesk.com:443 "GET /api/v2/tickets/33677 HTTP/1.1" 200 None
2025-10-31 09:44:55 - urllib3.connectionpool - DEBUG - Starting new HTTPS connection (1): tdilatam.freshdesk.com:443
2025-10-31 09:44:56 - urllib3.connectionpool - DEBUG - https://tdilatam.freshdesk.com:443 "GET /api/v2/tickets/33678 HTTP/1.1" 200 None
2025-10-31 09:44:56 - urllib3.connectionpool - DEBUG - Starting new HTTPS connection (1): tdilatam.freshdesk.com:443
2025-10-31 09:44:56 - urllib3.connectionpool - DEBUG - https://tdilatam.freshdesk.com:443 "GET /api/v2/tickets/33679 HTTP/1.1" 200 None
2025-10-31 09:44:57 - urllib3.connectionpool - DEBUG - Starting new HTTPS connection (1): tdilatam.freshdesk.com:443
2025-10-31 09:44:58 - urllib3.connectionpool - DEBUG - https://tdilatam.freshdesk.com:443 "GET /api/v2/tickets/33680 HTTP/1.1" 200 None
2025-10-31 09:44:58 - urllib3.connectionpool - DEBUG - Starting new HTTPS connection (1): tdilatam.freshdesk.com:443
2025-10-31 09:45:00 - urllib3.connectionpool - DEBUG - https://tdilatam.freshdesk.com:443 "GET /api/v2/tickets/33681 HTTP/1.1" 200 None
2025-10-31 09:45:00 - urllib3.connectionpool - DEBUG - Starting new HTTPS connection (1): tdilatam.freshdesk.com:443
2025-10-31 09:45:01 - urllib3.connectionpool - DEBUG - https://tdilatam.freshdesk.com:443 "GET /api/v2/tickets/33682 HTTP/1.1" 200 None
2025-10-31 09:45:01 - urllib3.connectionpool - DEBUG - Starting new HTTPS connection (1): tdilatam.freshdesk.com:443
2025-10-31 09:45:02 - urllib3.connectionpool - DEBUG - https://tdilatam.freshdesk.com:443 "GET /api/v2/tickets/33683 HTTP/1.1" 200 None
2025-10-31 09:45:02 - urllib3.connectionpool - DEBUG - Starting new HTTPS connection (1): tdilatam.freshdesk.com:443
2025-10-31 09:45:03 - urllib3.connectionpool - DEBUG - https://tdilatam.freshdesk.com:443 "GET /api/v2/tickets/33684 HTTP/1.1" 200 None
2025-10-31 09:45:03 - urllib3.connectionpool - DEBUG - Starting new HTTPS connection (1): tdilatam.freshdesk.com:443
2025-10-31 09:45:03 - urllib3.connectionpool - DEBUG - https://tdilatam.freshdesk.com:443 "GET /api/v2/tickets/33685 HTTP/1.1" 200 None
2025-10-31 09:45:03 - urllib3.connectionpool - DEBUG - Starting new HTTPS connection (1): tdilatam.freshdesk.com:443
2025-10-31 09:45:04 - urllib3.connectionpool - DEBUG - https://tdilatam.freshdesk.com:443 "GET /api/v2/tickets/33686 HTTP/1.1" 200 None
2025-10-31 09:45:04 - urllib3.connectionpool - DEBUG - Starting new HTTPS connection (1): tdilatam.freshdesk.com:443
2025-10-31 09:45:05 - urllib3.connectionpool - DEBUG - https://tdilatam.freshdesk.com:443 "GET /api/v2/tickets/33687 HTTP/1.1" 200 None
2025-10-31 09:45:05 - urllib3.connectionpool - DEBUG - Starting new HTTPS connection (1): tdilatam.freshdesk.com:443
2025-10-31 09:45:06 - urllib3.connectionpool - DEBUG - https://tdilatam.freshdesk.com:443 "GET /api/v2/tickets/33688 HTTP/1.1" 200 None
2025-10-31 09:45:06 - urllib3.connectionpool - DEBUG - Starting new HTTPS connection (1): tdilatam.freshdesk.com:443
2025-10-31 09:45:07 - urllib3.connectionpool - DEBUG - https://tdilatam.freshdesk.com:443 "GET /api/v2/tickets/33689 HTTP/1.1" 200 None
2025-10-31 09:45:08 - urllib3.connectionpool - DEBUG - Starting new HTTPS connection (1): tdilatam.freshdesk.com:443
2025-10-31 09:45:09 - urllib3.connectionpool - DEBUG - https://tdilatam.freshdesk.com:443 "GET /api/v2/tickets/33690 HTTP/1.1" 200 None
2025-10-31 09:45:09 - urllib3.connectionpool - DEBUG - Starting new HTTPS connection (1): tdilatam.freshdesk.com:443
2025-10-31 09:45:09 - urllib3.connectionpool - DEBUG - https://tdilatam.freshdesk.com:443 "GET /api/v2/tickets/33691 HTTP/1.1" 200 None
2025-10-31 09:45:09 - urllib3.connectionpool - DEBUG - Starting new HTTPS connection (1): tdilatam.freshdesk.com:443
2025-10-31 09:45:10 - urllib3.connectionpool - DEBUG - https://tdilatam.freshdesk.com:443 "GET /api/v2/tickets/33692 HTTP/1.1" 200 None
2025-10-31 09:45:10 - urllib3.connectionpool - DEBUG - Starting new HTTPS connection (1): tdilatam.freshdesk.com:443
2025-10-31 09:45:11 - urllib3.connectionpool - DEBUG - https://tdilatam.freshdesk.com:443 "GET /api/v2/tickets/33693 HTTP/1.1" 200 None
2025-10-31 09:45:11 - urllib3.connectionpool - DEBUG - Starting new HTTPS connection (1): tdilatam.freshdesk.com:443
2025-10-31 09:45:12 - urllib3.connectionpool - DEBUG - https://tdilatam.freshdesk.com:443 "GET /api/v2/tickets/33694 HTTP/1.1" 200 None
2025-10-31 09:45:12 - urllib3.connectionpool - DEBUG - Starting new HTTPS connection (1): tdilatam.freshdesk.com:443
2025-10-31 09:45:13 - urllib3.connectionpool - DEBUG - https://tdilatam.freshdesk.com:443 "GET /api/v2/tickets/33695 HTTP/1.1" 200 None
2025-10-31 09:45:13 - urllib3.connectionpool - DEBUG - Starting new HTTPS connection (1): tdilatam.freshdesk.com:443
2025-10-31 09:45:14 - urllib3.connectionpool - DEBUG - https://tdilatam.freshdesk.com:443 "GET /api/v2/tickets/33696 HTTP/1.1" 200 None
2025-10-31 09:45:14 - urllib3.connectionpool - DEBUG - Starting new HTTPS connection (1): tdilatam.freshdesk.com:443
2025-10-31 09:45:15 - urllib3.connectionpool - DEBUG - https://tdilatam.freshdesk.com:443 "GET /api/v2/tickets/33697 HTTP/1.1" 200 None
2025-10-31 09:45:15 - urllib3.connectionpool - DEBUG - Starting new HTTPS connection (1): tdilatam.freshdesk.com:443
2025-10-31 09:45:15 - urllib3.connectionpool - DEBUG - https://tdilatam.freshdesk.com:443 "GET /api/v2/tickets/33699 HTTP/1.1" 200 None
2025-10-31 09:45:15 - urllib3.connectionpool - DEBUG - Starting new HTTPS connection (1): tdilatam.freshdesk.com:443
2025-10-31 09:45:16 - urllib3.connectionpool - DEBUG - https://tdilatam.freshdesk.com:443 "GET /api/v2/tickets/33700 HTTP/1.1" 200 None
2025-10-31 09:45:17 - urllib3.connectionpool - DEBUG - Starting new HTTPS connection (1): tdilatam.freshdesk.com:443
2025-10-31 09:45:18 - urllib3.connectionpool - DEBUG - https://tdilatam.freshdesk.com:443 "GET /api/v2/tickets/33701 HTTP/1.1" 200 None
2025-10-31 09:45:18 - urllib3.connectionpool - DEBUG - Starting new HTTPS connection (1): tdilatam.freshdesk.com:443
2025-10-31 09:45:19 - urllib3.connectionpool - DEBUG - https://tdilatam.freshdesk.com:443 "GET /api/v2/tickets/33702 HTTP/1.1" 200 None
2025-10-31 09:45:19 - urllib3.connectionpool - DEBUG - Starting new HTTPS connection (1): tdilatam.freshdesk.com:443
2025-10-31 09:45:20 - urllib3.connectionpool - DEBUG - https://tdilatam.freshdesk.com:443 "GET /api/v2/tickets/33703 HTTP/1.1" 200 None
2025-10-31 09:45:20 - urllib3.connectionpool - DEBUG - Starting new HTTPS connection (1): tdilatam.freshdesk.com:443
2025-10-31 09:45:21 - urllib3.connectionpool - DEBUG - https://tdilatam.freshdesk.com:443 "GET /api/v2/tickets/33704 HTTP/1.1" 200 None
2025-10-31 09:45:21 - urllib3.connectionpool - DEBUG - Starting new HTTPS connection (1): tdilatam.freshdesk.com:443
2025-10-31 09:45:21 - urllib3.connectionpool - DEBUG - https://tdilatam.freshdesk.com:443 "GET /api/v2/tickets/33707 HTTP/1.1" 200 None
2025-10-31 09:45:21 - urllib3.connectionpool - DEBUG - Starting new HTTPS connection (1): tdilatam.freshdesk.com:443
2025-10-31 09:45:22 - urllib3.connectionpool - DEBUG - https://tdilatam.freshdesk.com:443 "GET /api/v2/tickets/33711 HTTP/1.1" 200 None
2025-10-31 09:45:22 - urllib3.connectionpool - DEBUG - Starting new HTTPS connection (1): tdilatam.freshdesk.com:443
2025-10-31 09:45:23 - urllib3.connectionpool - DEBUG - https://tdilatam.freshdesk.com:443 "GET /api/v2/tickets/33712 HTTP/1.1" 200 None
2025-10-31 09:45:23 - urllib3.connectionpool - DEBUG - Starting new HTTPS connection (1): tdilatam.freshdesk.com:443
2025-10-31 09:45:24 - urllib3.connectionpool - DEBUG - https://tdilatam.freshdesk.com:443 "GET /api/v2/tickets/33713 HTTP/1.1" 200 None
2025-10-31 09:45:24 - urllib3.connectionpool - DEBUG - Starting new HTTPS connection (1): tdilatam.freshdesk.com:443
2025-10-31 09:45:25 - urllib3.connectionpool - DEBUG - https://tdilatam.freshdesk.com:443 "GET /api/v2/tickets/33714 HTTP/1.1" 200 None
2025-10-31 09:45:25 - urllib3.connectionpool - DEBUG - Starting new HTTPS connection (1): tdilatam.freshdesk.com:443
2025-10-31 09:45:26 - urllib3.connectionpool - DEBUG - https://tdilatam.freshdesk.com:443 "GET /api/v2/tickets/33715 HTTP/1.1" 200 None
2025-10-31 09:45:27 - urllib3.connectionpool - DEBUG - Starting new HTTPS connection (1): tdilatam.freshdesk.com:443
2025-10-31 09:45:27 - urllib3.connectionpool - DEBUG - https://tdilatam.freshdesk.com:443 "GET /api/v2/tickets/33716 HTTP/1.1" 200 None
2025-10-31 09:45:28 - urllib3.connectionpool - DEBUG - Starting new HTTPS connection (1): tdilatam.freshdesk.com:443
2025-10-31 09:45:28 - urllib3.connectionpool - DEBUG - https://tdilatam.freshdesk.com:443 "GET /api/v2/tickets/33717 HTTP/1.1" 200 None
2025-10-31 09:45:28 - urllib3.connectionpool - DEBUG - Starting new HTTPS connection (1): tdilatam.freshdesk.com:443
2025-10-31 09:45:29 - urllib3.connectionpool - DEBUG - https://tdilatam.freshdesk.com:443 "GET /api/v2/tickets/33718 HTTP/1.1" 200 None
2025-10-31 09:45:29 - urllib3.connectionpool - DEBUG - Starting new HTTPS connection (1): tdilatam.freshdesk.com:443
2025-10-31 09:45:30 - urllib3.connectionpool - DEBUG - https://tdilatam.freshdesk.com:443 "GET /api/v2/tickets/33720 HTTP/1.1" 200 None
2025-10-31 09:45:30 - urllib3.connectionpool - DEBUG - Starting new HTTPS connection (1): tdilatam.freshdesk.com:443
2025-10-31 09:45:31 - urllib3.connectionpool - DEBUG - https://tdilatam.freshdesk.com:443 "GET /api/v2/tickets/33721 HTTP/1.1" 200 None
2025-10-31 09:45:31 - urllib3.connectionpool - DEBUG - Starting new HTTPS connection (1): tdilatam.freshdesk.com:443
2025-10-31 09:45:32 - urllib3.connectionpool - DEBUG - https://tdilatam.freshdesk.com:443 "GET /api/v2/tickets/33722 HTTP/1.1" 200 None
2025-10-31 09:45:32 - urllib3.connectionpool - DEBUG - Starting new HTTPS connection (1): tdilatam.freshdesk.com:443
2025-10-31 09:45:33 - urllib3.connectionpool - DEBUG - https://tdilatam.freshdesk.com:443 "GET /api/v2/tickets/33723 HTTP/1.1" 200 None
2025-10-31 09:45:33 - urllib3.connectionpool - DEBUG - Starting new HTTPS connection (1): tdilatam.freshdesk.com:443
2025-10-31 09:45:33 - urllib3.connectionpool - DEBUG - https://tdilatam.freshdesk.com:443 "GET /api/v2/tickets/33724 HTTP/1.1" 200 None
2025-10-31 09:45:34 - urllib3.connectionpool - DEBUG - Starting new HTTPS connection (1): tdilatam.freshdesk.com:443
2025-10-31 09:45:34 - urllib3.connectionpool - DEBUG - https://tdilatam.freshdesk.com:443 "GET /api/v2/tickets/33725 HTTP/1.1" 200 None
2025-10-31 09:45:34 - urllib3.connectionpool - DEBUG - Starting new HTTPS connection (1): tdilatam.freshdesk.com:443
2025-10-31 09:45:35 - urllib3.connectionpool - DEBUG - https://tdilatam.freshdesk.com:443 "GET /api/v2/tickets/33726 HTTP/1.1" 200 None
2025-10-31 09:45:36 - urllib3.connectionpool - DEBUG - Starting new HTTPS connection (1): tdilatam.freshdesk.com:443
2025-10-31 09:45:37 - urllib3.connectionpool - DEBUG - https://tdilatam.freshdesk.com:443 "GET /api/v2/tickets/33728 HTTP/1.1" 200 None
2025-10-31 09:45:37 - urllib3.connectionpool - DEBUG - Starting new HTTPS connection (1): tdilatam.freshdesk.com:443
2025-10-31 09:45:38 - urllib3.connectionpool - DEBUG - https://tdilatam.freshdesk.com:443 "GET /api/v2/tickets/33729 HTTP/1.1" 200 None
2025-10-31 09:45:38 - urllib3.connectionpool - DEBUG - Starting new HTTPS connection (1): tdilatam.freshdesk.com:443
2025-10-31 09:45:39 - urllib3.connectionpool - DEBUG - https://tdilatam.freshdesk.com:443 "GET /api/v2/tickets/33730 HTTP/1.1" 200 None
2025-10-31 09:45:39 - urllib3.connectionpool - DEBUG - Starting new HTTPS connection (1): tdilatam.freshdesk.com:443
2025-10-31 09:45:40 - urllib3.connectionpool - DEBUG - https://tdilatam.freshdesk.com:443 "GET /api/v2/tickets/33731 HTTP/1.1" 200 None
2025-10-31 09:45:40 - urllib3.connectionpool - DEBUG - Starting new HTTPS connection (1): tdilatam.freshdesk.com:443
2025-10-31 09:45:40 - urllib3.connectionpool - DEBUG - https://tdilatam.freshdesk.com:443 "GET /api/v2/tickets/33732 HTTP/1.1" 200 None
2025-10-31 09:45:40 - urllib3.connectionpool - DEBUG - Starting new HTTPS connection (1): tdilatam.freshdesk.com:443
2025-10-31 09:45:41 - urllib3.connectionpool - DEBUG - https://tdilatam.freshdesk.com:443 "GET /api/v2/tickets/33733 HTTP/1.1" 200 None
2025-10-31 09:45:41 - urllib3.connectionpool - DEBUG - Starting new HTTPS connection (1): tdilatam.freshdesk.com:443
2025-10-31 09:45:42 - urllib3.connectionpool - DEBUG - https://tdilatam.freshdesk.com:443 "GET /api/v2/tickets/33734 HTTP/1.1" 200 None
2025-10-31 09:45:42 - urllib3.connectionpool - DEBUG - Starting new HTTPS connection (1): tdilatam.freshdesk.com:443
2025-10-31 09:45:43 - urllib3.connectionpool - DEBUG - https://tdilatam.freshdesk.com:443 "GET /api/v2/tickets/33735 HTTP/1.1" 200 None
2025-10-31 09:45:43 - urllib3.connectionpool - DEBUG - Starting new HTTPS connection (1): tdilatam.freshdesk.com:443
2025-10-31 09:45:44 - urllib3.connectionpool - DEBUG - https://tdilatam.freshdesk.com:443 "GET /api/v2/tickets/33736 HTTP/1.1" 200 None
2025-10-31 09:45:44 - urllib3.connectionpool - DEBUG - Starting new HTTPS connection (1): tdilatam.freshdesk.com:443
2025-10-31 09:45:45 - urllib3.connectionpool - DEBUG - https://tdilatam.freshdesk.com:443 "GET /api/v2/tickets/33738 HTTP/1.1" 200 None
2025-10-31 09:45:46 - urllib3.connectionpool - DEBUG - Starting new HTTPS connection (1): tdilatam.freshdesk.com:443
2025-10-31 09:45:47 - urllib3.connectionpool - DEBUG - https://tdilatam.freshdesk.com:443 "GET /api/v2/tickets/33739 HTTP/1.1" 200 None
2025-10-31 09:45:47 - urllib3.connectionpool - DEBUG - Starting new HTTPS connection (1): tdilatam.freshdesk.com:443
2025-10-31 09:45:48 - urllib3.connectionpool - DEBUG - https://tdilatam.freshdesk.com:443 "GET /api/v2/tickets/33740 HTTP/1.1" 200 None
2025-10-31 09:45:48 - urllib3.connectionpool - DEBUG - Starting new HTTPS connection (1): tdilatam.freshdesk.com:443
2025-10-31 09:45:49 - urllib3.connectionpool - DEBUG - https://tdilatam.freshdesk.com:443 "GET /api/v2/tickets/33741 HTTP/1.1" 200 None
2025-10-31 09:45:49 - urllib3.connectionpool - DEBUG - Starting new HTTPS connection (1): tdilatam.freshdesk.com:443
2025-10-31 09:45:50 - urllib3.connectionpool - DEBUG - https://tdilatam.freshdesk.com:443 "GET /api/v2/tickets/33742 HTTP/1.1" 200 None
2025-10-31 09:45:50 - urllib3.connectionpool - DEBUG - Starting new HTTPS connection (1): tdilatam.freshdesk.com:443
2025-10-31 09:45:51 - urllib3.connectionpool - DEBUG - https://tdilatam.freshdesk.com:443 "GET /api/v2/tickets/33743 HTTP/1.1" 200 None
2025-10-31 09:45:51 - urllib3.connectionpool - DEBUG - Starting new HTTPS connection (1): tdilatam.freshdesk.com:443
2025-10-31 09:45:52 - urllib3.connectionpool - DEBUG - https://tdilatam.freshdesk.com:443 "GET /api/v2/tickets/33744 HTTP/1.1" 200 None
2025-10-31 09:45:52 - urllib3.connectionpool - DEBUG - Starting new HTTPS connection (1): tdilatam.freshdesk.com:443
2025-10-31 09:45:53 - urllib3.connectionpool - DEBUG - https://tdilatam.freshdesk.com:443 "GET /api/v2/tickets/33745 HTTP/1.1" 200 None
2025-10-31 09:45:53 - urllib3.connectionpool - DEBUG - Starting new HTTPS connection (1): tdilatam.freshdesk.com:443
2025-10-31 09:45:53 - urllib3.connectionpool - DEBUG - https://tdilatam.freshdesk.com:443 "GET /api/v2/tickets/33746 HTTP/1.1" 200 None
2025-10-31 09:45:53 - urllib3.connectionpool - DEBUG - Starting new HTTPS connection (1): tdilatam.freshdesk.com:443
2025-10-31 09:45:54 - urllib3.connectionpool - DEBUG - https://tdilatam.freshdesk.com:443 "GET /api/v2/tickets/33747 HTTP/1.1" 200 None
2025-10-31 09:45:54 - urllib3.connectionpool - DEBUG - Starting new HTTPS connection (1): tdilatam.freshdesk.com:443
2025-10-31 09:45:55 - urllib3.connectionpool - DEBUG - https://tdilatam.freshdesk.com:443 "GET /api/v2/tickets/33748 HTTP/1.1" 200 None
2025-10-31 09:45:56 - urllib3.connectionpool - DEBUG - Starting new HTTPS connection (1): tdilatam.freshdesk.com:443
2025-10-31 09:45:57 - urllib3.connectionpool - DEBUG - https://tdilatam.freshdesk.com:443 "GET /api/v2/tickets/33749 HTTP/1.1" 200 None
2025-10-31 09:45:57 - urllib3.connectionpool - DEBUG - Starting new HTTPS connection (1): tdilatam.freshdesk.com:443
2025-10-31 09:45:58 - urllib3.connectionpool - DEBUG - https://tdilatam.freshdesk.com:443 "GET /api/v2/tickets/33750 HTTP/1.1" 200 None
2025-10-31 09:45:58 - urllib3.connectionpool - DEBUG - Starting new HTTPS connection (1): tdilatam.freshdesk.com:443
2025-10-31 09:45:59 - urllib3.connectionpool - DEBUG - https://tdilatam.freshdesk.com:443 "GET /api/v2/tickets/33752 HTTP/1.1" 200 None
2025-10-31 09:45:59 - urllib3.connectionpool - DEBUG - Starting new HTTPS connection (1): tdilatam.freshdesk.com:443
2025-10-31 09:45:59 - urllib3.connectionpool - DEBUG - https://tdilatam.freshdesk.com:443 "GET /api/v2/tickets/33754 HTTP/1.1" 200 None
2025-10-31 09:46:00 - urllib3.connectionpool - DEBUG - Starting new HTTPS connection (1): tdilatam.freshdesk.com:443
2025-10-31 09:46:00 - urllib3.connectionpool - DEBUG - https://tdilatam.freshdesk.com:443 "GET /api/v2/tickets/33755 HTTP/1.1" 200 None
2025-10-31 09:46:00 - urllib3.connectionpool - DEBUG - Starting new HTTPS connection (1): tdilatam.freshdesk.com:443
2025-10-31 09:46:01 - urllib3.connectionpool - DEBUG - https://tdilatam.freshdesk.com:443 "GET /api/v2/tickets/33756 HTTP/1.1" 200 None
2025-10-31 09:46:01 - urllib3.connectionpool - DEBUG - Starting new HTTPS connection (1): tdilatam.freshdesk.com:443
2025-10-31 09:46:02 - urllib3.connectionpool - DEBUG - https://tdilatam.freshdesk.com:443 "GET /api/v2/tickets/33757 HTTP/1.1" 200 None
2025-10-31 09:46:02 - urllib3.connectionpool - DEBUG - Starting new HTTPS connection (1): tdilatam.freshdesk.com:443
2025-10-31 09:46:03 - urllib3.connectionpool - DEBUG - https://tdilatam.freshdesk.com:443 "GET /api/v2/tickets/33758 HTTP/1.1" 200 None
2025-10-31 09:46:03 - urllib3.connectionpool - DEBUG - Starting new HTTPS connection (1): tdilatam.freshdesk.com:443
2025-10-31 09:46:04 - urllib3.connectionpool - DEBUG - https://tdilatam.freshdesk.com:443 "GET /api/v2/tickets/33759 HTTP/1.1" 200 None
2025-10-31 09:46:04 - urllib3.connectionpool - DEBUG - Starting new HTTPS connection (1): tdilatam.freshdesk.com:443
2025-10-31 09:46:04 - urllib3.connectionpool - DEBUG - https://tdilatam.freshdesk.com:443 "GET /api/v2/tickets/33761 HTTP/1.1" 200 None
2025-10-31 09:46:06 - urllib3.connectionpool - DEBUG - Starting new HTTPS connection (1): tdilatam.freshdesk.com:443
2025-10-31 09:46:06 - urllib3.connectionpool - DEBUG - https://tdilatam.freshdesk.com:443 "GET /api/v2/tickets/33762 HTTP/1.1" 200 None
2025-10-31 09:46:06 - urllib3.connectionpool - DEBUG - Starting new HTTPS connection (1): tdilatam.freshdesk.com:443
2025-10-31 09:46:07 - urllib3.connectionpool - DEBUG - https://tdilatam.freshdesk.com:443 "GET /api/v2/tickets/33763 HTTP/1.1" 200 None
2025-10-31 09:46:07 - urllib3.connectionpool - DEBUG - Starting new HTTPS connection (1): tdilatam.freshdesk.com:443
2025-10-31 09:46:08 - urllib3.connectionpool - DEBUG - https://tdilatam.freshdesk.com:443 "GET /api/v2/tickets/33764 HTTP/1.1" 200 None
2025-10-31 09:46:08 - urllib3.connectionpool - DEBUG - Starting new HTTPS connection (1): tdilatam.freshdesk.com:443
2025-10-31 09:46:09 - urllib3.connectionpool - DEBUG - https://tdilatam.freshdesk.com:443 "GET /api/v2/tickets/33765 HTTP/1.1" 200 None
2025-10-31 09:46:09 - urllib3.connectionpool - DEBUG - Starting new HTTPS connection (1): tdilatam.freshdesk.com:443
2025-10-31 09:46:10 - urllib3.connectionpool - DEBUG - https://tdilatam.freshdesk.com:443 "GET /api/v2/tickets/33766 HTTP/1.1" 200 None
2025-10-31 09:46:10 - urllib3.connectionpool - DEBUG - Starting new HTTPS connection (1): tdilatam.freshdesk.com:443
2025-10-31 09:46:11 - urllib3.connectionpool - DEBUG - https://tdilatam.freshdesk.com:443 "GET /api/v2/tickets/33767 HTTP/1.1" 200 None
2025-10-31 09:46:11 - urllib3.connectionpool - DEBUG - Starting new HTTPS connection (1): tdilatam.freshdesk.com:443
2025-10-31 09:46:12 - urllib3.connectionpool - DEBUG - https://tdilatam.freshdesk.com:443 "GET /api/v2/tickets/33768 HTTP/1.1" 200 None
2025-10-31 09:46:12 - urllib3.connectionpool - DEBUG - Starting new HTTPS connection (1): tdilatam.freshdesk.com:443
2025-10-31 09:46:12 - urllib3.connectionpool - DEBUG - https://tdilatam.freshdesk.com:443 "GET /api/v2/tickets/33769 HTTP/1.1" 200 None
2025-10-31 09:46:12 - urllib3.connectionpool - DEBUG - Starting new HTTPS connection (1): tdilatam.freshdesk.com:443
2025-10-31 09:46:13 - urllib3.connectionpool - DEBUG - https://tdilatam.freshdesk.com:443 "GET /api/v2/tickets/33770 HTTP/1.1" 200 None
2025-10-31 09:46:13 - urllib3.connectionpool - DEBUG - Starting new HTTPS connection (1): tdilatam.freshdesk.com:443
2025-10-31 09:46:14 - urllib3.connectionpool - DEBUG - https://tdilatam.freshdesk.com:443 "GET /api/v2/tickets/33771 HTTP/1.1" 200 None
2025-10-31 09:46:15 - urllib3.connectionpool - DEBUG - Starting new HTTPS connection (1): tdilatam.freshdesk.com:443
2025-10-31 09:46:16 - urllib3.connectionpool - DEBUG - https://tdilatam.freshdesk.com:443 "GET /api/v2/tickets/33772 HTTP/1.1" 200 None
2025-10-31 09:46:16 - urllib3.connectionpool - DEBUG - Starting new HTTPS connection (1): tdilatam.freshdesk.com:443
2025-10-31 09:46:17 - urllib3.connectionpool - DEBUG - https://tdilatam.freshdesk.com:443 "GET /api/v2/tickets/33774 HTTP/1.1" 200 None
2025-10-31 09:46:17 - urllib3.connectionpool - DEBUG - Starting new HTTPS connection (1): tdilatam.freshdesk.com:443
2025-10-31 09:46:18 - urllib3.connectionpool - DEBUG - https://tdilatam.freshdesk.com:443 "GET /api/v2/tickets/33775 HTTP/1.1" 200 None
2025-10-31 09:46:18 - urllib3.connectionpool - DEBUG - Starting new HTTPS connection (1): tdilatam.freshdesk.com:443
2025-10-31 09:46:18 - urllib3.connectionpool - DEBUG - https://tdilatam.freshdesk.com:443 "GET /api/v2/tickets/33776 HTTP/1.1" 200 None
2025-10-31 09:46:18 - urllib3.connectionpool - DEBUG - Starting new HTTPS connection (1): tdilatam.freshdesk.com:443
2025-10-31 09:46:19 - urllib3.connectionpool - DEBUG - https://tdilatam.freshdesk.com:443 "GET /api/v2/tickets/33777 HTTP/1.1" 200 None
2025-10-31 09:46:19 - urllib3.connectionpool - DEBUG - Starting new HTTPS connection (1): tdilatam.freshdesk.com:443
2025-10-31 09:46:20 - urllib3.connectionpool - DEBUG - https://tdilatam.freshdesk.com:443 "GET /api/v2/tickets/33778 HTTP/1.1" 200 None
2025-10-31 09:46:20 - urllib3.connectionpool - DEBUG - Starting new HTTPS connection (1): tdilatam.freshdesk.com:443
2025-10-31 09:46:21 - urllib3.connectionpool - DEBUG - https://tdilatam.freshdesk.com:443 "GET /api/v2/tickets/33779 HTTP/1.1" 200 None
2025-10-31 09:46:21 - urllib3.connectionpool - DEBUG - Starting new HTTPS connection (1): tdilatam.freshdesk.com:443
2025-10-31 09:46:22 - urllib3.connectionpool - DEBUG - https://tdilatam.freshdesk.com:443 "GET /api/v2/tickets/33786 HTTP/1.1" 200 None
2025-10-31 09:46:22 - urllib3.connectionpool - DEBUG - Starting new HTTPS connection (1): tdilatam.freshdesk.com:443
2025-10-31 09:46:23 - urllib3.connectionpool - DEBUG - https://tdilatam.freshdesk.com:443 "GET /api/v2/tickets/33787 HTTP/1.1" 200 None
2025-10-31 09:46:23 - urllib3.connectionpool - DEBUG - Starting new HTTPS connection (1): tdilatam.freshdesk.com:443
2025-10-31 09:46:24 - urllib3.connectionpool - DEBUG - https://tdilatam.freshdesk.com:443 "GET /api/v2/tickets/33793 HTTP/1.1" 200 None
2025-10-31 09:46:25 - urllib3.connectionpool - DEBUG - Starting new HTTPS connection (1): tdilatam.freshdesk.com:443
2025-10-31 09:46:26 - urllib3.connectionpool - DEBUG - https://tdilatam.freshdesk.com:443 "GET /api/v2/tickets/33797 HTTP/1.1" 200 None
2025-10-31 09:46:26 - urllib3.connectionpool - DEBUG - Starting new HTTPS connection (1): tdilatam.freshdesk.com:443
2025-10-31 09:46:27 - urllib3.connectionpool - DEBUG - https://tdilatam.freshdesk.com:443 "GET /api/v2/tickets/33798 HTTP/1.1" 200 None
2025-10-31 09:46:27 - urllib3.connectionpool - DEBUG - Starting new HTTPS connection (1): tdilatam.freshdesk.com:443
2025-10-31 09:46:27 - urllib3.connectionpool - DEBUG - https://tdilatam.freshdesk.com:443 "GET /api/v2/tickets/33803 HTTP/1.1" 200 None
2025-10-31 09:46:28 - urllib3.connectionpool - DEBUG - Starting new HTTPS connection (1): tdilatam.freshdesk.com:443
2025-10-31 09:46:28 - urllib3.connectionpool - DEBUG - https://tdilatam.freshdesk.com:443 "GET /api/v2/tickets/33804 HTTP/1.1" 200 None
2025-10-31 09:46:28 - urllib3.connectionpool - DEBUG - Starting new HTTPS connection (1): tdilatam.freshdesk.com:443
2025-10-31 09:46:29 - urllib3.connectionpool - DEBUG - https://tdilatam.freshdesk.com:443 "GET /api/v2/tickets/33805 HTTP/1.1" 200 None
2025-10-31 09:46:29 - urllib3.connectionpool - DEBUG - Starting new HTTPS connection (1): tdilatam.freshdesk.com:443
2025-10-31 09:46:30 - urllib3.connectionpool - DEBUG - https://tdilatam.freshdesk.com:443 "GET /api/v2/tickets/33806 HTTP/1.1" 200 None
2025-10-31 09:46:30 - urllib3.connectionpool - DEBUG - Starting new HTTPS connection (1): tdilatam.freshdesk.com:443
2025-10-31 09:46:31 - urllib3.connectionpool - DEBUG - https://tdilatam.freshdesk.com:443 "GET /api/v2/tickets/33807 HTTP/1.1" 200 None
2025-10-31 09:46:31 - urllib3.connectionpool - DEBUG - Starting new HTTPS connection (1): tdilatam.freshdesk.com:443
2025-10-31 09:46:32 - urllib3.connectionpool - DEBUG - https://tdilatam.freshdesk.com:443 "GET /api/v2/tickets/33808 HTTP/1.1" 200 None
2025-10-31 09:46:32 - urllib3.connectionpool - DEBUG - Starting new HTTPS connection (1): tdilatam.freshdesk.com:443
2025-10-31 09:46:33 - urllib3.connectionpool - DEBUG - https://tdilatam.freshdesk.com:443 "GET /api/v2/tickets/33809 HTTP/1.1" 200 None
2025-10-31 09:46:33 - urllib3.connectionpool - DEBUG - Starting new HTTPS connection (1): tdilatam.freshdesk.com:443
2025-10-31 09:46:34 - urllib3.connectionpool - DEBUG - https://tdilatam.freshdesk.com:443 "GET /api/v2/tickets/33810 HTTP/1.1" 200 None
2025-10-31 09:46:35 - urllib3.connectionpool - DEBUG - Starting new HTTPS connection (1): tdilatam.freshdesk.com:443
2025-10-31 09:46:35 - urllib3.connectionpool - DEBUG - https://tdilatam.freshdesk.com:443 "GET /api/v2/tickets/33811 HTTP/1.1" 200 None
2025-10-31 09:46:35 - urllib3.connectionpool - DEBUG - Starting new HTTPS connection (1): tdilatam.freshdesk.com:443
2025-10-31 09:46:36 - urllib3.connectionpool - DEBUG - https://tdilatam.freshdesk.com:443 "GET /api/v2/tickets/33812 HTTP/1.1" 200 None
2025-10-31 09:46:36 - urllib3.connectionpool - DEBUG - Starting new HTTPS connection (1): tdilatam.freshdesk.com:443
2025-10-31 09:46:37 - urllib3.connectionpool - DEBUG - https://tdilatam.freshdesk.com:443 "GET /api/v2/tickets/33813 HTTP/1.1" 200 None
2025-10-31 09:46:37 - urllib3.connectionpool - DEBUG - Starting new HTTPS connection (1): tdilatam.freshdesk.com:443
2025-10-31 09:46:38 - urllib3.connectionpool - DEBUG - https://tdilatam.freshdesk.com:443 "GET /api/v2/tickets/33814 HTTP/1.1" 200 None
2025-10-31 09:46:38 - urllib3.connectionpool - DEBUG - Starting new HTTPS connection (1): tdilatam.freshdesk.com:443
2025-10-31 09:46:39 - urllib3.connectionpool - DEBUG - https://tdilatam.freshdesk.com:443 "GET /api/v2/tickets/33815 HTTP/1.1" 200 None
2025-10-31 09:46:39 - urllib3.connectionpool - DEBUG - Starting new HTTPS connection (1): tdilatam.freshdesk.com:443
2025-10-31 09:46:40 - urllib3.connectionpool - DEBUG - https://tdilatam.freshdesk.com:443 "GET /api/v2/tickets/33816 HTTP/1.1" 200 None
2025-10-31 09:46:40 - urllib3.connectionpool - DEBUG - Starting new HTTPS connection (1): tdilatam.freshdesk.com:443
2025-10-31 09:46:40 - urllib3.connectionpool - DEBUG - https://tdilatam.freshdesk.com:443 "GET /api/v2/tickets/33817 HTTP/1.1" 200 None
2025-10-31 09:46:40 - urllib3.connectionpool - DEBUG - Starting new HTTPS connection (1): tdilatam.freshdesk.com:443
2025-10-31 09:46:41 - urllib3.connectionpool - DEBUG - https://tdilatam.freshdesk.com:443 "GET /api/v2/tickets/33818 HTTP/1.1" 200 None
2025-10-31 09:46:42 - urllib3.connectionpool - DEBUG - Starting new HTTPS connection (1): tdilatam.freshdesk.com:443
2025-10-31 09:46:42 - urllib3.connectionpool - DEBUG - https://tdilatam.freshdesk.com:443 "GET /api/v2/tickets/33819 HTTP/1.1" 200 None
2025-10-31 09:46:42 - urllib3.connectionpool - DEBUG - Starting new HTTPS connection (1): tdilatam.freshdesk.com:443
2025-10-31 09:46:43 - urllib3.connectionpool - DEBUG - https://tdilatam.freshdesk.com:443 "GET /api/v2/tickets/33820 HTTP/1.1" 200 None
2025-10-31 09:46:44 - urllib3.connectionpool - DEBUG - Starting new HTTPS connection (1): tdilatam.freshdesk.com:443
2025-10-31 09:46:45 - urllib3.connectionpool - DEBUG - https://tdilatam.freshdesk.com:443 "GET /api/v2/tickets/33821 HTTP/1.1" 200 None
2025-10-31 09:46:45 - urllib3.connectionpool - DEBUG - Starting new HTTPS connection (1): tdilatam.freshdesk.com:443
2025-10-31 09:46:46 - urllib3.connectionpool - DEBUG - https://tdilatam.freshdesk.com:443 "GET /api/v2/tickets/33822 HTTP/1.1" 200 None
2025-10-31 09:46:46 - urllib3.connectionpool - DEBUG - Starting new HTTPS connection (1): tdilatam.freshdesk.com:443
2025-10-31 09:46:47 - urllib3.connectionpool - DEBUG - https://tdilatam.freshdesk.com:443 "GET /api/v2/tickets/33823 HTTP/1.1" 200 None
2025-10-31 09:46:47 - urllib3.connectionpool - DEBUG - Starting new HTTPS connection (1): tdilatam.freshdesk.com:443
2025-10-31 09:46:48 - urllib3.connectionpool - DEBUG - https://tdilatam.freshdesk.com:443 "GET /api/v2/tickets/33824 HTTP/1.1" 200 None
2025-10-31 09:46:48 - urllib3.connectionpool - DEBUG - Starting new HTTPS connection (1): tdilatam.freshdesk.com:443
2025-10-31 09:46:49 - urllib3.connectionpool - DEBUG - https://tdilatam.freshdesk.com:443 "GET /api/v2/tickets/33825 HTTP/1.1" 200 None
2025-10-31 09:46:49 - urllib3.connectionpool - DEBUG - Starting new HTTPS connection (1): tdilatam.freshdesk.com:443
2025-10-31 09:46:50 - urllib3.connectionpool - DEBUG - https://tdilatam.freshdesk.com:443 "GET /api/v2/tickets/33826 HTTP/1.1" 200 None
2025-10-31 09:46:50 - urllib3.connectionpool - DEBUG - Starting new HTTPS connection (1): tdilatam.freshdesk.com:443
2025-10-31 09:46:51 - urllib3.connectionpool - DEBUG - https://tdilatam.freshdesk.com:443 "GET /api/v2/tickets/33827 HTTP/1.1" 200 None
2025-10-31 09:46:51 - urllib3.connectionpool - DEBUG - Starting new HTTPS connection (1): tdilatam.freshdesk.com:443
2025-10-31 09:46:52 - urllib3.connectionpool - DEBUG - https://tdilatam.freshdesk.com:443 "GET /api/v2/tickets/33828 HTTP/1.1" 200 None
2025-10-31 09:46:52 - urllib3.connectionpool - DEBUG - Starting new HTTPS connection (1): tdilatam.freshdesk.com:443
2025-10-31 09:46:52 - urllib3.connectionpool - DEBUG - https://tdilatam.freshdesk.com:443 "GET /api/v2/tickets/33829 HTTP/1.1" 200 None
2025-10-31 09:46:53 - urllib3.connectionpool - DEBUG - Starting new HTTPS connection (1): tdilatam.freshdesk.com:443
2025-10-31 09:46:53 - urllib3.connectionpool - DEBUG - https://tdilatam.freshdesk.com:443 "GET /api/v2/tickets/33830 HTTP/1.1" 200 None
2025-10-31 09:46:54 - urllib3.connectionpool - DEBUG - Starting new HTTPS connection (1): tdilatam.freshdesk.com:443
2025-10-31 09:46:55 - urllib3.connectionpool - DEBUG - https://tdilatam.freshdesk.com:443 "GET /api/v2/tickets/33831 HTTP/1.1" 200 None
2025-10-31 09:46:55 - urllib3.connectionpool - DEBUG - Starting new HTTPS connection (1): tdilatam.freshdesk.com:443
2025-10-31 09:46:56 - urllib3.connectionpool - DEBUG - https://tdilatam.freshdesk.com:443 "GET /api/v2/tickets/33832 HTTP/1.1" 200 None
2025-10-31 09:46:56 - urllib3.connectionpool - DEBUG - Starting new HTTPS connection (1): tdilatam.freshdesk.com:443
2025-10-31 09:46:57 - urllib3.connectionpool - DEBUG - https://tdilatam.freshdesk.com:443 "GET /api/v2/tickets/33833 HTTP/1.1" 200 None
2025-10-31 09:46:57 - urllib3.connectionpool - DEBUG - Starting new HTTPS connection (1): tdilatam.freshdesk.com:443
2025-10-31 09:46:58 - urllib3.connectionpool - DEBUG - https://tdilatam.freshdesk.com:443 "GET /api/v2/tickets/33834 HTTP/1.1" 200 None
2025-10-31 09:46:58 - urllib3.connectionpool - DEBUG - Starting new HTTPS connection (1): tdilatam.freshdesk.com:443
2025-10-31 09:46:58 - urllib3.connectionpool - DEBUG - https://tdilatam.freshdesk.com:443 "GET /api/v2/tickets/33835 HTTP/1.1" 200 None
2025-10-31 09:46:58 - urllib3.connectionpool - DEBUG - Starting new HTTPS connection (1): tdilatam.freshdesk.com:443
2025-10-31 09:46:59 - urllib3.connectionpool - DEBUG - https://tdilatam.freshdesk.com:443 "GET /api/v2/tickets/33836 HTTP/1.1" 200 None
2025-10-31 09:46:59 - urllib3.connectionpool - DEBUG - Starting new HTTPS connection (1): tdilatam.freshdesk.com:443
2025-10-31 09:47:00 - urllib3.connectionpool - DEBUG - https://tdilatam.freshdesk.com:443 "GET /api/v2/tickets/33837 HTTP/1.1" 200 None
2025-10-31 09:47:00 - urllib3.connectionpool - DEBUG - Starting new HTTPS connection (1): tdilatam.freshdesk.com:443
2025-10-31 09:47:01 - urllib3.connectionpool - DEBUG - https://tdilatam.freshdesk.com:443 "GET /api/v2/tickets/33838 HTTP/1.1" 200 None
2025-10-31 09:47:01 - urllib3.connectionpool - DEBUG - Starting new HTTPS connection (1): tdilatam.freshdesk.com:443
2025-10-31 09:47:02 - urllib3.connectionpool - DEBUG - https://tdilatam.freshdesk.com:443 "GET /api/v2/tickets/33839 HTTP/1.1" 200 None
2025-10-31 09:47:02 - urllib3.connectionpool - DEBUG - Starting new HTTPS connection (1): tdilatam.freshdesk.com:443
2025-10-31 09:47:03 - urllib3.connectionpool - DEBUG - https://tdilatam.freshdesk.com:443 "GET /api/v2/tickets/33842 HTTP/1.1" 200 None
2025-10-31 09:47:04 - urllib3.connectionpool - DEBUG - Starting new HTTPS connection (1): tdilatam.freshdesk.com:443
2025-10-31 09:47:04 - urllib3.connectionpool - DEBUG - https://tdilatam.freshdesk.com:443 "GET /api/v2/tickets/33846 HTTP/1.1" 200 None
2025-10-31 09:47:04 - urllib3.connectionpool - DEBUG - Starting new HTTPS connection (1): tdilatam.freshdesk.com:443
2025-10-31 09:47:05 - urllib3.connectionpool - DEBUG - https://tdilatam.freshdesk.com:443 "GET /api/v2/tickets/33847 HTTP/1.1" 200 None
2025-10-31 09:47:05 - urllib3.connectionpool - DEBUG - Starting new HTTPS connection (1): tdilatam.freshdesk.com:443
2025-10-31 09:47:06 - urllib3.connectionpool - DEBUG - https://tdilatam.freshdesk.com:443 "GET /api/v2/tickets/33848 HTTP/1.1" 200 None
2025-10-31 09:47:06 - urllib3.connectionpool - DEBUG - Starting new HTTPS connection (1): tdilatam.freshdesk.com:443
2025-10-31 09:47:07 - urllib3.connectionpool - DEBUG - https://tdilatam.freshdesk.com:443 "GET /api/v2/tickets/33849 HTTP/1.1" 200 None
2025-10-31 09:47:07 - urllib3.connectionpool - DEBUG - Starting new HTTPS connection (1): tdilatam.freshdesk.com:443
2025-10-31 09:47:08 - urllib3.connectionpool - DEBUG - https://tdilatam.freshdesk.com:443 "GET /api/v2/tickets/33850 HTTP/1.1" 200 None
2025-10-31 09:47:08 - urllib3.connectionpool - DEBUG - Starting new HTTPS connection (1): tdilatam.freshdesk.com:443
2025-10-31 09:47:09 - urllib3.connectionpool - DEBUG - https://tdilatam.freshdesk.com:443 "GET /api/v2/tickets/33852 HTTP/1.1" 200 None
2025-10-31 09:47:09 - urllib3.connectionpool - DEBUG - Starting new HTTPS connection (1): tdilatam.freshdesk.com:443
2025-10-31 09:47:10 - urllib3.connectionpool - DEBUG - https://tdilatam.freshdesk.com:443 "GET /api/v2/tickets/33853 HTTP/1.1" 200 None
2025-10-31 09:47:10 - urllib3.connectionpool - DEBUG - Starting new HTTPS connection (1): tdilatam.freshdesk.com:443
2025-10-31 09:47:11 - urllib3.connectionpool - DEBUG - https://tdilatam.freshdesk.com:443 "GET /api/v2/tickets/33854 HTTP/1.1" 200 None
2025-10-31 09:47:11 - urllib3.connectionpool - DEBUG - Starting new HTTPS connection (1): tdilatam.freshdesk.com:443
2025-10-31 09:47:12 - urllib3.connectionpool - DEBUG - https://tdilatam.freshdesk.com:443 "GET /api/v2/tickets/33855 HTTP/1.1" 200 None
2025-10-31 09:47:12 - urllib3.connectionpool - DEBUG - Starting new HTTPS connection (1): tdilatam.freshdesk.com:443
2025-10-31 09:47:13 - urllib3.connectionpool - DEBUG - https://tdilatam.freshdesk.com:443 "GET /api/v2/tickets/33856 HTTP/1.1" 200 None
2025-10-31 09:47:14 - urllib3.connectionpool - DEBUG - Starting new HTTPS connection (1): tdilatam.freshdesk.com:443
2025-10-31 09:47:14 - urllib3.connectionpool - DEBUG - https://tdilatam.freshdesk.com:443 "GET /api/v2/tickets/33857 HTTP/1.1" 200 None
2025-10-31 09:47:15 - urllib3.connectionpool - DEBUG - Starting new HTTPS connection (1): tdilatam.freshdesk.com:443
2025-10-31 09:47:15 - urllib3.connectionpool - DEBUG - https://tdilatam.freshdesk.com:443 "GET /api/v2/tickets/33858 HTTP/1.1" 200 None
2025-10-31 09:47:15 - urllib3.connectionpool - DEBUG - Starting new HTTPS connection (1): tdilatam.freshdesk.com:443
2025-10-31 09:47:16 - urllib3.connectionpool - DEBUG - https://tdilatam.freshdesk.com:443 "GET /api/v2/tickets/33859 HTTP/1.1" 200 None
2025-10-31 09:47:16 - urllib3.connectionpool - DEBUG - Starting new HTTPS connection (1): tdilatam.freshdesk.com:443
2025-10-31 09:47:17 - urllib3.connectionpool - DEBUG - https://tdilatam.freshdesk.com:443 "GET /api/v2/tickets/33861 HTTP/1.1" 200 None
2025-10-31 09:47:17 - urllib3.connectionpool - DEBUG - Starting new HTTPS connection (1): tdilatam.freshdesk.com:443
2025-10-31 09:47:18 - urllib3.connectionpool - DEBUG - https://tdilatam.freshdesk.com:443 "GET /api/v2/tickets/33862 HTTP/1.1" 200 None
2025-10-31 09:47:18 - urllib3.connectionpool - DEBUG - Starting new HTTPS connection (1): tdilatam.freshdesk.com:443
2025-10-31 09:47:19 - urllib3.connectionpool - DEBUG - https://tdilatam.freshdesk.com:443 "GET /api/v2/tickets/33863 HTTP/1.1" 200 None
2025-10-31 09:47:19 - urllib3.connectionpool - DEBUG - Starting new HTTPS connection (1): tdilatam.freshdesk.com:443
2025-10-31 09:47:19 - urllib3.connectionpool - DEBUG - https://tdilatam.freshdesk.com:443 "GET /api/v2/tickets/33864 HTTP/1.1" 200 None
2025-10-31 09:47:20 - urllib3.connectionpool - DEBUG - Starting new HTTPS connection (1): tdilatam.freshdesk.com:443
2025-10-31 09:47:20 - urllib3.connectionpool - DEBUG - https://tdilatam.freshdesk.com:443 "GET /api/v2/tickets/33865 HTTP/1.1" 200 None
2025-10-31 09:47:20 - urllib3.connectionpool - DEBUG - Starting new HTTPS connection (1): tdilatam.freshdesk.com:443
2025-10-31 09:47:21 - urllib3.connectionpool - DEBUG - https://tdilatam.freshdesk.com:443 "GET /api/v2/tickets/33868 HTTP/1.1" 200 None
2025-10-31 09:47:21 - urllib3.connectionpool - DEBUG - Starting new HTTPS connection (1): tdilatam.freshdesk.com:443
2025-10-31 09:47:22 - urllib3.connectionpool - DEBUG - https://tdilatam.freshdesk.com:443 "GET /api/v2/tickets/33869 HTTP/1.1" 200 None
2025-10-31 09:47:23 - urllib3.connectionpool - DEBUG - Starting new HTTPS connection (1): tdilatam.freshdesk.com:443
2025-10-31 09:47:24 - urllib3.connectionpool - DEBUG - https://tdilatam.freshdesk.com:443 "GET /api/v2/tickets/33870 HTTP/1.1" 200 None
2025-10-31 09:47:24 - urllib3.connectionpool - DEBUG - Starting new HTTPS connection (1): tdilatam.freshdesk.com:443
2025-10-31 09:47:25 - urllib3.connectionpool - DEBUG - https://tdilatam.freshdesk.com:443 "GET /api/v2/tickets/33872 HTTP/1.1" 200 None
2025-10-31 09:47:25 - urllib3.connectionpool - DEBUG - Starting new HTTPS connection (1): tdilatam.freshdesk.com:443
2025-10-31 09:47:26 - urllib3.connectionpool - DEBUG - https://tdilatam.freshdesk.com:443 "GET /api/v2/tickets/33873 HTTP/1.1" 200 None
2025-10-31 09:47:26 - urllib3.connectionpool - DEBUG - Starting new HTTPS connection (1): tdilatam.freshdesk.com:443
2025-10-31 09:47:27 - urllib3.connectionpool - DEBUG - https://tdilatam.freshdesk.com:443 "GET /api/v2/tickets/33874 HTTP/1.1" 200 None
2025-10-31 09:47:27 - urllib3.connectionpool - DEBUG - Starting new HTTPS connection (1): tdilatam.freshdesk.com:443
2025-10-31 09:47:28 - urllib3.connectionpool - DEBUG - https://tdilatam.freshdesk.com:443 "GET /api/v2/tickets/33875 HTTP/1.1" 200 None
2025-10-31 09:47:28 - urllib3.connectionpool - DEBUG - Starting new HTTPS connection (1): tdilatam.freshdesk.com:443
2025-10-31 09:47:28 - urllib3.connectionpool - DEBUG - https://tdilatam.freshdesk.com:443 "GET /api/v2/tickets/33876 HTTP/1.1" 200 None
2025-10-31 09:47:28 - urllib3.connectionpool - DEBUG - Starting new HTTPS connection (1): tdilatam.freshdesk.com:443
2025-10-31 09:47:29 - urllib3.connectionpool - DEBUG - https://tdilatam.freshdesk.com:443 "GET /api/v2/tickets/33877 HTTP/1.1" 200 None
2025-10-31 09:47:29 - urllib3.connectionpool - DEBUG - Starting new HTTPS connection (1): tdilatam.freshdesk.com:443
2025-10-31 09:47:30 - urllib3.connectionpool - DEBUG - https://tdilatam.freshdesk.com:443 "GET /api/v2/tickets/33878 HTTP/1.1" 200 None
2025-10-31 09:47:30 - urllib3.connectionpool - DEBUG - Starting new HTTPS connection (1): tdilatam.freshdesk.com:443
2025-10-31 09:47:31 - urllib3.connectionpool - DEBUG - https://tdilatam.freshdesk.com:443 "GET /api/v2/tickets/33880 HTTP/1.1" 200 None
2025-10-31 09:47:31 - urllib3.connectionpool - DEBUG - Starting new HTTPS connection (1): tdilatam.freshdesk.com:443
2025-10-31 09:47:32 - urllib3.connectionpool - DEBUG - https://tdilatam.freshdesk.com:443 "GET /api/v2/tickets/33881 HTTP/1.1" 200 None
2025-10-31 09:47:33 - urllib3.connectionpool - DEBUG - Starting new HTTPS connection (1): tdilatam.freshdesk.com:443
2025-10-31 09:47:34 - urllib3.connectionpool - DEBUG - https://tdilatam.freshdesk.com:443 "GET /api/v2/tickets/33882 HTTP/1.1" 200 None
2025-10-31 09:47:34 - urllib3.connectionpool - DEBUG - Starting new HTTPS connection (1): tdilatam.freshdesk.com:443
2025-10-31 09:47:35 - urllib3.connectionpool - DEBUG - https://tdilatam.freshdesk.com:443 "GET /api/v2/tickets/33883 HTTP/1.1" 200 None
2025-10-31 09:47:35 - urllib3.connectionpool - DEBUG - Starting new HTTPS connection (1): tdilatam.freshdesk.com:443
2025-10-31 09:47:35 - urllib3.connectionpool - DEBUG - https://tdilatam.freshdesk.com:443 "GET /api/v2/tickets/33884 HTTP/1.1" 200 None
2025-10-31 09:47:35 - urllib3.connectionpool - DEBUG - Starting new HTTPS connection (1): tdilatam.freshdesk.com:443
2025-10-31 09:47:37 - urllib3.connectionpool - DEBUG - https://tdilatam.freshdesk.com:443 "GET /api/v2/tickets/33885 HTTP/1.1" 200 None
2025-10-31 09:47:37 - urllib3.connectionpool - DEBUG - Starting new HTTPS connection (1): tdilatam.freshdesk.com:443
2025-10-31 09:47:37 - urllib3.connectionpool - DEBUG - https://tdilatam.freshdesk.com:443 "GET /api/v2/tickets/33886 HTTP/1.1" 200 None
2025-10-31 09:47:37 - urllib3.connectionpool - DEBUG - Starting new HTTPS connection (1): tdilatam.freshdesk.com:443
2025-10-31 09:47:38 - urllib3.connectionpool - DEBUG - https://tdilatam.freshdesk.com:443 "GET /api/v2/tickets/33887 HTTP/1.1" 200 None
2025-10-31 09:47:38 - urllib3.connectionpool - DEBUG - Starting new HTTPS connection (1): tdilatam.freshdesk.com:443
2025-10-31 09:47:39 - urllib3.connectionpool - DEBUG - https://tdilatam.freshdesk.com:443 "GET /api/v2/tickets/33888 HTTP/1.1" 200 None
2025-10-31 09:47:39 - urllib3.connectionpool - DEBUG - Starting new HTTPS connection (1): tdilatam.freshdesk.com:443
2025-10-31 09:47:40 - urllib3.connectionpool - DEBUG - https://tdilatam.freshdesk.com:443 "GET /api/v2/tickets/33889 HTTP/1.1" 200 None
2025-10-31 09:47:40 - urllib3.connectionpool - DEBUG - Starting new HTTPS connection (1): tdilatam.freshdesk.com:443
2025-10-31 09:47:41 - urllib3.connectionpool - DEBUG - https://tdilatam.freshdesk.com:443 "GET /api/v2/tickets/33895 HTTP/1.1" 200 None
2025-10-31 09:47:41 - urllib3.connectionpool - DEBUG - Starting new HTTPS connection (1): tdilatam.freshdesk.com:443
2025-10-31 09:47:42 - urllib3.connectionpool - DEBUG - https://tdilatam.freshdesk.com:443 "GET /api/v2/tickets/33896 HTTP/1.1" 200 None
2025-10-31 09:47:43 - urllib3.connectionpool - DEBUG - Starting new HTTPS connection (1): tdilatam.freshdesk.com:443
2025-10-31 09:47:44 - urllib3.connectionpool - DEBUG - https://tdilatam.freshdesk.com:443 "GET /api/v2/tickets/33897 HTTP/1.1" 200 None
2025-10-31 09:47:44 - urllib3.connectionpool - DEBUG - Starting new HTTPS connection (1): tdilatam.freshdesk.com:443
2025-10-31 09:47:45 - urllib3.connectionpool - DEBUG - https://tdilatam.freshdesk.com:443 "GET /api/v2/tickets/33898 HTTP/1.1" 200 None
2025-10-31 09:47:45 - urllib3.connectionpool - DEBUG - Starting new HTTPS connection (1): tdilatam.freshdesk.com:443
2025-10-31 09:47:46 - urllib3.connectionpool - DEBUG - https://tdilatam.freshdesk.com:443 "GET /api/v2/tickets/33899 HTTP/1.1" 200 None
2025-10-31 09:47:46 - urllib3.connectionpool - DEBUG - Starting new HTTPS connection (1): tdilatam.freshdesk.com:443
2025-10-31 09:47:47 - urllib3.connectionpool - DEBUG - https://tdilatam.freshdesk.com:443 "GET /api/v2/tickets/33900 HTTP/1.1" 200 None
2025-10-31 09:47:47 - urllib3.connectionpool - DEBUG - Starting new HTTPS connection (1): tdilatam.freshdesk.com:443
2025-10-31 09:47:48 - urllib3.connectionpool - DEBUG - https://tdilatam.freshdesk.com:443 "GET /api/v2/tickets/33901 HTTP/1.1" 200 None
2025-10-31 09:47:48 - urllib3.connectionpool - DEBUG - Starting new HTTPS connection (1): tdilatam.freshdesk.com:443
2025-10-31 09:47:49 - urllib3.connectionpool - DEBUG - https://tdilatam.freshdesk.com:443 "GET /api/v2/tickets/33902 HTTP/1.1" 200 None
2025-10-31 09:47:49 - urllib3.connectionpool - DEBUG - Starting new HTTPS connection (1): tdilatam.freshdesk.com:443
2025-10-31 09:47:49 - urllib3.connectionpool - DEBUG - https://tdilatam.freshdesk.com:443 "GET /api/v2/tickets/33903 HTTP/1.1" 200 None
2025-10-31 09:47:49 - urllib3.connectionpool - DEBUG - Starting new HTTPS connection (1): tdilatam.freshdesk.com:443
2025-10-31 09:47:50 - urllib3.connectionpool - DEBUG - https://tdilatam.freshdesk.com:443 "GET /api/v2/tickets/33904 HTTP/1.1" 200 None
2025-10-31 09:47:50 - urllib3.connectionpool - DEBUG - Starting new HTTPS connection (1): tdilatam.freshdesk.com:443
2025-10-31 09:47:51 - urllib3.connectionpool - DEBUG - https://tdilatam.freshdesk.com:443 "GET /api/v2/tickets/33905 HTTP/1.1" 200 None
2025-10-31 09:47:51 - urllib3.connectionpool - DEBUG - Starting new HTTPS connection (1): tdilatam.freshdesk.com:443
2025-10-31 09:47:52 - urllib3.connectionpool - DEBUG - https://tdilatam.freshdesk.com:443 "GET /api/v2/tickets/33906 HTTP/1.1" 200 None
2025-10-31 09:47:53 - urllib3.connectionpool - DEBUG - Starting new HTTPS connection (1): tdilatam.freshdesk.com:443
2025-10-31 09:47:54 - urllib3.connectionpool - DEBUG - https://tdilatam.freshdesk.com:443 "GET /api/v2/tickets/33907 HTTP/1.1" 200 None
2025-10-31 09:47:54 - urllib3.connectionpool - DEBUG - Starting new HTTPS connection (1): tdilatam.freshdesk.com:443
2025-10-31 09:47:55 - urllib3.connectionpool - DEBUG - https://tdilatam.freshdesk.com:443 "GET /api/v2/tickets/33909 HTTP/1.1" 200 None
2025-10-31 09:47:55 - urllib3.connectionpool - DEBUG - Starting new HTTPS connection (1): tdilatam.freshdesk.com:443
2025-10-31 09:47:56 - urllib3.connectionpool - DEBUG - https://tdilatam.freshdesk.com:443 "GET /api/v2/tickets/33910 HTTP/1.1" 200 None
2025-10-31 09:47:56 - urllib3.connectionpool - DEBUG - Starting new HTTPS connection (1): tdilatam.freshdesk.com:443
2025-10-31 09:47:57 - urllib3.connectionpool - DEBUG - https://tdilatam.freshdesk.com:443 "GET /api/v2/tickets/33911 HTTP/1.1" 200 None
2025-10-31 09:47:57 - urllib3.connectionpool - DEBUG - Starting new HTTPS connection (1): tdilatam.freshdesk.com:443
2025-10-31 09:47:57 - urllib3.connectionpool - DEBUG - https://tdilatam.freshdesk.com:443 "GET /api/v2/tickets/33913 HTTP/1.1" 200 None
2025-10-31 09:47:57 - urllib3.connectionpool - DEBUG - Starting new HTTPS connection (1): tdilatam.freshdesk.com:443
2025-10-31 09:47:58 - urllib3.connectionpool - DEBUG - https://tdilatam.freshdesk.com:443 "GET /api/v2/tickets/33914 HTTP/1.1" 200 None
2025-10-31 09:47:58 - urllib3.connectionpool - DEBUG - Starting new HTTPS connection (1): tdilatam.freshdesk.com:443
2025-10-31 09:47:59 - urllib3.connectionpool - DEBUG - https://tdilatam.freshdesk.com:443 "GET /api/v2/tickets/33916 HTTP/1.1" 200 None
2025-10-31 09:47:59 - urllib3.connectionpool - DEBUG - Starting new HTTPS connection (1): tdilatam.freshdesk.com:443
2025-10-31 09:48:00 - urllib3.connectionpool - DEBUG - https://tdilatam.freshdesk.com:443 "GET /api/v2/tickets/33917 HTTP/1.1" 200 None
2025-10-31 09:48:00 - urllib3.connectionpool - DEBUG - Starting new HTTPS connection (1): tdilatam.freshdesk.com:443
2025-10-31 09:48:01 - urllib3.connectionpool - DEBUG - https://tdilatam.freshdesk.com:443 "GET /api/v2/tickets/33918 HTTP/1.1" 200 None
2025-10-31 09:48:01 - urllib3.connectionpool - DEBUG - Starting new HTTPS connection (1): tdilatam.freshdesk.com:443
2025-10-31 09:48:02 - urllib3.connectionpool - DEBUG - https://tdilatam.freshdesk.com:443 "GET /api/v2/tickets/33919 HTTP/1.1" 200 None
2025-10-31 09:48:03 - urllib3.connectionpool - DEBUG - Starting new HTTPS connection (1): tdilatam.freshdesk.com:443
2025-10-31 09:48:04 - urllib3.connectionpool - DEBUG - https://tdilatam.freshdesk.com:443 "GET /api/v2/tickets/33920 HTTP/1.1" 200 None
2025-10-31 09:48:04 - urllib3.connectionpool - DEBUG - Starting new HTTPS connection (1): tdilatam.freshdesk.com:443
2025-10-31 09:48:05 - urllib3.connectionpool - DEBUG - https://tdilatam.freshdesk.com:443 "GET /api/v2/tickets/33923 HTTP/1.1" 200 None
2025-10-31 09:48:05 - urllib3.connectionpool - DEBUG - Starting new HTTPS connection (1): tdilatam.freshdesk.com:443
2025-10-31 09:48:06 - urllib3.connectionpool - DEBUG - https://tdilatam.freshdesk.com:443 "GET /api/v2/tickets/33924 HTTP/1.1" 200 None
2025-10-31 09:48:06 - urllib3.connectionpool - DEBUG - Starting new HTTPS connection (1): tdilatam.freshdesk.com:443
2025-10-31 09:48:07 - urllib3.connectionpool - DEBUG - https://tdilatam.freshdesk.com:443 "GET /api/v2/tickets/33925 HTTP/1.1" 200 None
2025-10-31 09:48:07 - urllib3.connectionpool - DEBUG - Starting new HTTPS connection (1): tdilatam.freshdesk.com:443
2025-10-31 09:48:08 - urllib3.connectionpool - DEBUG - https://tdilatam.freshdesk.com:443 "GET /api/v2/tickets/33926 HTTP/1.1" 200 None
2025-10-31 09:48:08 - urllib3.connectionpool - DEBUG - Starting new HTTPS connection (1): tdilatam.freshdesk.com:443
2025-10-31 09:48:09 - urllib3.connectionpool - DEBUG - https://tdilatam.freshdesk.com:443 "GET /api/v2/tickets/33935 HTTP/1.1" 200 None
2025-10-31 09:48:09 - urllib3.connectionpool - DEBUG - Starting new HTTPS connection (1): tdilatam.freshdesk.com:443
2025-10-31 09:48:10 - urllib3.connectionpool - DEBUG - https://tdilatam.freshdesk.com:443 "GET /api/v2/tickets/33936 HTTP/1.1" 200 None
2025-10-31 09:48:10 - urllib3.connectionpool - DEBUG - Starting new HTTPS connection (1): tdilatam.freshdesk.com:443
2025-10-31 09:48:11 - urllib3.connectionpool - DEBUG - https://tdilatam.freshdesk.com:443 "GET /api/v2/tickets/33937 HTTP/1.1" 200 None
2025-10-31 09:48:11 - urllib3.connectionpool - DEBUG - Starting new HTTPS connection (1): tdilatam.freshdesk.com:443
2025-10-31 09:48:12 - urllib3.connectionpool - DEBUG - https://tdilatam.freshdesk.com:443 "GET /api/v2/tickets/33938 HTTP/1.1" 200 None
2025-10-31 09:48:12 - urllib3.connectionpool - DEBUG - Starting new HTTPS connection (1): tdilatam.freshdesk.com:443
2025-10-31 09:48:13 - urllib3.connectionpool - DEBUG - https://tdilatam.freshdesk.com:443 "GET /api/v2/tickets/33939 HTTP/1.1" 200 None
2025-10-31 09:48:14 - urllib3.connectionpool - DEBUG - Starting new HTTPS connection (1): tdilatam.freshdesk.com:443
2025-10-31 09:48:15 - urllib3.connectionpool - DEBUG - https://tdilatam.freshdesk.com:443 "GET /api/v2/tickets/33940 HTTP/1.1" 200 None
2025-10-31 09:48:15 - urllib3.connectionpool - DEBUG - Starting new HTTPS connection (1): tdilatam.freshdesk.com:443
2025-10-31 09:48:16 - urllib3.connectionpool - DEBUG - https://tdilatam.freshdesk.com:443 "GET /api/v2/tickets/33941 HTTP/1.1" 200 None
2025-10-31 09:48:16 - urllib3.connectionpool - DEBUG - Starting new HTTPS connection (1): tdilatam.freshdesk.com:443
2025-10-31 09:48:17 - urllib3.connectionpool - DEBUG - https://tdilatam.freshdesk.com:443 "GET /api/v2/tickets/33942 HTTP/1.1" 200 None
2025-10-31 09:48:17 - urllib3.connectionpool - DEBUG - Starting new HTTPS connection (1): tdilatam.freshdesk.com:443
2025-10-31 09:48:18 - urllib3.connectionpool - DEBUG - https://tdilatam.freshdesk.com:443 "GET /api/v2/tickets/33943 HTTP/1.1" 200 None
2025-10-31 09:48:18 - urllib3.connectionpool - DEBUG - Starting new HTTPS connection (1): tdilatam.freshdesk.com:443
2025-10-31 09:48:19 - urllib3.connectionpool - DEBUG - https://tdilatam.freshdesk.com:443 "GET /api/v2/tickets/33944 HTTP/1.1" 200 None
2025-10-31 09:48:19 - urllib3.connectionpool - DEBUG - Starting new HTTPS connection (1): tdilatam.freshdesk.com:443
2025-10-31 09:48:20 - urllib3.connectionpool - DEBUG - https://tdilatam.freshdesk.com:443 "GET /api/v2/tickets/33953 HTTP/1.1" 200 None
2025-10-31 09:48:20 - urllib3.connectionpool - DEBUG - Starting new HTTPS connection (1): tdilatam.freshdesk.com:443
2025-10-31 09:48:21 - urllib3.connectionpool - DEBUG - https://tdilatam.freshdesk.com:443 "GET /api/v2/tickets/33954 HTTP/1.1" 200 None
2025-10-31 09:48:21 - urllib3.connectionpool - DEBUG - Starting new HTTPS connection (1): tdilatam.freshdesk.com:443
2025-10-31 09:48:22 - urllib3.connectionpool - DEBUG - https://tdilatam.freshdesk.com:443 "GET /api/v2/tickets/33960 HTTP/1.1" 200 None
2025-10-31 09:48:22 - urllib3.connectionpool - DEBUG - Starting new HTTPS connection (1): tdilatam.freshdesk.com:443
2025-10-31 09:48:23 - urllib3.connectionpool - DEBUG - https://tdilatam.freshdesk.com:443 "GET /api/v2/tickets/33961 HTTP/1.1" 200 None
2025-10-31 09:48:23 - urllib3.connectionpool - DEBUG - Starting new HTTPS connection (1): tdilatam.freshdesk.com:443
2025-10-31 09:48:24 - urllib3.connectionpool - DEBUG - https://tdilatam.freshdesk.com:443 "GET /api/v2/tickets/33962 HTTP/1.1" 200 None
2025-10-31 09:48:25 - urllib3.connectionpool - DEBUG - Starting new HTTPS connection (1): tdilatam.freshdesk.com:443
2025-10-31 09:48:26 - urllib3.connectionpool - DEBUG - https://tdilatam.freshdesk.com:443 "GET /api/v2/tickets/33963 HTTP/1.1" 200 None
2025-10-31 09:48:26 - urllib3.connectionpool - DEBUG - Starting new HTTPS connection (1): tdilatam.freshdesk.com:443
2025-10-31 09:48:27 - urllib3.connectionpool - DEBUG - https://tdilatam.freshdesk.com:443 "GET /api/v2/tickets/33964 HTTP/1.1" 200 None
2025-10-31 09:48:27 - urllib3.connectionpool - DEBUG - Starting new HTTPS connection (1): tdilatam.freshdesk.com:443
2025-10-31 09:48:28 - urllib3.connectionpool - DEBUG - https://tdilatam.freshdesk.com:443 "GET /api/v2/tickets/33965 HTTP/1.1" 200 None
2025-10-31 09:48:28 - urllib3.connectionpool - DEBUG - Starting new HTTPS connection (1): tdilatam.freshdesk.com:443
2025-10-31 09:48:29 - urllib3.connectionpool - DEBUG - https://tdilatam.freshdesk.com:443 "GET /api/v2/tickets/33966 HTTP/1.1" 200 None
2025-10-31 09:48:29 - urllib3.connectionpool - DEBUG - Starting new HTTPS connection (1): tdilatam.freshdesk.com:443
2025-10-31 09:48:30 - urllib3.connectionpool - DEBUG - https://tdilatam.freshdesk.com:443 "GET /api/v2/tickets/33967 HTTP/1.1" 200 None
2025-10-31 09:48:30 - urllib3.connectionpool - DEBUG - Starting new HTTPS connection (1): tdilatam.freshdesk.com:443
2025-10-31 09:48:33 - urllib3.connectionpool - DEBUG - https://tdilatam.freshdesk.com:443 "GET /api/v2/tickets/33968 HTTP/1.1" 200 None
2025-10-31 09:48:33 - urllib3.connectionpool - DEBUG - Starting new HTTPS connection (1): tdilatam.freshdesk.com:443
2025-10-31 09:48:34 - urllib3.connectionpool - DEBUG - https://tdilatam.freshdesk.com:443 "GET /api/v2/tickets/33970 HTTP/1.1" 200 None
2025-10-31 09:48:34 - urllib3.connectionpool - DEBUG - Starting new HTTPS connection (1): tdilatam.freshdesk.com:443
2025-10-31 09:48:35 - urllib3.connectionpool - DEBUG - https://tdilatam.freshdesk.com:443 "GET /api/v2/tickets/33971 HTTP/1.1" 200 None
2025-10-31 09:48:35 - urllib3.connectionpool - DEBUG - Starting new HTTPS connection (1): tdilatam.freshdesk.com:443
2025-10-31 09:48:36 - urllib3.connectionpool - DEBUG - https://tdilatam.freshdesk.com:443 "GET /api/v2/tickets/33972 HTTP/1.1" 200 None
2025-10-31 09:48:36 - urllib3.connectionpool - DEBUG - Starting new HTTPS connection (1): tdilatam.freshdesk.com:443
2025-10-31 09:48:37 - urllib3.connectionpool - DEBUG - https://tdilatam.freshdesk.com:443 "GET /api/v2/tickets/33973 HTTP/1.1" 200 None
2025-10-31 09:48:38 - urllib3.connectionpool - DEBUG - Starting new HTTPS connection (1): tdilatam.freshdesk.com:443
2025-10-31 09:48:39 - urllib3.connectionpool - DEBUG - https://tdilatam.freshdesk.com:443 "GET /api/v2/tickets/33974 HTTP/1.1" 200 None
2025-10-31 09:48:39 - urllib3.connectionpool - DEBUG - Starting new HTTPS connection (1): tdilatam.freshdesk.com:443
2025-10-31 09:48:40 - urllib3.connectionpool - DEBUG - https://tdilatam.freshdesk.com:443 "GET /api/v2/tickets/33975 HTTP/1.1" 200 None
2025-10-31 09:48:40 - urllib3.connectionpool - DEBUG - Starting new HTTPS connection (1): tdilatam.freshdesk.com:443
2025-10-31 09:48:41 - urllib3.connectionpool - DEBUG - https://tdilatam.freshdesk.com:443 "GET /api/v2/tickets/33976 HTTP/1.1" 200 None
2025-10-31 09:48:41 - urllib3.connectionpool - DEBUG - Starting new HTTPS connection (1): tdilatam.freshdesk.com:443
2025-10-31 09:48:42 - urllib3.connectionpool - DEBUG - https://tdilatam.freshdesk.com:443 "GET /api/v2/tickets/33980 HTTP/1.1" 200 None
2025-10-31 09:48:42 - urllib3.connectionpool - DEBUG - Starting new HTTPS connection (1): tdilatam.freshdesk.com:443
2025-10-31 09:48:43 - urllib3.connectionpool - DEBUG - https://tdilatam.freshdesk.com:443 "GET /api/v2/tickets/33981 HTTP/1.1" 200 None
2025-10-31 09:48:43 - urllib3.connectionpool - DEBUG - Starting new HTTPS connection (1): tdilatam.freshdesk.com:443
2025-10-31 09:48:44 - urllib3.connectionpool - DEBUG - https://tdilatam.freshdesk.com:443 "GET /api/v2/tickets/33982 HTTP/1.1" 200 None
2025-10-31 09:48:44 - urllib3.connectionpool - DEBUG - Starting new HTTPS connection (1): tdilatam.freshdesk.com:443
2025-10-31 09:48:45 - urllib3.connectionpool - DEBUG - https://tdilatam.freshdesk.com:443 "GET /api/v2/tickets/33983 HTTP/1.1" 200 None
2025-10-31 09:48:45 - urllib3.connectionpool - DEBUG - Starting new HTTPS connection (1): tdilatam.freshdesk.com:443
2025-10-31 09:48:45 - urllib3.connectionpool - DEBUG - https://tdilatam.freshdesk.com:443 "GET /api/v2/tickets/33984 HTTP/1.1" 200 None
2025-10-31 09:48:45 - urllib3.connectionpool - DEBUG - Starting new HTTPS connection (1): tdilatam.freshdesk.com:443
2025-10-31 09:48:46 - urllib3.connectionpool - DEBUG - https://tdilatam.freshdesk.com:443 "GET /api/v2/tickets/33985 HTTP/1.1" 200 None
2025-10-31 09:48:46 - urllib3.connectionpool - DEBUG - Starting new HTTPS connection (1): tdilatam.freshdesk.com:443
2025-10-31 09:48:48 - urllib3.connectionpool - DEBUG - https://tdilatam.freshdesk.com:443 "GET /api/v2/tickets/33986 HTTP/1.1" 200 None
2025-10-31 09:48:49 - urllib3.connectionpool - DEBUG - Starting new HTTPS connection (1): tdilatam.freshdesk.com:443
2025-10-31 09:48:50 - urllib3.connectionpool - DEBUG - https://tdilatam.freshdesk.com:443 "GET /api/v2/tickets/33987 HTTP/1.1" 200 None
2025-10-31 09:48:50 - urllib3.connectionpool - DEBUG - Starting new HTTPS connection (1): tdilatam.freshdesk.com:443
2025-10-31 09:48:50 - urllib3.connectionpool - DEBUG - https://tdilatam.freshdesk.com:443 "GET /api/v2/tickets/33988 HTTP/1.1" 200 None
2025-10-31 09:48:50 - urllib3.connectionpool - DEBUG - Starting new HTTPS connection (1): tdilatam.freshdesk.com:443
2025-10-31 09:48:51 - urllib3.connectionpool - DEBUG - https://tdilatam.freshdesk.com:443 "GET /api/v2/tickets/33989 HTTP/1.1" 200 None
2025-10-31 09:48:51 - urllib3.connectionpool - DEBUG - Starting new HTTPS connection (1): tdilatam.freshdesk.com:443
2025-10-31 09:48:52 - urllib3.connectionpool - DEBUG - https://tdilatam.freshdesk.com:443 "GET /api/v2/tickets/33990 HTTP/1.1" 200 None
2025-10-31 09:48:52 - urllib3.connectionpool - DEBUG - Starting new HTTPS connection (1): tdilatam.freshdesk.com:443
2025-10-31 09:48:53 - urllib3.connectionpool - DEBUG - https://tdilatam.freshdesk.com:443 "GET /api/v2/tickets/33992 HTTP/1.1" 200 None
2025-10-31 09:48:53 - urllib3.connectionpool - DEBUG - Starting new HTTPS connection (1): tdilatam.freshdesk.com:443
2025-10-31 09:48:54 - urllib3.connectionpool - DEBUG - https://tdilatam.freshdesk.com:443 "GET /api/v2/tickets/33993 HTTP/1.1" 200 None
2025-10-31 09:48:54 - urllib3.connectionpool - DEBUG - Starting new HTTPS connection (1): tdilatam.freshdesk.com:443
2025-10-31 09:48:55 - urllib3.connectionpool - DEBUG - https://tdilatam.freshdesk.com:443 "GET /api/v2/tickets/33994 HTTP/1.1" 200 None
2025-10-31 09:48:55 - urllib3.connectionpool - DEBUG - Starting new HTTPS connection (1): tdilatam.freshdesk.com:443
2025-10-31 09:48:56 - urllib3.connectionpool - DEBUG - https://tdilatam.freshdesk.com:443 "GET /api/v2/tickets/33995 HTTP/1.1" 200 None
2025-10-31 09:48:56 - urllib3.connectionpool - DEBUG - Starting new HTTPS connection (1): tdilatam.freshdesk.com:443
2025-10-31 09:48:57 - urllib3.connectionpool - DEBUG - https://tdilatam.freshdesk.com:443 "GET /api/v2/tickets/33997 HTTP/1.1" 200 None
2025-10-31 09:48:57 - urllib3.connectionpool - DEBUG - Starting new HTTPS connection (1): tdilatam.freshdesk.com:443
2025-10-31 09:48:57 - urllib3.connectionpool - DEBUG - https://tdilatam.freshdesk.com:443 "GET /api/v2/tickets/33998 HTTP/1.1" 200 None
2025-10-31 09:48:58 - urllib3.connectionpool - DEBUG - Starting new HTTPS connection (1): tdilatam.freshdesk.com:443
2025-10-31 09:49:00 - urllib3.connectionpool - DEBUG - https://tdilatam.freshdesk.com:443 "GET /api/v2/tickets/33999 HTTP/1.1" 200 None
2025-10-31 09:49:00 - urllib3.connectionpool - DEBUG - Starting new HTTPS connection (1): tdilatam.freshdesk.com:443
2025-10-31 09:49:01 - urllib3.connectionpool - DEBUG - https://tdilatam.freshdesk.com:443 "GET /api/v2/tickets/34000 HTTP/1.1" 200 None
2025-10-31 09:49:01 - urllib3.connectionpool - DEBUG - Starting new HTTPS connection (1): tdilatam.freshdesk.com:443
2025-10-31 09:49:02 - urllib3.connectionpool - DEBUG - https://tdilatam.freshdesk.com:443 "GET /api/v2/tickets/34002 HTTP/1.1" 200 None
2025-10-31 09:49:02 - urllib3.connectionpool - DEBUG - Starting new HTTPS connection (1): tdilatam.freshdesk.com:443
2025-10-31 09:49:03 - urllib3.connectionpool - DEBUG - https://tdilatam.freshdesk.com:443 "GET /api/v2/tickets/34003 HTTP/1.1" 200 None
2025-10-31 09:49:03 - urllib3.connectionpool - DEBUG - Starting new HTTPS connection (1): tdilatam.freshdesk.com:443
2025-10-31 09:49:04 - urllib3.connectionpool - DEBUG - https://tdilatam.freshdesk.com:443 "GET /api/v2/tickets/34004 HTTP/1.1" 200 None
2025-10-31 09:49:04 - urllib3.connectionpool - DEBUG - Starting new HTTPS connection (1): tdilatam.freshdesk.com:443
2025-10-31 09:49:05 - urllib3.connectionpool - DEBUG - https://tdilatam.freshdesk.com:443 "GET /api/v2/tickets/34005 HTTP/1.1" 200 None
2025-10-31 09:49:05 - urllib3.connectionpool - DEBUG - Starting new HTTPS connection (1): tdilatam.freshdesk.com:443
2025-10-31 09:49:06 - urllib3.connectionpool - DEBUG - https://tdilatam.freshdesk.com:443 "GET /api/v2/tickets/34006 HTTP/1.1" 200 None
2025-10-31 09:49:06 - urllib3.connectionpool - DEBUG - Starting new HTTPS connection (1): tdilatam.freshdesk.com:443
2025-10-31 09:49:06 - urllib3.connectionpool - DEBUG - https://tdilatam.freshdesk.com:443 "GET /api/v2/tickets/34007 HTTP/1.1" 200 None
2025-10-31 09:49:07 - urllib3.connectionpool - DEBUG - Starting new HTTPS connection (1): tdilatam.freshdesk.com:443
2025-10-31 09:49:08 - urllib3.connectionpool - DEBUG - https://tdilatam.freshdesk.com:443 "GET /api/v2/tickets/34008 HTTP/1.1" 200 None
2025-10-31 09:49:08 - urllib3.connectionpool - DEBUG - Starting new HTTPS connection (1): tdilatam.freshdesk.com:443
2025-10-31 09:49:09 - urllib3.connectionpool - DEBUG - https://tdilatam.freshdesk.com:443 "GET /api/v2/tickets/34013 HTTP/1.1" 200 None
2025-10-31 09:49:10 - urllib3.connectionpool - DEBUG - Starting new HTTPS connection (1): tdilatam.freshdesk.com:443
2025-10-31 09:49:11 - urllib3.connectionpool - DEBUG - https://tdilatam.freshdesk.com:443 "GET /api/v2/tickets/34014 HTTP/1.1" 200 None
2025-10-31 09:49:11 - urllib3.connectionpool - DEBUG - Starting new HTTPS connection (1): tdilatam.freshdesk.com:443
2025-10-31 09:49:12 - urllib3.connectionpool - DEBUG - https://tdilatam.freshdesk.com:443 "GET /api/v2/tickets/34015 HTTP/1.1" 200 None
2025-10-31 09:49:12 - urllib3.connectionpool - DEBUG - Starting new HTTPS connection (1): tdilatam.freshdesk.com:443
2025-10-31 09:49:13 - urllib3.connectionpool - DEBUG - https://tdilatam.freshdesk.com:443 "GET /api/v2/tickets/34016 HTTP/1.1" 200 None
2025-10-31 09:49:13 - urllib3.connectionpool - DEBUG - Starting new HTTPS connection (1): tdilatam.freshdesk.com:443
2025-10-31 09:49:13 - urllib3.connectionpool - DEBUG - https://tdilatam.freshdesk.com:443 "GET /api/v2/tickets/34017 HTTP/1.1" 200 None
2025-10-31 09:49:13 - urllib3.connectionpool - DEBUG - Starting new HTTPS connection (1): tdilatam.freshdesk.com:443
2025-10-31 09:49:14 - urllib3.connectionpool - DEBUG - https://tdilatam.freshdesk.com:443 "GET /api/v2/tickets/34018 HTTP/1.1" 200 None
2025-10-31 09:49:14 - urllib3.connectionpool - DEBUG - Starting new HTTPS connection (1): tdilatam.freshdesk.com:443
2025-10-31 09:49:15 - urllib3.connectionpool - DEBUG - https://tdilatam.freshdesk.com:443 "GET /api/v2/tickets/34019 HTTP/1.1" 200 None
2025-10-31 09:49:15 - urllib3.connectionpool - DEBUG - Starting new HTTPS connection (1): tdilatam.freshdesk.com:443
2025-10-31 09:49:16 - urllib3.connectionpool - DEBUG - https://tdilatam.freshdesk.com:443 "GET /api/v2/tickets/34020 HTTP/1.1" 200 None
2025-10-31 09:49:16 - urllib3.connectionpool - DEBUG - Starting new HTTPS connection (1): tdilatam.freshdesk.com:443
2025-10-31 09:49:17 - urllib3.connectionpool - DEBUG - https://tdilatam.freshdesk.com:443 "GET /api/v2/tickets/34021 HTTP/1.1" 200 None
2025-10-31 09:49:17 - urllib3.connectionpool - DEBUG - Starting new HTTPS connection (1): tdilatam.freshdesk.com:443
2025-10-31 09:49:18 - urllib3.connectionpool - DEBUG - https://tdilatam.freshdesk.com:443 "GET /api/v2/tickets/34023 HTTP/1.1" 200 None
2025-10-31 09:49:18 - urllib3.connectionpool - DEBUG - Starting new HTTPS connection (1): tdilatam.freshdesk.com:443
2025-10-31 09:49:19 - urllib3.connectionpool - DEBUG - https://tdilatam.freshdesk.com:443 "GET /api/v2/tickets/34025 HTTP/1.1" 200 None
2025-10-31 09:49:21 - urllib3.connectionpool - DEBUG - Starting new HTTPS connection (1): tdilatam.freshdesk.com:443
2025-10-31 09:49:21 - urllib3.connectionpool - DEBUG - https://tdilatam.freshdesk.com:443 "GET /api/v2/tickets/34026 HTTP/1.1" 200 None
2025-10-31 09:49:21 - urllib3.connectionpool - DEBUG - Starting new HTTPS connection (1): tdilatam.freshdesk.com:443
2025-10-31 09:49:22 - urllib3.connectionpool - DEBUG - https://tdilatam.freshdesk.com:443 "GET /api/v2/tickets/34027 HTTP/1.1" 200 None
2025-10-31 09:49:22 - urllib3.connectionpool - DEBUG - Starting new HTTPS connection (1): tdilatam.freshdesk.com:443
2025-10-31 09:49:23 - urllib3.connectionpool - DEBUG - https://tdilatam.freshdesk.com:443 "GET /api/v2/tickets/34028 HTTP/1.1" 200 None
2025-10-31 09:49:23 - urllib3.connectionpool - DEBUG - Starting new HTTPS connection (1): tdilatam.freshdesk.com:443
2025-10-31 09:49:24 - urllib3.connectionpool - DEBUG - https://tdilatam.freshdesk.com:443 "GET /api/v2/tickets/34029 HTTP/1.1" 200 None
2025-10-31 09:49:24 - urllib3.connectionpool - DEBUG - Starting new HTTPS connection (1): tdilatam.freshdesk.com:443
2025-10-31 09:49:25 - urllib3.connectionpool - DEBUG - https://tdilatam.freshdesk.com:443 "GET /api/v2/tickets/34032 HTTP/1.1" 200 None
2025-10-31 09:49:25 - urllib3.connectionpool - DEBUG - Starting new HTTPS connection (1): tdilatam.freshdesk.com:443
2025-10-31 09:49:26 - urllib3.connectionpool - DEBUG - https://tdilatam.freshdesk.com:443 "GET /api/v2/tickets/34033 HTTP/1.1" 200 None
2025-10-31 09:49:26 - urllib3.connectionpool - DEBUG - Starting new HTTPS connection (1): tdilatam.freshdesk.com:443
2025-10-31 09:49:27 - urllib3.connectionpool - DEBUG - https://tdilatam.freshdesk.com:443 "GET /api/v2/tickets/34035 HTTP/1.1" 200 None
2025-10-31 09:49:27 - urllib3.connectionpool - DEBUG - Starting new HTTPS connection (1): tdilatam.freshdesk.com:443
2025-10-31 09:49:29 - urllib3.connectionpool - DEBUG - https://tdilatam.freshdesk.com:443 "GET /api/v2/tickets/34036 HTTP/1.1" 200 None
2025-10-31 09:49:29 - urllib3.connectionpool - DEBUG - Starting new HTTPS connection (1): tdilatam.freshdesk.com:443
2025-10-31 09:49:30 - urllib3.connectionpool - DEBUG - https://tdilatam.freshdesk.com:443 "GET /api/v2/tickets/34037 HTTP/1.1" 200 None
2025-10-31 09:49:30 - urllib3.connectionpool - DEBUG - Starting new HTTPS connection (1): tdilatam.freshdesk.com:443
2025-10-31 09:49:31 - urllib3.connectionpool - DEBUG - https://tdilatam.freshdesk.com:443 "GET /api/v2/tickets/34038 HTTP/1.1" 200 None
2025-10-31 09:49:32 - urllib3.connectionpool - DEBUG - Starting new HTTPS connection (1): tdilatam.freshdesk.com:443
2025-10-31 09:49:32 - urllib3.connectionpool - DEBUG - https://tdilatam.freshdesk.com:443 "GET /api/v2/tickets/34039 HTTP/1.1" 200 None
2025-10-31 09:49:32 - urllib3.connectionpool - DEBUG - Starting new HTTPS connection (1): tdilatam.freshdesk.com:443
2025-10-31 09:49:33 - urllib3.connectionpool - DEBUG - https://tdilatam.freshdesk.com:443 "GET /api/v2/tickets/34040 HTTP/1.1" 200 None
2025-10-31 09:49:33 - urllib3.connectionpool - DEBUG - Starting new HTTPS connection (1): tdilatam.freshdesk.com:443
2025-10-31 09:49:34 - urllib3.connectionpool - DEBUG - https://tdilatam.freshdesk.com:443 "GET /api/v2/tickets/34041 HTTP/1.1" 200 None
2025-10-31 09:49:34 - urllib3.connectionpool - DEBUG - Starting new HTTPS connection (1): tdilatam.freshdesk.com:443
2025-10-31 09:49:35 - urllib3.connectionpool - DEBUG - https://tdilatam.freshdesk.com:443 "GET /api/v2/tickets/34042 HTTP/1.1" 200 None
2025-10-31 09:49:35 - urllib3.connectionpool - DEBUG - Starting new HTTPS connection (1): tdilatam.freshdesk.com:443
2025-10-31 09:49:36 - urllib3.connectionpool - DEBUG - https://tdilatam.freshdesk.com:443 "GET /api/v2/tickets/34043 HTTP/1.1" 200 None
2025-10-31 09:49:36 - urllib3.connectionpool - DEBUG - Starting new HTTPS connection (1): tdilatam.freshdesk.com:443
2025-10-31 09:49:37 - urllib3.connectionpool - DEBUG - https://tdilatam.freshdesk.com:443 "GET /api/v2/tickets/34044 HTTP/1.1" 200 None
2025-10-31 09:49:37 - urllib3.connectionpool - DEBUG - Starting new HTTPS connection (1): tdilatam.freshdesk.com:443
2025-10-31 09:49:38 - urllib3.connectionpool - DEBUG - https://tdilatam.freshdesk.com:443 "GET /api/v2/tickets/34045 HTTP/1.1" 200 None
2025-10-31 09:49:38 - urllib3.connectionpool - DEBUG - Starting new HTTPS connection (1): tdilatam.freshdesk.com:443
2025-10-31 09:49:39 - urllib3.connectionpool - DEBUG - https://tdilatam.freshdesk.com:443 "GET /api/v2/tickets/34046 HTTP/1.1" 200 None
2025-10-31 09:49:39 - urllib3.connectionpool - DEBUG - Starting new HTTPS connection (1): tdilatam.freshdesk.com:443
2025-10-31 09:49:40 - urllib3.connectionpool - DEBUG - https://tdilatam.freshdesk.com:443 "GET /api/v2/tickets/34047 HTTP/1.1" 200 None
2025-10-31 09:49:40 - urllib3.connectionpool - DEBUG - Starting new HTTPS connection (1): tdilatam.freshdesk.com:443
2025-10-31 09:49:41 - urllib3.connectionpool - DEBUG - https://tdilatam.freshdesk.com:443 "GET /api/v2/tickets/34048 HTTP/1.1" 200 None
2025-10-31 09:49:42 - urllib3.connectionpool - DEBUG - Starting new HTTPS connection (1): tdilatam.freshdesk.com:443
2025-10-31 09:49:43 - urllib3.connectionpool - DEBUG - https://tdilatam.freshdesk.com:443 "GET /api/v2/tickets/34049 HTTP/1.1" 200 None
2025-10-31 09:49:43 - urllib3.connectionpool - DEBUG - Starting new HTTPS connection (1): tdilatam.freshdesk.com:443
2025-10-31 09:49:44 - urllib3.connectionpool - DEBUG - https://tdilatam.freshdesk.com:443 "GET /api/v2/tickets/34050 HTTP/1.1" 200 None
2025-10-31 09:49:44 - urllib3.connectionpool - DEBUG - Starting new HTTPS connection (1): tdilatam.freshdesk.com:443
2025-10-31 09:49:44 - urllib3.connectionpool - DEBUG - https://tdilatam.freshdesk.com:443 "GET /api/v2/tickets/34051 HTTP/1.1" 200 None
2025-10-31 09:49:44 - urllib3.connectionpool - DEBUG - Starting new HTTPS connection (1): tdilatam.freshdesk.com:443
2025-10-31 09:49:45 - urllib3.connectionpool - DEBUG - https://tdilatam.freshdesk.com:443 "GET /api/v2/tickets/34052 HTTP/1.1" 200 None
2025-10-31 09:49:45 - urllib3.connectionpool - DEBUG - Starting new HTTPS connection (1): tdilatam.freshdesk.com:443
2025-10-31 09:49:46 - urllib3.connectionpool - DEBUG - https://tdilatam.freshdesk.com:443 "GET /api/v2/tickets/34053 HTTP/1.1" 200 None
2025-10-31 09:49:46 - urllib3.connectionpool - DEBUG - Starting new HTTPS connection (1): tdilatam.freshdesk.com:443
2025-10-31 09:49:47 - urllib3.connectionpool - DEBUG - https://tdilatam.freshdesk.com:443 "GET /api/v2/tickets/34054 HTTP/1.1" 200 None
2025-10-31 09:49:47 - urllib3.connectionpool - DEBUG - Starting new HTTPS connection (1): tdilatam.freshdesk.com:443
2025-10-31 09:49:48 - urllib3.connectionpool - DEBUG - https://tdilatam.freshdesk.com:443 "GET /api/v2/tickets/34055 HTTP/1.1" 200 None
2025-10-31 09:49:48 - urllib3.connectionpool - DEBUG - Starting new HTTPS connection (1): tdilatam.freshdesk.com:443
2025-10-31 09:49:49 - urllib3.connectionpool - DEBUG - https://tdilatam.freshdesk.com:443 "GET /api/v2/tickets/34056 HTTP/1.1" 200 None
2025-10-31 09:49:49 - urllib3.connectionpool - DEBUG - Starting new HTTPS connection (1): tdilatam.freshdesk.com:443
2025-10-31 09:49:50 - urllib3.connectionpool - DEBUG - https://tdilatam.freshdesk.com:443 "GET /api/v2/tickets/34057 HTTP/1.1" 200 None
2025-10-31 09:49:50 - urllib3.connectionpool - DEBUG - Starting new HTTPS connection (1): tdilatam.freshdesk.com:443
2025-10-31 09:49:51 - urllib3.connectionpool - DEBUG - https://tdilatam.freshdesk.com:443 "GET /api/v2/tickets/34058 HTTP/1.1" 200 None
2025-10-31 09:49:52 - urllib3.connectionpool - DEBUG - Starting new HTTPS connection (1): tdilatam.freshdesk.com:443
2025-10-31 09:49:53 - urllib3.connectionpool - DEBUG - https://tdilatam.freshdesk.com:443 "GET /api/v2/tickets/34059 HTTP/1.1" 200 None
2025-10-31 09:49:53 - urllib3.connectionpool - DEBUG - Starting new HTTPS connection (1): tdilatam.freshdesk.com:443
2025-10-31 09:49:54 - urllib3.connectionpool - DEBUG - https://tdilatam.freshdesk.com:443 "GET /api/v2/tickets/34060 HTTP/1.1" 200 None
2025-10-31 09:49:54 - urllib3.connectionpool - DEBUG - Starting new HTTPS connection (1): tdilatam.freshdesk.com:443
2025-10-31 09:49:55 - urllib3.connectionpool - DEBUG - https://tdilatam.freshdesk.com:443 "GET /api/v2/tickets/34061 HTTP/1.1" 200 None
2025-10-31 09:49:55 - urllib3.connectionpool - DEBUG - Starting new HTTPS connection (1): tdilatam.freshdesk.com:443
2025-10-31 09:49:59 - urllib3.connectionpool - DEBUG - https://tdilatam.freshdesk.com:443 "GET /api/v2/tickets/34062 HTTP/1.1" 200 None
2025-10-31 09:49:59 - urllib3.connectionpool - DEBUG - Starting new HTTPS connection (1): tdilatam.freshdesk.com:443
2025-10-31 09:50:00 - urllib3.connectionpool - DEBUG - https://tdilatam.freshdesk.com:443 "GET /api/v2/tickets/34063 HTTP/1.1" 200 None
2025-10-31 09:50:00 - urllib3.connectionpool - DEBUG - Starting new HTTPS connection (1): tdilatam.freshdesk.com:443
2025-10-31 09:50:01 - urllib3.connectionpool - DEBUG - https://tdilatam.freshdesk.com:443 "GET /api/v2/tickets/34064 HTTP/1.1" 200 None
2025-10-31 09:50:01 - urllib3.connectionpool - DEBUG - Starting new HTTPS connection (1): tdilatam.freshdesk.com:443
2025-10-31 09:50:01 - urllib3.connectionpool - DEBUG - https://tdilatam.freshdesk.com:443 "GET /api/v2/tickets/34065 HTTP/1.1" 200 None
2025-10-31 09:50:01 - urllib3.connectionpool - DEBUG - Starting new HTTPS connection (1): tdilatam.freshdesk.com:443
2025-10-31 09:50:02 - urllib3.connectionpool - DEBUG - https://tdilatam.freshdesk.com:443 "GET /api/v2/tickets/34066 HTTP/1.1" 200 None
2025-10-31 09:50:02 - urllib3.connectionpool - DEBUG - Starting new HTTPS connection (1): tdilatam.freshdesk.com:443
2025-10-31 09:50:03 - urllib3.connectionpool - DEBUG - https://tdilatam.freshdesk.com:443 "GET /api/v2/tickets/34067 HTTP/1.1" 200 None
2025-10-31 09:50:03 - urllib3.connectionpool - DEBUG - Starting new HTTPS connection (1): tdilatam.freshdesk.com:443
2025-10-31 09:50:04 - urllib3.connectionpool - DEBUG - https://tdilatam.freshdesk.com:443 "GET /api/v2/tickets/34068 HTTP/1.1" 200 None
2025-10-31 09:50:05 - urllib3.connectionpool - DEBUG - Starting new HTTPS connection (1): tdilatam.freshdesk.com:443
2025-10-31 09:50:06 - urllib3.connectionpool - DEBUG - https://tdilatam.freshdesk.com:443 "GET /api/v2/tickets/34069 HTTP/1.1" 200 None
2025-10-31 09:50:06 - urllib3.connectionpool - DEBUG - Starting new HTTPS connection (1): tdilatam.freshdesk.com:443
2025-10-31 09:50:07 - urllib3.connectionpool - DEBUG - https://tdilatam.freshdesk.com:443 "GET /api/v2/tickets/34070 HTTP/1.1" 200 None
2025-10-31 09:50:07 - urllib3.connectionpool - DEBUG - Starting new HTTPS connection (1): tdilatam.freshdesk.com:443
2025-10-31 09:50:08 - urllib3.connectionpool - DEBUG - https://tdilatam.freshdesk.com:443 "GET /api/v2/tickets/34071 HTTP/1.1" 200 None
2025-10-31 09:50:08 - urllib3.connectionpool - DEBUG - Starting new HTTPS connection (1): tdilatam.freshdesk.com:443
2025-10-31 09:50:09 - urllib3.connectionpool - DEBUG - https://tdilatam.freshdesk.com:443 "GET /api/v2/tickets/34072 HTTP/1.1" 200 None
2025-10-31 09:50:09 - urllib3.connectionpool - DEBUG - Starting new HTTPS connection (1): tdilatam.freshdesk.com:443
2025-10-31 09:50:10 - urllib3.connectionpool - DEBUG - https://tdilatam.freshdesk.com:443 "GET /api/v2/tickets/34073 HTTP/1.1" 200 None
2025-10-31 09:50:10 - urllib3.connectionpool - DEBUG - Starting new HTTPS connection (1): tdilatam.freshdesk.com:443
2025-10-31 09:50:11 - urllib3.connectionpool - DEBUG - https://tdilatam.freshdesk.com:443 "GET /api/v2/tickets/34074 HTTP/1.1" 200 None
2025-10-31 09:50:11 - urllib3.connectionpool - DEBUG - Starting new HTTPS connection (1): tdilatam.freshdesk.com:443
2025-10-31 09:50:12 - urllib3.connectionpool - DEBUG - https://tdilatam.freshdesk.com:443 "GET /api/v2/tickets/34075 HTTP/1.1" 200 None
2025-10-31 09:50:12 - urllib3.connectionpool - DEBUG - Starting new HTTPS connection (1): tdilatam.freshdesk.com:443
2025-10-31 09:50:12 - urllib3.connectionpool - DEBUG - https://tdilatam.freshdesk.com:443 "GET /api/v2/tickets/34076 HTTP/1.1" 200 None
2025-10-31 09:50:13 - urllib3.connectionpool - DEBUG - Starting new HTTPS connection (1): tdilatam.freshdesk.com:443
2025-10-31 09:50:13 - urllib3.connectionpool - DEBUG - https://tdilatam.freshdesk.com:443 "GET /api/v2/tickets/34077 HTTP/1.1" 200 None
2025-10-31 09:50:13 - urllib3.connectionpool - DEBUG - Starting new HTTPS connection (1): tdilatam.freshdesk.com:443
2025-10-31 09:50:14 - urllib3.connectionpool - DEBUG - https://tdilatam.freshdesk.com:443 "GET /api/v2/tickets/34078 HTTP/1.1" 200 None
2025-10-31 09:50:15 - urllib3.connectionpool - DEBUG - Starting new HTTPS connection (1): tdilatam.freshdesk.com:443
2025-10-31 09:50:16 - urllib3.connectionpool - DEBUG - https://tdilatam.freshdesk.com:443 "GET /api/v2/tickets/34079 HTTP/1.1" 200 None
2025-10-31 09:50:16 - urllib3.connectionpool - DEBUG - Starting new HTTPS connection (1): tdilatam.freshdesk.com:443
2025-10-31 09:50:17 - urllib3.connectionpool - DEBUG - https://tdilatam.freshdesk.com:443 "GET /api/v2/tickets/34080 HTTP/1.1" 200 None
2025-10-31 09:50:17 - urllib3.connectionpool - DEBUG - Starting new HTTPS connection (1): tdilatam.freshdesk.com:443
2025-10-31 09:50:18 - urllib3.connectionpool - DEBUG - https://tdilatam.freshdesk.com:443 "GET /api/v2/tickets/34082 HTTP/1.1" 200 None
2025-10-31 09:50:18 - urllib3.connectionpool - DEBUG - Starting new HTTPS connection (1): tdilatam.freshdesk.com:443
2025-10-31 09:50:19 - urllib3.connectionpool - DEBUG - https://tdilatam.freshdesk.com:443 "GET /api/v2/tickets/34084 HTTP/1.1" 200 None
2025-10-31 09:50:19 - urllib3.connectionpool - DEBUG - Starting new HTTPS connection (1): tdilatam.freshdesk.com:443
2025-10-31 09:50:20 - urllib3.connectionpool - DEBUG - https://tdilatam.freshdesk.com:443 "GET /api/v2/tickets/34085 HTTP/1.1" 200 None
2025-10-31 09:50:20 - urllib3.connectionpool - DEBUG - Starting new HTTPS connection (1): tdilatam.freshdesk.com:443
2025-10-31 09:50:21 - urllib3.connectionpool - DEBUG - https://tdilatam.freshdesk.com:443 "GET /api/v2/tickets/34086 HTTP/1.1" 200 None
2025-10-31 09:50:21 - urllib3.connectionpool - DEBUG - Starting new HTTPS connection (1): tdilatam.freshdesk.com:443
2025-10-31 09:50:22 - urllib3.connectionpool - DEBUG - https://tdilatam.freshdesk.com:443 "GET /api/v2/tickets/34087 HTTP/1.1" 200 None
2025-10-31 09:50:22 - urllib3.connectionpool - DEBUG - Starting new HTTPS connection (1): tdilatam.freshdesk.com:443
2025-10-31 09:50:23 - urllib3.connectionpool - DEBUG - https://tdilatam.freshdesk.com:443 "GET /api/v2/tickets/34088 HTTP/1.1" 200 None
2025-10-31 09:50:23 - urllib3.connectionpool - DEBUG - Starting new HTTPS connection (1): tdilatam.freshdesk.com:443
2025-10-31 09:50:23 - urllib3.connectionpool - DEBUG - https://tdilatam.freshdesk.com:443 "GET /api/v2/tickets/34089 HTTP/1.1" 200 None
2025-10-31 09:50:23 - urllib3.connectionpool - DEBUG - Starting new HTTPS connection (1): tdilatam.freshdesk.com:443
2025-10-31 09:50:24 - urllib3.connectionpool - DEBUG - https://tdilatam.freshdesk.com:443 "GET /api/v2/tickets/34090 HTTP/1.1" 200 None
2025-10-31 09:50:25 - urllib3.connectionpool - DEBUG - Starting new HTTPS connection (1): tdilatam.freshdesk.com:443
2025-10-31 09:50:26 - urllib3.connectionpool - DEBUG - https://tdilatam.freshdesk.com:443 "GET /api/v2/tickets/34091 HTTP/1.1" 200 None
2025-10-31 09:50:26 - urllib3.connectionpool - DEBUG - Starting new HTTPS connection (1): tdilatam.freshdesk.com:443
2025-10-31 09:50:27 - urllib3.connectionpool - DEBUG - https://tdilatam.freshdesk.com:443 "GET /api/v2/tickets/34092 HTTP/1.1" 200 None
2025-10-31 09:50:27 - urllib3.connectionpool - DEBUG - Starting new HTTPS connection (1): tdilatam.freshdesk.com:443
2025-10-31 09:50:28 - urllib3.connectionpool - DEBUG - https://tdilatam.freshdesk.com:443 "GET /api/v2/tickets/34093 HTTP/1.1" 200 None
2025-10-31 09:50:28 - urllib3.connectionpool - DEBUG - Starting new HTTPS connection (1): tdilatam.freshdesk.com:443
2025-10-31 09:50:29 - urllib3.connectionpool - DEBUG - https://tdilatam.freshdesk.com:443 "GET /api/v2/tickets/34095 HTTP/1.1" 200 None
2025-10-31 09:50:29 - urllib3.connectionpool - DEBUG - Starting new HTTPS connection (1): tdilatam.freshdesk.com:443
2025-10-31 09:50:30 - urllib3.connectionpool - DEBUG - https://tdilatam.freshdesk.com:443 "GET /api/v2/tickets/34096 HTTP/1.1" 200 None
2025-10-31 09:50:30 - urllib3.connectionpool - DEBUG - Starting new HTTPS connection (1): tdilatam.freshdesk.com:443
2025-10-31 09:50:31 - urllib3.connectionpool - DEBUG - https://tdilatam.freshdesk.com:443 "GET /api/v2/tickets/34097 HTTP/1.1" 200 None
2025-10-31 09:50:31 - urllib3.connectionpool - DEBUG - Starting new HTTPS connection (1): tdilatam.freshdesk.com:443
2025-10-31 09:50:32 - urllib3.connectionpool - DEBUG - https://tdilatam.freshdesk.com:443 "GET /api/v2/tickets/34098 HTTP/1.1" 200 None
2025-10-31 09:50:32 - urllib3.connectionpool - DEBUG - Starting new HTTPS connection (1): tdilatam.freshdesk.com:443
2025-10-31 09:50:33 - urllib3.connectionpool - DEBUG - https://tdilatam.freshdesk.com:443 "GET /api/v2/tickets/34099 HTTP/1.1" 200 None
2025-10-31 09:50:33 - urllib3.connectionpool - DEBUG - Starting new HTTPS connection (1): tdilatam.freshdesk.com:443
2025-10-31 09:50:34 - urllib3.connectionpool - DEBUG - https://tdilatam.freshdesk.com:443 "GET /api/v2/tickets/34100 HTTP/1.1" 200 None
2025-10-31 09:50:34 - urllib3.connectionpool - DEBUG - Starting new HTTPS connection (1): tdilatam.freshdesk.com:443
2025-10-31 09:50:35 - urllib3.connectionpool - DEBUG - https://tdilatam.freshdesk.com:443 "GET /api/v2/tickets/34101 HTTP/1.1" 200 None
2025-10-31 09:50:36 - urllib3.connectionpool - DEBUG - Starting new HTTPS connection (1): tdilatam.freshdesk.com:443
2025-10-31 09:50:37 - urllib3.connectionpool - DEBUG - https://tdilatam.freshdesk.com:443 "GET /api/v2/tickets/34102 HTTP/1.1" 200 None
2025-10-31 09:50:37 - urllib3.connectionpool - DEBUG - Starting new HTTPS connection (1): tdilatam.freshdesk.com:443
2025-10-31 09:50:38 - urllib3.connectionpool - DEBUG - https://tdilatam.freshdesk.com:443 "GET /api/v2/tickets/34103 HTTP/1.1" 200 None
2025-10-31 09:50:38 - urllib3.connectionpool - DEBUG - Starting new HTTPS connection (1): tdilatam.freshdesk.com:443
2025-10-31 09:50:38 - urllib3.connectionpool - DEBUG - https://tdilatam.freshdesk.com:443 "GET /api/v2/tickets/34104 HTTP/1.1" 200 None
2025-10-31 09:50:39 - urllib3.connectionpool - DEBUG - Starting new HTTPS connection (1): tdilatam.freshdesk.com:443
2025-10-31 09:50:39 - urllib3.connectionpool - DEBUG - https://tdilatam.freshdesk.com:443 "GET /api/v2/tickets/34105 HTTP/1.1" 200 None
2025-10-31 09:50:39 - urllib3.connectionpool - DEBUG - Starting new HTTPS connection (1): tdilatam.freshdesk.com:443
2025-10-31 09:50:40 - urllib3.connectionpool - DEBUG - https://tdilatam.freshdesk.com:443 "GET /api/v2/tickets/34107 HTTP/1.1" 200 None
2025-10-31 09:50:40 - urllib3.connectionpool - DEBUG - Starting new HTTPS connection (1): tdilatam.freshdesk.com:443
2025-10-31 09:50:41 - urllib3.connectionpool - DEBUG - https://tdilatam.freshdesk.com:443 "GET /api/v2/tickets/34108 HTTP/1.1" 200 None
2025-10-31 09:50:41 - urllib3.connectionpool - DEBUG - Starting new HTTPS connection (1): tdilatam.freshdesk.com:443
2025-10-31 09:50:42 - urllib3.connectionpool - DEBUG - https://tdilatam.freshdesk.com:443 "GET /api/v2/tickets/34109 HTTP/1.1" 200 None
2025-10-31 09:50:42 - urllib3.connectionpool - DEBUG - Starting new HTTPS connection (1): tdilatam.freshdesk.com:443
2025-10-31 09:50:43 - urllib3.connectionpool - DEBUG - https://tdilatam.freshdesk.com:443 "GET /api/v2/tickets/34110 HTTP/1.1" 200 None
2025-10-31 09:50:43 - urllib3.connectionpool - DEBUG - Starting new HTTPS connection (1): tdilatam.freshdesk.com:443
2025-10-31 09:50:45 - urllib3.connectionpool - DEBUG - https://tdilatam.freshdesk.com:443 "GET /api/v2/tickets/34111 HTTP/1.1" 200 None
2025-10-31 09:50:45 - urllib3.connectionpool - DEBUG - Starting new HTTPS connection (1): tdilatam.freshdesk.com:443
2025-10-31 09:50:46 - urllib3.connectionpool - DEBUG - https://tdilatam.freshdesk.com:443 "GET /api/v2/tickets/34112 HTTP/1.1" 200 None
2025-10-31 09:50:47 - urllib3.connectionpool - DEBUG - Starting new HTTPS connection (1): tdilatam.freshdesk.com:443
2025-10-31 09:50:48 - urllib3.connectionpool - DEBUG - https://tdilatam.freshdesk.com:443 "GET /api/v2/tickets/34115 HTTP/1.1" 200 None
2025-10-31 09:50:48 - urllib3.connectionpool - DEBUG - Starting new HTTPS connection (1): tdilatam.freshdesk.com:443
2025-10-31 09:50:49 - urllib3.connectionpool - DEBUG - https://tdilatam.freshdesk.com:443 "GET /api/v2/tickets/34117 HTTP/1.1" 200 None
2025-10-31 09:50:49 - urllib3.connectionpool - DEBUG - Starting new HTTPS connection (1): tdilatam.freshdesk.com:443
2025-10-31 09:50:50 - urllib3.connectionpool - DEBUG - https://tdilatam.freshdesk.com:443 "GET /api/v2/tickets/34118 HTTP/1.1" 200 None
2025-10-31 09:50:50 - urllib3.connectionpool - DEBUG - Starting new HTTPS connection (1): tdilatam.freshdesk.com:443
2025-10-31 09:50:51 - urllib3.connectionpool - DEBUG - https://tdilatam.freshdesk.com:443 "GET /api/v2/tickets/34119 HTTP/1.1" 200 None
2025-10-31 09:50:51 - urllib3.connectionpool - DEBUG - Starting new HTTPS connection (1): tdilatam.freshdesk.com:443
2025-10-31 09:50:51 - urllib3.connectionpool - DEBUG - https://tdilatam.freshdesk.com:443 "GET /api/v2/tickets/34120 HTTP/1.1" 200 None
2025-10-31 09:50:51 - urllib3.connectionpool - DEBUG - Starting new HTTPS connection (1): tdilatam.freshdesk.com:443
2025-10-31 09:50:52 - urllib3.connectionpool - DEBUG - https://tdilatam.freshdesk.com:443 "GET /api/v2/tickets/34121 HTTP/1.1" 200 None
2025-10-31 09:50:52 - urllib3.connectionpool - DEBUG - Starting new HTTPS connection (1): tdilatam.freshdesk.com:443
2025-10-31 09:50:54 - urllib3.connectionpool - DEBUG - https://tdilatam.freshdesk.com:443 "GET /api/v2/tickets/34122 HTTP/1.1" 200 None
2025-10-31 09:50:54 - urllib3.connectionpool - DEBUG - Starting new HTTPS connection (1): tdilatam.freshdesk.com:443
2025-10-31 09:50:54 - urllib3.connectionpool - DEBUG - https://tdilatam.freshdesk.com:443 "GET /api/v2/tickets/34123 HTTP/1.1" 200 None
2025-10-31 09:50:54 - urllib3.connectionpool - DEBUG - Starting new HTTPS connection (1): tdilatam.freshdesk.com:443
2025-10-31 09:50:55 - urllib3.connectionpool - DEBUG - https://tdilatam.freshdesk.com:443 "GET /api/v2/tickets/34126 HTTP/1.1" 200 None
2025-10-31 09:50:55 - urllib3.connectionpool - DEBUG - Starting new HTTPS connection (1): tdilatam.freshdesk.com:443
2025-10-31 09:50:56 - urllib3.connectionpool - DEBUG - https://tdilatam.freshdesk.com:443 "GET /api/v2/tickets/34127 HTTP/1.1" 200 None
2025-10-31 09:50:57 - urllib3.connectionpool - DEBUG - Starting new HTTPS connection (1): tdilatam.freshdesk.com:443
2025-10-31 09:50:58 - urllib3.connectionpool - DEBUG - https://tdilatam.freshdesk.com:443 "GET /api/v2/tickets/34128 HTTP/1.1" 200 None
2025-10-31 09:50:58 - urllib3.connectionpool - DEBUG - Starting new HTTPS connection (1): tdilatam.freshdesk.com:443
2025-10-31 09:50:59 - urllib3.connectionpool - DEBUG - https://tdilatam.freshdesk.com:443 "GET /api/v2/tickets/34129 HTTP/1.1" 200 None
2025-10-31 09:50:59 - urllib3.connectionpool - DEBUG - Starting new HTTPS connection (1): tdilatam.freshdesk.com:443
2025-10-31 09:51:00 - urllib3.connectionpool - DEBUG - https://tdilatam.freshdesk.com:443 "GET /api/v2/tickets/34130 HTTP/1.1" 200 None
2025-10-31 09:51:00 - urllib3.connectionpool - DEBUG - Starting new HTTPS connection (1): tdilatam.freshdesk.com:443
2025-10-31 09:51:01 - urllib3.connectionpool - DEBUG - https://tdilatam.freshdesk.com:443 "GET /api/v2/tickets/34131 HTTP/1.1" 200 None
2025-10-31 09:51:01 - urllib3.connectionpool - DEBUG - Starting new HTTPS connection (1): tdilatam.freshdesk.com:443
2025-10-31 09:51:02 - urllib3.connectionpool - DEBUG - https://tdilatam.freshdesk.com:443 "GET /api/v2/tickets/34132 HTTP/1.1" 200 None
2025-10-31 09:51:02 - urllib3.connectionpool - DEBUG - Starting new HTTPS connection (1): tdilatam.freshdesk.com:443
2025-10-31 09:51:03 - urllib3.connectionpool - DEBUG - https://tdilatam.freshdesk.com:443 "GET /api/v2/tickets/34133 HTTP/1.1" 200 None
2025-10-31 09:51:03 - urllib3.connectionpool - DEBUG - Starting new HTTPS connection (1): tdilatam.freshdesk.com:443
2025-10-31 09:51:04 - urllib3.connectionpool - DEBUG - https://tdilatam.freshdesk.com:443 "GET /api/v2/tickets/34137 HTTP/1.1" 200 None
2025-10-31 09:51:04 - urllib3.connectionpool - DEBUG - Starting new HTTPS connection (1): tdilatam.freshdesk.com:443
2025-10-31 09:51:04 - urllib3.connectionpool - DEBUG - https://tdilatam.freshdesk.com:443 "GET /api/v2/tickets/34138 HTTP/1.1" 200 None
2025-10-31 09:52:54 - SyncDeskManager - INFO - Datos sensibles limpiados de la memoria
2025-10-31 10:34:04 - SyncDeskManager - INFO - ==================================================
2025-10-31 10:34:04 - SyncDeskManager - INFO - 🚀 INICIANDO SYNC DESK MANAGER
2025-10-31 10:34:04 - SyncDeskManager - INFO - ==================================================
2025-10-31 10:34:04 - SyncDeskManager - INFO - Sistema operativo: Windows 11
2025-10-31 10:34:04 - SyncDeskManager - INFO - Python: 3.12.4
2025-10-31 10:34:04 - SyncDeskManager - INFO - Usuario: usuario
2025-10-31 10:34:04 - SyncDeskManager - INFO - Directorio de trabajo: C:\xampp\htdocs\TDI_Task_Manager
2025-10-31 10:34:04 - SyncDeskManager - INFO - Directorio de logs: c:\xampp\htdocs\TDI_Task_Manager\src\logs
2025-10-31 10:34:04 - SyncDeskManager - INFO - ==================================================
2025-10-31 10:34:05 - SyncDeskManager - INFO - ConfigManager inicializado - Modo volátil en memoria
2025-10-31 10:34:05 - SyncDeskManager - INFO - Iniciando aplicación
2025-10-31 10:34:05 - SyncDeskManager - INFO - Módulos cargados correctamente
2025-10-31 10:34:05 - SyncDeskManager - INFO - ConfigManager inicializado - Modo volátil en memoria
2025-10-31 10:34:05 - SyncDeskManager - INFO - FreshdeskService inicializado
2025-10-31 10:34:05 - SyncDeskManager - INFO - Configuración de clasificación cargada desde: data/classification/classification_config.json
2025-10-31 10:34:05 - SyncDeskManager - INFO - ClassificationConfigManager inicializado
2025-10-31 10:34:05 - SyncDeskManager - INFO - ClassificationLibraryGenerator inicializado
2025-10-31 10:34:32 - urllib3.connectionpool - DEBUG - Starting new HTTPS connection (1): tdilatam.freshdesk.com:443
2025-10-31 10:34:33 - urllib3.connectionpool - DEBUG - https://tdilatam.freshdesk.com:443 "GET /api/v2/tickets/31896 HTTP/1.1" 200 None
2025-10-31 10:34:33 - urllib3.connectionpool - DEBUG - Starting new HTTPS connection (1): tdilatam.freshdesk.com:443
2025-10-31 10:34:34 - urllib3.connectionpool - DEBUG - https://tdilatam.freshdesk.com:443 "GET /api/v2/tickets/31898 HTTP/1.1" 200 None
2025-10-31 10:34:34 - urllib3.connectionpool - DEBUG - Starting new HTTPS connection (1): tdilatam.freshdesk.com:443
2025-10-31 10:34:35 - urllib3.connectionpool - DEBUG - https://tdilatam.freshdesk.com:443 "GET /api/v2/tickets/31912 HTTP/1.1" 200 None
2025-10-31 10:34:35 - urllib3.connectionpool - DEBUG - Starting new HTTPS connection (1): tdilatam.freshdesk.com:443
2025-10-31 10:34:35 - urllib3.connectionpool - DEBUG - https://tdilatam.freshdesk.com:443 "GET /api/v2/tickets/31914 HTTP/1.1" 200 None
2025-10-31 10:34:35 - urllib3.connectionpool - DEBUG - Starting new HTTPS connection (1): tdilatam.freshdesk.com:443
2025-10-31 10:34:36 - urllib3.connectionpool - DEBUG - https://tdilatam.freshdesk.com:443 "GET /api/v2/tickets/31932 HTTP/1.1" 200 None
2025-10-31 10:34:36 - urllib3.connectionpool - DEBUG - Starting new HTTPS connection (1): tdilatam.freshdesk.com:443
2025-10-31 10:34:37 - urllib3.connectionpool - DEBUG - https://tdilatam.freshdesk.com:443 "GET /api/v2/tickets/31935 HTTP/1.1" 200 None
2025-10-31 10:34:37 - urllib3.connectionpool - DEBUG - Starting new HTTPS connection (1): tdilatam.freshdesk.com:443
2025-10-31 10:34:38 - urllib3.connectionpool - DEBUG - https://tdilatam.freshdesk.com:443 "GET /api/v2/tickets/31936 HTTP/1.1" 200 None
2025-10-31 10:34:38 - urllib3.connectionpool - DEBUG - Starting new HTTPS connection (1): tdilatam.freshdesk.com:443
2025-10-31 10:34:39 - urllib3.connectionpool - DEBUG - https://tdilatam.freshdesk.com:443 "GET /api/v2/tickets/31941 HTTP/1.1" 200 None
2025-10-31 10:34:39 - urllib3.connectionpool - DEBUG - Starting new HTTPS connection (1): tdilatam.freshdesk.com:443
2025-10-31 10:34:40 - urllib3.connectionpool - DEBUG - https://tdilatam.freshdesk.com:443 "GET /api/v2/tickets/31942 HTTP/1.1" 200 None
2025-10-31 10:34:40 - urllib3.connectionpool - DEBUG - Starting new HTTPS connection (1): tdilatam.freshdesk.com:443
2025-10-31 10:34:40 - urllib3.connectionpool - DEBUG - https://tdilatam.freshdesk.com:443 "GET /api/v2/tickets/31943 HTTP/1.1" 200 None
2025-10-31 10:34:40 - urllib3.connectionpool - DEBUG - Starting new HTTPS connection (1): tdilatam.freshdesk.com:443
2025-10-31 10:34:41 - urllib3.connectionpool - DEBUG - https://tdilatam.freshdesk.com:443 "GET /api/v2/tickets/31949 HTTP/1.1" 200 None
2025-10-31 10:34:41 - urllib3.connectionpool - DEBUG - Starting new HTTPS connection (1): tdilatam.freshdesk.com:443
2025-10-31 10:34:42 - urllib3.connectionpool - DEBUG - https://tdilatam.freshdesk.com:443 "GET /api/v2/tickets/31952 HTTP/1.1" 200 None
2025-10-31 10:34:42 - urllib3.connectionpool - DEBUG - Starting new HTTPS connection (1): tdilatam.freshdesk.com:443
2025-10-31 10:34:43 - urllib3.connectionpool - DEBUG - https://tdilatam.freshdesk.com:443 "GET /api/v2/tickets/31954 HTTP/1.1" 200 None
2025-10-31 10:34:43 - urllib3.connectionpool - DEBUG - Starting new HTTPS connection (1): tdilatam.freshdesk.com:443
2025-10-31 10:34:44 - urllib3.connectionpool - DEBUG - https://tdilatam.freshdesk.com:443 "GET /api/v2/tickets/31955 HTTP/1.1" 200 None
2025-10-31 10:34:44 - urllib3.connectionpool - DEBUG - Starting new HTTPS connection (1): tdilatam.freshdesk.com:443
2025-10-31 10:34:45 - urllib3.connectionpool - DEBUG - https://tdilatam.freshdesk.com:443 "GET /api/v2/tickets/31956 HTTP/1.1" 200 None
2025-10-31 10:34:45 - urllib3.connectionpool - DEBUG - Starting new HTTPS connection (1): tdilatam.freshdesk.com:443
2025-10-31 10:34:46 - urllib3.connectionpool - DEBUG - https://tdilatam.freshdesk.com:443 "GET /api/v2/tickets/31957 HTTP/1.1" 200 None
2025-10-31 10:34:46 - urllib3.connectionpool - DEBUG - Starting new HTTPS connection (1): tdilatam.freshdesk.com:443
2025-10-31 10:34:46 - urllib3.connectionpool - DEBUG - https://tdilatam.freshdesk.com:443 "GET /api/v2/tickets/31958 HTTP/1.1" 200 None
2025-10-31 10:34:46 - urllib3.connectionpool - DEBUG - Starting new HTTPS connection (1): tdilatam.freshdesk.com:443
2025-10-31 10:34:47 - urllib3.connectionpool - DEBUG - https://tdilatam.freshdesk.com:443 "GET /api/v2/tickets/31978 HTTP/1.1" 200 None
2025-10-31 10:34:47 - urllib3.connectionpool - DEBUG - Starting new HTTPS connection (1): tdilatam.freshdesk.com:443
2025-10-31 10:34:48 - urllib3.connectionpool - DEBUG - https://tdilatam.freshdesk.com:443 "GET /api/v2/tickets/31979 HTTP/1.1" 200 None
2025-10-31 10:34:48 - urllib3.connectionpool - DEBUG - Starting new HTTPS connection (1): tdilatam.freshdesk.com:443
2025-10-31 10:34:50 - urllib3.connectionpool - DEBUG - https://tdilatam.freshdesk.com:443 "GET /api/v2/tickets/31982 HTTP/1.1" 200 None
2025-10-31 10:34:50 - urllib3.connectionpool - DEBUG - Starting new HTTPS connection (1): tdilatam.freshdesk.com:443
2025-10-31 10:34:50 - urllib3.connectionpool - DEBUG - https://tdilatam.freshdesk.com:443 "GET /api/v2/tickets/31983 HTTP/1.1" 200 None
2025-10-31 10:34:50 - urllib3.connectionpool - DEBUG - Starting new HTTPS connection (1): tdilatam.freshdesk.com:443
2025-10-31 10:34:51 - urllib3.connectionpool - DEBUG - https://tdilatam.freshdesk.com:443 "GET /api/v2/tickets/31985 HTTP/1.1" 200 None
2025-10-31 10:34:51 - urllib3.connectionpool - DEBUG - Starting new HTTPS connection (1): tdilatam.freshdesk.com:443
2025-10-31 10:34:52 - urllib3.connectionpool - DEBUG - https://tdilatam.freshdesk.com:443 "GET /api/v2/tickets/31988 HTTP/1.1" 200 None
2025-10-31 10:34:52 - urllib3.connectionpool - DEBUG - Starting new HTTPS connection (1): tdilatam.freshdesk.com:443
2025-10-31 10:34:53 - urllib3.connectionpool - DEBUG - https://tdilatam.freshdesk.com:443 "GET /api/v2/tickets/31996 HTTP/1.1" 200 None
2025-10-31 10:34:53 - urllib3.connectionpool - DEBUG - Starting new HTTPS connection (1): tdilatam.freshdesk.com:443
2025-10-31 10:34:54 - urllib3.connectionpool - DEBUG - https://tdilatam.freshdesk.com:443 "GET /api/v2/tickets/31997 HTTP/1.1" 200 None
2025-10-31 10:34:54 - urllib3.connectionpool - DEBUG - Starting new HTTPS connection (1): tdilatam.freshdesk.com:443
2025-10-31 10:34:54 - urllib3.connectionpool - DEBUG - https://tdilatam.freshdesk.com:443 "GET /api/v2/tickets/31999 HTTP/1.1" 200 None
2025-10-31 10:34:54 - urllib3.connectionpool - DEBUG - Starting new HTTPS connection (1): tdilatam.freshdesk.com:443
2025-10-31 10:34:55 - urllib3.connectionpool - DEBUG - https://tdilatam.freshdesk.com:443 "GET /api/v2/tickets/32001 HTTP/1.1" 200 None
2025-10-31 10:34:55 - urllib3.connectionpool - DEBUG - Starting new HTTPS connection (1): tdilatam.freshdesk.com:443
2025-10-31 10:34:56 - urllib3.connectionpool - DEBUG - https://tdilatam.freshdesk.com:443 "GET /api/v2/tickets/32003 HTTP/1.1" 200 None
2025-10-31 10:34:56 - urllib3.connectionpool - DEBUG - Starting new HTTPS connection (1): tdilatam.freshdesk.com:443
2025-10-31 10:34:57 - urllib3.connectionpool - DEBUG - https://tdilatam.freshdesk.com:443 "GET /api/v2/tickets/32005 HTTP/1.1" 200 None
2025-10-31 10:34:57 - urllib3.connectionpool - DEBUG - Starting new HTTPS connection (1): tdilatam.freshdesk.com:443
2025-10-31 10:34:58 - urllib3.connectionpool - DEBUG - https://tdilatam.freshdesk.com:443 "GET /api/v2/tickets/32006 HTTP/1.1" 200 None
2025-10-31 10:34:58 - urllib3.connectionpool - DEBUG - Starting new HTTPS connection (1): tdilatam.freshdesk.com:443
2025-10-31 10:34:58 - urllib3.connectionpool - DEBUG - https://tdilatam.freshdesk.com:443 "GET /api/v2/tickets/32007 HTTP/1.1" 200 None
2025-10-31 10:34:58 - urllib3.connectionpool - DEBUG - Starting new HTTPS connection (1): tdilatam.freshdesk.com:443
2025-10-31 10:34:59 - urllib3.connectionpool - DEBUG - https://tdilatam.freshdesk.com:443 "GET /api/v2/tickets/32011 HTTP/1.1" 200 None
2025-10-31 10:34:59 - urllib3.connectionpool - DEBUG - Starting new HTTPS connection (1): tdilatam.freshdesk.com:443
2025-10-31 10:35:00 - urllib3.connectionpool - DEBUG - https://tdilatam.freshdesk.com:443 "GET /api/v2/tickets/32016 HTTP/1.1" 200 None
2025-10-31 10:35:00 - urllib3.connectionpool - DEBUG - Starting new HTTPS connection (1): tdilatam.freshdesk.com:443
2025-10-31 10:35:01 - urllib3.connectionpool - DEBUG - https://tdilatam.freshdesk.com:443 "GET /api/v2/tickets/32017 HTTP/1.1" 200 None
2025-10-31 10:35:01 - urllib3.connectionpool - DEBUG - Starting new HTTPS connection (1): tdilatam.freshdesk.com:443
2025-10-31 10:35:01 - urllib3.connectionpool - DEBUG - https://tdilatam.freshdesk.com:443 "GET /api/v2/tickets/32018 HTTP/1.1" 200 None
2025-10-31 10:35:02 - urllib3.connectionpool - DEBUG - Starting new HTTPS connection (1): tdilatam.freshdesk.com:443
2025-10-31 10:35:02 - urllib3.connectionpool - DEBUG - https://tdilatam.freshdesk.com:443 "GET /api/v2/tickets/32019 HTTP/1.1" 200 None
2025-10-31 10:35:02 - urllib3.connectionpool - DEBUG - Starting new HTTPS connection (1): tdilatam.freshdesk.com:443
2025-10-31 10:35:03 - urllib3.connectionpool - DEBUG - https://tdilatam.freshdesk.com:443 "GET /api/v2/tickets/32024 HTTP/1.1" 200 None
2025-10-31 10:35:03 - urllib3.connectionpool - DEBUG - Starting new HTTPS connection (1): tdilatam.freshdesk.com:443
2025-10-31 10:35:04 - urllib3.connectionpool - DEBUG - https://tdilatam.freshdesk.com:443 "GET /api/v2/tickets/32025 HTTP/1.1" 200 None
2025-10-31 10:35:04 - urllib3.connectionpool - DEBUG - Starting new HTTPS connection (1): tdilatam.freshdesk.com:443
2025-10-31 10:35:05 - urllib3.connectionpool - DEBUG - https://tdilatam.freshdesk.com:443 "GET /api/v2/tickets/32032 HTTP/1.1" 200 None
2025-10-31 10:35:05 - urllib3.connectionpool - DEBUG - Starting new HTTPS connection (1): tdilatam.freshdesk.com:443
2025-10-31 10:35:05 - urllib3.connectionpool - DEBUG - https://tdilatam.freshdesk.com:443 "GET /api/v2/tickets/32033 HTTP/1.1" 200 None
2025-10-31 10:35:06 - urllib3.connectionpool - DEBUG - Starting new HTTPS connection (1): tdilatam.freshdesk.com:443
2025-10-31 10:35:06 - urllib3.connectionpool - DEBUG - https://tdilatam.freshdesk.com:443 "GET /api/v2/tickets/32038 HTTP/1.1" 200 None
2025-10-31 10:35:06 - urllib3.connectionpool - DEBUG - Starting new HTTPS connection (1): tdilatam.freshdesk.com:443
2025-10-31 10:35:07 - urllib3.connectionpool - DEBUG - https://tdilatam.freshdesk.com:443 "GET /api/v2/tickets/32049 HTTP/1.1" 200 None
2025-10-31 10:35:07 - urllib3.connectionpool - DEBUG - Starting new HTTPS connection (1): tdilatam.freshdesk.com:443
2025-10-31 10:35:08 - urllib3.connectionpool - DEBUG - https://tdilatam.freshdesk.com:443 "GET /api/v2/tickets/32050 HTTP/1.1" 200 None
2025-10-31 10:35:08 - urllib3.connectionpool - DEBUG - Starting new HTTPS connection (1): tdilatam.freshdesk.com:443
2025-10-31 10:35:09 - urllib3.connectionpool - DEBUG - https://tdilatam.freshdesk.com:443 "GET /api/v2/tickets/32057 HTTP/1.1" 200 None
2025-10-31 10:35:09 - urllib3.connectionpool - DEBUG - Starting new HTTPS connection (1): tdilatam.freshdesk.com:443
2025-10-31 10:35:10 - urllib3.connectionpool - DEBUG - https://tdilatam.freshdesk.com:443 "GET /api/v2/tickets/32059 HTTP/1.1" 200 None
2025-10-31 10:35:10 - urllib3.connectionpool - DEBUG - Starting new HTTPS connection (1): tdilatam.freshdesk.com:443
2025-10-31 10:35:11 - urllib3.connectionpool - DEBUG - https://tdilatam.freshdesk.com:443 "GET /api/v2/tickets/32060 HTTP/1.1" 200 None
2025-10-31 10:35:11 - urllib3.connectionpool - DEBUG - Starting new HTTPS connection (1): tdilatam.freshdesk.com:443
2025-10-31 10:35:11 - urllib3.connectionpool - DEBUG - https://tdilatam.freshdesk.com:443 "GET /api/v2/tickets/32061 HTTP/1.1" 200 None
2025-10-31 10:35:11 - urllib3.connectionpool - DEBUG - Starting new HTTPS connection (1): tdilatam.freshdesk.com:443
2025-10-31 10:35:12 - urllib3.connectionpool - DEBUG - https://tdilatam.freshdesk.com:443 "GET /api/v2/tickets/32063 HTTP/1.1" 200 None
2025-10-31 10:35:12 - urllib3.connectionpool - DEBUG - Starting new HTTPS connection (1): tdilatam.freshdesk.com:443
2025-10-31 10:35:13 - urllib3.connectionpool - DEBUG - https://tdilatam.freshdesk.com:443 "GET /api/v2/tickets/32065 HTTP/1.1" 200 None
2025-10-31 10:35:13 - urllib3.connectionpool - DEBUG - Starting new HTTPS connection (1): tdilatam.freshdesk.com:443
2025-10-31 10:35:14 - urllib3.connectionpool - DEBUG - https://tdilatam.freshdesk.com:443 "GET /api/v2/tickets/32067 HTTP/1.1" 200 None
2025-10-31 10:35:14 - urllib3.connectionpool - DEBUG - Starting new HTTPS connection (1): tdilatam.freshdesk.com:443
2025-10-31 10:35:15 - urllib3.connectionpool - DEBUG - https://tdilatam.freshdesk.com:443 "GET /api/v2/tickets/32075 HTTP/1.1" 200 None
2025-10-31 10:35:15 - urllib3.connectionpool - DEBUG - Starting new HTTPS connection (1): tdilatam.freshdesk.com:443
2025-10-31 10:35:17 - urllib3.connectionpool - DEBUG - https://tdilatam.freshdesk.com:443 "GET /api/v2/tickets/32083 HTTP/1.1" 200 None
2025-10-31 10:35:17 - urllib3.connectionpool - DEBUG - Starting new HTTPS connection (1): tdilatam.freshdesk.com:443
2025-10-31 10:35:18 - urllib3.connectionpool - DEBUG - https://tdilatam.freshdesk.com:443 "GET /api/v2/tickets/32089 HTTP/1.1" 200 None
2025-10-31 10:35:18 - urllib3.connectionpool - DEBUG - Starting new HTTPS connection (1): tdilatam.freshdesk.com:443
2025-10-31 10:35:18 - urllib3.connectionpool - DEBUG - https://tdilatam.freshdesk.com:443 "GET /api/v2/tickets/32091 HTTP/1.1" 200 None
2025-10-31 10:35:18 - urllib3.connectionpool - DEBUG - Starting new HTTPS connection (1): tdilatam.freshdesk.com:443
2025-10-31 10:35:19 - urllib3.connectionpool - DEBUG - https://tdilatam.freshdesk.com:443 "GET /api/v2/tickets/32097 HTTP/1.1" 200 None
2025-10-31 10:35:20 - urllib3.connectionpool - DEBUG - Starting new HTTPS connection (1): tdilatam.freshdesk.com:443
2025-10-31 10:35:20 - urllib3.connectionpool - DEBUG - https://tdilatam.freshdesk.com:443 "GET /api/v2/tickets/32103 HTTP/1.1" 200 None
2025-10-31 10:35:21 - urllib3.connectionpool - DEBUG - Starting new HTTPS connection (1): tdilatam.freshdesk.com:443
2025-10-31 10:35:21 - urllib3.connectionpool - DEBUG - https://tdilatam.freshdesk.com:443 "GET /api/v2/tickets/32104 HTTP/1.1" 200 None
2025-10-31 10:35:22 - urllib3.connectionpool - DEBUG - Starting new HTTPS connection (1): tdilatam.freshdesk.com:443
2025-10-31 10:35:22 - urllib3.connectionpool - DEBUG - https://tdilatam.freshdesk.com:443 "GET /api/v2/tickets/32110 HTTP/1.1" 200 None
2025-10-31 10:35:22 - urllib3.connectionpool - DEBUG - Starting new HTTPS connection (1): tdilatam.freshdesk.com:443
2025-10-31 10:35:23 - urllib3.connectionpool - DEBUG - https://tdilatam.freshdesk.com:443 "GET /api/v2/tickets/32112 HTTP/1.1" 200 None
2025-10-31 10:35:23 - urllib3.connectionpool - DEBUG - Starting new HTTPS connection (1): tdilatam.freshdesk.com:443
2025-10-31 10:35:24 - urllib3.connectionpool - DEBUG - https://tdilatam.freshdesk.com:443 "GET /api/v2/tickets/32114 HTTP/1.1" 200 None
2025-10-31 10:35:24 - urllib3.connectionpool - DEBUG - Starting new HTTPS connection (1): tdilatam.freshdesk.com:443
2025-10-31 10:35:25 - urllib3.connectionpool - DEBUG - https://tdilatam.freshdesk.com:443 "GET /api/v2/tickets/32117 HTTP/1.1" 200 None
2025-10-31 10:35:25 - urllib3.connectionpool - DEBUG - Starting new HTTPS connection (1): tdilatam.freshdesk.com:443
2025-10-31 10:35:25 - urllib3.connectionpool - DEBUG - https://tdilatam.freshdesk.com:443 "GET /api/v2/tickets/32121 HTTP/1.1" 200 None
2025-10-31 10:35:25 - urllib3.connectionpool - DEBUG - Starting new HTTPS connection (1): tdilatam.freshdesk.com:443
2025-10-31 10:35:26 - urllib3.connectionpool - DEBUG - https://tdilatam.freshdesk.com:443 "GET /api/v2/tickets/32122 HTTP/1.1" 200 None
2025-10-31 10:35:26 - urllib3.connectionpool - DEBUG - Starting new HTTPS connection (1): tdilatam.freshdesk.com:443
2025-10-31 10:35:27 - urllib3.connectionpool - DEBUG - https://tdilatam.freshdesk.com:443 "GET /api/v2/tickets/32123 HTTP/1.1" 200 None
2025-10-31 10:35:27 - urllib3.connectionpool - DEBUG - Starting new HTTPS connection (1): tdilatam.freshdesk.com:443
2025-10-31 10:35:28 - urllib3.connectionpool - DEBUG - https://tdilatam.freshdesk.com:443 "GET /api/v2/tickets/32125 HTTP/1.1" 200 None
2025-10-31 10:35:28 - urllib3.connectionpool - DEBUG - Starting new HTTPS connection (1): tdilatam.freshdesk.com:443
2025-10-31 10:35:29 - urllib3.connectionpool - DEBUG - https://tdilatam.freshdesk.com:443 "GET /api/v2/tickets/32126 HTTP/1.1" 200 None
2025-10-31 10:35:29 - urllib3.connectionpool - DEBUG - Starting new HTTPS connection (1): tdilatam.freshdesk.com:443
2025-10-31 10:35:29 - urllib3.connectionpool - DEBUG - https://tdilatam.freshdesk.com:443 "GET /api/v2/tickets/32128 HTTP/1.1" 200 None
2025-10-31 10:35:29 - urllib3.connectionpool - DEBUG - Starting new HTTPS connection (1): tdilatam.freshdesk.com:443
2025-10-31 10:35:30 - urllib3.connectionpool - DEBUG - https://tdilatam.freshdesk.com:443 "GET /api/v2/tickets/32134 HTTP/1.1" 200 None
2025-10-31 10:35:30 - urllib3.connectionpool - DEBUG - Starting new HTTPS connection (1): tdilatam.freshdesk.com:443
2025-10-31 10:35:31 - urllib3.connectionpool - DEBUG - https://tdilatam.freshdesk.com:443 "GET /api/v2/tickets/32135 HTTP/1.1" 200 None
2025-10-31 10:35:31 - urllib3.connectionpool - DEBUG - Starting new HTTPS connection (1): tdilatam.freshdesk.com:443
2025-10-31 10:35:32 - urllib3.connectionpool - DEBUG - https://tdilatam.freshdesk.com:443 "GET /api/v2/tickets/32138 HTTP/1.1" 200 None
2025-10-31 10:35:32 - urllib3.connectionpool - DEBUG - Starting new HTTPS connection (1): tdilatam.freshdesk.com:443
2025-10-31 10:35:32 - urllib3.connectionpool - DEBUG - https://tdilatam.freshdesk.com:443 "GET /api/v2/tickets/32139 HTTP/1.1" 200 None
2025-10-31 10:35:32 - urllib3.connectionpool - DEBUG - Starting new HTTPS connection (1): tdilatam.freshdesk.com:443
2025-10-31 10:35:33 - urllib3.connectionpool - DEBUG - https://tdilatam.freshdesk.com:443 "GET /api/v2/tickets/32147 HTTP/1.1" 200 None
2025-10-31 10:35:33 - urllib3.connectionpool - DEBUG - Starting new HTTPS connection (1): tdilatam.freshdesk.com:443
2025-10-31 10:35:34 - urllib3.connectionpool - DEBUG - https://tdilatam.freshdesk.com:443 "GET /api/v2/tickets/32160 HTTP/1.1" 200 None
2025-10-31 10:35:34 - urllib3.connectionpool - DEBUG - Starting new HTTPS connection (1): tdilatam.freshdesk.com:443
2025-10-31 10:35:35 - urllib3.connectionpool - DEBUG - https://tdilatam.freshdesk.com:443 "GET /api/v2/tickets/32162 HTTP/1.1" 200 None
2025-10-31 10:35:35 - urllib3.connectionpool - DEBUG - Starting new HTTPS connection (1): tdilatam.freshdesk.com:443
2025-10-31 10:35:36 - urllib3.connectionpool - DEBUG - https://tdilatam.freshdesk.com:443 "GET /api/v2/tickets/32165 HTTP/1.1" 200 None
2025-10-31 10:35:36 - urllib3.connectionpool - DEBUG - Starting new HTTPS connection (1): tdilatam.freshdesk.com:443
2025-10-31 10:35:37 - urllib3.connectionpool - DEBUG - https://tdilatam.freshdesk.com:443 "GET /api/v2/tickets/32166 HTTP/1.1" 200 None
2025-10-31 10:35:37 - urllib3.connectionpool - DEBUG - Starting new HTTPS connection (1): tdilatam.freshdesk.com:443
2025-10-31 10:35:38 - urllib3.connectionpool - DEBUG - https://tdilatam.freshdesk.com:443 "GET /api/v2/tickets/32167 HTTP/1.1" 200 None
2025-10-31 10:35:38 - urllib3.connectionpool - DEBUG - Starting new HTTPS connection (1): tdilatam.freshdesk.com:443
2025-10-31 10:35:39 - urllib3.connectionpool - DEBUG - https://tdilatam.freshdesk.com:443 "GET /api/v2/tickets/32168 HTTP/1.1" 200 None
2025-10-31 10:35:39 - urllib3.connectionpool - DEBUG - Starting new HTTPS connection (1): tdilatam.freshdesk.com:443
2025-10-31 10:35:40 - urllib3.connectionpool - DEBUG - https://tdilatam.freshdesk.com:443 "GET /api/v2/tickets/32173 HTTP/1.1" 200 None
2025-10-31 10:35:40 - urllib3.connectionpool - DEBUG - Starting new HTTPS connection (1): tdilatam.freshdesk.com:443
2025-10-31 10:35:41 - urllib3.connectionpool - DEBUG - https://tdilatam.freshdesk.com:443 "GET /api/v2/tickets/32174 HTTP/1.1" 200 None
2025-10-31 10:35:41 - urllib3.connectionpool - DEBUG - Starting new HTTPS connection (1): tdilatam.freshdesk.com:443
2025-10-31 10:35:42 - urllib3.connectionpool - DEBUG - https://tdilatam.freshdesk.com:443 "GET /api/v2/tickets/32177 HTTP/1.1" 200 None
2025-10-31 10:35:42 - urllib3.connectionpool - DEBUG - Starting new HTTPS connection (1): tdilatam.freshdesk.com:443
2025-10-31 10:35:43 - urllib3.connectionpool - DEBUG - https://tdilatam.freshdesk.com:443 "GET /api/v2/tickets/32179 HTTP/1.1" 200 None
2025-10-31 10:35:43 - urllib3.connectionpool - DEBUG - Starting new HTTPS connection (1): tdilatam.freshdesk.com:443
2025-10-31 10:35:43 - urllib3.connectionpool - DEBUG - https://tdilatam.freshdesk.com:443 "GET /api/v2/tickets/32180 HTTP/1.1" 200 None
2025-10-31 10:35:43 - urllib3.connectionpool - DEBUG - Starting new HTTPS connection (1): tdilatam.freshdesk.com:443
2025-10-31 10:35:44 - urllib3.connectionpool - DEBUG - https://tdilatam.freshdesk.com:443 "GET /api/v2/tickets/32182 HTTP/1.1" 200 None
2025-10-31 10:35:44 - urllib3.connectionpool - DEBUG - Starting new HTTPS connection (1): tdilatam.freshdesk.com:443
2025-10-31 10:35:45 - urllib3.connectionpool - DEBUG - https://tdilatam.freshdesk.com:443 "GET /api/v2/tickets/32184 HTTP/1.1" 200 None
2025-10-31 10:35:45 - urllib3.connectionpool - DEBUG - Starting new HTTPS connection (1): tdilatam.freshdesk.com:443
2025-10-31 10:35:46 - urllib3.connectionpool - DEBUG - https://tdilatam.freshdesk.com:443 "GET /api/v2/tickets/32187 HTTP/1.1" 200 None
2025-10-31 10:35:46 - urllib3.connectionpool - DEBUG - Starting new HTTPS connection (1): tdilatam.freshdesk.com:443
2025-10-31 10:35:47 - urllib3.connectionpool - DEBUG - https://tdilatam.freshdesk.com:443 "GET /api/v2/tickets/32188 HTTP/1.1" 200 None
2025-10-31 10:35:47 - urllib3.connectionpool - DEBUG - Starting new HTTPS connection (1): tdilatam.freshdesk.com:443
2025-10-31 10:35:47 - urllib3.connectionpool - DEBUG - https://tdilatam.freshdesk.com:443 "GET /api/v2/tickets/32192 HTTP/1.1" 200 None
2025-10-31 10:35:47 - urllib3.connectionpool - DEBUG - Starting new HTTPS connection (1): tdilatam.freshdesk.com:443
2025-10-31 10:35:48 - urllib3.connectionpool - DEBUG - https://tdilatam.freshdesk.com:443 "GET /api/v2/tickets/32196 HTTP/1.1" 200 None
2025-10-31 10:35:48 - urllib3.connectionpool - DEBUG - Starting new HTTPS connection (1): tdilatam.freshdesk.com:443
2025-10-31 10:35:49 - urllib3.connectionpool - DEBUG - https://tdilatam.freshdesk.com:443 "GET /api/v2/tickets/32202 HTTP/1.1" 200 None
2025-10-31 10:35:49 - urllib3.connectionpool - DEBUG - Starting new HTTPS connection (1): tdilatam.freshdesk.com:443
2025-10-31 10:35:50 - urllib3.connectionpool - DEBUG - https://tdilatam.freshdesk.com:443 "GET /api/v2/tickets/32212 HTTP/1.1" 200 None
2025-10-31 10:35:50 - urllib3.connectionpool - DEBUG - Starting new HTTPS connection (1): tdilatam.freshdesk.com:443
2025-10-31 10:35:51 - urllib3.connectionpool - DEBUG - https://tdilatam.freshdesk.com:443 "GET /api/v2/tickets/32214 HTTP/1.1" 200 None
2025-10-31 10:35:51 - urllib3.connectionpool - DEBUG - Starting new HTTPS connection (1): tdilatam.freshdesk.com:443
2025-10-31 10:35:51 - urllib3.connectionpool - DEBUG - https://tdilatam.freshdesk.com:443 "GET /api/v2/tickets/32215 HTTP/1.1" 200 None
2025-10-31 10:35:51 - urllib3.connectionpool - DEBUG - Starting new HTTPS connection (1): tdilatam.freshdesk.com:443
2025-10-31 10:35:52 - urllib3.connectionpool - DEBUG - https://tdilatam.freshdesk.com:443 "GET /api/v2/tickets/32216 HTTP/1.1" 200 None
2025-10-31 10:35:52 - urllib3.connectionpool - DEBUG - Starting new HTTPS connection (1): tdilatam.freshdesk.com:443
2025-10-31 10:35:53 - urllib3.connectionpool - DEBUG - https://tdilatam.freshdesk.com:443 "GET /api/v2/tickets/32217 HTTP/1.1" 200 None
2025-10-31 10:35:53 - urllib3.connectionpool - DEBUG - Starting new HTTPS connection (1): tdilatam.freshdesk.com:443
2025-10-31 10:35:54 - urllib3.connectionpool - DEBUG - https://tdilatam.freshdesk.com:443 "GET /api/v2/tickets/32218 HTTP/1.1" 200 None
2025-10-31 10:35:54 - urllib3.connectionpool - DEBUG - Starting new HTTPS connection (1): tdilatam.freshdesk.com:443
2025-10-31 10:35:55 - urllib3.connectionpool - DEBUG - https://tdilatam.freshdesk.com:443 "GET /api/v2/tickets/32219 HTTP/1.1" 200 None
2025-10-31 10:35:55 - urllib3.connectionpool - DEBUG - Starting new HTTPS connection (1): tdilatam.freshdesk.com:443
2025-10-31 10:35:55 - urllib3.connectionpool - DEBUG - https://tdilatam.freshdesk.com:443 "GET /api/v2/tickets/32220 HTTP/1.1" 200 None
2025-10-31 10:35:55 - urllib3.connectionpool - DEBUG - Starting new HTTPS connection (1): tdilatam.freshdesk.com:443
2025-10-31 10:35:56 - urllib3.connectionpool - DEBUG - https://tdilatam.freshdesk.com:443 "GET /api/v2/tickets/32222 HTTP/1.1" 200 None
2025-10-31 10:35:56 - urllib3.connectionpool - DEBUG - Starting new HTTPS connection (1): tdilatam.freshdesk.com:443
2025-10-31 10:35:57 - urllib3.connectionpool - DEBUG - https://tdilatam.freshdesk.com:443 "GET /api/v2/tickets/32224 HTTP/1.1" 200 None
2025-10-31 10:35:57 - urllib3.connectionpool - DEBUG - Starting new HTTPS connection (1): tdilatam.freshdesk.com:443
2025-10-31 10:35:58 - urllib3.connectionpool - DEBUG - https://tdilatam.freshdesk.com:443 "GET /api/v2/tickets/32225 HTTP/1.1" 200 None
2025-10-31 10:35:58 - urllib3.connectionpool - DEBUG - Starting new HTTPS connection (1): tdilatam.freshdesk.com:443
2025-10-31 10:35:58 - urllib3.connectionpool - DEBUG - https://tdilatam.freshdesk.com:443 "GET /api/v2/tickets/32226 HTTP/1.1" 200 None
2025-10-31 10:35:58 - urllib3.connectionpool - DEBUG - Starting new HTTPS connection (1): tdilatam.freshdesk.com:443
2025-10-31 10:35:59 - urllib3.connectionpool - DEBUG - https://tdilatam.freshdesk.com:443 "GET /api/v2/tickets/32228 HTTP/1.1" 200 None
2025-10-31 10:35:59 - urllib3.connectionpool - DEBUG - Starting new HTTPS connection (1): tdilatam.freshdesk.com:443
2025-10-31 10:36:00 - urllib3.connectionpool - DEBUG - https://tdilatam.freshdesk.com:443 "GET /api/v2/tickets/32229 HTTP/1.1" 200 None
2025-10-31 10:36:00 - urllib3.connectionpool - DEBUG - Starting new HTTPS connection (1): tdilatam.freshdesk.com:443
2025-10-31 10:36:01 - urllib3.connectionpool - DEBUG - https://tdilatam.freshdesk.com:443 "GET /api/v2/tickets/32231 HTTP/1.1" 200 None
2025-10-31 10:36:01 - urllib3.connectionpool - DEBUG - Starting new HTTPS connection (1): tdilatam.freshdesk.com:443
2025-10-31 10:36:02 - urllib3.connectionpool - DEBUG - https://tdilatam.freshdesk.com:443 "GET /api/v2/tickets/32232 HTTP/1.1" 200 None
2025-10-31 10:36:02 - urllib3.connectionpool - DEBUG - Starting new HTTPS connection (1): tdilatam.freshdesk.com:443
2025-10-31 10:36:02 - urllib3.connectionpool - DEBUG - https://tdilatam.freshdesk.com:443 "GET /api/v2/tickets/32234 HTTP/1.1" 200 None
2025-10-31 10:36:02 - urllib3.connectionpool - DEBUG - Starting new HTTPS connection (1): tdilatam.freshdesk.com:443
2025-10-31 10:36:03 - urllib3.connectionpool - DEBUG - https://tdilatam.freshdesk.com:443 "GET /api/v2/tickets/32235 HTTP/1.1" 200 None
2025-10-31 10:36:03 - urllib3.connectionpool - DEBUG - Starting new HTTPS connection (1): tdilatam.freshdesk.com:443
2025-10-31 10:36:04 - urllib3.connectionpool - DEBUG - https://tdilatam.freshdesk.com:443 "GET /api/v2/tickets/32236 HTTP/1.1" 200 None
2025-10-31 10:36:04 - urllib3.connectionpool - DEBUG - Starting new HTTPS connection (1): tdilatam.freshdesk.com:443
2025-10-31 10:36:05 - urllib3.connectionpool - DEBUG - https://tdilatam.freshdesk.com:443 "GET /api/v2/tickets/32237 HTTP/1.1" 200 None
2025-10-31 10:36:05 - urllib3.connectionpool - DEBUG - Starting new HTTPS connection (1): tdilatam.freshdesk.com:443
2025-10-31 10:36:06 - urllib3.connectionpool - DEBUG - https://tdilatam.freshdesk.com:443 "GET /api/v2/tickets/32238 HTTP/1.1" 200 None
2025-10-31 10:36:06 - urllib3.connectionpool - DEBUG - Starting new HTTPS connection (1): tdilatam.freshdesk.com:443
2025-10-31 10:36:06 - urllib3.connectionpool - DEBUG - https://tdilatam.freshdesk.com:443 "GET /api/v2/tickets/32242 HTTP/1.1" 200 None
2025-10-31 10:36:06 - urllib3.connectionpool - DEBUG - Starting new HTTPS connection (1): tdilatam.freshdesk.com:443
2025-10-31 10:36:07 - urllib3.connectionpool - DEBUG - https://tdilatam.freshdesk.com:443 "GET /api/v2/tickets/32244 HTTP/1.1" 200 None
2025-10-31 10:36:07 - urllib3.connectionpool - DEBUG - Starting new HTTPS connection (1): tdilatam.freshdesk.com:443
2025-10-31 10:36:08 - urllib3.connectionpool - DEBUG - https://tdilatam.freshdesk.com:443 "GET /api/v2/tickets/32247 HTTP/1.1" 200 None
2025-10-31 10:36:08 - urllib3.connectionpool - DEBUG - Starting new HTTPS connection (1): tdilatam.freshdesk.com:443
2025-10-31 10:36:09 - urllib3.connectionpool - DEBUG - https://tdilatam.freshdesk.com:443 "GET /api/v2/tickets/32248 HTTP/1.1" 200 None
2025-10-31 10:36:09 - urllib3.connectionpool - DEBUG - Starting new HTTPS connection (1): tdilatam.freshdesk.com:443
2025-10-31 10:36:10 - urllib3.connectionpool - DEBUG - https://tdilatam.freshdesk.com:443 "GET /api/v2/tickets/32250 HTTP/1.1" 200 None
2025-10-31 10:36:10 - urllib3.connectionpool - DEBUG - Starting new HTTPS connection (1): tdilatam.freshdesk.com:443
2025-10-31 10:36:10 - urllib3.connectionpool - DEBUG - https://tdilatam.freshdesk.com:443 "GET /api/v2/tickets/32251 HTTP/1.1" 200 None
2025-10-31 10:36:10 - urllib3.connectionpool - DEBUG - Starting new HTTPS connection (1): tdilatam.freshdesk.com:443
2025-10-31 10:36:11 - urllib3.connectionpool - DEBUG - https://tdilatam.freshdesk.com:443 "GET /api/v2/tickets/32252 HTTP/1.1" 200 None
2025-10-31 10:36:11 - urllib3.connectionpool - DEBUG - Starting new HTTPS connection (1): tdilatam.freshdesk.com:443
2025-10-31 10:36:12 - urllib3.connectionpool - DEBUG - https://tdilatam.freshdesk.com:443 "GET /api/v2/tickets/32253 HTTP/1.1" 200 None
2025-10-31 10:36:12 - urllib3.connectionpool - DEBUG - Starting new HTTPS connection (1): tdilatam.freshdesk.com:443
2025-10-31 10:36:13 - urllib3.connectionpool - DEBUG - https://tdilatam.freshdesk.com:443 "GET /api/v2/tickets/32254 HTTP/1.1" 200 None
2025-10-31 10:36:13 - urllib3.connectionpool - DEBUG - Starting new HTTPS connection (1): tdilatam.freshdesk.com:443
2025-10-31 10:36:14 - urllib3.connectionpool - DEBUG - https://tdilatam.freshdesk.com:443 "GET /api/v2/tickets/32258 HTTP/1.1" 200 None
2025-10-31 10:36:14 - urllib3.connectionpool - DEBUG - Starting new HTTPS connection (1): tdilatam.freshdesk.com:443
2025-10-31 10:36:15 - urllib3.connectionpool - DEBUG - https://tdilatam.freshdesk.com:443 "GET /api/v2/tickets/32262 HTTP/1.1" 200 None
2025-10-31 10:36:15 - urllib3.connectionpool - DEBUG - Starting new HTTPS connection (1): tdilatam.freshdesk.com:443
2025-10-31 10:36:15 - urllib3.connectionpool - DEBUG - https://tdilatam.freshdesk.com:443 "GET /api/v2/tickets/32265 HTTP/1.1" 200 None
2025-10-31 10:36:15 - urllib3.connectionpool - DEBUG - Starting new HTTPS connection (1): tdilatam.freshdesk.com:443
2025-10-31 10:36:16 - urllib3.connectionpool - DEBUG - https://tdilatam.freshdesk.com:443 "GET /api/v2/tickets/32266 HTTP/1.1" 200 None
2025-10-31 10:36:16 - urllib3.connectionpool - DEBUG - Starting new HTTPS connection (1): tdilatam.freshdesk.com:443
2025-10-31 10:36:17 - urllib3.connectionpool - DEBUG - https://tdilatam.freshdesk.com:443 "GET /api/v2/tickets/32267 HTTP/1.1" 200 None
2025-10-31 10:36:17 - urllib3.connectionpool - DEBUG - Starting new HTTPS connection (1): tdilatam.freshdesk.com:443
2025-10-31 10:36:18 - urllib3.connectionpool - DEBUG - https://tdilatam.freshdesk.com:443 "GET /api/v2/tickets/32268 HTTP/1.1" 200 None
2025-10-31 10:36:18 - urllib3.connectionpool - DEBUG - Starting new HTTPS connection (1): tdilatam.freshdesk.com:443
2025-10-31 10:36:19 - urllib3.connectionpool - DEBUG - https://tdilatam.freshdesk.com:443 "GET /api/v2/tickets/32269 HTTP/1.1" 200 None
2025-10-31 10:36:19 - urllib3.connectionpool - DEBUG - Starting new HTTPS connection (1): tdilatam.freshdesk.com:443
2025-10-31 10:36:19 - urllib3.connectionpool - DEBUG - https://tdilatam.freshdesk.com:443 "GET /api/v2/tickets/32270 HTTP/1.1" 200 None
2025-10-31 10:36:19 - urllib3.connectionpool - DEBUG - Starting new HTTPS connection (1): tdilatam.freshdesk.com:443
2025-10-31 10:36:20 - urllib3.connectionpool - DEBUG - https://tdilatam.freshdesk.com:443 "GET /api/v2/tickets/32271 HTTP/1.1" 200 None
2025-10-31 10:36:20 - urllib3.connectionpool - DEBUG - Starting new HTTPS connection (1): tdilatam.freshdesk.com:443
2025-10-31 10:36:21 - urllib3.connectionpool - DEBUG - https://tdilatam.freshdesk.com:443 "GET /api/v2/tickets/32274 HTTP/1.1" 200 None
2025-10-31 10:36:21 - urllib3.connectionpool - DEBUG - Starting new HTTPS connection (1): tdilatam.freshdesk.com:443
2025-10-31 10:36:22 - urllib3.connectionpool - DEBUG - https://tdilatam.freshdesk.com:443 "GET /api/v2/tickets/32281 HTTP/1.1" 200 None
2025-10-31 10:36:22 - urllib3.connectionpool - DEBUG - Starting new HTTPS connection (1): tdilatam.freshdesk.com:443
2025-10-31 10:36:23 - urllib3.connectionpool - DEBUG - https://tdilatam.freshdesk.com:443 "GET /api/v2/tickets/32282 HTTP/1.1" 200 None
2025-10-31 10:36:23 - urllib3.connectionpool - DEBUG - Starting new HTTPS connection (1): tdilatam.freshdesk.com:443
2025-10-31 10:36:23 - urllib3.connectionpool - DEBUG - https://tdilatam.freshdesk.com:443 "GET /api/v2/tickets/32283 HTTP/1.1" 200 None
2025-10-31 10:36:23 - urllib3.connectionpool - DEBUG - Starting new HTTPS connection (1): tdilatam.freshdesk.com:443
2025-10-31 10:36:24 - urllib3.connectionpool - DEBUG - https://tdilatam.freshdesk.com:443 "GET /api/v2/tickets/32288 HTTP/1.1" 200 None
2025-10-31 10:36:24 - urllib3.connectionpool - DEBUG - Starting new HTTPS connection (1): tdilatam.freshdesk.com:443
2025-10-31 10:36:25 - urllib3.connectionpool - DEBUG - https://tdilatam.freshdesk.com:443 "GET /api/v2/tickets/32289 HTTP/1.1" 200 None
2025-10-31 10:36:25 - urllib3.connectionpool - DEBUG - Starting new HTTPS connection (1): tdilatam.freshdesk.com:443
2025-10-31 10:36:26 - urllib3.connectionpool - DEBUG - https://tdilatam.freshdesk.com:443 "GET /api/v2/tickets/32292 HTTP/1.1" 200 None
2025-10-31 10:36:26 - urllib3.connectionpool - DEBUG - Starting new HTTPS connection (1): tdilatam.freshdesk.com:443
2025-10-31 10:36:27 - urllib3.connectionpool - DEBUG - https://tdilatam.freshdesk.com:443 "GET /api/v2/tickets/32293 HTTP/1.1" 200 None
2025-10-31 10:36:27 - urllib3.connectionpool - DEBUG - Starting new HTTPS connection (1): tdilatam.freshdesk.com:443
2025-10-31 10:36:28 - urllib3.connectionpool - DEBUG - https://tdilatam.freshdesk.com:443 "GET /api/v2/tickets/32294 HTTP/1.1" 200 None
2025-10-31 10:36:28 - urllib3.connectionpool - DEBUG - Starting new HTTPS connection (1): tdilatam.freshdesk.com:443
2025-10-31 10:36:28 - urllib3.connectionpool - DEBUG - https://tdilatam.freshdesk.com:443 "GET /api/v2/tickets/32295 HTTP/1.1" 200 None
2025-10-31 10:36:28 - urllib3.connectionpool - DEBUG - Starting new HTTPS connection (1): tdilatam.freshdesk.com:443
2025-10-31 10:36:29 - urllib3.connectionpool - DEBUG - https://tdilatam.freshdesk.com:443 "GET /api/v2/tickets/32296 HTTP/1.1" 200 None
2025-10-31 10:36:29 - urllib3.connectionpool - DEBUG - Starting new HTTPS connection (1): tdilatam.freshdesk.com:443
2025-10-31 10:36:30 - urllib3.connectionpool - DEBUG - https://tdilatam.freshdesk.com:443 "GET /api/v2/tickets/32297 HTTP/1.1" 200 None
2025-10-31 10:36:30 - urllib3.connectionpool - DEBUG - Starting new HTTPS connection (1): tdilatam.freshdesk.com:443
2025-10-31 10:36:31 - urllib3.connectionpool - DEBUG - https://tdilatam.freshdesk.com:443 "GET /api/v2/tickets/32298 HTTP/1.1" 200 None
2025-10-31 10:36:31 - urllib3.connectionpool - DEBUG - Starting new HTTPS connection (1): tdilatam.freshdesk.com:443
2025-10-31 10:36:31 - urllib3.connectionpool - DEBUG - https://tdilatam.freshdesk.com:443 "GET /api/v2/tickets/32299 HTTP/1.1" 200 None
2025-10-31 10:36:31 - urllib3.connectionpool - DEBUG - Starting new HTTPS connection (1): tdilatam.freshdesk.com:443
2025-10-31 10:36:32 - urllib3.connectionpool - DEBUG - https://tdilatam.freshdesk.com:443 "GET /api/v2/tickets/32301 HTTP/1.1" 200 None
2025-10-31 10:36:32 - urllib3.connectionpool - DEBUG - Starting new HTTPS connection (1): tdilatam.freshdesk.com:443
2025-10-31 10:36:33 - urllib3.connectionpool - DEBUG - https://tdilatam.freshdesk.com:443 "GET /api/v2/tickets/32304 HTTP/1.1" 200 None
2025-10-31 10:36:33 - urllib3.connectionpool - DEBUG - Starting new HTTPS connection (1): tdilatam.freshdesk.com:443
2025-10-31 10:36:34 - urllib3.connectionpool - DEBUG - https://tdilatam.freshdesk.com:443 "GET /api/v2/tickets/32305 HTTP/1.1" 200 None
2025-10-31 10:36:34 - urllib3.connectionpool - DEBUG - Starting new HTTPS connection (1): tdilatam.freshdesk.com:443
2025-10-31 10:36:35 - urllib3.connectionpool - DEBUG - https://tdilatam.freshdesk.com:443 "GET /api/v2/tickets/32308 HTTP/1.1" 200 None
2025-10-31 10:36:35 - urllib3.connectionpool - DEBUG - Starting new HTTPS connection (1): tdilatam.freshdesk.com:443
2025-10-31 10:36:36 - urllib3.connectionpool - DEBUG - https://tdilatam.freshdesk.com:443 "GET /api/v2/tickets/32312 HTTP/1.1" 200 None
2025-10-31 10:36:36 - urllib3.connectionpool - DEBUG - Starting new HTTPS connection (1): tdilatam.freshdesk.com:443
2025-10-31 10:36:36 - urllib3.connectionpool - DEBUG - https://tdilatam.freshdesk.com:443 "GET /api/v2/tickets/32315 HTTP/1.1" 200 None
2025-10-31 10:36:36 - urllib3.connectionpool - DEBUG - Starting new HTTPS connection (1): tdilatam.freshdesk.com:443
2025-10-31 10:36:37 - urllib3.connectionpool - DEBUG - https://tdilatam.freshdesk.com:443 "GET /api/v2/tickets/32317 HTTP/1.1" 200 None
2025-10-31 10:36:37 - urllib3.connectionpool - DEBUG - Starting new HTTPS connection (1): tdilatam.freshdesk.com:443
2025-10-31 10:36:38 - urllib3.connectionpool - DEBUG - https://tdilatam.freshdesk.com:443 "GET /api/v2/tickets/32323 HTTP/1.1" 200 None
2025-10-31 10:36:38 - urllib3.connectionpool - DEBUG - Starting new HTTPS connection (1): tdilatam.freshdesk.com:443
2025-10-31 10:36:39 - urllib3.connectionpool - DEBUG - https://tdilatam.freshdesk.com:443 "GET /api/v2/tickets/32324 HTTP/1.1" 200 None
2025-10-31 10:36:39 - urllib3.connectionpool - DEBUG - Starting new HTTPS connection (1): tdilatam.freshdesk.com:443
2025-10-31 10:36:40 - urllib3.connectionpool - DEBUG - https://tdilatam.freshdesk.com:443 "GET /api/v2/tickets/32330 HTTP/1.1" 200 None
2025-10-31 10:36:40 - urllib3.connectionpool - DEBUG - Starting new HTTPS connection (1): tdilatam.freshdesk.com:443
2025-10-31 10:36:41 - urllib3.connectionpool - DEBUG - https://tdilatam.freshdesk.com:443 "GET /api/v2/tickets/32331 HTTP/1.1" 200 None
2025-10-31 10:36:41 - urllib3.connectionpool - DEBUG - Starting new HTTPS connection (1): tdilatam.freshdesk.com:443
2025-10-31 10:36:41 - urllib3.connectionpool - DEBUG - https://tdilatam.freshdesk.com:443 "GET /api/v2/tickets/32335 HTTP/1.1" 200 None
2025-10-31 10:36:41 - urllib3.connectionpool - DEBUG - Starting new HTTPS connection (1): tdilatam.freshdesk.com:443
2025-10-31 10:36:42 - urllib3.connectionpool - DEBUG - https://tdilatam.freshdesk.com:443 "GET /api/v2/tickets/32336 HTTP/1.1" 200 None
2025-10-31 10:36:42 - urllib3.connectionpool - DEBUG - Starting new HTTPS connection (1): tdilatam.freshdesk.com:443
2025-10-31 10:36:43 - urllib3.connectionpool - DEBUG - https://tdilatam.freshdesk.com:443 "GET /api/v2/tickets/32340 HTTP/1.1" 200 None
2025-10-31 10:36:43 - urllib3.connectionpool - DEBUG - Starting new HTTPS connection (1): tdilatam.freshdesk.com:443
2025-10-31 10:36:44 - urllib3.connectionpool - DEBUG - https://tdilatam.freshdesk.com:443 "GET /api/v2/tickets/32342 HTTP/1.1" 200 None
2025-10-31 10:36:44 - urllib3.connectionpool - DEBUG - Starting new HTTPS connection (1): tdilatam.freshdesk.com:443
2025-10-31 10:36:45 - urllib3.connectionpool - DEBUG - https://tdilatam.freshdesk.com:443 "GET /api/v2/tickets/32343 HTTP/1.1" 200 None
2025-10-31 10:36:45 - urllib3.connectionpool - DEBUG - Starting new HTTPS connection (1): tdilatam.freshdesk.com:443
2025-10-31 10:36:45 - urllib3.connectionpool - DEBUG - https://tdilatam.freshdesk.com:443 "GET /api/v2/tickets/32348 HTTP/1.1" 200 None
2025-10-31 10:36:45 - urllib3.connectionpool - DEBUG - Starting new HTTPS connection (1): tdilatam.freshdesk.com:443
2025-10-31 10:36:46 - urllib3.connectionpool - DEBUG - https://tdilatam.freshdesk.com:443 "GET /api/v2/tickets/32350 HTTP/1.1" 200 None
2025-10-31 10:36:46 - urllib3.connectionpool - DEBUG - Starting new HTTPS connection (1): tdilatam.freshdesk.com:443
2025-10-31 10:36:47 - urllib3.connectionpool - DEBUG - https://tdilatam.freshdesk.com:443 "GET /api/v2/tickets/32351 HTTP/1.1" 200 None
2025-10-31 10:36:47 - urllib3.connectionpool - DEBUG - Starting new HTTPS connection (1): tdilatam.freshdesk.com:443
2025-10-31 10:36:48 - urllib3.connectionpool - DEBUG - https://tdilatam.freshdesk.com:443 "GET /api/v2/tickets/32358 HTTP/1.1" 200 None
2025-10-31 10:36:48 - urllib3.connectionpool - DEBUG - Starting new HTTPS connection (1): tdilatam.freshdesk.com:443
2025-10-31 10:36:49 - urllib3.connectionpool - DEBUG - https://tdilatam.freshdesk.com:443 "GET /api/v2/tickets/32361 HTTP/1.1" 200 None
2025-10-31 10:36:49 - urllib3.connectionpool - DEBUG - Starting new HTTPS connection (1): tdilatam.freshdesk.com:443
2025-10-31 10:36:49 - urllib3.connectionpool - DEBUG - https://tdilatam.freshdesk.com:443 "GET /api/v2/tickets/32363 HTTP/1.1" 200 None
2025-10-31 10:36:49 - urllib3.connectionpool - DEBUG - Starting new HTTPS connection (1): tdilatam.freshdesk.com:443
2025-10-31 10:36:50 - urllib3.connectionpool - DEBUG - https://tdilatam.freshdesk.com:443 "GET /api/v2/tickets/32367 HTTP/1.1" 200 None
2025-10-31 10:36:50 - urllib3.connectionpool - DEBUG - Starting new HTTPS connection (1): tdilatam.freshdesk.com:443
2025-10-31 10:36:51 - urllib3.connectionpool - DEBUG - https://tdilatam.freshdesk.com:443 "GET /api/v2/tickets/32373 HTTP/1.1" 200 None
2025-10-31 10:36:51 - urllib3.connectionpool - DEBUG - Starting new HTTPS connection (1): tdilatam.freshdesk.com:443
2025-10-31 10:36:52 - urllib3.connectionpool - DEBUG - https://tdilatam.freshdesk.com:443 "GET /api/v2/tickets/32374 HTTP/1.1" 200 None
2025-10-31 10:36:52 - urllib3.connectionpool - DEBUG - Starting new HTTPS connection (1): tdilatam.freshdesk.com:443
2025-10-31 10:36:53 - urllib3.connectionpool - DEBUG - https://tdilatam.freshdesk.com:443 "GET /api/v2/tickets/32375 HTTP/1.1" 200 None
2025-10-31 10:36:53 - urllib3.connectionpool - DEBUG - Starting new HTTPS connection (1): tdilatam.freshdesk.com:443
2025-10-31 10:36:54 - urllib3.connectionpool - DEBUG - https://tdilatam.freshdesk.com:443 "GET /api/v2/tickets/32376 HTTP/1.1" 200 None
2025-10-31 10:36:54 - urllib3.connectionpool - DEBUG - Starting new HTTPS connection (1): tdilatam.freshdesk.com:443
2025-10-31 10:36:54 - urllib3.connectionpool - DEBUG - https://tdilatam.freshdesk.com:443 "GET /api/v2/tickets/32381 HTTP/1.1" 200 None
2025-10-31 10:36:55 - urllib3.connectionpool - DEBUG - Starting new HTTPS connection (1): tdilatam.freshdesk.com:443
2025-10-31 10:36:55 - urllib3.connectionpool - DEBUG - https://tdilatam.freshdesk.com:443 "GET /api/v2/tickets/32382 HTTP/1.1" 200 None
2025-10-31 10:36:55 - urllib3.connectionpool - DEBUG - Starting new HTTPS connection (1): tdilatam.freshdesk.com:443
2025-10-31 10:36:56 - urllib3.connectionpool - DEBUG - https://tdilatam.freshdesk.com:443 "GET /api/v2/tickets/32386 HTTP/1.1" 200 None
2025-10-31 10:36:56 - urllib3.connectionpool - DEBUG - Starting new HTTPS connection (1): tdilatam.freshdesk.com:443
2025-10-31 10:36:57 - urllib3.connectionpool - DEBUG - https://tdilatam.freshdesk.com:443 "GET /api/v2/tickets/32387 HTTP/1.1" 200 None
2025-10-31 10:36:57 - urllib3.connectionpool - DEBUG - Starting new HTTPS connection (1): tdilatam.freshdesk.com:443
2025-10-31 10:36:58 - urllib3.connectionpool - DEBUG - https://tdilatam.freshdesk.com:443 "GET /api/v2/tickets/32390 HTTP/1.1" 200 None
2025-10-31 10:36:58 - urllib3.connectionpool - DEBUG - Starting new HTTPS connection (1): tdilatam.freshdesk.com:443
2025-10-31 10:36:58 - urllib3.connectionpool - DEBUG - https://tdilatam.freshdesk.com:443 "GET /api/v2/tickets/32391 HTTP/1.1" 200 None
2025-10-31 10:36:59 - urllib3.connectionpool - DEBUG - Starting new HTTPS connection (1): tdilatam.freshdesk.com:443
2025-10-31 10:36:59 - urllib3.connectionpool - DEBUG - https://tdilatam.freshdesk.com:443 "GET /api/v2/tickets/32395 HTTP/1.1" 200 None
2025-10-31 10:36:59 - urllib3.connectionpool - DEBUG - Starting new HTTPS connection (1): tdilatam.freshdesk.com:443
2025-10-31 10:37:00 - urllib3.connectionpool - DEBUG - https://tdilatam.freshdesk.com:443 "GET /api/v2/tickets/32398 HTTP/1.1" 200 None
2025-10-31 10:37:00 - urllib3.connectionpool - DEBUG - Starting new HTTPS connection (1): tdilatam.freshdesk.com:443
2025-10-31 10:37:01 - urllib3.connectionpool - DEBUG - https://tdilatam.freshdesk.com:443 "GET /api/v2/tickets/32399 HTTP/1.1" 200 None
2025-10-31 10:37:01 - urllib3.connectionpool - DEBUG - Starting new HTTPS connection (1): tdilatam.freshdesk.com:443
2025-10-31 10:37:02 - urllib3.connectionpool - DEBUG - https://tdilatam.freshdesk.com:443 "GET /api/v2/tickets/32400 HTTP/1.1" 200 None
2025-10-31 10:37:02 - urllib3.connectionpool - DEBUG - Starting new HTTPS connection (1): tdilatam.freshdesk.com:443
2025-10-31 10:37:03 - urllib3.connectionpool - DEBUG - https://tdilatam.freshdesk.com:443 "GET /api/v2/tickets/32401 HTTP/1.1" 200 None
2025-10-31 10:37:03 - urllib3.connectionpool - DEBUG - Starting new HTTPS connection (1): tdilatam.freshdesk.com:443
2025-10-31 10:37:04 - urllib3.connectionpool - DEBUG - https://tdilatam.freshdesk.com:443 "GET /api/v2/tickets/32405 HTTP/1.1" 200 None
2025-10-31 10:37:04 - urllib3.connectionpool - DEBUG - Starting new HTTPS connection (1): tdilatam.freshdesk.com:443
2025-10-31 10:37:04 - urllib3.connectionpool - DEBUG - https://tdilatam.freshdesk.com:443 "GET /api/v2/tickets/32409 HTTP/1.1" 200 None
2025-10-31 10:37:04 - urllib3.connectionpool - DEBUG - Starting new HTTPS connection (1): tdilatam.freshdesk.com:443
2025-10-31 10:37:05 - urllib3.connectionpool - DEBUG - https://tdilatam.freshdesk.com:443 "GET /api/v2/tickets/32410 HTTP/1.1" 200 None
2025-10-31 10:37:05 - urllib3.connectionpool - DEBUG - Starting new HTTPS connection (1): tdilatam.freshdesk.com:443
2025-10-31 10:37:06 - urllib3.connectionpool - DEBUG - https://tdilatam.freshdesk.com:443 "GET /api/v2/tickets/32411 HTTP/1.1" 200 None
2025-10-31 10:37:06 - urllib3.connectionpool - DEBUG - Starting new HTTPS connection (1): tdilatam.freshdesk.com:443
2025-10-31 10:37:07 - urllib3.connectionpool - DEBUG - https://tdilatam.freshdesk.com:443 "GET /api/v2/tickets/32414 HTTP/1.1" 200 None
2025-10-31 10:37:07 - urllib3.connectionpool - DEBUG - Starting new HTTPS connection (1): tdilatam.freshdesk.com:443
2025-10-31 10:37:08 - urllib3.connectionpool - DEBUG - https://tdilatam.freshdesk.com:443 "GET /api/v2/tickets/32415 HTTP/1.1" 200 None
2025-10-31 10:37:08 - urllib3.connectionpool - DEBUG - Starting new HTTPS connection (1): tdilatam.freshdesk.com:443
2025-10-31 10:37:08 - urllib3.connectionpool - DEBUG - https://tdilatam.freshdesk.com:443 "GET /api/v2/tickets/32417 HTTP/1.1" 200 None
2025-10-31 10:37:08 - urllib3.connectionpool - DEBUG - Starting new HTTPS connection (1): tdilatam.freshdesk.com:443
2025-10-31 10:37:09 - urllib3.connectionpool - DEBUG - https://tdilatam.freshdesk.com:443 "GET /api/v2/tickets/32418 HTTP/1.1" 200 None
2025-10-31 10:37:09 - urllib3.connectionpool - DEBUG - Starting new HTTPS connection (1): tdilatam.freshdesk.com:443
2025-10-31 10:37:10 - urllib3.connectionpool - DEBUG - https://tdilatam.freshdesk.com:443 "GET /api/v2/tickets/32419 HTTP/1.1" 200 None
2025-10-31 10:37:10 - urllib3.connectionpool - DEBUG - Starting new HTTPS connection (1): tdilatam.freshdesk.com:443
2025-10-31 10:37:11 - urllib3.connectionpool - DEBUG - https://tdilatam.freshdesk.com:443 "GET /api/v2/tickets/32420 HTTP/1.1" 200 None
2025-10-31 10:37:11 - urllib3.connectionpool - DEBUG - Starting new HTTPS connection (1): tdilatam.freshdesk.com:443
2025-10-31 10:37:13 - urllib3.connectionpool - DEBUG - https://tdilatam.freshdesk.com:443 "GET /api/v2/tickets/32421 HTTP/1.1" 200 None
2025-10-31 10:37:13 - urllib3.connectionpool - DEBUG - Starting new HTTPS connection (1): tdilatam.freshdesk.com:443
2025-10-31 10:37:13 - urllib3.connectionpool - DEBUG - https://tdilatam.freshdesk.com:443 "GET /api/v2/tickets/32422 HTTP/1.1" 200 None
2025-10-31 10:37:13 - urllib3.connectionpool - DEBUG - Starting new HTTPS connection (1): tdilatam.freshdesk.com:443
2025-10-31 10:37:14 - urllib3.connectionpool - DEBUG - https://tdilatam.freshdesk.com:443 "GET /api/v2/tickets/32427 HTTP/1.1" 200 None
2025-10-31 10:37:14 - urllib3.connectionpool - DEBUG - Starting new HTTPS connection (1): tdilatam.freshdesk.com:443
2025-10-31 10:37:15 - urllib3.connectionpool - DEBUG - https://tdilatam.freshdesk.com:443 "GET /api/v2/tickets/32428 HTTP/1.1" 200 None
2025-10-31 10:37:15 - urllib3.connectionpool - DEBUG - Starting new HTTPS connection (1): tdilatam.freshdesk.com:443
2025-10-31 10:37:16 - urllib3.connectionpool - DEBUG - https://tdilatam.freshdesk.com:443 "GET /api/v2/tickets/32431 HTTP/1.1" 200 None
2025-10-31 10:37:16 - urllib3.connectionpool - DEBUG - Starting new HTTPS connection (1): tdilatam.freshdesk.com:443
2025-10-31 10:37:16 - urllib3.connectionpool - DEBUG - https://tdilatam.freshdesk.com:443 "GET /api/v2/tickets/32432 HTTP/1.1" 200 None
2025-10-31 10:37:16 - urllib3.connectionpool - DEBUG - Starting new HTTPS connection (1): tdilatam.freshdesk.com:443
2025-10-31 10:37:17 - urllib3.connectionpool - DEBUG - https://tdilatam.freshdesk.com:443 "GET /api/v2/tickets/32433 HTTP/1.1" 200 None
2025-10-31 10:37:17 - urllib3.connectionpool - DEBUG - Starting new HTTPS connection (1): tdilatam.freshdesk.com:443
2025-10-31 10:37:18 - urllib3.connectionpool - DEBUG - https://tdilatam.freshdesk.com:443 "GET /api/v2/tickets/32434 HTTP/1.1" 200 None
2025-10-31 10:37:18 - urllib3.connectionpool - DEBUG - Starting new HTTPS connection (1): tdilatam.freshdesk.com:443
2025-10-31 10:37:19 - urllib3.connectionpool - DEBUG - https://tdilatam.freshdesk.com:443 "GET /api/v2/tickets/32436 HTTP/1.1" 200 None
2025-10-31 10:37:19 - urllib3.connectionpool - DEBUG - Starting new HTTPS connection (1): tdilatam.freshdesk.com:443
2025-10-31 10:37:19 - urllib3.connectionpool - DEBUG - https://tdilatam.freshdesk.com:443 "GET /api/v2/tickets/32437 HTTP/1.1" 200 None
2025-10-31 10:37:19 - urllib3.connectionpool - DEBUG - Starting new HTTPS connection (1): tdilatam.freshdesk.com:443
2025-10-31 10:37:20 - urllib3.connectionpool - DEBUG - https://tdilatam.freshdesk.com:443 "GET /api/v2/tickets/32440 HTTP/1.1" 200 None
2025-10-31 10:37:20 - urllib3.connectionpool - DEBUG - Starting new HTTPS connection (1): tdilatam.freshdesk.com:443
2025-10-31 10:37:21 - urllib3.connectionpool - DEBUG - https://tdilatam.freshdesk.com:443 "GET /api/v2/tickets/32442 HTTP/1.1" 200 None
2025-10-31 10:37:21 - urllib3.connectionpool - DEBUG - Starting new HTTPS connection (1): tdilatam.freshdesk.com:443
2025-10-31 10:37:22 - urllib3.connectionpool - DEBUG - https://tdilatam.freshdesk.com:443 "GET /api/v2/tickets/32444 HTTP/1.1" 200 None
2025-10-31 10:37:22 - urllib3.connectionpool - DEBUG - Starting new HTTPS connection (1): tdilatam.freshdesk.com:443
2025-10-31 10:37:22 - urllib3.connectionpool - DEBUG - https://tdilatam.freshdesk.com:443 "GET /api/v2/tickets/32454 HTTP/1.1" 200 None
2025-10-31 10:37:23 - urllib3.connectionpool - DEBUG - Starting new HTTPS connection (1): tdilatam.freshdesk.com:443
2025-10-31 10:37:23 - urllib3.connectionpool - DEBUG - https://tdilatam.freshdesk.com:443 "GET /api/v2/tickets/32455 HTTP/1.1" 200 None
2025-10-31 10:37:23 - urllib3.connectionpool - DEBUG - Starting new HTTPS connection (1): tdilatam.freshdesk.com:443
2025-10-31 10:37:24 - urllib3.connectionpool - DEBUG - https://tdilatam.freshdesk.com:443 "GET /api/v2/tickets/32458 HTTP/1.1" 200 None
2025-10-31 10:37:25 - urllib3.connectionpool - DEBUG - Starting new HTTPS connection (1): tdilatam.freshdesk.com:443
2025-10-31 10:37:26 - urllib3.connectionpool - DEBUG - https://tdilatam.freshdesk.com:443 "GET /api/v2/tickets/32459 HTTP/1.1" 200 None
2025-10-31 10:37:26 - urllib3.connectionpool - DEBUG - Starting new HTTPS connection (1): tdilatam.freshdesk.com:443
2025-10-31 10:37:27 - urllib3.connectionpool - DEBUG - https://tdilatam.freshdesk.com:443 "GET /api/v2/tickets/32460 HTTP/1.1" 200 None
2025-10-31 10:37:27 - urllib3.connectionpool - DEBUG - Starting new HTTPS connection (1): tdilatam.freshdesk.com:443
2025-10-31 10:37:27 - urllib3.connectionpool - DEBUG - https://tdilatam.freshdesk.com:443 "GET /api/v2/tickets/32462 HTTP/1.1" 200 None
2025-10-31 10:37:28 - urllib3.connectionpool - DEBUG - Starting new HTTPS connection (1): tdilatam.freshdesk.com:443
2025-10-31 10:37:28 - urllib3.connectionpool - DEBUG - https://tdilatam.freshdesk.com:443 "GET /api/v2/tickets/32463 HTTP/1.1" 200 None
2025-10-31 10:37:28 - urllib3.connectionpool - DEBUG - Starting new HTTPS connection (1): tdilatam.freshdesk.com:443
2025-10-31 10:37:29 - urllib3.connectionpool - DEBUG - https://tdilatam.freshdesk.com:443 "GET /api/v2/tickets/32469 HTTP/1.1" 200 None
2025-10-31 10:37:29 - urllib3.connectionpool - DEBUG - Starting new HTTPS connection (1): tdilatam.freshdesk.com:443
2025-10-31 10:37:30 - urllib3.connectionpool - DEBUG - https://tdilatam.freshdesk.com:443 "GET /api/v2/tickets/32470 HTTP/1.1" 200 None
2025-10-31 10:37:30 - urllib3.connectionpool - DEBUG - Starting new HTTPS connection (1): tdilatam.freshdesk.com:443
2025-10-31 10:37:31 - urllib3.connectionpool - DEBUG - https://tdilatam.freshdesk.com:443 "GET /api/v2/tickets/32473 HTTP/1.1" 200 None
2025-10-31 10:37:31 - urllib3.connectionpool - DEBUG - Starting new HTTPS connection (1): tdilatam.freshdesk.com:443
2025-10-31 10:37:32 - urllib3.connectionpool - DEBUG - https://tdilatam.freshdesk.com:443 "GET /api/v2/tickets/32475 HTTP/1.1" 200 None
2025-10-31 10:37:32 - urllib3.connectionpool - DEBUG - Starting new HTTPS connection (1): tdilatam.freshdesk.com:443
2025-10-31 10:37:33 - urllib3.connectionpool - DEBUG - https://tdilatam.freshdesk.com:443 "GET /api/v2/tickets/32476 HTTP/1.1" 200 None
2025-10-31 10:37:33 - urllib3.connectionpool - DEBUG - Starting new HTTPS connection (1): tdilatam.freshdesk.com:443
2025-10-31 10:37:34 - urllib3.connectionpool - DEBUG - https://tdilatam.freshdesk.com:443 "GET /api/v2/tickets/32477 HTTP/1.1" 200 None
2025-10-31 10:37:34 - urllib3.connectionpool - DEBUG - Starting new HTTPS connection (1): tdilatam.freshdesk.com:443
2025-10-31 10:37:34 - urllib3.connectionpool - DEBUG - https://tdilatam.freshdesk.com:443 "GET /api/v2/tickets/32478 HTTP/1.1" 200 None
2025-10-31 10:37:34 - urllib3.connectionpool - DEBUG - Starting new HTTPS connection (1): tdilatam.freshdesk.com:443
2025-10-31 10:37:35 - urllib3.connectionpool - DEBUG - https://tdilatam.freshdesk.com:443 "GET /api/v2/tickets/32479 HTTP/1.1" 200 None
2025-10-31 10:37:35 - urllib3.connectionpool - DEBUG - Starting new HTTPS connection (1): tdilatam.freshdesk.com:443
2025-10-31 10:37:36 - urllib3.connectionpool - DEBUG - https://tdilatam.freshdesk.com:443 "GET /api/v2/tickets/32481 HTTP/1.1" 200 None
2025-10-31 10:37:36 - urllib3.connectionpool - DEBUG - Starting new HTTPS connection (1): tdilatam.freshdesk.com:443
2025-10-31 10:37:37 - urllib3.connectionpool - DEBUG - https://tdilatam.freshdesk.com:443 "GET /api/v2/tickets/32482 HTTP/1.1" 200 None
2025-10-31 10:37:37 - urllib3.connectionpool - DEBUG - Starting new HTTPS connection (1): tdilatam.freshdesk.com:443
2025-10-31 10:37:38 - urllib3.connectionpool - DEBUG - https://tdilatam.freshdesk.com:443 "GET /api/v2/tickets/32483 HTTP/1.1" 200 None
2025-10-31 10:37:38 - urllib3.connectionpool - DEBUG - Starting new HTTPS connection (1): tdilatam.freshdesk.com:443
2025-10-31 10:37:39 - urllib3.connectionpool - DEBUG - https://tdilatam.freshdesk.com:443 "GET /api/v2/tickets/32484 HTTP/1.1" 200 None
2025-10-31 10:37:39 - urllib3.connectionpool - DEBUG - Starting new HTTPS connection (1): tdilatam.freshdesk.com:443
2025-10-31 10:37:39 - urllib3.connectionpool - DEBUG - https://tdilatam.freshdesk.com:443 "GET /api/v2/tickets/32485 HTTP/1.1" 200 None
2025-10-31 10:37:40 - urllib3.connectionpool - DEBUG - Starting new HTTPS connection (1): tdilatam.freshdesk.com:443
2025-10-31 10:37:40 - urllib3.connectionpool - DEBUG - https://tdilatam.freshdesk.com:443 "GET /api/v2/tickets/32486 HTTP/1.1" 200 None
2025-10-31 10:37:40 - urllib3.connectionpool - DEBUG - Starting new HTTPS connection (1): tdilatam.freshdesk.com:443
2025-10-31 10:37:41 - urllib3.connectionpool - DEBUG - https://tdilatam.freshdesk.com:443 "GET /api/v2/tickets/32488 HTTP/1.1" 200 None
2025-10-31 10:37:41 - urllib3.connectionpool - DEBUG - Starting new HTTPS connection (1): tdilatam.freshdesk.com:443
2025-10-31 10:37:42 - urllib3.connectionpool - DEBUG - https://tdilatam.freshdesk.com:443 "GET /api/v2/tickets/32489 HTTP/1.1" 200 None
2025-10-31 10:37:42 - urllib3.connectionpool - DEBUG - Starting new HTTPS connection (1): tdilatam.freshdesk.com:443
2025-10-31 10:37:43 - urllib3.connectionpool - DEBUG - https://tdilatam.freshdesk.com:443 "GET /api/v2/tickets/32490 HTTP/1.1" 200 None
2025-10-31 10:37:43 - urllib3.connectionpool - DEBUG - Starting new HTTPS connection (1): tdilatam.freshdesk.com:443
2025-10-31 10:37:44 - urllib3.connectionpool - DEBUG - https://tdilatam.freshdesk.com:443 "GET /api/v2/tickets/32492 HTTP/1.1" 200 None
2025-10-31 10:37:44 - urllib3.connectionpool - DEBUG - Starting new HTTPS connection (1): tdilatam.freshdesk.com:443
2025-10-31 10:37:45 - urllib3.connectionpool - DEBUG - https://tdilatam.freshdesk.com:443 "GET /api/v2/tickets/32494 HTTP/1.1" 200 None
2025-10-31 10:37:45 - urllib3.connectionpool - DEBUG - Starting new HTTPS connection (1): tdilatam.freshdesk.com:443
2025-10-31 10:37:46 - urllib3.connectionpool - DEBUG - https://tdilatam.freshdesk.com:443 "GET /api/v2/tickets/32495 HTTP/1.1" 200 None
2025-10-31 10:37:46 - urllib3.connectionpool - DEBUG - Starting new HTTPS connection (1): tdilatam.freshdesk.com:443
2025-10-31 10:37:47 - urllib3.connectionpool - DEBUG - https://tdilatam.freshdesk.com:443 "GET /api/v2/tickets/32497 HTTP/1.1" 200 None
2025-10-31 10:37:47 - urllib3.connectionpool - DEBUG - Starting new HTTPS connection (1): tdilatam.freshdesk.com:443
2025-10-31 10:37:48 - urllib3.connectionpool - DEBUG - https://tdilatam.freshdesk.com:443 "GET /api/v2/tickets/32498 HTTP/1.1" 200 None
2025-10-31 10:37:48 - urllib3.connectionpool - DEBUG - Starting new HTTPS connection (1): tdilatam.freshdesk.com:443
2025-10-31 10:37:49 - urllib3.connectionpool - DEBUG - https://tdilatam.freshdesk.com:443 "GET /api/v2/tickets/32499 HTTP/1.1" 200 None
2025-10-31 10:37:49 - urllib3.connectionpool - DEBUG - Starting new HTTPS connection (1): tdilatam.freshdesk.com:443
2025-10-31 10:37:50 - urllib3.connectionpool - DEBUG - https://tdilatam.freshdesk.com:443 "GET /api/v2/tickets/32503 HTTP/1.1" 200 None
2025-10-31 10:37:50 - urllib3.connectionpool - DEBUG - Starting new HTTPS connection (1): tdilatam.freshdesk.com:443
2025-10-31 10:37:50 - urllib3.connectionpool - DEBUG - https://tdilatam.freshdesk.com:443 "GET /api/v2/tickets/32504 HTTP/1.1" 200 None
2025-10-31 10:37:51 - urllib3.connectionpool - DEBUG - Starting new HTTPS connection (1): tdilatam.freshdesk.com:443
2025-10-31 10:37:51 - urllib3.connectionpool - DEBUG - https://tdilatam.freshdesk.com:443 "GET /api/v2/tickets/32505 HTTP/1.1" 200 None
2025-10-31 10:37:51 - urllib3.connectionpool - DEBUG - Starting new HTTPS connection (1): tdilatam.freshdesk.com:443
2025-10-31 10:37:52 - urllib3.connectionpool - DEBUG - https://tdilatam.freshdesk.com:443 "GET /api/v2/tickets/32506 HTTP/1.1" 200 None
2025-10-31 10:37:52 - urllib3.connectionpool - DEBUG - Starting new HTTPS connection (1): tdilatam.freshdesk.com:443
2025-10-31 10:37:53 - urllib3.connectionpool - DEBUG - https://tdilatam.freshdesk.com:443 "GET /api/v2/tickets/32532 HTTP/1.1" 200 None
2025-10-31 10:37:53 - urllib3.connectionpool - DEBUG - Starting new HTTPS connection (1): tdilatam.freshdesk.com:443
2025-10-31 10:37:54 - urllib3.connectionpool - DEBUG - https://tdilatam.freshdesk.com:443 "GET /api/v2/tickets/32533 HTTP/1.1" 200 None
2025-10-31 10:37:54 - urllib3.connectionpool - DEBUG - Starting new HTTPS connection (1): tdilatam.freshdesk.com:443
2025-10-31 10:37:54 - urllib3.connectionpool - DEBUG - https://tdilatam.freshdesk.com:443 "GET /api/v2/tickets/32535 HTTP/1.1" 200 None
2025-10-31 10:37:54 - urllib3.connectionpool - DEBUG - Starting new HTTPS connection (1): tdilatam.freshdesk.com:443
2025-10-31 10:37:55 - urllib3.connectionpool - DEBUG - https://tdilatam.freshdesk.com:443 "GET /api/v2/tickets/32537 HTTP/1.1" 200 None
2025-10-31 10:37:55 - urllib3.connectionpool - DEBUG - Starting new HTTPS connection (1): tdilatam.freshdesk.com:443
2025-10-31 10:37:56 - urllib3.connectionpool - DEBUG - https://tdilatam.freshdesk.com:443 "GET /api/v2/tickets/32538 HTTP/1.1" 200 None
2025-10-31 10:37:56 - urllib3.connectionpool - DEBUG - Starting new HTTPS connection (1): tdilatam.freshdesk.com:443
2025-10-31 10:37:57 - urllib3.connectionpool - DEBUG - https://tdilatam.freshdesk.com:443 "GET /api/v2/tickets/32539 HTTP/1.1" 200 None
2025-10-31 10:37:57 - urllib3.connectionpool - DEBUG - Starting new HTTPS connection (1): tdilatam.freshdesk.com:443
2025-10-31 10:37:58 - urllib3.connectionpool - DEBUG - https://tdilatam.freshdesk.com:443 "GET /api/v2/tickets/32541 HTTP/1.1" 200 None
2025-10-31 10:37:58 - urllib3.connectionpool - DEBUG - Starting new HTTPS connection (1): tdilatam.freshdesk.com:443
2025-10-31 10:37:58 - urllib3.connectionpool - DEBUG - https://tdilatam.freshdesk.com:443 "GET /api/v2/tickets/32543 HTTP/1.1" 200 None
2025-10-31 10:37:59 - urllib3.connectionpool - DEBUG - Starting new HTTPS connection (1): tdilatam.freshdesk.com:443
2025-10-31 10:37:59 - urllib3.connectionpool - DEBUG - https://tdilatam.freshdesk.com:443 "GET /api/v2/tickets/32545 HTTP/1.1" 200 None
2025-10-31 10:37:59 - urllib3.connectionpool - DEBUG - Starting new HTTPS connection (1): tdilatam.freshdesk.com:443
2025-10-31 10:38:00 - urllib3.connectionpool - DEBUG - https://tdilatam.freshdesk.com:443 "GET /api/v2/tickets/32554 HTTP/1.1" 200 None
2025-10-31 10:38:00 - urllib3.connectionpool - DEBUG - Starting new HTTPS connection (1): tdilatam.freshdesk.com:443
2025-10-31 10:38:01 - urllib3.connectionpool - DEBUG - https://tdilatam.freshdesk.com:443 "GET /api/v2/tickets/32555 HTTP/1.1" 200 None
2025-10-31 10:38:01 - urllib3.connectionpool - DEBUG - Starting new HTTPS connection (1): tdilatam.freshdesk.com:443
2025-10-31 10:38:02 - urllib3.connectionpool - DEBUG - https://tdilatam.freshdesk.com:443 "GET /api/v2/tickets/32556 HTTP/1.1" 200 None
2025-10-31 10:38:02 - urllib3.connectionpool - DEBUG - Starting new HTTPS connection (1): tdilatam.freshdesk.com:443
2025-10-31 10:38:03 - urllib3.connectionpool - DEBUG - https://tdilatam.freshdesk.com:443 "GET /api/v2/tickets/32557 HTTP/1.1" 200 None
2025-10-31 10:38:03 - urllib3.connectionpool - DEBUG - Starting new HTTPS connection (1): tdilatam.freshdesk.com:443
2025-10-31 10:38:04 - urllib3.connectionpool - DEBUG - https://tdilatam.freshdesk.com:443 "GET /api/v2/tickets/32559 HTTP/1.1" 200 None
2025-10-31 10:38:04 - urllib3.connectionpool - DEBUG - Starting new HTTPS connection (1): tdilatam.freshdesk.com:443
2025-10-31 10:38:05 - urllib3.connectionpool - DEBUG - https://tdilatam.freshdesk.com:443 "GET /api/v2/tickets/32560 HTTP/1.1" 200 None
2025-10-31 10:38:05 - urllib3.connectionpool - DEBUG - Starting new HTTPS connection (1): tdilatam.freshdesk.com:443
2025-10-31 10:38:05 - urllib3.connectionpool - DEBUG - https://tdilatam.freshdesk.com:443 "GET /api/v2/tickets/32562 HTTP/1.1" 200 None
2025-10-31 10:38:05 - urllib3.connectionpool - DEBUG - Starting new HTTPS connection (1): tdilatam.freshdesk.com:443
2025-10-31 10:38:06 - urllib3.connectionpool - DEBUG - https://tdilatam.freshdesk.com:443 "GET /api/v2/tickets/32563 HTTP/1.1" 200 None
2025-10-31 10:38:06 - urllib3.connectionpool - DEBUG - Starting new HTTPS connection (1): tdilatam.freshdesk.com:443
2025-10-31 10:38:07 - urllib3.connectionpool - DEBUG - https://tdilatam.freshdesk.com:443 "GET /api/v2/tickets/32564 HTTP/1.1" 200 None
2025-10-31 10:38:07 - urllib3.connectionpool - DEBUG - Starting new HTTPS connection (1): tdilatam.freshdesk.com:443
2025-10-31 10:38:08 - urllib3.connectionpool - DEBUG - https://tdilatam.freshdesk.com:443 "GET /api/v2/tickets/32569 HTTP/1.1" 200 None
2025-10-31 10:38:08 - urllib3.connectionpool - DEBUG - Starting new HTTPS connection (1): tdilatam.freshdesk.com:443
2025-10-31 10:38:09 - urllib3.connectionpool - DEBUG - https://tdilatam.freshdesk.com:443 "GET /api/v2/tickets/32570 HTTP/1.1" 200 None
2025-10-31 10:38:09 - urllib3.connectionpool - DEBUG - Starting new HTTPS connection (1): tdilatam.freshdesk.com:443
2025-10-31 10:38:09 - urllib3.connectionpool - DEBUG - https://tdilatam.freshdesk.com:443 "GET /api/v2/tickets/32571 HTTP/1.1" 200 None
2025-10-31 10:38:09 - urllib3.connectionpool - DEBUG - Starting new HTTPS connection (1): tdilatam.freshdesk.com:443
2025-10-31 10:38:10 - urllib3.connectionpool - DEBUG - https://tdilatam.freshdesk.com:443 "GET /api/v2/tickets/32572 HTTP/1.1" 200 None
2025-10-31 10:38:10 - urllib3.connectionpool - DEBUG - Starting new HTTPS connection (1): tdilatam.freshdesk.com:443
2025-10-31 10:38:11 - urllib3.connectionpool - DEBUG - https://tdilatam.freshdesk.com:443 "GET /api/v2/tickets/32582 HTTP/1.1" 200 None
2025-10-31 10:38:11 - urllib3.connectionpool - DEBUG - Starting new HTTPS connection (1): tdilatam.freshdesk.com:443
2025-10-31 10:38:12 - urllib3.connectionpool - DEBUG - https://tdilatam.freshdesk.com:443 "GET /api/v2/tickets/32585 HTTP/1.1" 200 None
2025-10-31 10:38:12 - urllib3.connectionpool - DEBUG - Starting new HTTPS connection (1): tdilatam.freshdesk.com:443
2025-10-31 10:38:13 - urllib3.connectionpool - DEBUG - https://tdilatam.freshdesk.com:443 "GET /api/v2/tickets/32594 HTTP/1.1" 200 None
2025-10-31 10:38:13 - urllib3.connectionpool - DEBUG - Starting new HTTPS connection (1): tdilatam.freshdesk.com:443
2025-10-31 10:38:13 - urllib3.connectionpool - DEBUG - https://tdilatam.freshdesk.com:443 "GET /api/v2/tickets/32597 HTTP/1.1" 200 None
2025-10-31 10:38:13 - urllib3.connectionpool - DEBUG - Starting new HTTPS connection (1): tdilatam.freshdesk.com:443
2025-10-31 10:38:14 - urllib3.connectionpool - DEBUG - https://tdilatam.freshdesk.com:443 "GET /api/v2/tickets/32598 HTTP/1.1" 200 None
2025-10-31 10:38:14 - urllib3.connectionpool - DEBUG - Starting new HTTPS connection (1): tdilatam.freshdesk.com:443
2025-10-31 10:38:15 - urllib3.connectionpool - DEBUG - https://tdilatam.freshdesk.com:443 "GET /api/v2/tickets/32600 HTTP/1.1" 200 None
2025-10-31 10:38:15 - urllib3.connectionpool - DEBUG - Starting new HTTPS connection (1): tdilatam.freshdesk.com:443
2025-10-31 10:38:16 - urllib3.connectionpool - DEBUG - https://tdilatam.freshdesk.com:443 "GET /api/v2/tickets/32604 HTTP/1.1" 200 None
2025-10-31 10:38:16 - urllib3.connectionpool - DEBUG - Starting new HTTPS connection (1): tdilatam.freshdesk.com:443
2025-10-31 10:38:17 - urllib3.connectionpool - DEBUG - https://tdilatam.freshdesk.com:443 "GET /api/v2/tickets/32605 HTTP/1.1" 200 None
2025-10-31 10:38:17 - urllib3.connectionpool - DEBUG - Starting new HTTPS connection (1): tdilatam.freshdesk.com:443
2025-10-31 10:38:17 - urllib3.connectionpool - DEBUG - https://tdilatam.freshdesk.com:443 "GET /api/v2/tickets/32606 HTTP/1.1" 200 None
2025-10-31 10:38:17 - urllib3.connectionpool - DEBUG - Starting new HTTPS connection (1): tdilatam.freshdesk.com:443
2025-10-31 10:38:18 - urllib3.connectionpool - DEBUG - https://tdilatam.freshdesk.com:443 "GET /api/v2/tickets/32607 HTTP/1.1" 200 None
2025-10-31 10:38:18 - urllib3.connectionpool - DEBUG - Starting new HTTPS connection (1): tdilatam.freshdesk.com:443
2025-10-31 10:38:19 - urllib3.connectionpool - DEBUG - https://tdilatam.freshdesk.com:443 "GET /api/v2/tickets/32608 HTTP/1.1" 200 None
2025-10-31 10:38:19 - urllib3.connectionpool - DEBUG - Starting new HTTPS connection (1): tdilatam.freshdesk.com:443
2025-10-31 10:38:20 - urllib3.connectionpool - DEBUG - https://tdilatam.freshdesk.com:443 "GET /api/v2/tickets/32611 HTTP/1.1" 200 None
2025-10-31 10:38:21 - urllib3.connectionpool - DEBUG - Starting new HTTPS connection (1): tdilatam.freshdesk.com:443
2025-10-31 10:38:21 - urllib3.connectionpool - DEBUG - https://tdilatam.freshdesk.com:443 "GET /api/v2/tickets/32613 HTTP/1.1" 200 None
2025-10-31 10:38:22 - urllib3.connectionpool - DEBUG - Starting new HTTPS connection (1): tdilatam.freshdesk.com:443
2025-10-31 10:38:23 - urllib3.connectionpool - DEBUG - https://tdilatam.freshdesk.com:443 "GET /api/v2/tickets/32615 HTTP/1.1" 200 None
2025-10-31 10:38:23 - urllib3.connectionpool - DEBUG - Starting new HTTPS connection (1): tdilatam.freshdesk.com:443
2025-10-31 10:38:24 - urllib3.connectionpool - DEBUG - https://tdilatam.freshdesk.com:443 "GET /api/v2/tickets/32617 HTTP/1.1" 200 None
2025-10-31 10:38:24 - urllib3.connectionpool - DEBUG - Starting new HTTPS connection (1): tdilatam.freshdesk.com:443
2025-10-31 10:38:24 - urllib3.connectionpool - DEBUG - https://tdilatam.freshdesk.com:443 "GET /api/v2/tickets/32619 HTTP/1.1" 200 None
2025-10-31 10:38:24 - urllib3.connectionpool - DEBUG - Starting new HTTPS connection (1): tdilatam.freshdesk.com:443
2025-10-31 10:38:25 - urllib3.connectionpool - DEBUG - https://tdilatam.freshdesk.com:443 "GET /api/v2/tickets/32621 HTTP/1.1" 200 None
2025-10-31 10:38:25 - urllib3.connectionpool - DEBUG - Starting new HTTPS connection (1): tdilatam.freshdesk.com:443
2025-10-31 10:38:26 - urllib3.connectionpool - DEBUG - https://tdilatam.freshdesk.com:443 "GET /api/v2/tickets/32623 HTTP/1.1" 200 None
2025-10-31 10:38:26 - urllib3.connectionpool - DEBUG - Starting new HTTPS connection (1): tdilatam.freshdesk.com:443
2025-10-31 10:38:27 - urllib3.connectionpool - DEBUG - https://tdilatam.freshdesk.com:443 "GET /api/v2/tickets/32625 HTTP/1.1" 200 None
2025-10-31 10:38:27 - urllib3.connectionpool - DEBUG - Starting new HTTPS connection (1): tdilatam.freshdesk.com:443
2025-10-31 10:38:28 - urllib3.connectionpool - DEBUG - https://tdilatam.freshdesk.com:443 "GET /api/v2/tickets/32627 HTTP/1.1" 200 None
2025-10-31 10:38:28 - urllib3.connectionpool - DEBUG - Starting new HTTPS connection (1): tdilatam.freshdesk.com:443
2025-10-31 10:38:28 - urllib3.connectionpool - DEBUG - https://tdilatam.freshdesk.com:443 "GET /api/v2/tickets/32628 HTTP/1.1" 200 None
2025-10-31 10:38:29 - urllib3.connectionpool - DEBUG - Starting new HTTPS connection (1): tdilatam.freshdesk.com:443
2025-10-31 10:38:29 - urllib3.connectionpool - DEBUG - https://tdilatam.freshdesk.com:443 "GET /api/v2/tickets/32631 HTTP/1.1" 200 None
2025-10-31 10:38:29 - urllib3.connectionpool - DEBUG - Starting new HTTPS connection (1): tdilatam.freshdesk.com:443
2025-10-31 10:38:30 - urllib3.connectionpool - DEBUG - https://tdilatam.freshdesk.com:443 "GET /api/v2/tickets/32633 HTTP/1.1" 200 None
2025-10-31 10:38:30 - urllib3.connectionpool - DEBUG - Starting new HTTPS connection (1): tdilatam.freshdesk.com:443
2025-10-31 10:38:31 - urllib3.connectionpool - DEBUG - https://tdilatam.freshdesk.com:443 "GET /api/v2/tickets/32635 HTTP/1.1" 200 None
2025-10-31 10:38:31 - urllib3.connectionpool - DEBUG - Starting new HTTPS connection (1): tdilatam.freshdesk.com:443
2025-10-31 10:38:32 - urllib3.connectionpool - DEBUG - https://tdilatam.freshdesk.com:443 "GET /api/v2/tickets/32637 HTTP/1.1" 200 None
2025-10-31 10:38:32 - urllib3.connectionpool - DEBUG - Starting new HTTPS connection (1): tdilatam.freshdesk.com:443
2025-10-31 10:38:32 - urllib3.connectionpool - DEBUG - https://tdilatam.freshdesk.com:443 "GET /api/v2/tickets/32639 HTTP/1.1" 200 None
2025-10-31 10:38:32 - urllib3.connectionpool - DEBUG - Starting new HTTPS connection (1): tdilatam.freshdesk.com:443
2025-10-31 10:38:33 - urllib3.connectionpool - DEBUG - https://tdilatam.freshdesk.com:443 "GET /api/v2/tickets/32641 HTTP/1.1" 200 None
2025-10-31 10:38:33 - urllib3.connectionpool - DEBUG - Starting new HTTPS connection (1): tdilatam.freshdesk.com:443
2025-10-31 10:38:34 - urllib3.connectionpool - DEBUG - https://tdilatam.freshdesk.com:443 "GET /api/v2/tickets/32642 HTTP/1.1" 200 None
2025-10-31 10:38:34 - urllib3.connectionpool - DEBUG - Starting new HTTPS connection (1): tdilatam.freshdesk.com:443
2025-10-31 10:38:35 - urllib3.connectionpool - DEBUG - https://tdilatam.freshdesk.com:443 "GET /api/v2/tickets/32645 HTTP/1.1" 200 None
2025-10-31 10:38:35 - urllib3.connectionpool - DEBUG - Starting new HTTPS connection (1): tdilatam.freshdesk.com:443
2025-10-31 10:38:36 - urllib3.connectionpool - DEBUG - https://tdilatam.freshdesk.com:443 "GET /api/v2/tickets/32647 HTTP/1.1" 200 None
2025-10-31 10:38:36 - urllib3.connectionpool - DEBUG - Starting new HTTPS connection (1): tdilatam.freshdesk.com:443
2025-10-31 10:38:37 - urllib3.connectionpool - DEBUG - https://tdilatam.freshdesk.com:443 "GET /api/v2/tickets/32648 HTTP/1.1" 200 None
2025-10-31 10:38:37 - urllib3.connectionpool - DEBUG - Starting new HTTPS connection (1): tdilatam.freshdesk.com:443
2025-10-31 10:38:37 - urllib3.connectionpool - DEBUG - https://tdilatam.freshdesk.com:443 "GET /api/v2/tickets/32651 HTTP/1.1" 200 None
2025-10-31 10:38:37 - urllib3.connectionpool - DEBUG - Starting new HTTPS connection (1): tdilatam.freshdesk.com:443
2025-10-31 10:38:39 - urllib3.connectionpool - DEBUG - https://tdilatam.freshdesk.com:443 "GET /api/v2/tickets/32653 HTTP/1.1" 200 None
2025-10-31 10:38:39 - urllib3.connectionpool - DEBUG - Starting new HTTPS connection (1): tdilatam.freshdesk.com:443
2025-10-31 10:38:40 - urllib3.connectionpool - DEBUG - https://tdilatam.freshdesk.com:443 "GET /api/v2/tickets/32655 HTTP/1.1" 200 None
2025-10-31 10:38:40 - urllib3.connectionpool - DEBUG - Starting new HTTPS connection (1): tdilatam.freshdesk.com:443
2025-10-31 10:38:41 - urllib3.connectionpool - DEBUG - https://tdilatam.freshdesk.com:443 "GET /api/v2/tickets/32656 HTTP/1.1" 200 None
2025-10-31 10:38:41 - urllib3.connectionpool - DEBUG - Starting new HTTPS connection (1): tdilatam.freshdesk.com:443
2025-10-31 10:38:41 - urllib3.connectionpool - DEBUG - https://tdilatam.freshdesk.com:443 "GET /api/v2/tickets/32657 HTTP/1.1" 200 None
2025-10-31 10:38:42 - urllib3.connectionpool - DEBUG - Starting new HTTPS connection (1): tdilatam.freshdesk.com:443
2025-10-31 10:38:42 - urllib3.connectionpool - DEBUG - https://tdilatam.freshdesk.com:443 "GET /api/v2/tickets/32667 HTTP/1.1" 200 None
2025-10-31 10:38:42 - urllib3.connectionpool - DEBUG - Starting new HTTPS connection (1): tdilatam.freshdesk.com:443
2025-10-31 10:38:43 - urllib3.connectionpool - DEBUG - https://tdilatam.freshdesk.com:443 "GET /api/v2/tickets/32671 HTTP/1.1" 200 None
2025-10-31 10:38:43 - urllib3.connectionpool - DEBUG - Starting new HTTPS connection (1): tdilatam.freshdesk.com:443
2025-10-31 10:38:44 - urllib3.connectionpool - DEBUG - https://tdilatam.freshdesk.com:443 "GET /api/v2/tickets/32673 HTTP/1.1" 200 None
2025-10-31 10:38:44 - urllib3.connectionpool - DEBUG - Starting new HTTPS connection (1): tdilatam.freshdesk.com:443
2025-10-31 10:38:45 - urllib3.connectionpool - DEBUG - https://tdilatam.freshdesk.com:443 "GET /api/v2/tickets/32676 HTTP/1.1" 200 None
2025-10-31 10:38:45 - urllib3.connectionpool - DEBUG - Starting new HTTPS connection (1): tdilatam.freshdesk.com:443
2025-10-31 10:38:46 - urllib3.connectionpool - DEBUG - https://tdilatam.freshdesk.com:443 "GET /api/v2/tickets/32678 HTTP/1.1" 200 None
2025-10-31 10:38:46 - urllib3.connectionpool - DEBUG - Starting new HTTPS connection (1): tdilatam.freshdesk.com:443
2025-10-31 10:38:47 - urllib3.connectionpool - DEBUG - https://tdilatam.freshdesk.com:443 "GET /api/v2/tickets/32679 HTTP/1.1" 200 None
2025-10-31 10:38:47 - urllib3.connectionpool - DEBUG - Starting new HTTPS connection (1): tdilatam.freshdesk.com:443
2025-10-31 10:38:48 - urllib3.connectionpool - DEBUG - https://tdilatam.freshdesk.com:443 "GET /api/v2/tickets/32680 HTTP/1.1" 200 None
2025-10-31 10:38:48 - urllib3.connectionpool - DEBUG - Starting new HTTPS connection (1): tdilatam.freshdesk.com:443
2025-10-31 10:38:48 - urllib3.connectionpool - DEBUG - https://tdilatam.freshdesk.com:443 "GET /api/v2/tickets/32681 HTTP/1.1" 200 None
2025-10-31 10:38:48 - urllib3.connectionpool - DEBUG - Starting new HTTPS connection (1): tdilatam.freshdesk.com:443
2025-10-31 10:38:49 - urllib3.connectionpool - DEBUG - https://tdilatam.freshdesk.com:443 "GET /api/v2/tickets/32682 HTTP/1.1" 200 None
2025-10-31 10:38:49 - urllib3.connectionpool - DEBUG - Starting new HTTPS connection (1): tdilatam.freshdesk.com:443
2025-10-31 10:38:50 - urllib3.connectionpool - DEBUG - https://tdilatam.freshdesk.com:443 "GET /api/v2/tickets/32683 HTTP/1.1" 200 None
2025-10-31 10:38:50 - urllib3.connectionpool - DEBUG - Starting new HTTPS connection (1): tdilatam.freshdesk.com:443
2025-10-31 10:38:51 - urllib3.connectionpool - DEBUG - https://tdilatam.freshdesk.com:443 "GET /api/v2/tickets/32684 HTTP/1.1" 200 None
2025-10-31 10:38:51 - urllib3.connectionpool - DEBUG - Starting new HTTPS connection (1): tdilatam.freshdesk.com:443
2025-10-31 10:38:52 - urllib3.connectionpool - DEBUG - https://tdilatam.freshdesk.com:443 "GET /api/v2/tickets/32685 HTTP/1.1" 200 None
2025-10-31 10:38:52 - urllib3.connectionpool - DEBUG - Starting new HTTPS connection (1): tdilatam.freshdesk.com:443
2025-10-31 10:38:52 - urllib3.connectionpool - DEBUG - https://tdilatam.freshdesk.com:443 "GET /api/v2/tickets/32686 HTTP/1.1" 200 None
2025-10-31 10:38:52 - urllib3.connectionpool - DEBUG - Starting new HTTPS connection (1): tdilatam.freshdesk.com:443
2025-10-31 10:38:53 - urllib3.connectionpool - DEBUG - https://tdilatam.freshdesk.com:443 "GET /api/v2/tickets/32687 HTTP/1.1" 200 None
2025-10-31 10:38:53 - urllib3.connectionpool - DEBUG - Starting new HTTPS connection (1): tdilatam.freshdesk.com:443
2025-10-31 10:38:54 - urllib3.connectionpool - DEBUG - https://tdilatam.freshdesk.com:443 "GET /api/v2/tickets/32690 HTTP/1.1" 200 None
2025-10-31 10:38:54 - urllib3.connectionpool - DEBUG - Starting new HTTPS connection (1): tdilatam.freshdesk.com:443
2025-10-31 10:38:55 - urllib3.connectionpool - DEBUG - https://tdilatam.freshdesk.com:443 "GET /api/v2/tickets/32692 HTTP/1.1" 200 None
2025-10-31 10:38:55 - urllib3.connectionpool - DEBUG - Starting new HTTPS connection (1): tdilatam.freshdesk.com:443
2025-10-31 10:38:56 - urllib3.connectionpool - DEBUG - https://tdilatam.freshdesk.com:443 "GET /api/v2/tickets/32693 HTTP/1.1" 200 None
2025-10-31 10:38:56 - urllib3.connectionpool - DEBUG - Starting new HTTPS connection (1): tdilatam.freshdesk.com:443
2025-10-31 10:38:57 - urllib3.connectionpool - DEBUG - https://tdilatam.freshdesk.com:443 "GET /api/v2/tickets/32694 HTTP/1.1" 200 None
2025-10-31 10:38:57 - urllib3.connectionpool - DEBUG - Starting new HTTPS connection (1): tdilatam.freshdesk.com:443
2025-10-31 10:38:57 - urllib3.connectionpool - DEBUG - https://tdilatam.freshdesk.com:443 "GET /api/v2/tickets/32696 HTTP/1.1" 200 None
2025-10-31 10:38:57 - urllib3.connectionpool - DEBUG - Starting new HTTPS connection (1): tdilatam.freshdesk.com:443
2025-10-31 10:38:58 - urllib3.connectionpool - DEBUG - https://tdilatam.freshdesk.com:443 "GET /api/v2/tickets/32697 HTTP/1.1" 200 None
2025-10-31 10:38:58 - urllib3.connectionpool - DEBUG - Starting new HTTPS connection (1): tdilatam.freshdesk.com:443
2025-10-31 10:38:59 - urllib3.connectionpool - DEBUG - https://tdilatam.freshdesk.com:443 "GET /api/v2/tickets/32706 HTTP/1.1" 200 None
2025-10-31 10:38:59 - urllib3.connectionpool - DEBUG - Starting new HTTPS connection (1): tdilatam.freshdesk.com:443
2025-10-31 10:39:00 - urllib3.connectionpool - DEBUG - https://tdilatam.freshdesk.com:443 "GET /api/v2/tickets/32707 HTTP/1.1" 200 None
2025-10-31 10:39:00 - urllib3.connectionpool - DEBUG - Starting new HTTPS connection (1): tdilatam.freshdesk.com:443
2025-10-31 10:39:01 - urllib3.connectionpool - DEBUG - https://tdilatam.freshdesk.com:443 "GET /api/v2/tickets/32708 HTTP/1.1" 200 None
2025-10-31 10:39:02 - urllib3.connectionpool - DEBUG - Starting new HTTPS connection (1): tdilatam.freshdesk.com:443
2025-10-31 10:39:02 - urllib3.connectionpool - DEBUG - https://tdilatam.freshdesk.com:443 "GET /api/v2/tickets/32709 HTTP/1.1" 200 None
2025-10-31 10:39:02 - urllib3.connectionpool - DEBUG - Starting new HTTPS connection (1): tdilatam.freshdesk.com:443
2025-10-31 10:39:03 - urllib3.connectionpool - DEBUG - https://tdilatam.freshdesk.com:443 "GET /api/v2/tickets/32710 HTTP/1.1" 200 None
2025-10-31 10:39:03 - urllib3.connectionpool - DEBUG - Starting new HTTPS connection (1): tdilatam.freshdesk.com:443
2025-10-31 10:39:04 - urllib3.connectionpool - DEBUG - https://tdilatam.freshdesk.com:443 "GET /api/v2/tickets/32711 HTTP/1.1" 200 None
2025-10-31 10:39:04 - urllib3.connectionpool - DEBUG - Starting new HTTPS connection (1): tdilatam.freshdesk.com:443
2025-10-31 10:39:05 - urllib3.connectionpool - DEBUG - https://tdilatam.freshdesk.com:443 "GET /api/v2/tickets/32712 HTTP/1.1" 200 None
2025-10-31 10:39:05 - urllib3.connectionpool - DEBUG - Starting new HTTPS connection (1): tdilatam.freshdesk.com:443
2025-10-31 10:39:06 - urllib3.connectionpool - DEBUG - https://tdilatam.freshdesk.com:443 "GET /api/v2/tickets/32713 HTTP/1.1" 200 None
2025-10-31 10:39:06 - urllib3.connectionpool - DEBUG - Starting new HTTPS connection (1): tdilatam.freshdesk.com:443
2025-10-31 10:39:06 - urllib3.connectionpool - DEBUG - https://tdilatam.freshdesk.com:443 "GET /api/v2/tickets/32715 HTTP/1.1" 200 None
2025-10-31 10:39:07 - urllib3.connectionpool - DEBUG - Starting new HTTPS connection (1): tdilatam.freshdesk.com:443
2025-10-31 10:39:07 - urllib3.connectionpool - DEBUG - https://tdilatam.freshdesk.com:443 "GET /api/v2/tickets/32716 HTTP/1.1" 200 None
2025-10-31 10:39:07 - urllib3.connectionpool - DEBUG - Starting new HTTPS connection (1): tdilatam.freshdesk.com:443
2025-10-31 10:39:08 - urllib3.connectionpool - DEBUG - https://tdilatam.freshdesk.com:443 "GET /api/v2/tickets/32726 HTTP/1.1" 200 None
2025-10-31 10:39:08 - urllib3.connectionpool - DEBUG - Starting new HTTPS connection (1): tdilatam.freshdesk.com:443
2025-10-31 10:39:09 - urllib3.connectionpool - DEBUG - https://tdilatam.freshdesk.com:443 "GET /api/v2/tickets/32727 HTTP/1.1" 200 None
2025-10-31 10:39:09 - urllib3.connectionpool - DEBUG - Starting new HTTPS connection (1): tdilatam.freshdesk.com:443
2025-10-31 10:39:11 - urllib3.connectionpool - DEBUG - https://tdilatam.freshdesk.com:443 "GET /api/v2/tickets/32733 HTTP/1.1" 200 None
2025-10-31 10:39:11 - urllib3.connectionpool - DEBUG - Starting new HTTPS connection (1): tdilatam.freshdesk.com:443
2025-10-31 10:39:11 - urllib3.connectionpool - DEBUG - https://tdilatam.freshdesk.com:443 "GET /api/v2/tickets/32735 HTTP/1.1" 200 None
2025-10-31 10:39:12 - urllib3.connectionpool - DEBUG - Starting new HTTPS connection (1): tdilatam.freshdesk.com:443
2025-10-31 10:39:12 - urllib3.connectionpool - DEBUG - https://tdilatam.freshdesk.com:443 "GET /api/v2/tickets/32736 HTTP/1.1" 200 None
2025-10-31 10:39:12 - urllib3.connectionpool - DEBUG - Starting new HTTPS connection (1): tdilatam.freshdesk.com:443
2025-10-31 10:39:13 - urllib3.connectionpool - DEBUG - https://tdilatam.freshdesk.com:443 "GET /api/v2/tickets/32749 HTTP/1.1" 200 None
2025-10-31 10:39:13 - urllib3.connectionpool - DEBUG - Starting new HTTPS connection (1): tdilatam.freshdesk.com:443
2025-10-31 10:39:14 - urllib3.connectionpool - DEBUG - https://tdilatam.freshdesk.com:443 "GET /api/v2/tickets/32750 HTTP/1.1" 200 None
2025-10-31 10:39:14 - urllib3.connectionpool - DEBUG - Starting new HTTPS connection (1): tdilatam.freshdesk.com:443
2025-10-31 10:39:15 - urllib3.connectionpool - DEBUG - https://tdilatam.freshdesk.com:443 "GET /api/v2/tickets/32753 HTTP/1.1" 200 None
2025-10-31 10:39:15 - urllib3.connectionpool - DEBUG - Starting new HTTPS connection (1): tdilatam.freshdesk.com:443
2025-10-31 10:39:16 - urllib3.connectionpool - DEBUG - https://tdilatam.freshdesk.com:443 "GET /api/v2/tickets/32754 HTTP/1.1" 200 None
2025-10-31 10:39:16 - urllib3.connectionpool - DEBUG - Starting new HTTPS connection (1): tdilatam.freshdesk.com:443
2025-10-31 10:39:17 - urllib3.connectionpool - DEBUG - https://tdilatam.freshdesk.com:443 "GET /api/v2/tickets/32758 HTTP/1.1" 200 None
2025-10-31 10:39:17 - urllib3.connectionpool - DEBUG - Starting new HTTPS connection (1): tdilatam.freshdesk.com:443
2025-10-31 10:39:17 - urllib3.connectionpool - DEBUG - https://tdilatam.freshdesk.com:443 "GET /api/v2/tickets/32760 HTTP/1.1" 200 None
2025-10-31 10:39:17 - urllib3.connectionpool - DEBUG - Starting new HTTPS connection (1): tdilatam.freshdesk.com:443
2025-10-31 10:39:18 - urllib3.connectionpool - DEBUG - https://tdilatam.freshdesk.com:443 "GET /api/v2/tickets/32761 HTTP/1.1" 200 None
2025-10-31 10:39:18 - urllib3.connectionpool - DEBUG - Starting new HTTPS connection (1): tdilatam.freshdesk.com:443
2025-10-31 10:39:19 - urllib3.connectionpool - DEBUG - https://tdilatam.freshdesk.com:443 "GET /api/v2/tickets/32762 HTTP/1.1" 200 None
2025-10-31 10:39:19 - urllib3.connectionpool - DEBUG - Starting new HTTPS connection (1): tdilatam.freshdesk.com:443
2025-10-31 10:39:20 - urllib3.connectionpool - DEBUG - https://tdilatam.freshdesk.com:443 "GET /api/v2/tickets/32763 HTTP/1.1" 200 None
2025-10-31 10:39:20 - urllib3.connectionpool - DEBUG - Starting new HTTPS connection (1): tdilatam.freshdesk.com:443
2025-10-31 10:39:21 - urllib3.connectionpool - DEBUG - https://tdilatam.freshdesk.com:443 "GET /api/v2/tickets/32764 HTTP/1.1" 200 None
2025-10-31 10:39:21 - urllib3.connectionpool - DEBUG - Starting new HTTPS connection (1): tdilatam.freshdesk.com:443
2025-10-31 10:39:22 - urllib3.connectionpool - DEBUG - https://tdilatam.freshdesk.com:443 "GET /api/v2/tickets/32765 HTTP/1.1" 200 None
2025-10-31 10:39:22 - urllib3.connectionpool - DEBUG - Starting new HTTPS connection (1): tdilatam.freshdesk.com:443
2025-10-31 10:39:23 - urllib3.connectionpool - DEBUG - https://tdilatam.freshdesk.com:443 "GET /api/v2/tickets/32772 HTTP/1.1" 200 None
2025-10-31 10:39:23 - urllib3.connectionpool - DEBUG - Starting new HTTPS connection (1): tdilatam.freshdesk.com:443
2025-10-31 10:39:23 - urllib3.connectionpool - DEBUG - https://tdilatam.freshdesk.com:443 "GET /api/v2/tickets/32773 HTTP/1.1" 200 None
2025-10-31 10:39:23 - urllib3.connectionpool - DEBUG - Starting new HTTPS connection (1): tdilatam.freshdesk.com:443
2025-10-31 10:39:24 - urllib3.connectionpool - DEBUG - https://tdilatam.freshdesk.com:443 "GET /api/v2/tickets/32776 HTTP/1.1" 200 None
2025-10-31 10:39:24 - urllib3.connectionpool - DEBUG - Starting new HTTPS connection (1): tdilatam.freshdesk.com:443
2025-10-31 10:39:25 - urllib3.connectionpool - DEBUG - https://tdilatam.freshdesk.com:443 "GET /api/v2/tickets/32777 HTTP/1.1" 200 None
2025-10-31 10:39:25 - urllib3.connectionpool - DEBUG - Starting new HTTPS connection (1): tdilatam.freshdesk.com:443
2025-10-31 10:39:26 - urllib3.connectionpool - DEBUG - https://tdilatam.freshdesk.com:443 "GET /api/v2/tickets/32778 HTTP/1.1" 200 None
2025-10-31 10:39:26 - urllib3.connectionpool - DEBUG - Starting new HTTPS connection (1): tdilatam.freshdesk.com:443
2025-10-31 10:39:27 - urllib3.connectionpool - DEBUG - https://tdilatam.freshdesk.com:443 "GET /api/v2/tickets/32780 HTTP/1.1" 200 None
2025-10-31 10:39:27 - urllib3.connectionpool - DEBUG - Starting new HTTPS connection (1): tdilatam.freshdesk.com:443
2025-10-31 10:39:27 - urllib3.connectionpool - DEBUG - https://tdilatam.freshdesk.com:443 "GET /api/v2/tickets/32781 HTTP/1.1" 200 None
2025-10-31 10:39:27 - urllib3.connectionpool - DEBUG - Starting new HTTPS connection (1): tdilatam.freshdesk.com:443
2025-10-31 10:39:28 - urllib3.connectionpool - DEBUG - https://tdilatam.freshdesk.com:443 "GET /api/v2/tickets/32782 HTTP/1.1" 200 None
2025-10-31 10:39:28 - urllib3.connectionpool - DEBUG - Starting new HTTPS connection (1): tdilatam.freshdesk.com:443
2025-10-31 10:39:29 - urllib3.connectionpool - DEBUG - https://tdilatam.freshdesk.com:443 "GET /api/v2/tickets/32785 HTTP/1.1" 200 None
2025-10-31 10:39:29 - urllib3.connectionpool - DEBUG - Starting new HTTPS connection (1): tdilatam.freshdesk.com:443
2025-10-31 10:39:30 - urllib3.connectionpool - DEBUG - https://tdilatam.freshdesk.com:443 "GET /api/v2/tickets/32787 HTTP/1.1" 200 None
2025-10-31 10:39:30 - urllib3.connectionpool - DEBUG - Starting new HTTPS connection (1): tdilatam.freshdesk.com:443
2025-10-31 10:39:31 - urllib3.connectionpool - DEBUG - https://tdilatam.freshdesk.com:443 "GET /api/v2/tickets/32788 HTTP/1.1" 200 None
2025-10-31 10:39:31 - urllib3.connectionpool - DEBUG - Starting new HTTPS connection (1): tdilatam.freshdesk.com:443
2025-10-31 10:39:31 - urllib3.connectionpool - DEBUG - https://tdilatam.freshdesk.com:443 "GET /api/v2/tickets/32791 HTTP/1.1" 200 None
2025-10-31 10:39:31 - urllib3.connectionpool - DEBUG - Starting new HTTPS connection (1): tdilatam.freshdesk.com:443
2025-10-31 10:39:32 - urllib3.connectionpool - DEBUG - https://tdilatam.freshdesk.com:443 "GET /api/v2/tickets/32800 HTTP/1.1" 200 None
2025-10-31 10:39:32 - urllib3.connectionpool - DEBUG - Starting new HTTPS connection (1): tdilatam.freshdesk.com:443
2025-10-31 10:39:33 - urllib3.connectionpool - DEBUG - https://tdilatam.freshdesk.com:443 "GET /api/v2/tickets/32801 HTTP/1.1" 200 None
2025-10-31 10:39:33 - urllib3.connectionpool - DEBUG - Starting new HTTPS connection (1): tdilatam.freshdesk.com:443
2025-10-31 10:39:34 - urllib3.connectionpool - DEBUG - https://tdilatam.freshdesk.com:443 "GET /api/v2/tickets/32802 HTTP/1.1" 200 None
2025-10-31 10:39:34 - urllib3.connectionpool - DEBUG - Starting new HTTPS connection (1): tdilatam.freshdesk.com:443
2025-10-31 10:39:35 - urllib3.connectionpool - DEBUG - https://tdilatam.freshdesk.com:443 "GET /api/v2/tickets/32803 HTTP/1.1" 200 None
2025-10-31 10:39:35 - urllib3.connectionpool - DEBUG - Starting new HTTPS connection (1): tdilatam.freshdesk.com:443
2025-10-31 10:39:35 - urllib3.connectionpool - DEBUG - https://tdilatam.freshdesk.com:443 "GET /api/v2/tickets/32804 HTTP/1.1" 200 None
2025-10-31 10:39:35 - urllib3.connectionpool - DEBUG - Starting new HTTPS connection (1): tdilatam.freshdesk.com:443
2025-10-31 10:39:36 - urllib3.connectionpool - DEBUG - https://tdilatam.freshdesk.com:443 "GET /api/v2/tickets/32805 HTTP/1.1" 200 None
2025-10-31 10:39:36 - urllib3.connectionpool - DEBUG - Starting new HTTPS connection (1): tdilatam.freshdesk.com:443
2025-10-31 10:39:37 - urllib3.connectionpool - DEBUG - https://tdilatam.freshdesk.com:443 "GET /api/v2/tickets/32806 HTTP/1.1" 200 None
2025-10-31 10:39:37 - urllib3.connectionpool - DEBUG - Starting new HTTPS connection (1): tdilatam.freshdesk.com:443
2025-10-31 10:39:38 - urllib3.connectionpool - DEBUG - https://tdilatam.freshdesk.com:443 "GET /api/v2/tickets/32811 HTTP/1.1" 200 None
2025-10-31 10:39:38 - urllib3.connectionpool - DEBUG - Starting new HTTPS connection (1): tdilatam.freshdesk.com:443
2025-10-31 10:39:39 - urllib3.connectionpool - DEBUG - https://tdilatam.freshdesk.com:443 "GET /api/v2/tickets/32813 HTTP/1.1" 200 None
2025-10-31 10:39:39 - urllib3.connectionpool - DEBUG - Starting new HTTPS connection (1): tdilatam.freshdesk.com:443
2025-10-31 10:39:40 - urllib3.connectionpool - DEBUG - https://tdilatam.freshdesk.com:443 "GET /api/v2/tickets/32814 HTTP/1.1" 200 None
2025-10-31 10:39:40 - urllib3.connectionpool - DEBUG - Starting new HTTPS connection (1): tdilatam.freshdesk.com:443
2025-10-31 10:39:41 - urllib3.connectionpool - DEBUG - https://tdilatam.freshdesk.com:443 "GET /api/v2/tickets/32815 HTTP/1.1" 200 None
2025-10-31 10:39:42 - urllib3.connectionpool - DEBUG - Starting new HTTPS connection (1): tdilatam.freshdesk.com:443
2025-10-31 10:39:42 - urllib3.connectionpool - DEBUG - https://tdilatam.freshdesk.com:443 "GET /api/v2/tickets/32817 HTTP/1.1" 200 None
2025-10-31 10:39:42 - urllib3.connectionpool - DEBUG - Starting new HTTPS connection (1): tdilatam.freshdesk.com:443
2025-10-31 10:39:43 - urllib3.connectionpool - DEBUG - https://tdilatam.freshdesk.com:443 "GET /api/v2/tickets/32818 HTTP/1.1" 200 None
2025-10-31 10:39:43 - urllib3.connectionpool - DEBUG - Starting new HTTPS connection (1): tdilatam.freshdesk.com:443
2025-10-31 10:39:44 - urllib3.connectionpool - DEBUG - https://tdilatam.freshdesk.com:443 "GET /api/v2/tickets/32819 HTTP/1.1" 200 None
2025-10-31 10:39:44 - urllib3.connectionpool - DEBUG - Starting new HTTPS connection (1): tdilatam.freshdesk.com:443
2025-10-31 10:39:45 - urllib3.connectionpool - DEBUG - https://tdilatam.freshdesk.com:443 "GET /api/v2/tickets/32830 HTTP/1.1" 200 None
2025-10-31 10:39:45 - urllib3.connectionpool - DEBUG - Starting new HTTPS connection (1): tdilatam.freshdesk.com:443
2025-10-31 10:39:47 - urllib3.connectionpool - DEBUG - https://tdilatam.freshdesk.com:443 "GET /api/v2/tickets/32835 HTTP/1.1" 200 None
2025-10-31 10:39:47 - urllib3.connectionpool - DEBUG - Starting new HTTPS connection (1): tdilatam.freshdesk.com:443
2025-10-31 10:39:47 - urllib3.connectionpool - DEBUG - https://tdilatam.freshdesk.com:443 "GET /api/v2/tickets/32838 HTTP/1.1" 200 None
2025-10-31 10:39:47 - urllib3.connectionpool - DEBUG - Starting new HTTPS connection (1): tdilatam.freshdesk.com:443
2025-10-31 10:39:48 - urllib3.connectionpool - DEBUG - https://tdilatam.freshdesk.com:443 "GET /api/v2/tickets/32839 HTTP/1.1" 200 None
2025-10-31 10:39:48 - urllib3.connectionpool - DEBUG - Starting new HTTPS connection (1): tdilatam.freshdesk.com:443
2025-10-31 10:39:49 - urllib3.connectionpool - DEBUG - https://tdilatam.freshdesk.com:443 "GET /api/v2/tickets/32840 HTTP/1.1" 200 None
2025-10-31 10:39:49 - urllib3.connectionpool - DEBUG - Starting new HTTPS connection (1): tdilatam.freshdesk.com:443
2025-10-31 10:39:50 - urllib3.connectionpool - DEBUG - https://tdilatam.freshdesk.com:443 "GET /api/v2/tickets/32841 HTTP/1.1" 200 None
2025-10-31 10:39:50 - urllib3.connectionpool - DEBUG - Starting new HTTPS connection (1): tdilatam.freshdesk.com:443
2025-10-31 10:39:50 - urllib3.connectionpool - DEBUG - https://tdilatam.freshdesk.com:443 "GET /api/v2/tickets/32842 HTTP/1.1" 200 None
2025-10-31 10:39:50 - urllib3.connectionpool - DEBUG - Starting new HTTPS connection (1): tdilatam.freshdesk.com:443
2025-10-31 10:39:51 - urllib3.connectionpool - DEBUG - https://tdilatam.freshdesk.com:443 "GET /api/v2/tickets/32843 HTTP/1.1" 200 None
2025-10-31 10:39:51 - urllib3.connectionpool - DEBUG - Starting new HTTPS connection (1): tdilatam.freshdesk.com:443
2025-10-31 10:39:52 - urllib3.connectionpool - DEBUG - https://tdilatam.freshdesk.com:443 "GET /api/v2/tickets/32846 HTTP/1.1" 200 None
2025-10-31 10:39:52 - urllib3.connectionpool - DEBUG - Starting new HTTPS connection (1): tdilatam.freshdesk.com:443
2025-10-31 10:39:53 - urllib3.connectionpool - DEBUG - https://tdilatam.freshdesk.com:443 "GET /api/v2/tickets/32847 HTTP/1.1" 200 None
2025-10-31 10:39:53 - urllib3.connectionpool - DEBUG - Starting new HTTPS connection (1): tdilatam.freshdesk.com:443
2025-10-31 10:39:54 - urllib3.connectionpool - DEBUG - https://tdilatam.freshdesk.com:443 "GET /api/v2/tickets/32848 HTTP/1.1" 200 None
2025-10-31 10:39:54 - urllib3.connectionpool - DEBUG - Starting new HTTPS connection (1): tdilatam.freshdesk.com:443
2025-10-31 10:39:55 - urllib3.connectionpool - DEBUG - https://tdilatam.freshdesk.com:443 "GET /api/v2/tickets/32850 HTTP/1.1" 200 None
2025-10-31 10:39:55 - urllib3.connectionpool - DEBUG - Starting new HTTPS connection (1): tdilatam.freshdesk.com:443
2025-10-31 10:39:56 - urllib3.connectionpool - DEBUG - https://tdilatam.freshdesk.com:443 "GET /api/v2/tickets/32851 HTTP/1.1" 200 None
2025-10-31 10:39:56 - urllib3.connectionpool - DEBUG - Starting new HTTPS connection (1): tdilatam.freshdesk.com:443
2025-10-31 10:39:56 - urllib3.connectionpool - DEBUG - https://tdilatam.freshdesk.com:443 "GET /api/v2/tickets/32853 HTTP/1.1" 200 None
2025-10-31 10:39:56 - urllib3.connectionpool - DEBUG - Starting new HTTPS connection (1): tdilatam.freshdesk.com:443
2025-10-31 10:39:57 - urllib3.connectionpool - DEBUG - https://tdilatam.freshdesk.com:443 "GET /api/v2/tickets/32854 HTTP/1.1" 200 None
2025-10-31 10:39:57 - urllib3.connectionpool - DEBUG - Starting new HTTPS connection (1): tdilatam.freshdesk.com:443
2025-10-31 10:39:58 - urllib3.connectionpool - DEBUG - https://tdilatam.freshdesk.com:443 "GET /api/v2/tickets/32858 HTTP/1.1" 200 None
2025-10-31 10:39:58 - urllib3.connectionpool - DEBUG - Starting new HTTPS connection (1): tdilatam.freshdesk.com:443
2025-10-31 10:39:59 - urllib3.connectionpool - DEBUG - https://tdilatam.freshdesk.com:443 "GET /api/v2/tickets/32859 HTTP/1.1" 200 None
2025-10-31 10:39:59 - urllib3.connectionpool - DEBUG - Starting new HTTPS connection (1): tdilatam.freshdesk.com:443
2025-10-31 10:40:00 - urllib3.connectionpool - DEBUG - https://tdilatam.freshdesk.com:443 "GET /api/v2/tickets/32862 HTTP/1.1" 200 None
2025-10-31 10:40:00 - urllib3.connectionpool - DEBUG - Starting new HTTPS connection (1): tdilatam.freshdesk.com:443
2025-10-31 10:40:00 - urllib3.connectionpool - DEBUG - https://tdilatam.freshdesk.com:443 "GET /api/v2/tickets/32864 HTTP/1.1" 200 None
2025-10-31 10:40:00 - urllib3.connectionpool - DEBUG - Starting new HTTPS connection (1): tdilatam.freshdesk.com:443
2025-10-31 10:40:01 - urllib3.connectionpool - DEBUG - https://tdilatam.freshdesk.com:443 "GET /api/v2/tickets/32866 HTTP/1.1" 200 None
2025-10-31 10:40:02 - urllib3.connectionpool - DEBUG - Starting new HTTPS connection (1): tdilatam.freshdesk.com:443
2025-10-31 10:40:02 - urllib3.connectionpool - DEBUG - https://tdilatam.freshdesk.com:443 "GET /api/v2/tickets/32872 HTTP/1.1" 200 None
2025-10-31 10:40:02 - urllib3.connectionpool - DEBUG - Starting new HTTPS connection (1): tdilatam.freshdesk.com:443
2025-10-31 10:40:03 - urllib3.connectionpool - DEBUG - https://tdilatam.freshdesk.com:443 "GET /api/v2/tickets/32874 HTTP/1.1" 200 None
2025-10-31 10:40:03 - urllib3.connectionpool - DEBUG - Starting new HTTPS connection (1): tdilatam.freshdesk.com:443
2025-10-31 10:40:04 - urllib3.connectionpool - DEBUG - https://tdilatam.freshdesk.com:443 "GET /api/v2/tickets/32877 HTTP/1.1" 200 None
2025-10-31 10:40:04 - urllib3.connectionpool - DEBUG - Starting new HTTPS connection (1): tdilatam.freshdesk.com:443
2025-10-31 10:40:05 - urllib3.connectionpool - DEBUG - https://tdilatam.freshdesk.com:443 "GET /api/v2/tickets/32878 HTTP/1.1" 200 None
2025-10-31 10:40:05 - urllib3.connectionpool - DEBUG - Starting new HTTPS connection (1): tdilatam.freshdesk.com:443
2025-10-31 10:40:05 - urllib3.connectionpool - DEBUG - https://tdilatam.freshdesk.com:443 "GET /api/v2/tickets/32879 HTTP/1.1" 200 None
2025-10-31 10:40:06 - urllib3.connectionpool - DEBUG - Starting new HTTPS connection (1): tdilatam.freshdesk.com:443
2025-10-31 10:40:06 - urllib3.connectionpool - DEBUG - https://tdilatam.freshdesk.com:443 "GET /api/v2/tickets/32883 HTTP/1.1" 200 None
2025-10-31 10:40:06 - urllib3.connectionpool - DEBUG - Starting new HTTPS connection (1): tdilatam.freshdesk.com:443
2025-10-31 10:40:07 - urllib3.connectionpool - DEBUG - https://tdilatam.freshdesk.com:443 "GET /api/v2/tickets/32886 HTTP/1.1" 200 None
2025-10-31 10:40:07 - urllib3.connectionpool - DEBUG - Starting new HTTPS connection (1): tdilatam.freshdesk.com:443
2025-10-31 10:40:08 - urllib3.connectionpool - DEBUG - https://tdilatam.freshdesk.com:443 "GET /api/v2/tickets/32889 HTTP/1.1" 200 None
2025-10-31 10:40:08 - urllib3.connectionpool - DEBUG - Starting new HTTPS connection (1): tdilatam.freshdesk.com:443
2025-10-31 10:40:09 - urllib3.connectionpool - DEBUG - https://tdilatam.freshdesk.com:443 "GET /api/v2/tickets/32902 HTTP/1.1" 200 None
2025-10-31 10:40:09 - urllib3.connectionpool - DEBUG - Starting new HTTPS connection (1): tdilatam.freshdesk.com:443
2025-10-31 10:40:09 - urllib3.connectionpool - DEBUG - https://tdilatam.freshdesk.com:443 "GET /api/v2/tickets/32905 HTTP/1.1" 200 None
2025-10-31 10:40:10 - urllib3.connectionpool - DEBUG - Starting new HTTPS connection (1): tdilatam.freshdesk.com:443
2025-10-31 10:40:10 - urllib3.connectionpool - DEBUG - https://tdilatam.freshdesk.com:443 "GET /api/v2/tickets/32910 HTTP/1.1" 200 None
2025-10-31 10:40:10 - urllib3.connectionpool - DEBUG - Starting new HTTPS connection (1): tdilatam.freshdesk.com:443
2025-10-31 10:40:11 - urllib3.connectionpool - DEBUG - https://tdilatam.freshdesk.com:443 "GET /api/v2/tickets/32913 HTTP/1.1" 200 None
2025-10-31 10:40:11 - urllib3.connectionpool - DEBUG - Starting new HTTPS connection (1): tdilatam.freshdesk.com:443
2025-10-31 10:40:12 - urllib3.connectionpool - DEBUG - https://tdilatam.freshdesk.com:443 "GET /api/v2/tickets/32915 HTTP/1.1" 200 None
2025-10-31 10:40:12 - urllib3.connectionpool - DEBUG - Starting new HTTPS connection (1): tdilatam.freshdesk.com:443
2025-10-31 10:40:13 - urllib3.connectionpool - DEBUG - https://tdilatam.freshdesk.com:443 "GET /api/v2/tickets/32916 HTTP/1.1" 200 None
2025-10-31 10:40:13 - urllib3.connectionpool - DEBUG - Starting new HTTPS connection (1): tdilatam.freshdesk.com:443
2025-10-31 10:40:13 - urllib3.connectionpool - DEBUG - https://tdilatam.freshdesk.com:443 "GET /api/v2/tickets/32917 HTTP/1.1" 200 None
2025-10-31 10:40:14 - urllib3.connectionpool - DEBUG - Starting new HTTPS connection (1): tdilatam.freshdesk.com:443
2025-10-31 10:40:15 - urllib3.connectionpool - DEBUG - https://tdilatam.freshdesk.com:443 "GET /api/v2/tickets/32919 HTTP/1.1" 200 None
2025-10-31 10:40:15 - urllib3.connectionpool - DEBUG - Starting new HTTPS connection (1): tdilatam.freshdesk.com:443
2025-10-31 10:40:16 - urllib3.connectionpool - DEBUG - https://tdilatam.freshdesk.com:443 "GET /api/v2/tickets/32920 HTTP/1.1" 200 None
2025-10-31 10:40:16 - urllib3.connectionpool - DEBUG - Starting new HTTPS connection (1): tdilatam.freshdesk.com:443
2025-10-31 10:40:17 - urllib3.connectionpool - DEBUG - https://tdilatam.freshdesk.com:443 "GET /api/v2/tickets/32922 HTTP/1.1" 200 None
2025-10-31 10:40:17 - urllib3.connectionpool - DEBUG - Starting new HTTPS connection (1): tdilatam.freshdesk.com:443
2025-10-31 10:40:17 - urllib3.connectionpool - DEBUG - https://tdilatam.freshdesk.com:443 "GET /api/v2/tickets/32923 HTTP/1.1" 200 None
2025-10-31 10:40:17 - urllib3.connectionpool - DEBUG - Starting new HTTPS connection (1): tdilatam.freshdesk.com:443
2025-10-31 10:40:18 - urllib3.connectionpool - DEBUG - https://tdilatam.freshdesk.com:443 "GET /api/v2/tickets/32924 HTTP/1.1" 200 None
2025-10-31 10:40:18 - urllib3.connectionpool - DEBUG - Starting new HTTPS connection (1): tdilatam.freshdesk.com:443
2025-10-31 10:40:19 - urllib3.connectionpool - DEBUG - https://tdilatam.freshdesk.com:443 "GET /api/v2/tickets/32930 HTTP/1.1" 200 None
2025-10-31 10:40:19 - urllib3.connectionpool - DEBUG - Starting new HTTPS connection (1): tdilatam.freshdesk.com:443
2025-10-31 10:40:20 - urllib3.connectionpool - DEBUG - https://tdilatam.freshdesk.com:443 "GET /api/v2/tickets/32931 HTTP/1.1" 200 None
2025-10-31 10:40:20 - urllib3.connectionpool - DEBUG - Starting new HTTPS connection (1): tdilatam.freshdesk.com:443
2025-10-31 10:40:21 - urllib3.connectionpool - DEBUG - https://tdilatam.freshdesk.com:443 "GET /api/v2/tickets/32932 HTTP/1.1" 200 None
2025-10-31 10:40:21 - urllib3.connectionpool - DEBUG - Starting new HTTPS connection (1): tdilatam.freshdesk.com:443
2025-10-31 10:40:21 - urllib3.connectionpool - DEBUG - https://tdilatam.freshdesk.com:443 "GET /api/v2/tickets/32933 HTTP/1.1" 200 None
2025-10-31 10:40:21 - urllib3.connectionpool - DEBUG - Starting new HTTPS connection (1): tdilatam.freshdesk.com:443
2025-10-31 10:40:22 - urllib3.connectionpool - DEBUG - https://tdilatam.freshdesk.com:443 "GET /api/v2/tickets/32934 HTTP/1.1" 200 None
2025-10-31 10:40:22 - urllib3.connectionpool - DEBUG - Starting new HTTPS connection (1): tdilatam.freshdesk.com:443
2025-10-31 10:40:23 - urllib3.connectionpool - DEBUG - https://tdilatam.freshdesk.com:443 "GET /api/v2/tickets/32935 HTTP/1.1" 200 None
2025-10-31 10:40:23 - urllib3.connectionpool - DEBUG - Starting new HTTPS connection (1): tdilatam.freshdesk.com:443
2025-10-31 10:40:24 - urllib3.connectionpool - DEBUG - https://tdilatam.freshdesk.com:443 "GET /api/v2/tickets/32936 HTTP/1.1" 200 None
2025-10-31 10:40:24 - urllib3.connectionpool - DEBUG - Starting new HTTPS connection (1): tdilatam.freshdesk.com:443
2025-10-31 10:40:24 - urllib3.connectionpool - DEBUG - https://tdilatam.freshdesk.com:443 "GET /api/v2/tickets/32937 HTTP/1.1" 200 None
2025-10-31 10:40:24 - urllib3.connectionpool - DEBUG - Starting new HTTPS connection (1): tdilatam.freshdesk.com:443
2025-10-31 10:40:25 - urllib3.connectionpool - DEBUG - https://tdilatam.freshdesk.com:443 "GET /api/v2/tickets/32938 HTTP/1.1" 200 None
2025-10-31 10:40:25 - urllib3.connectionpool - DEBUG - Starting new HTTPS connection (1): tdilatam.freshdesk.com:443
2025-10-31 10:40:26 - urllib3.connectionpool - DEBUG - https://tdilatam.freshdesk.com:443 "GET /api/v2/tickets/32939 HTTP/1.1" 200 None
2025-10-31 10:40:26 - urllib3.connectionpool - DEBUG - Starting new HTTPS connection (1): tdilatam.freshdesk.com:443
2025-10-31 10:40:27 - urllib3.connectionpool - DEBUG - https://tdilatam.freshdesk.com:443 "GET /api/v2/tickets/32941 HTTP/1.1" 200 None
2025-10-31 10:40:27 - urllib3.connectionpool - DEBUG - Starting new HTTPS connection (1): tdilatam.freshdesk.com:443
2025-10-31 10:40:28 - urllib3.connectionpool - DEBUG - https://tdilatam.freshdesk.com:443 "GET /api/v2/tickets/32942 HTTP/1.1" 200 None
2025-10-31 10:40:28 - urllib3.connectionpool - DEBUG - Starting new HTTPS connection (1): tdilatam.freshdesk.com:443
2025-10-31 10:40:28 - urllib3.connectionpool - DEBUG - https://tdilatam.freshdesk.com:443 "GET /api/v2/tickets/32943 HTTP/1.1" 200 None
2025-10-31 10:40:28 - urllib3.connectionpool - DEBUG - Starting new HTTPS connection (1): tdilatam.freshdesk.com:443
2025-10-31 10:40:29 - urllib3.connectionpool - DEBUG - https://tdilatam.freshdesk.com:443 "GET /api/v2/tickets/32945 HTTP/1.1" 200 None
2025-10-31 10:40:29 - urllib3.connectionpool - DEBUG - Starting new HTTPS connection (1): tdilatam.freshdesk.com:443
2025-10-31 10:40:30 - urllib3.connectionpool - DEBUG - https://tdilatam.freshdesk.com:443 "GET /api/v2/tickets/32948 HTTP/1.1" 200 None
2025-10-31 10:40:30 - urllib3.connectionpool - DEBUG - Starting new HTTPS connection (1): tdilatam.freshdesk.com:443
2025-10-31 10:40:31 - urllib3.connectionpool - DEBUG - https://tdilatam.freshdesk.com:443 "GET /api/v2/tickets/32949 HTTP/1.1" 200 None
2025-10-31 10:40:31 - urllib3.connectionpool - DEBUG - Starting new HTTPS connection (1): tdilatam.freshdesk.com:443
2025-10-31 10:40:32 - urllib3.connectionpool - DEBUG - https://tdilatam.freshdesk.com:443 "GET /api/v2/tickets/32950 HTTP/1.1" 200 None
2025-10-31 10:40:32 - urllib3.connectionpool - DEBUG - Starting new HTTPS connection (1): tdilatam.freshdesk.com:443
2025-10-31 10:40:32 - urllib3.connectionpool - DEBUG - https://tdilatam.freshdesk.com:443 "GET /api/v2/tickets/32954 HTTP/1.1" 200 None
2025-10-31 10:40:32 - urllib3.connectionpool - DEBUG - Starting new HTTPS connection (1): tdilatam.freshdesk.com:443
2025-10-31 10:40:33 - urllib3.connectionpool - DEBUG - https://tdilatam.freshdesk.com:443 "GET /api/v2/tickets/32955 HTTP/1.1" 200 None
2025-10-31 10:40:33 - urllib3.connectionpool - DEBUG - Starting new HTTPS connection (1): tdilatam.freshdesk.com:443
2025-10-31 10:40:34 - urllib3.connectionpool - DEBUG - https://tdilatam.freshdesk.com:443 "GET /api/v2/tickets/32956 HTTP/1.1" 200 None
2025-10-31 10:40:34 - urllib3.connectionpool - DEBUG - Starting new HTTPS connection (1): tdilatam.freshdesk.com:443
2025-10-31 10:40:35 - urllib3.connectionpool - DEBUG - https://tdilatam.freshdesk.com:443 "GET /api/v2/tickets/32961 HTTP/1.1" 200 None
2025-10-31 10:40:35 - urllib3.connectionpool - DEBUG - Starting new HTTPS connection (1): tdilatam.freshdesk.com:443
2025-10-31 10:40:35 - urllib3.connectionpool - DEBUG - https://tdilatam.freshdesk.com:443 "GET /api/v2/tickets/32964 HTTP/1.1" 200 None
2025-10-31 10:40:35 - urllib3.connectionpool - DEBUG - Starting new HTTPS connection (1): tdilatam.freshdesk.com:443
2025-10-31 10:40:36 - urllib3.connectionpool - DEBUG - https://tdilatam.freshdesk.com:443 "GET /api/v2/tickets/32966 HTTP/1.1" 200 None
2025-10-31 10:40:36 - urllib3.connectionpool - DEBUG - Starting new HTTPS connection (1): tdilatam.freshdesk.com:443
2025-10-31 10:40:37 - urllib3.connectionpool - DEBUG - https://tdilatam.freshdesk.com:443 "GET /api/v2/tickets/32967 HTTP/1.1" 200 None
2025-10-31 10:40:37 - urllib3.connectionpool - DEBUG - Starting new HTTPS connection (1): tdilatam.freshdesk.com:443
2025-10-31 10:40:38 - urllib3.connectionpool - DEBUG - https://tdilatam.freshdesk.com:443 "GET /api/v2/tickets/32973 HTTP/1.1" 200 None
2025-10-31 10:40:38 - urllib3.connectionpool - DEBUG - Starting new HTTPS connection (1): tdilatam.freshdesk.com:443
2025-10-31 10:40:39 - urllib3.connectionpool - DEBUG - https://tdilatam.freshdesk.com:443 "GET /api/v2/tickets/32975 HTTP/1.1" 200 None
2025-10-31 10:40:39 - urllib3.connectionpool - DEBUG - Starting new HTTPS connection (1): tdilatam.freshdesk.com:443
2025-10-31 10:40:40 - urllib3.connectionpool - DEBUG - https://tdilatam.freshdesk.com:443 "GET /api/v2/tickets/32976 HTTP/1.1" 200 None
2025-10-31 10:40:40 - urllib3.connectionpool - DEBUG - Starting new HTTPS connection (1): tdilatam.freshdesk.com:443
2025-10-31 10:40:40 - urllib3.connectionpool - DEBUG - https://tdilatam.freshdesk.com:443 "GET /api/v2/tickets/32977 HTTP/1.1" 200 None
2025-10-31 10:40:40 - urllib3.connectionpool - DEBUG - Starting new HTTPS connection (1): tdilatam.freshdesk.com:443
2025-10-31 10:40:41 - urllib3.connectionpool - DEBUG - https://tdilatam.freshdesk.com:443 "GET /api/v2/tickets/32981 HTTP/1.1" 200 None
2025-10-31 10:40:41 - urllib3.connectionpool - DEBUG - Starting new HTTPS connection (1): tdilatam.freshdesk.com:443
2025-10-31 10:40:42 - urllib3.connectionpool - DEBUG - https://tdilatam.freshdesk.com:443 "GET /api/v2/tickets/32988 HTTP/1.1" 200 None
2025-10-31 10:40:42 - urllib3.connectionpool - DEBUG - Starting new HTTPS connection (1): tdilatam.freshdesk.com:443
2025-10-31 10:40:43 - urllib3.connectionpool - DEBUG - https://tdilatam.freshdesk.com:443 "GET /api/v2/tickets/32989 HTTP/1.1" 200 None
2025-10-31 10:40:43 - urllib3.connectionpool - DEBUG - Starting new HTTPS connection (1): tdilatam.freshdesk.com:443
2025-10-31 10:40:44 - urllib3.connectionpool - DEBUG - https://tdilatam.freshdesk.com:443 "GET /api/v2/tickets/32990 HTTP/1.1" 200 None
2025-10-31 10:40:44 - urllib3.connectionpool - DEBUG - Starting new HTTPS connection (1): tdilatam.freshdesk.com:443
2025-10-31 10:40:45 - urllib3.connectionpool - DEBUG - https://tdilatam.freshdesk.com:443 "GET /api/v2/tickets/32997 HTTP/1.1" 200 None
2025-10-31 10:40:45 - urllib3.connectionpool - DEBUG - Starting new HTTPS connection (1): tdilatam.freshdesk.com:443
2025-10-31 10:40:46 - urllib3.connectionpool - DEBUG - https://tdilatam.freshdesk.com:443 "GET /api/v2/tickets/33002 HTTP/1.1" 200 None
2025-10-31 10:40:46 - urllib3.connectionpool - DEBUG - Starting new HTTPS connection (1): tdilatam.freshdesk.com:443
2025-10-31 10:40:47 - urllib3.connectionpool - DEBUG - https://tdilatam.freshdesk.com:443 "GET /api/v2/tickets/33005 HTTP/1.1" 200 None
2025-10-31 10:40:47 - urllib3.connectionpool - DEBUG - Starting new HTTPS connection (1): tdilatam.freshdesk.com:443
2025-10-31 10:40:48 - urllib3.connectionpool - DEBUG - https://tdilatam.freshdesk.com:443 "GET /api/v2/tickets/33007 HTTP/1.1" 200 None
2025-10-31 10:40:48 - urllib3.connectionpool - DEBUG - Starting new HTTPS connection (1): tdilatam.freshdesk.com:443
2025-10-31 10:40:49 - urllib3.connectionpool - DEBUG - https://tdilatam.freshdesk.com:443 "GET /api/v2/tickets/33008 HTTP/1.1" 200 None
2025-10-31 10:40:49 - urllib3.connectionpool - DEBUG - Starting new HTTPS connection (1): tdilatam.freshdesk.com:443
2025-10-31 10:40:49 - urllib3.connectionpool - DEBUG - https://tdilatam.freshdesk.com:443 "GET /api/v2/tickets/33009 HTTP/1.1" 200 None
2025-10-31 10:40:50 - urllib3.connectionpool - DEBUG - Starting new HTTPS connection (1): tdilatam.freshdesk.com:443
2025-10-31 10:40:50 - urllib3.connectionpool - DEBUG - https://tdilatam.freshdesk.com:443 "GET /api/v2/tickets/33010 HTTP/1.1" 200 None
2025-10-31 10:40:50 - urllib3.connectionpool - DEBUG - Starting new HTTPS connection (1): tdilatam.freshdesk.com:443
2025-10-31 10:40:51 - urllib3.connectionpool - DEBUG - https://tdilatam.freshdesk.com:443 "GET /api/v2/tickets/33011 HTTP/1.1" 200 None
2025-10-31 10:40:51 - urllib3.connectionpool - DEBUG - Starting new HTTPS connection (1): tdilatam.freshdesk.com:443
2025-10-31 10:40:52 - urllib3.connectionpool - DEBUG - https://tdilatam.freshdesk.com:443 "GET /api/v2/tickets/33013 HTTP/1.1" 200 None
2025-10-31 10:40:52 - urllib3.connectionpool - DEBUG - Starting new HTTPS connection (1): tdilatam.freshdesk.com:443
2025-10-31 10:40:53 - urllib3.connectionpool - DEBUG - https://tdilatam.freshdesk.com:443 "GET /api/v2/tickets/33014 HTTP/1.1" 200 None
2025-10-31 10:40:53 - urllib3.connectionpool - DEBUG - Starting new HTTPS connection (1): tdilatam.freshdesk.com:443
2025-10-31 10:40:53 - urllib3.connectionpool - DEBUG - https://tdilatam.freshdesk.com:443 "GET /api/v2/tickets/33015 HTTP/1.1" 200 None
2025-10-31 10:40:54 - urllib3.connectionpool - DEBUG - Starting new HTTPS connection (1): tdilatam.freshdesk.com:443
2025-10-31 10:40:54 - urllib3.connectionpool - DEBUG - https://tdilatam.freshdesk.com:443 "GET /api/v2/tickets/33016 HTTP/1.1" 200 None
2025-10-31 10:40:54 - urllib3.connectionpool - DEBUG - Starting new HTTPS connection (1): tdilatam.freshdesk.com:443
2025-10-31 10:40:55 - urllib3.connectionpool - DEBUG - https://tdilatam.freshdesk.com:443 "GET /api/v2/tickets/33019 HTTP/1.1" 200 None
2025-10-31 10:40:55 - urllib3.connectionpool - DEBUG - Starting new HTTPS connection (1): tdilatam.freshdesk.com:443
2025-10-31 10:40:56 - urllib3.connectionpool - DEBUG - https://tdilatam.freshdesk.com:443 "GET /api/v2/tickets/33021 HTTP/1.1" 200 None
2025-10-31 10:40:56 - urllib3.connectionpool - DEBUG - Starting new HTTPS connection (1): tdilatam.freshdesk.com:443
2025-10-31 10:40:57 - urllib3.connectionpool - DEBUG - https://tdilatam.freshdesk.com:443 "GET /api/v2/tickets/33023 HTTP/1.1" 200 None
2025-10-31 10:40:57 - urllib3.connectionpool - DEBUG - Starting new HTTPS connection (1): tdilatam.freshdesk.com:443
2025-10-31 10:40:58 - urllib3.connectionpool - DEBUG - https://tdilatam.freshdesk.com:443 "GET /api/v2/tickets/33025 HTTP/1.1" 200 None
2025-10-31 10:40:58 - urllib3.connectionpool - DEBUG - Starting new HTTPS connection (1): tdilatam.freshdesk.com:443
2025-10-31 10:40:58 - urllib3.connectionpool - DEBUG - https://tdilatam.freshdesk.com:443 "GET /api/v2/tickets/33026 HTTP/1.1" 200 None
2025-10-31 10:40:59 - urllib3.connectionpool - DEBUG - Starting new HTTPS connection (1): tdilatam.freshdesk.com:443
2025-10-31 10:40:59 - urllib3.connectionpool - DEBUG - https://tdilatam.freshdesk.com:443 "GET /api/v2/tickets/33030 HTTP/1.1" 200 None
2025-10-31 10:41:00 - urllib3.connectionpool - DEBUG - Starting new HTTPS connection (1): tdilatam.freshdesk.com:443
2025-10-31 10:41:01 - urllib3.connectionpool - DEBUG - https://tdilatam.freshdesk.com:443 "GET /api/v2/tickets/33032 HTTP/1.1" 200 None
2025-10-31 10:41:01 - urllib3.connectionpool - DEBUG - Starting new HTTPS connection (1): tdilatam.freshdesk.com:443
2025-10-31 10:41:02 - urllib3.connectionpool - DEBUG - https://tdilatam.freshdesk.com:443 "GET /api/v2/tickets/33033 HTTP/1.1" 200 None
2025-10-31 10:41:02 - urllib3.connectionpool - DEBUG - Starting new HTTPS connection (1): tdilatam.freshdesk.com:443
2025-10-31 10:41:03 - urllib3.connectionpool - DEBUG - https://tdilatam.freshdesk.com:443 "GET /api/v2/tickets/33034 HTTP/1.1" 200 None
2025-10-31 10:41:03 - urllib3.connectionpool - DEBUG - Starting new HTTPS connection (1): tdilatam.freshdesk.com:443
2025-10-31 10:41:04 - urllib3.connectionpool - DEBUG - https://tdilatam.freshdesk.com:443 "GET /api/v2/tickets/33036 HTTP/1.1" 200 None
2025-10-31 10:41:04 - urllib3.connectionpool - DEBUG - Starting new HTTPS connection (1): tdilatam.freshdesk.com:443
2025-10-31 10:41:04 - urllib3.connectionpool - DEBUG - https://tdilatam.freshdesk.com:443 "GET /api/v2/tickets/33037 HTTP/1.1" 200 None
2025-10-31 10:41:05 - urllib3.connectionpool - DEBUG - Starting new HTTPS connection (1): tdilatam.freshdesk.com:443
2025-10-31 10:41:05 - urllib3.connectionpool - DEBUG - https://tdilatam.freshdesk.com:443 "GET /api/v2/tickets/33039 HTTP/1.1" 200 None
2025-10-31 10:41:05 - urllib3.connectionpool - DEBUG - Starting new HTTPS connection (1): tdilatam.freshdesk.com:443
2025-10-31 10:41:06 - urllib3.connectionpool - DEBUG - https://tdilatam.freshdesk.com:443 "GET /api/v2/tickets/33040 HTTP/1.1" 200 None
2025-10-31 10:41:06 - urllib3.connectionpool - DEBUG - Starting new HTTPS connection (1): tdilatam.freshdesk.com:443
2025-10-31 10:41:07 - urllib3.connectionpool - DEBUG - https://tdilatam.freshdesk.com:443 "GET /api/v2/tickets/33044 HTTP/1.1" 200 None
2025-10-31 10:41:07 - urllib3.connectionpool - DEBUG - Starting new HTTPS connection (1): tdilatam.freshdesk.com:443
2025-10-31 10:41:08 - urllib3.connectionpool - DEBUG - https://tdilatam.freshdesk.com:443 "GET /api/v2/tickets/33045 HTTP/1.1" 200 None
2025-10-31 10:41:08 - urllib3.connectionpool - DEBUG - Starting new HTTPS connection (1): tdilatam.freshdesk.com:443
2025-10-31 10:41:08 - urllib3.connectionpool - DEBUG - https://tdilatam.freshdesk.com:443 "GET /api/v2/tickets/33046 HTTP/1.1" 200 None
2025-10-31 10:41:09 - urllib3.connectionpool - DEBUG - Starting new HTTPS connection (1): tdilatam.freshdesk.com:443
2025-10-31 10:41:09 - urllib3.connectionpool - DEBUG - https://tdilatam.freshdesk.com:443 "GET /api/v2/tickets/33047 HTTP/1.1" 200 None
2025-10-31 10:41:09 - urllib3.connectionpool - DEBUG - Starting new HTTPS connection (1): tdilatam.freshdesk.com:443
2025-10-31 10:41:10 - urllib3.connectionpool - DEBUG - https://tdilatam.freshdesk.com:443 "GET /api/v2/tickets/33048 HTTP/1.1" 200 None
2025-10-31 10:41:10 - urllib3.connectionpool - DEBUG - Starting new HTTPS connection (1): tdilatam.freshdesk.com:443
2025-10-31 10:41:11 - urllib3.connectionpool - DEBUG - https://tdilatam.freshdesk.com:443 "GET /api/v2/tickets/33049 HTTP/1.1" 200 None
2025-10-31 10:41:11 - urllib3.connectionpool - DEBUG - Starting new HTTPS connection (1): tdilatam.freshdesk.com:443
2025-10-31 10:41:12 - urllib3.connectionpool - DEBUG - https://tdilatam.freshdesk.com:443 "GET /api/v2/tickets/33050 HTTP/1.1" 200 None
2025-10-31 10:41:12 - urllib3.connectionpool - DEBUG - Starting new HTTPS connection (1): tdilatam.freshdesk.com:443
2025-10-31 10:41:12 - urllib3.connectionpool - DEBUG - https://tdilatam.freshdesk.com:443 "GET /api/v2/tickets/33057 HTTP/1.1" 200 None
2025-10-31 10:41:12 - urllib3.connectionpool - DEBUG - Starting new HTTPS connection (1): tdilatam.freshdesk.com:443
2025-10-31 10:41:13 - urllib3.connectionpool - DEBUG - https://tdilatam.freshdesk.com:443 "GET /api/v2/tickets/33058 HTTP/1.1" 200 None
2025-10-31 10:41:13 - urllib3.connectionpool - DEBUG - Starting new HTTPS connection (1): tdilatam.freshdesk.com:443
2025-10-31 10:41:14 - urllib3.connectionpool - DEBUG - https://tdilatam.freshdesk.com:443 "GET /api/v2/tickets/33059 HTTP/1.1" 200 None
2025-10-31 10:41:14 - urllib3.connectionpool - DEBUG - Starting new HTTPS connection (1): tdilatam.freshdesk.com:443
2025-10-31 10:41:15 - urllib3.connectionpool - DEBUG - https://tdilatam.freshdesk.com:443 "GET /api/v2/tickets/33060 HTTP/1.1" 200 None
2025-10-31 10:41:15 - urllib3.connectionpool - DEBUG - Starting new HTTPS connection (1): tdilatam.freshdesk.com:443
2025-10-31 10:41:16 - urllib3.connectionpool - DEBUG - https://tdilatam.freshdesk.com:443 "GET /api/v2/tickets/33061 HTTP/1.1" 200 None
2025-10-31 10:41:16 - urllib3.connectionpool - DEBUG - Starting new HTTPS connection (1): tdilatam.freshdesk.com:443
2025-10-31 10:41:16 - urllib3.connectionpool - DEBUG - https://tdilatam.freshdesk.com:443 "GET /api/v2/tickets/33062 HTTP/1.1" 200 None
2025-10-31 10:41:16 - urllib3.connectionpool - DEBUG - Starting new HTTPS connection (1): tdilatam.freshdesk.com:443
2025-10-31 10:41:17 - urllib3.connectionpool - DEBUG - https://tdilatam.freshdesk.com:443 "GET /api/v2/tickets/33063 HTTP/1.1" 200 None
2025-10-31 10:41:17 - urllib3.connectionpool - DEBUG - Starting new HTTPS connection (1): tdilatam.freshdesk.com:443
2025-10-31 10:41:18 - urllib3.connectionpool - DEBUG - https://tdilatam.freshdesk.com:443 "GET /api/v2/tickets/33065 HTTP/1.1" 200 None
2025-10-31 10:41:18 - urllib3.connectionpool - DEBUG - Starting new HTTPS connection (1): tdilatam.freshdesk.com:443
2025-10-31 10:41:19 - urllib3.connectionpool - DEBUG - https://tdilatam.freshdesk.com:443 "GET /api/v2/tickets/33067 HTTP/1.1" 200 None
2025-10-31 10:41:19 - urllib3.connectionpool - DEBUG - Starting new HTTPS connection (1): tdilatam.freshdesk.com:443
2025-10-31 10:41:20 - urllib3.connectionpool - DEBUG - https://tdilatam.freshdesk.com:443 "GET /api/v2/tickets/33068 HTTP/1.1" 200 None
2025-10-31 10:41:20 - urllib3.connectionpool - DEBUG - Starting new HTTPS connection (1): tdilatam.freshdesk.com:443
2025-10-31 10:41:20 - urllib3.connectionpool - DEBUG - https://tdilatam.freshdesk.com:443 "GET /api/v2/tickets/33069 HTTP/1.1" 200 None
2025-10-31 10:41:20 - urllib3.connectionpool - DEBUG - Starting new HTTPS connection (1): tdilatam.freshdesk.com:443
2025-10-31 10:41:21 - urllib3.connectionpool - DEBUG - https://tdilatam.freshdesk.com:443 "GET /api/v2/tickets/33075 HTTP/1.1" 200 None
2025-10-31 10:41:21 - urllib3.connectionpool - DEBUG - Starting new HTTPS connection (1): tdilatam.freshdesk.com:443
2025-10-31 10:41:22 - urllib3.connectionpool - DEBUG - https://tdilatam.freshdesk.com:443 "GET /api/v2/tickets/33076 HTTP/1.1" 200 None
2025-10-31 10:41:22 - urllib3.connectionpool - DEBUG - Starting new HTTPS connection (1): tdilatam.freshdesk.com:443
2025-10-31 10:41:23 - urllib3.connectionpool - DEBUG - https://tdilatam.freshdesk.com:443 "GET /api/v2/tickets/33077 HTTP/1.1" 200 None
2025-10-31 10:41:23 - urllib3.connectionpool - DEBUG - Starting new HTTPS connection (1): tdilatam.freshdesk.com:443
2025-10-31 10:41:24 - urllib3.connectionpool - DEBUG - https://tdilatam.freshdesk.com:443 "GET /api/v2/tickets/33078 HTTP/1.1" 200 None
2025-10-31 10:41:24 - urllib3.connectionpool - DEBUG - Starting new HTTPS connection (1): tdilatam.freshdesk.com:443
2025-10-31 10:41:24 - urllib3.connectionpool - DEBUG - https://tdilatam.freshdesk.com:443 "GET /api/v2/tickets/33079 HTTP/1.1" 200 None
2025-10-31 10:41:24 - urllib3.connectionpool - DEBUG - Starting new HTTPS connection (1): tdilatam.freshdesk.com:443
2025-10-31 10:41:25 - urllib3.connectionpool - DEBUG - https://tdilatam.freshdesk.com:443 "GET /api/v2/tickets/33080 HTTP/1.1" 200 None
2025-10-31 10:41:25 - urllib3.connectionpool - DEBUG - Starting new HTTPS connection (1): tdilatam.freshdesk.com:443
2025-10-31 10:41:26 - urllib3.connectionpool - DEBUG - https://tdilatam.freshdesk.com:443 "GET /api/v2/tickets/33081 HTTP/1.1" 200 None
2025-10-31 10:41:26 - urllib3.connectionpool - DEBUG - Starting new HTTPS connection (1): tdilatam.freshdesk.com:443
2025-10-31 10:41:27 - urllib3.connectionpool - DEBUG - https://tdilatam.freshdesk.com:443 "GET /api/v2/tickets/33082 HTTP/1.1" 200 None
2025-10-31 10:41:27 - urllib3.connectionpool - DEBUG - Starting new HTTPS connection (1): tdilatam.freshdesk.com:443
2025-10-31 10:41:28 - urllib3.connectionpool - DEBUG - https://tdilatam.freshdesk.com:443 "GET /api/v2/tickets/33085 HTTP/1.1" 200 None
2025-10-31 10:41:28 - urllib3.connectionpool - DEBUG - Starting new HTTPS connection (1): tdilatam.freshdesk.com:443
2025-10-31 10:41:28 - urllib3.connectionpool - DEBUG - https://tdilatam.freshdesk.com:443 "GET /api/v2/tickets/33086 HTTP/1.1" 200 None
2025-10-31 10:41:28 - urllib3.connectionpool - DEBUG - Starting new HTTPS connection (1): tdilatam.freshdesk.com:443
2025-10-31 10:41:29 - urllib3.connectionpool - DEBUG - https://tdilatam.freshdesk.com:443 "GET /api/v2/tickets/33088 HTTP/1.1" 200 None
2025-10-31 10:41:29 - urllib3.connectionpool - DEBUG - Starting new HTTPS connection (1): tdilatam.freshdesk.com:443
2025-10-31 10:41:30 - urllib3.connectionpool - DEBUG - https://tdilatam.freshdesk.com:443 "GET /api/v2/tickets/33089 HTTP/1.1" 200 None
2025-10-31 10:41:30 - urllib3.connectionpool - DEBUG - Starting new HTTPS connection (1): tdilatam.freshdesk.com:443
2025-10-31 10:41:31 - urllib3.connectionpool - DEBUG - https://tdilatam.freshdesk.com:443 "GET /api/v2/tickets/33090 HTTP/1.1" 200 None
2025-10-31 10:41:31 - urllib3.connectionpool - DEBUG - Starting new HTTPS connection (1): tdilatam.freshdesk.com:443
2025-10-31 10:41:32 - urllib3.connectionpool - DEBUG - https://tdilatam.freshdesk.com:443 "GET /api/v2/tickets/33091 HTTP/1.1" 200 None
2025-10-31 10:41:32 - urllib3.connectionpool - DEBUG - Starting new HTTPS connection (1): tdilatam.freshdesk.com:443
2025-10-31 10:41:32 - urllib3.connectionpool - DEBUG - https://tdilatam.freshdesk.com:443 "GET /api/v2/tickets/33093 HTTP/1.1" 200 None
2025-10-31 10:41:32 - urllib3.connectionpool - DEBUG - Starting new HTTPS connection (1): tdilatam.freshdesk.com:443
2025-10-31 10:41:33 - urllib3.connectionpool - DEBUG - https://tdilatam.freshdesk.com:443 "GET /api/v2/tickets/33097 HTTP/1.1" 200 None
2025-10-31 10:41:33 - urllib3.connectionpool - DEBUG - Starting new HTTPS connection (1): tdilatam.freshdesk.com:443
2025-10-31 10:41:34 - urllib3.connectionpool - DEBUG - https://tdilatam.freshdesk.com:443 "GET /api/v2/tickets/33098 HTTP/1.1" 200 None
2025-10-31 10:41:34 - urllib3.connectionpool - DEBUG - Starting new HTTPS connection (1): tdilatam.freshdesk.com:443
2025-10-31 10:41:38 - urllib3.connectionpool - DEBUG - https://tdilatam.freshdesk.com:443 "GET /api/v2/tickets/33100 HTTP/1.1" 200 None
2025-10-31 10:41:38 - urllib3.connectionpool - DEBUG - Starting new HTTPS connection (1): tdilatam.freshdesk.com:443
2025-10-31 10:41:39 - urllib3.connectionpool - DEBUG - https://tdilatam.freshdesk.com:443 "GET /api/v2/tickets/33101 HTTP/1.1" 200 None
2025-10-31 10:41:39 - urllib3.connectionpool - DEBUG - Starting new HTTPS connection (1): tdilatam.freshdesk.com:443
2025-10-31 10:41:40 - urllib3.connectionpool - DEBUG - https://tdilatam.freshdesk.com:443 "GET /api/v2/tickets/33103 HTTP/1.1" 200 None
2025-10-31 10:41:41 - urllib3.connectionpool - DEBUG - Starting new HTTPS connection (1): tdilatam.freshdesk.com:443
2025-10-31 10:41:41 - urllib3.connectionpool - DEBUG - https://tdilatam.freshdesk.com:443 "GET /api/v2/tickets/33106 HTTP/1.1" 200 None
2025-10-31 10:41:41 - urllib3.connectionpool - DEBUG - Starting new HTTPS connection (1): tdilatam.freshdesk.com:443
2025-10-31 10:41:42 - urllib3.connectionpool - DEBUG - https://tdilatam.freshdesk.com:443 "GET /api/v2/tickets/33108 HTTP/1.1" 200 None
2025-10-31 10:41:42 - urllib3.connectionpool - DEBUG - Starting new HTTPS connection (1): tdilatam.freshdesk.com:443
2025-10-31 10:41:43 - urllib3.connectionpool - DEBUG - https://tdilatam.freshdesk.com:443 "GET /api/v2/tickets/33109 HTTP/1.1" 200 None
2025-10-31 10:41:43 - urllib3.connectionpool - DEBUG - Starting new HTTPS connection (1): tdilatam.freshdesk.com:443
2025-10-31 10:41:44 - urllib3.connectionpool - DEBUG - https://tdilatam.freshdesk.com:443 "GET /api/v2/tickets/33111 HTTP/1.1" 200 None
2025-10-31 10:41:44 - urllib3.connectionpool - DEBUG - Starting new HTTPS connection (1): tdilatam.freshdesk.com:443
2025-10-31 10:41:45 - urllib3.connectionpool - DEBUG - https://tdilatam.freshdesk.com:443 "GET /api/v2/tickets/33114 HTTP/1.1" 200 None
2025-10-31 10:41:45 - urllib3.connectionpool - DEBUG - Starting new HTTPS connection (1): tdilatam.freshdesk.com:443
2025-10-31 10:41:45 - urllib3.connectionpool - DEBUG - https://tdilatam.freshdesk.com:443 "GET /api/v2/tickets/33115 HTTP/1.1" 200 None
2025-10-31 10:41:45 - urllib3.connectionpool - DEBUG - Starting new HTTPS connection (1): tdilatam.freshdesk.com:443
2025-10-31 10:41:46 - urllib3.connectionpool - DEBUG - https://tdilatam.freshdesk.com:443 "GET /api/v2/tickets/33116 HTTP/1.1" 200 None
2025-10-31 10:41:46 - urllib3.connectionpool - DEBUG - Starting new HTTPS connection (1): tdilatam.freshdesk.com:443
2025-10-31 10:41:47 - urllib3.connectionpool - DEBUG - https://tdilatam.freshdesk.com:443 "GET /api/v2/tickets/33117 HTTP/1.1" 200 None
2025-10-31 10:41:47 - urllib3.connectionpool - DEBUG - Starting new HTTPS connection (1): tdilatam.freshdesk.com:443
2025-10-31 10:41:48 - urllib3.connectionpool - DEBUG - https://tdilatam.freshdesk.com:443 "GET /api/v2/tickets/33119 HTTP/1.1" 200 None
2025-10-31 10:41:48 - urllib3.connectionpool - DEBUG - Starting new HTTPS connection (1): tdilatam.freshdesk.com:443
2025-10-31 10:41:49 - urllib3.connectionpool - DEBUG - https://tdilatam.freshdesk.com:443 "GET /api/v2/tickets/33120 HTTP/1.1" 200 None
2025-10-31 10:41:49 - urllib3.connectionpool - DEBUG - Starting new HTTPS connection (1): tdilatam.freshdesk.com:443
2025-10-31 10:41:49 - urllib3.connectionpool - DEBUG - https://tdilatam.freshdesk.com:443 "GET /api/v2/tickets/33121 HTTP/1.1" 200 None
2025-10-31 10:41:50 - urllib3.connectionpool - DEBUG - Starting new HTTPS connection (1): tdilatam.freshdesk.com:443
2025-10-31 10:41:50 - urllib3.connectionpool - DEBUG - https://tdilatam.freshdesk.com:443 "GET /api/v2/tickets/33122 HTTP/1.1" 200 None
2025-10-31 10:41:50 - urllib3.connectionpool - DEBUG - Starting new HTTPS connection (1): tdilatam.freshdesk.com:443
2025-10-31 10:41:51 - urllib3.connectionpool - DEBUG - https://tdilatam.freshdesk.com:443 "GET /api/v2/tickets/33123 HTTP/1.1" 200 None
2025-10-31 10:41:51 - urllib3.connectionpool - DEBUG - Starting new HTTPS connection (1): tdilatam.freshdesk.com:443
2025-10-31 10:41:52 - urllib3.connectionpool - DEBUG - https://tdilatam.freshdesk.com:443 "GET /api/v2/tickets/33124 HTTP/1.1" 200 None
2025-10-31 10:41:52 - urllib3.connectionpool - DEBUG - Starting new HTTPS connection (1): tdilatam.freshdesk.com:443
2025-10-31 10:41:53 - urllib3.connectionpool - DEBUG - https://tdilatam.freshdesk.com:443 "GET /api/v2/tickets/33127 HTTP/1.1" 200 None
2025-10-31 10:41:53 - urllib3.connectionpool - DEBUG - Starting new HTTPS connection (1): tdilatam.freshdesk.com:443
2025-10-31 10:41:54 - urllib3.connectionpool - DEBUG - https://tdilatam.freshdesk.com:443 "GET /api/v2/tickets/33128 HTTP/1.1" 200 None
2025-10-31 10:41:54 - urllib3.connectionpool - DEBUG - Starting new HTTPS connection (1): tdilatam.freshdesk.com:443
2025-10-31 10:41:54 - urllib3.connectionpool - DEBUG - https://tdilatam.freshdesk.com:443 "GET /api/v2/tickets/33129 HTTP/1.1" 200 None
2025-10-31 10:41:55 - urllib3.connectionpool - DEBUG - Starting new HTTPS connection (1): tdilatam.freshdesk.com:443
2025-10-31 10:41:55 - urllib3.connectionpool - DEBUG - https://tdilatam.freshdesk.com:443 "GET /api/v2/tickets/33131 HTTP/1.1" 200 None
2025-10-31 10:41:55 - urllib3.connectionpool - DEBUG - Starting new HTTPS connection (1): tdilatam.freshdesk.com:443
2025-10-31 10:41:56 - urllib3.connectionpool - DEBUG - https://tdilatam.freshdesk.com:443 "GET /api/v2/tickets/33132 HTTP/1.1" 200 None
2025-10-31 10:41:56 - urllib3.connectionpool - DEBUG - Starting new HTTPS connection (1): tdilatam.freshdesk.com:443
2025-10-31 10:41:57 - urllib3.connectionpool - DEBUG - https://tdilatam.freshdesk.com:443 "GET /api/v2/tickets/33148 HTTP/1.1" 200 None
2025-10-31 10:41:57 - urllib3.connectionpool - DEBUG - Starting new HTTPS connection (1): tdilatam.freshdesk.com:443
2025-10-31 10:41:58 - urllib3.connectionpool - DEBUG - https://tdilatam.freshdesk.com:443 "GET /api/v2/tickets/33149 HTTP/1.1" 200 None
2025-10-31 10:41:58 - urllib3.connectionpool - DEBUG - Starting new HTTPS connection (1): tdilatam.freshdesk.com:443
2025-10-31 10:41:58 - urllib3.connectionpool - DEBUG - https://tdilatam.freshdesk.com:443 "GET /api/v2/tickets/33151 HTTP/1.1" 200 None
2025-10-31 10:41:59 - urllib3.connectionpool - DEBUG - Starting new HTTPS connection (1): tdilatam.freshdesk.com:443
2025-10-31 10:41:59 - urllib3.connectionpool - DEBUG - https://tdilatam.freshdesk.com:443 "GET /api/v2/tickets/33153 HTTP/1.1" 200 None
2025-10-31 10:41:59 - urllib3.connectionpool - DEBUG - Starting new HTTPS connection (1): tdilatam.freshdesk.com:443
2025-10-31 10:42:00 - urllib3.connectionpool - DEBUG - https://tdilatam.freshdesk.com:443 "GET /api/v2/tickets/33158 HTTP/1.1" 200 None
2025-10-31 10:42:00 - urllib3.connectionpool - DEBUG - Starting new HTTPS connection (1): tdilatam.freshdesk.com:443
2025-10-31 10:42:01 - urllib3.connectionpool - DEBUG - https://tdilatam.freshdesk.com:443 "GET /api/v2/tickets/33159 HTTP/1.1" 200 None
2025-10-31 10:42:01 - urllib3.connectionpool - DEBUG - Starting new HTTPS connection (1): tdilatam.freshdesk.com:443
2025-10-31 10:42:02 - urllib3.connectionpool - DEBUG - https://tdilatam.freshdesk.com:443 "GET /api/v2/tickets/33160 HTTP/1.1" 200 None
2025-10-31 10:42:02 - urllib3.connectionpool - DEBUG - Starting new HTTPS connection (1): tdilatam.freshdesk.com:443
2025-10-31 10:42:02 - urllib3.connectionpool - DEBUG - https://tdilatam.freshdesk.com:443 "GET /api/v2/tickets/33162 HTTP/1.1" 200 None
2025-10-31 10:42:02 - urllib3.connectionpool - DEBUG - Starting new HTTPS connection (1): tdilatam.freshdesk.com:443
2025-10-31 10:42:03 - urllib3.connectionpool - DEBUG - https://tdilatam.freshdesk.com:443 "GET /api/v2/tickets/33166 HTTP/1.1" 200 None
2025-10-31 10:42:03 - urllib3.connectionpool - DEBUG - Starting new HTTPS connection (1): tdilatam.freshdesk.com:443
2025-10-31 10:42:04 - urllib3.connectionpool - DEBUG - https://tdilatam.freshdesk.com:443 "GET /api/v2/tickets/33170 HTTP/1.1" 200 None
2025-10-31 10:42:04 - urllib3.connectionpool - DEBUG - Starting new HTTPS connection (1): tdilatam.freshdesk.com:443
2025-10-31 10:42:05 - urllib3.connectionpool - DEBUG - https://tdilatam.freshdesk.com:443 "GET /api/v2/tickets/33172 HTTP/1.1" 200 None
2025-10-31 10:42:05 - urllib3.connectionpool - DEBUG - Starting new HTTPS connection (1): tdilatam.freshdesk.com:443
2025-10-31 10:42:06 - urllib3.connectionpool - DEBUG - https://tdilatam.freshdesk.com:443 "GET /api/v2/tickets/33174 HTTP/1.1" 200 None
2025-10-31 10:42:06 - urllib3.connectionpool - DEBUG - Starting new HTTPS connection (1): tdilatam.freshdesk.com:443
2025-10-31 10:42:07 - urllib3.connectionpool - DEBUG - https://tdilatam.freshdesk.com:443 "GET /api/v2/tickets/33178 HTTP/1.1" 200 None
2025-10-31 10:42:07 - urllib3.connectionpool - DEBUG - Starting new HTTPS connection (1): tdilatam.freshdesk.com:443
2025-10-31 10:42:08 - urllib3.connectionpool - DEBUG - https://tdilatam.freshdesk.com:443 "GET /api/v2/tickets/33200 HTTP/1.1" 200 None
2025-10-31 10:42:08 - urllib3.connectionpool - DEBUG - Starting new HTTPS connection (1): tdilatam.freshdesk.com:443
2025-10-31 10:42:08 - urllib3.connectionpool - DEBUG - https://tdilatam.freshdesk.com:443 "GET /api/v2/tickets/33201 HTTP/1.1" 200 None
2025-10-31 10:42:08 - urllib3.connectionpool - DEBUG - Starting new HTTPS connection (1): tdilatam.freshdesk.com:443
2025-10-31 10:42:09 - urllib3.connectionpool - DEBUG - https://tdilatam.freshdesk.com:443 "GET /api/v2/tickets/33202 HTTP/1.1" 200 None
2025-10-31 10:42:09 - urllib3.connectionpool - DEBUG - Starting new HTTPS connection (1): tdilatam.freshdesk.com:443
2025-10-31 10:42:10 - urllib3.connectionpool - DEBUG - https://tdilatam.freshdesk.com:443 "GET /api/v2/tickets/33203 HTTP/1.1" 200 None
2025-10-31 10:42:10 - urllib3.connectionpool - DEBUG - Starting new HTTPS connection (1): tdilatam.freshdesk.com:443
2025-10-31 10:42:11 - urllib3.connectionpool - DEBUG - https://tdilatam.freshdesk.com:443 "GET /api/v2/tickets/33204 HTTP/1.1" 200 None
2025-10-31 10:42:11 - urllib3.connectionpool - DEBUG - Starting new HTTPS connection (1): tdilatam.freshdesk.com:443
2025-10-31 10:42:11 - urllib3.connectionpool - DEBUG - https://tdilatam.freshdesk.com:443 "GET /api/v2/tickets/33205 HTTP/1.1" 200 None
2025-10-31 10:42:11 - urllib3.connectionpool - DEBUG - Starting new HTTPS connection (1): tdilatam.freshdesk.com:443
2025-10-31 10:42:12 - urllib3.connectionpool - DEBUG - https://tdilatam.freshdesk.com:443 "GET /api/v2/tickets/33206 HTTP/1.1" 200 None
2025-10-31 10:42:12 - urllib3.connectionpool - DEBUG - Starting new HTTPS connection (1): tdilatam.freshdesk.com:443
2025-10-31 10:42:13 - urllib3.connectionpool - DEBUG - https://tdilatam.freshdesk.com:443 "GET /api/v2/tickets/33207 HTTP/1.1" 200 None
2025-10-31 10:42:13 - urllib3.connectionpool - DEBUG - Starting new HTTPS connection (1): tdilatam.freshdesk.com:443
2025-10-31 10:42:14 - urllib3.connectionpool - DEBUG - https://tdilatam.freshdesk.com:443 "GET /api/v2/tickets/33208 HTTP/1.1" 200 None
2025-10-31 10:42:14 - urllib3.connectionpool - DEBUG - Starting new HTTPS connection (1): tdilatam.freshdesk.com:443
2025-10-31 10:42:15 - urllib3.connectionpool - DEBUG - https://tdilatam.freshdesk.com:443 "GET /api/v2/tickets/33209 HTTP/1.1" 200 None
2025-10-31 10:42:15 - urllib3.connectionpool - DEBUG - Starting new HTTPS connection (1): tdilatam.freshdesk.com:443
2025-10-31 10:42:15 - urllib3.connectionpool - DEBUG - https://tdilatam.freshdesk.com:443 "GET /api/v2/tickets/33210 HTTP/1.1" 200 None
2025-10-31 10:42:15 - urllib3.connectionpool - DEBUG - Starting new HTTPS connection (1): tdilatam.freshdesk.com:443
2025-10-31 10:42:16 - urllib3.connectionpool - DEBUG - https://tdilatam.freshdesk.com:443 "GET /api/v2/tickets/33211 HTTP/1.1" 200 None
2025-10-31 10:42:16 - urllib3.connectionpool - DEBUG - Starting new HTTPS connection (1): tdilatam.freshdesk.com:443
2025-10-31 10:42:17 - urllib3.connectionpool - DEBUG - https://tdilatam.freshdesk.com:443 "GET /api/v2/tickets/33212 HTTP/1.1" 200 None
2025-10-31 10:42:17 - urllib3.connectionpool - DEBUG - Starting new HTTPS connection (1): tdilatam.freshdesk.com:443
2025-10-31 10:42:18 - urllib3.connectionpool - DEBUG - https://tdilatam.freshdesk.com:443 "GET /api/v2/tickets/33213 HTTP/1.1" 200 None
2025-10-31 10:42:18 - urllib3.connectionpool - DEBUG - Starting new HTTPS connection (1): tdilatam.freshdesk.com:443
2025-10-31 10:42:19 - urllib3.connectionpool - DEBUG - https://tdilatam.freshdesk.com:443 "GET /api/v2/tickets/33214 HTTP/1.1" 200 None
2025-10-31 10:42:19 - urllib3.connectionpool - DEBUG - Starting new HTTPS connection (1): tdilatam.freshdesk.com:443
2025-10-31 10:42:19 - urllib3.connectionpool - DEBUG - https://tdilatam.freshdesk.com:443 "GET /api/v2/tickets/33215 HTTP/1.1" 200 None
2025-10-31 10:42:19 - urllib3.connectionpool - DEBUG - Starting new HTTPS connection (1): tdilatam.freshdesk.com:443
2025-10-31 10:42:20 - urllib3.connectionpool - DEBUG - https://tdilatam.freshdesk.com:443 "GET /api/v2/tickets/33224 HTTP/1.1" 200 None
2025-10-31 10:42:20 - urllib3.connectionpool - DEBUG - Starting new HTTPS connection (1): tdilatam.freshdesk.com:443
2025-10-31 10:42:21 - urllib3.connectionpool - DEBUG - https://tdilatam.freshdesk.com:443 "GET /api/v2/tickets/33225 HTTP/1.1" 200 None
2025-10-31 10:42:21 - urllib3.connectionpool - DEBUG - Starting new HTTPS connection (1): tdilatam.freshdesk.com:443
2025-10-31 10:42:22 - urllib3.connectionpool - DEBUG - https://tdilatam.freshdesk.com:443 "GET /api/v2/tickets/33226 HTTP/1.1" 200 None
2025-10-31 10:42:22 - urllib3.connectionpool - DEBUG - Starting new HTTPS connection (1): tdilatam.freshdesk.com:443
2025-10-31 10:42:23 - urllib3.connectionpool - DEBUG - https://tdilatam.freshdesk.com:443 "GET /api/v2/tickets/33227 HTTP/1.1" 200 None
2025-10-31 10:42:23 - urllib3.connectionpool - DEBUG - Starting new HTTPS connection (1): tdilatam.freshdesk.com:443
2025-10-31 10:42:24 - urllib3.connectionpool - DEBUG - https://tdilatam.freshdesk.com:443 "GET /api/v2/tickets/33234 HTTP/1.1" 200 None
2025-10-31 10:42:24 - urllib3.connectionpool - DEBUG - Starting new HTTPS connection (1): tdilatam.freshdesk.com:443
2025-10-31 10:42:24 - urllib3.connectionpool - DEBUG - https://tdilatam.freshdesk.com:443 "GET /api/v2/tickets/33235 HTTP/1.1" 200 None
2025-10-31 10:42:24 - urllib3.connectionpool - DEBUG - Starting new HTTPS connection (1): tdilatam.freshdesk.com:443
2025-10-31 10:42:25 - urllib3.connectionpool - DEBUG - https://tdilatam.freshdesk.com:443 "GET /api/v2/tickets/33236 HTTP/1.1" 200 None
2025-10-31 10:42:25 - urllib3.connectionpool - DEBUG - Starting new HTTPS connection (1): tdilatam.freshdesk.com:443
2025-10-31 10:42:26 - urllib3.connectionpool - DEBUG - https://tdilatam.freshdesk.com:443 "GET /api/v2/tickets/33237 HTTP/1.1" 200 None
2025-10-31 10:42:26 - urllib3.connectionpool - DEBUG - Starting new HTTPS connection (1): tdilatam.freshdesk.com:443
2025-10-31 10:42:27 - urllib3.connectionpool - DEBUG - https://tdilatam.freshdesk.com:443 "GET /api/v2/tickets/33238 HTTP/1.1" 200 None
2025-10-31 10:42:27 - urllib3.connectionpool - DEBUG - Starting new HTTPS connection (1): tdilatam.freshdesk.com:443
2025-10-31 10:42:27 - urllib3.connectionpool - DEBUG - https://tdilatam.freshdesk.com:443 "GET /api/v2/tickets/33239 HTTP/1.1" 200 None
2025-10-31 10:42:27 - urllib3.connectionpool - DEBUG - Starting new HTTPS connection (1): tdilatam.freshdesk.com:443
2025-10-31 10:42:28 - urllib3.connectionpool - DEBUG - https://tdilatam.freshdesk.com:443 "GET /api/v2/tickets/33245 HTTP/1.1" 200 None
2025-10-31 10:42:28 - urllib3.connectionpool - DEBUG - Starting new HTTPS connection (1): tdilatam.freshdesk.com:443
2025-10-31 10:42:29 - urllib3.connectionpool - DEBUG - https://tdilatam.freshdesk.com:443 "GET /api/v2/tickets/33247 HTTP/1.1" 200 None
2025-10-31 10:42:29 - urllib3.connectionpool - DEBUG - Starting new HTTPS connection (1): tdilatam.freshdesk.com:443
2025-10-31 10:42:30 - urllib3.connectionpool - DEBUG - https://tdilatam.freshdesk.com:443 "GET /api/v2/tickets/33248 HTTP/1.1" 200 None
2025-10-31 10:42:30 - urllib3.connectionpool - DEBUG - Starting new HTTPS connection (1): tdilatam.freshdesk.com:443
2025-10-31 10:42:31 - urllib3.connectionpool - DEBUG - https://tdilatam.freshdesk.com:443 "GET /api/v2/tickets/33250 HTTP/1.1" 200 None
2025-10-31 10:42:31 - urllib3.connectionpool - DEBUG - Starting new HTTPS connection (1): tdilatam.freshdesk.com:443
2025-10-31 10:42:32 - urllib3.connectionpool - DEBUG - https://tdilatam.freshdesk.com:443 "GET /api/v2/tickets/33254 HTTP/1.1" 200 None
2025-10-31 10:42:32 - urllib3.connectionpool - DEBUG - Starting new HTTPS connection (1): tdilatam.freshdesk.com:443
2025-10-31 10:42:32 - urllib3.connectionpool - DEBUG - https://tdilatam.freshdesk.com:443 "GET /api/v2/tickets/33255 HTTP/1.1" 200 None
2025-10-31 10:42:32 - urllib3.connectionpool - DEBUG - Starting new HTTPS connection (1): tdilatam.freshdesk.com:443
2025-10-31 10:42:33 - urllib3.connectionpool - DEBUG - https://tdilatam.freshdesk.com:443 "GET /api/v2/tickets/33258 HTTP/1.1" 200 None
2025-10-31 10:42:33 - urllib3.connectionpool - DEBUG - Starting new HTTPS connection (1): tdilatam.freshdesk.com:443
2025-10-31 10:42:34 - urllib3.connectionpool - DEBUG - https://tdilatam.freshdesk.com:443 "GET /api/v2/tickets/33259 HTTP/1.1" 200 None
2025-10-31 10:42:34 - urllib3.connectionpool - DEBUG - Starting new HTTPS connection (1): tdilatam.freshdesk.com:443
2025-10-31 10:42:35 - urllib3.connectionpool - DEBUG - https://tdilatam.freshdesk.com:443 "GET /api/v2/tickets/33260 HTTP/1.1" 200 None
2025-10-31 10:42:35 - urllib3.connectionpool - DEBUG - Starting new HTTPS connection (1): tdilatam.freshdesk.com:443
2025-10-31 10:42:36 - urllib3.connectionpool - DEBUG - https://tdilatam.freshdesk.com:443 "GET /api/v2/tickets/33263 HTTP/1.1" 200 None
2025-10-31 10:42:36 - urllib3.connectionpool - DEBUG - Starting new HTTPS connection (1): tdilatam.freshdesk.com:443
2025-10-31 10:42:37 - urllib3.connectionpool - DEBUG - https://tdilatam.freshdesk.com:443 "GET /api/v2/tickets/33264 HTTP/1.1" 200 None
2025-10-31 10:42:37 - urllib3.connectionpool - DEBUG - Starting new HTTPS connection (1): tdilatam.freshdesk.com:443
2025-10-31 10:42:38 - urllib3.connectionpool - DEBUG - https://tdilatam.freshdesk.com:443 "GET /api/v2/tickets/33266 HTTP/1.1" 200 None
2025-10-31 10:42:38 - urllib3.connectionpool - DEBUG - Starting new HTTPS connection (1): tdilatam.freshdesk.com:443
2025-10-31 10:42:40 - urllib3.connectionpool - DEBUG - https://tdilatam.freshdesk.com:443 "GET /api/v2/tickets/33267 HTTP/1.1" 200 None
2025-10-31 10:42:40 - urllib3.connectionpool - DEBUG - Starting new HTTPS connection (1): tdilatam.freshdesk.com:443
2025-10-31 10:42:41 - urllib3.connectionpool - DEBUG - https://tdilatam.freshdesk.com:443 "GET /api/v2/tickets/33268 HTTP/1.1" 200 None
2025-10-31 10:42:41 - urllib3.connectionpool - DEBUG - Starting new HTTPS connection (1): tdilatam.freshdesk.com:443
2025-10-31 10:42:42 - urllib3.connectionpool - DEBUG - https://tdilatam.freshdesk.com:443 "GET /api/v2/tickets/33269 HTTP/1.1" 200 None
2025-10-31 10:42:42 - urllib3.connectionpool - DEBUG - Starting new HTTPS connection (1): tdilatam.freshdesk.com:443
2025-10-31 10:42:43 - urllib3.connectionpool - DEBUG - https://tdilatam.freshdesk.com:443 "GET /api/v2/tickets/33272 HTTP/1.1" 200 None
2025-10-31 10:42:43 - urllib3.connectionpool - DEBUG - Starting new HTTPS connection (1): tdilatam.freshdesk.com:443
2025-10-31 10:42:43 - urllib3.connectionpool - DEBUG - https://tdilatam.freshdesk.com:443 "GET /api/v2/tickets/33275 HTTP/1.1" 200 None
2025-10-31 10:42:43 - urllib3.connectionpool - DEBUG - Starting new HTTPS connection (1): tdilatam.freshdesk.com:443
2025-10-31 10:42:44 - urllib3.connectionpool - DEBUG - https://tdilatam.freshdesk.com:443 "GET /api/v2/tickets/33279 HTTP/1.1" 200 None
2025-10-31 10:42:44 - urllib3.connectionpool - DEBUG - Starting new HTTPS connection (1): tdilatam.freshdesk.com:443
2025-10-31 10:42:45 - urllib3.connectionpool - DEBUG - https://tdilatam.freshdesk.com:443 "GET /api/v2/tickets/33297 HTTP/1.1" 200 None
2025-10-31 10:42:45 - urllib3.connectionpool - DEBUG - Starting new HTTPS connection (1): tdilatam.freshdesk.com:443
2025-10-31 10:42:46 - urllib3.connectionpool - DEBUG - https://tdilatam.freshdesk.com:443 "GET /api/v2/tickets/33299 HTTP/1.1" 200 None
2025-10-31 10:42:46 - urllib3.connectionpool - DEBUG - Starting new HTTPS connection (1): tdilatam.freshdesk.com:443
2025-10-31 10:42:46 - urllib3.connectionpool - DEBUG - https://tdilatam.freshdesk.com:443 "GET /api/v2/tickets/33302 HTTP/1.1" 200 None
2025-10-31 10:42:47 - urllib3.connectionpool - DEBUG - Starting new HTTPS connection (1): tdilatam.freshdesk.com:443
2025-10-31 10:42:47 - urllib3.connectionpool - DEBUG - https://tdilatam.freshdesk.com:443 "GET /api/v2/tickets/33304 HTTP/1.1" 200 None
2025-10-31 10:42:47 - urllib3.connectionpool - DEBUG - Starting new HTTPS connection (1): tdilatam.freshdesk.com:443
2025-10-31 10:42:48 - urllib3.connectionpool - DEBUG - https://tdilatam.freshdesk.com:443 "GET /api/v2/tickets/33305 HTTP/1.1" 200 None
2025-10-31 10:42:48 - urllib3.connectionpool - DEBUG - Starting new HTTPS connection (1): tdilatam.freshdesk.com:443
2025-10-31 10:42:49 - urllib3.connectionpool - DEBUG - https://tdilatam.freshdesk.com:443 "GET /api/v2/tickets/33306 HTTP/1.1" 200 None
2025-10-31 10:42:49 - urllib3.connectionpool - DEBUG - Starting new HTTPS connection (1): tdilatam.freshdesk.com:443
2025-10-31 10:42:50 - urllib3.connectionpool - DEBUG - https://tdilatam.freshdesk.com:443 "GET /api/v2/tickets/33310 HTTP/1.1" 200 None
2025-10-31 10:42:50 - urllib3.connectionpool - DEBUG - Starting new HTTPS connection (1): tdilatam.freshdesk.com:443
2025-10-31 10:42:50 - urllib3.connectionpool - DEBUG - https://tdilatam.freshdesk.com:443 "GET /api/v2/tickets/33311 HTTP/1.1" 200 None
2025-10-31 10:42:50 - urllib3.connectionpool - DEBUG - Starting new HTTPS connection (1): tdilatam.freshdesk.com:443
2025-10-31 10:42:51 - urllib3.connectionpool - DEBUG - https://tdilatam.freshdesk.com:443 "GET /api/v2/tickets/33334 HTTP/1.1" 200 None
2025-10-31 10:42:51 - urllib3.connectionpool - DEBUG - Starting new HTTPS connection (1): tdilatam.freshdesk.com:443
2025-10-31 10:42:52 - urllib3.connectionpool - DEBUG - https://tdilatam.freshdesk.com:443 "GET /api/v2/tickets/33335 HTTP/1.1" 200 None
2025-10-31 10:42:52 - urllib3.connectionpool - DEBUG - Starting new HTTPS connection (1): tdilatam.freshdesk.com:443
2025-10-31 10:42:53 - urllib3.connectionpool - DEBUG - https://tdilatam.freshdesk.com:443 "GET /api/v2/tickets/33338 HTTP/1.1" 200 None
2025-10-31 10:42:53 - urllib3.connectionpool - DEBUG - Starting new HTTPS connection (1): tdilatam.freshdesk.com:443
2025-10-31 10:42:53 - urllib3.connectionpool - DEBUG - https://tdilatam.freshdesk.com:443 "GET /api/v2/tickets/33339 HTTP/1.1" 200 None
2025-10-31 10:42:54 - urllib3.connectionpool - DEBUG - Starting new HTTPS connection (1): tdilatam.freshdesk.com:443
2025-10-31 10:42:54 - urllib3.connectionpool - DEBUG - https://tdilatam.freshdesk.com:443 "GET /api/v2/tickets/33340 HTTP/1.1" 200 None
2025-10-31 10:42:54 - urllib3.connectionpool - DEBUG - Starting new HTTPS connection (1): tdilatam.freshdesk.com:443
2025-10-31 10:42:55 - urllib3.connectionpool - DEBUG - https://tdilatam.freshdesk.com:443 "GET /api/v2/tickets/33341 HTTP/1.1" 200 None
2025-10-31 10:42:55 - urllib3.connectionpool - DEBUG - Starting new HTTPS connection (1): tdilatam.freshdesk.com:443
2025-10-31 10:42:56 - urllib3.connectionpool - DEBUG - https://tdilatam.freshdesk.com:443 "GET /api/v2/tickets/33350 HTTP/1.1" 200 None
2025-10-31 10:42:56 - urllib3.connectionpool - DEBUG - Starting new HTTPS connection (1): tdilatam.freshdesk.com:443
2025-10-31 10:42:57 - urllib3.connectionpool - DEBUG - https://tdilatam.freshdesk.com:443 "GET /api/v2/tickets/33353 HTTP/1.1" 200 None
2025-10-31 10:42:57 - urllib3.connectionpool - DEBUG - Starting new HTTPS connection (1): tdilatam.freshdesk.com:443
2025-10-31 10:42:57 - urllib3.connectionpool - DEBUG - https://tdilatam.freshdesk.com:443 "GET /api/v2/tickets/33356 HTTP/1.1" 200 None
2025-10-31 10:42:57 - urllib3.connectionpool - DEBUG - Starting new HTTPS connection (1): tdilatam.freshdesk.com:443
2025-10-31 10:42:58 - urllib3.connectionpool - DEBUG - https://tdilatam.freshdesk.com:443 "GET /api/v2/tickets/33357 HTTP/1.1" 200 None
2025-10-31 10:42:58 - urllib3.connectionpool - DEBUG - Starting new HTTPS connection (1): tdilatam.freshdesk.com:443
2025-10-31 10:42:59 - urllib3.connectionpool - DEBUG - https://tdilatam.freshdesk.com:443 "GET /api/v2/tickets/33360 HTTP/1.1" 200 None
2025-10-31 10:42:59 - urllib3.connectionpool - DEBUG - Starting new HTTPS connection (1): tdilatam.freshdesk.com:443
2025-10-31 10:43:00 - urllib3.connectionpool - DEBUG - https://tdilatam.freshdesk.com:443 "GET /api/v2/tickets/33362 HTTP/1.1" 200 None
2025-10-31 10:43:00 - urllib3.connectionpool - DEBUG - Starting new HTTPS connection (1): tdilatam.freshdesk.com:443
2025-10-31 10:43:01 - urllib3.connectionpool - DEBUG - https://tdilatam.freshdesk.com:443 "GET /api/v2/tickets/33363 HTTP/1.1" 200 None
2025-10-31 10:43:01 - urllib3.connectionpool - DEBUG - Starting new HTTPS connection (1): tdilatam.freshdesk.com:443
2025-10-31 10:43:02 - urllib3.connectionpool - DEBUG - https://tdilatam.freshdesk.com:443 "GET /api/v2/tickets/33365 HTTP/1.1" 200 None
2025-10-31 10:43:02 - urllib3.connectionpool - DEBUG - Starting new HTTPS connection (1): tdilatam.freshdesk.com:443
2025-10-31 10:43:03 - urllib3.connectionpool - DEBUG - https://tdilatam.freshdesk.com:443 "GET /api/v2/tickets/33366 HTTP/1.1" 200 None
2025-10-31 10:43:03 - urllib3.connectionpool - DEBUG - Starting new HTTPS connection (1): tdilatam.freshdesk.com:443
2025-10-31 10:43:03 - urllib3.connectionpool - DEBUG - https://tdilatam.freshdesk.com:443 "GET /api/v2/tickets/33367 HTTP/1.1" 200 None
2025-10-31 10:43:03 - urllib3.connectionpool - DEBUG - Starting new HTTPS connection (1): tdilatam.freshdesk.com:443
2025-10-31 10:43:05 - urllib3.connectionpool - DEBUG - https://tdilatam.freshdesk.com:443 "GET /api/v2/tickets/33368 HTTP/1.1" 200 None
2025-10-31 10:43:05 - urllib3.connectionpool - DEBUG - Starting new HTTPS connection (1): tdilatam.freshdesk.com:443
2025-10-31 10:43:06 - urllib3.connectionpool - DEBUG - https://tdilatam.freshdesk.com:443 "GET /api/v2/tickets/33371 HTTP/1.1" 200 None
2025-10-31 10:43:06 - urllib3.connectionpool - DEBUG - Starting new HTTPS connection (1): tdilatam.freshdesk.com:443
2025-10-31 10:43:07 - urllib3.connectionpool - DEBUG - https://tdilatam.freshdesk.com:443 "GET /api/v2/tickets/33372 HTTP/1.1" 200 None
2025-10-31 10:43:07 - urllib3.connectionpool - DEBUG - Starting new HTTPS connection (1): tdilatam.freshdesk.com:443
2025-10-31 10:43:07 - urllib3.connectionpool - DEBUG - https://tdilatam.freshdesk.com:443 "GET /api/v2/tickets/33373 HTTP/1.1" 200 None
2025-10-31 10:43:08 - urllib3.connectionpool - DEBUG - Starting new HTTPS connection (1): tdilatam.freshdesk.com:443
2025-10-31 10:43:08 - urllib3.connectionpool - DEBUG - https://tdilatam.freshdesk.com:443 "GET /api/v2/tickets/33385 HTTP/1.1" 200 None
2025-10-31 10:43:08 - urllib3.connectionpool - DEBUG - Starting new HTTPS connection (1): tdilatam.freshdesk.com:443
2025-10-31 10:43:09 - urllib3.connectionpool - DEBUG - https://tdilatam.freshdesk.com:443 "GET /api/v2/tickets/33386 HTTP/1.1" 200 None
2025-10-31 10:43:10 - urllib3.connectionpool - DEBUG - Starting new HTTPS connection (1): tdilatam.freshdesk.com:443
2025-10-31 10:43:11 - urllib3.connectionpool - DEBUG - https://tdilatam.freshdesk.com:443 "GET /api/v2/tickets/33389 HTTP/1.1" 200 None
2025-10-31 10:43:11 - urllib3.connectionpool - DEBUG - Starting new HTTPS connection (1): tdilatam.freshdesk.com:443
2025-10-31 10:43:12 - urllib3.connectionpool - DEBUG - https://tdilatam.freshdesk.com:443 "GET /api/v2/tickets/33392 HTTP/1.1" 200 None
2025-10-31 10:43:12 - urllib3.connectionpool - DEBUG - Starting new HTTPS connection (1): tdilatam.freshdesk.com:443
2025-10-31 10:43:12 - urllib3.connectionpool - DEBUG - https://tdilatam.freshdesk.com:443 "GET /api/v2/tickets/33394 HTTP/1.1" 200 None
2025-10-31 10:43:13 - urllib3.connectionpool - DEBUG - Starting new HTTPS connection (1): tdilatam.freshdesk.com:443
2025-10-31 10:43:14 - urllib3.connectionpool - DEBUG - https://tdilatam.freshdesk.com:443 "GET /api/v2/tickets/33395 HTTP/1.1" 200 None
2025-10-31 10:43:14 - urllib3.connectionpool - DEBUG - Starting new HTTPS connection (1): tdilatam.freshdesk.com:443
2025-10-31 10:43:15 - urllib3.connectionpool - DEBUG - https://tdilatam.freshdesk.com:443 "GET /api/v2/tickets/33397 HTTP/1.1" 200 None
2025-10-31 10:43:15 - urllib3.connectionpool - DEBUG - Starting new HTTPS connection (1): tdilatam.freshdesk.com:443
2025-10-31 10:43:16 - urllib3.connectionpool - DEBUG - https://tdilatam.freshdesk.com:443 "GET /api/v2/tickets/33401 HTTP/1.1" 200 None
2025-10-31 10:43:16 - urllib3.connectionpool - DEBUG - Starting new HTTPS connection (1): tdilatam.freshdesk.com:443
2025-10-31 10:43:17 - urllib3.connectionpool - DEBUG - https://tdilatam.freshdesk.com:443 "GET /api/v2/tickets/33402 HTTP/1.1" 200 None
2025-10-31 10:43:17 - urllib3.connectionpool - DEBUG - Starting new HTTPS connection (1): tdilatam.freshdesk.com:443
2025-10-31 10:43:17 - urllib3.connectionpool - DEBUG - https://tdilatam.freshdesk.com:443 "GET /api/v2/tickets/33408 HTTP/1.1" 200 None
2025-10-31 10:43:17 - urllib3.connectionpool - DEBUG - Starting new HTTPS connection (1): tdilatam.freshdesk.com:443
2025-10-31 10:43:18 - urllib3.connectionpool - DEBUG - https://tdilatam.freshdesk.com:443 "GET /api/v2/tickets/33414 HTTP/1.1" 200 None
2025-10-31 10:43:18 - urllib3.connectionpool - DEBUG - Starting new HTTPS connection (1): tdilatam.freshdesk.com:443
2025-10-31 10:43:19 - urllib3.connectionpool - DEBUG - https://tdilatam.freshdesk.com:443 "GET /api/v2/tickets/33417 HTTP/1.1" 200 None
2025-10-31 10:43:19 - urllib3.connectionpool - DEBUG - Starting new HTTPS connection (1): tdilatam.freshdesk.com:443
2025-10-31 10:43:20 - urllib3.connectionpool - DEBUG - https://tdilatam.freshdesk.com:443 "GET /api/v2/tickets/33418 HTTP/1.1" 200 None
2025-10-31 10:43:20 - urllib3.connectionpool - DEBUG - Starting new HTTPS connection (1): tdilatam.freshdesk.com:443
2025-10-31 10:43:21 - urllib3.connectionpool - DEBUG - https://tdilatam.freshdesk.com:443 "GET /api/v2/tickets/33419 HTTP/1.1" 200 None
2025-10-31 10:43:21 - urllib3.connectionpool - DEBUG - Starting new HTTPS connection (1): tdilatam.freshdesk.com:443
2025-10-31 10:43:22 - urllib3.connectionpool - DEBUG - https://tdilatam.freshdesk.com:443 "GET /api/v2/tickets/33422 HTTP/1.1" 200 None
2025-10-31 10:43:22 - urllib3.connectionpool - DEBUG - Starting new HTTPS connection (1): tdilatam.freshdesk.com:443
2025-10-31 10:43:23 - urllib3.connectionpool - DEBUG - https://tdilatam.freshdesk.com:443 "GET /api/v2/tickets/33423 HTTP/1.1" 200 None
2025-10-31 10:43:23 - urllib3.connectionpool - DEBUG - Starting new HTTPS connection (1): tdilatam.freshdesk.com:443
2025-10-31 10:43:24 - urllib3.connectionpool - DEBUG - https://tdilatam.freshdesk.com:443 "GET /api/v2/tickets/33425 HTTP/1.1" 200 None
2025-10-31 10:43:24 - urllib3.connectionpool - DEBUG - Starting new HTTPS connection (1): tdilatam.freshdesk.com:443
2025-10-31 10:43:26 - urllib3.connectionpool - DEBUG - https://tdilatam.freshdesk.com:443 "GET /api/v2/tickets/33426 HTTP/1.1" 200 None
2025-10-31 10:43:26 - urllib3.connectionpool - DEBUG - Starting new HTTPS connection (1): tdilatam.freshdesk.com:443
2025-10-31 10:43:28 - urllib3.connectionpool - DEBUG - https://tdilatam.freshdesk.com:443 "GET /api/v2/tickets/33429 HTTP/1.1" 200 None
2025-10-31 10:43:28 - urllib3.connectionpool - DEBUG - Starting new HTTPS connection (1): tdilatam.freshdesk.com:443
2025-10-31 10:43:28 - urllib3.connectionpool - DEBUG - https://tdilatam.freshdesk.com:443 "GET /api/v2/tickets/33432 HTTP/1.1" 200 None
2025-10-31 10:43:28 - urllib3.connectionpool - DEBUG - Starting new HTTPS connection (1): tdilatam.freshdesk.com:443
2025-10-31 10:43:29 - urllib3.connectionpool - DEBUG - https://tdilatam.freshdesk.com:443 "GET /api/v2/tickets/33433 HTTP/1.1" 200 None
2025-10-31 10:43:29 - urllib3.connectionpool - DEBUG - Starting new HTTPS connection (1): tdilatam.freshdesk.com:443
2025-10-31 10:43:30 - urllib3.connectionpool - DEBUG - https://tdilatam.freshdesk.com:443 "GET /api/v2/tickets/33434 HTTP/1.1" 200 None
2025-10-31 10:43:30 - urllib3.connectionpool - DEBUG - Starting new HTTPS connection (1): tdilatam.freshdesk.com:443
2025-10-31 10:43:31 - urllib3.connectionpool - DEBUG - https://tdilatam.freshdesk.com:443 "GET /api/v2/tickets/33435 HTTP/1.1" 200 None
2025-10-31 10:43:31 - urllib3.connectionpool - DEBUG - Starting new HTTPS connection (1): tdilatam.freshdesk.com:443
2025-10-31 10:43:32 - urllib3.connectionpool - DEBUG - https://tdilatam.freshdesk.com:443 "GET /api/v2/tickets/33436 HTTP/1.1" 200 None
2025-10-31 10:43:32 - urllib3.connectionpool - DEBUG - Starting new HTTPS connection (1): tdilatam.freshdesk.com:443
2025-10-31 10:43:32 - urllib3.connectionpool - DEBUG - https://tdilatam.freshdesk.com:443 "GET /api/v2/tickets/33437 HTTP/1.1" 200 None
2025-10-31 10:43:32 - urllib3.connectionpool - DEBUG - Starting new HTTPS connection (1): tdilatam.freshdesk.com:443
2025-10-31 10:43:34 - urllib3.connectionpool - DEBUG - https://tdilatam.freshdesk.com:443 "GET /api/v2/tickets/33440 HTTP/1.1" 200 None
2025-10-31 10:43:34 - urllib3.connectionpool - DEBUG - Starting new HTTPS connection (1): tdilatam.freshdesk.com:443
2025-10-31 10:43:35 - urllib3.connectionpool - DEBUG - https://tdilatam.freshdesk.com:443 "GET /api/v2/tickets/33441 HTTP/1.1" 200 None
2025-10-31 10:43:35 - urllib3.connectionpool - DEBUG - Starting new HTTPS connection (1): tdilatam.freshdesk.com:443
2025-10-31 10:43:36 - urllib3.connectionpool - DEBUG - https://tdilatam.freshdesk.com:443 "GET /api/v2/tickets/33446 HTTP/1.1" 200 None
2025-10-31 10:43:36 - urllib3.connectionpool - DEBUG - Starting new HTTPS connection (1): tdilatam.freshdesk.com:443
2025-10-31 10:43:37 - urllib3.connectionpool - DEBUG - https://tdilatam.freshdesk.com:443 "GET /api/v2/tickets/33447 HTTP/1.1" 200 None
2025-10-31 10:43:37 - urllib3.connectionpool - DEBUG - Starting new HTTPS connection (1): tdilatam.freshdesk.com:443
2025-10-31 10:43:38 - urllib3.connectionpool - DEBUG - https://tdilatam.freshdesk.com:443 "GET /api/v2/tickets/33448 HTTP/1.1" 200 None
2025-10-31 10:43:38 - urllib3.connectionpool - DEBUG - Starting new HTTPS connection (1): tdilatam.freshdesk.com:443
2025-10-31 10:43:39 - urllib3.connectionpool - DEBUG - https://tdilatam.freshdesk.com:443 "GET /api/v2/tickets/33449 HTTP/1.1" 200 None
2025-10-31 10:43:39 - urllib3.connectionpool - DEBUG - Starting new HTTPS connection (1): tdilatam.freshdesk.com:443
2025-10-31 10:43:40 - urllib3.connectionpool - DEBUG - https://tdilatam.freshdesk.com:443 "GET /api/v2/tickets/33450 HTTP/1.1" 200 None
2025-10-31 10:43:40 - urllib3.connectionpool - DEBUG - Starting new HTTPS connection (1): tdilatam.freshdesk.com:443
2025-10-31 10:43:41 - urllib3.connectionpool - DEBUG - https://tdilatam.freshdesk.com:443 "GET /api/v2/tickets/33451 HTTP/1.1" 200 None
2025-10-31 10:43:41 - urllib3.connectionpool - DEBUG - Starting new HTTPS connection (1): tdilatam.freshdesk.com:443
2025-10-31 10:43:42 - urllib3.connectionpool - DEBUG - https://tdilatam.freshdesk.com:443 "GET /api/v2/tickets/33453 HTTP/1.1" 200 None
2025-10-31 10:43:42 - urllib3.connectionpool - DEBUG - Starting new HTTPS connection (1): tdilatam.freshdesk.com:443
2025-10-31 10:43:42 - urllib3.connectionpool - DEBUG - https://tdilatam.freshdesk.com:443 "GET /api/v2/tickets/33458 HTTP/1.1" 200 None
2025-10-31 10:43:43 - urllib3.connectionpool - DEBUG - Starting new HTTPS connection (1): tdilatam.freshdesk.com:443
2025-10-31 10:43:43 - urllib3.connectionpool - DEBUG - https://tdilatam.freshdesk.com:443 "GET /api/v2/tickets/33461 HTTP/1.1" 200 None
2025-10-31 10:43:43 - urllib3.connectionpool - DEBUG - Starting new HTTPS connection (1): tdilatam.freshdesk.com:443
2025-10-31 10:43:44 - urllib3.connectionpool - DEBUG - https://tdilatam.freshdesk.com:443 "GET /api/v2/tickets/33464 HTTP/1.1" 200 None
2025-10-31 10:43:44 - urllib3.connectionpool - DEBUG - Starting new HTTPS connection (1): tdilatam.freshdesk.com:443
2025-10-31 10:43:45 - urllib3.connectionpool - DEBUG - https://tdilatam.freshdesk.com:443 "GET /api/v2/tickets/33465 HTTP/1.1" 200 None
2025-10-31 10:43:45 - urllib3.connectionpool - DEBUG - Starting new HTTPS connection (1): tdilatam.freshdesk.com:443
2025-10-31 10:43:46 - urllib3.connectionpool - DEBUG - https://tdilatam.freshdesk.com:443 "GET /api/v2/tickets/33466 HTTP/1.1" 200 None
2025-10-31 10:43:46 - urllib3.connectionpool - DEBUG - Starting new HTTPS connection (1): tdilatam.freshdesk.com:443
2025-10-31 10:43:47 - urllib3.connectionpool - DEBUG - https://tdilatam.freshdesk.com:443 "GET /api/v2/tickets/33470 HTTP/1.1" 200 None
2025-10-31 10:43:47 - urllib3.connectionpool - DEBUG - Starting new HTTPS connection (1): tdilatam.freshdesk.com:443
2025-10-31 10:43:48 - urllib3.connectionpool - DEBUG - https://tdilatam.freshdesk.com:443 "GET /api/v2/tickets/33471 HTTP/1.1" 200 None
2025-10-31 10:43:48 - urllib3.connectionpool - DEBUG - Starting new HTTPS connection (1): tdilatam.freshdesk.com:443
2025-10-31 10:43:49 - urllib3.connectionpool - DEBUG - https://tdilatam.freshdesk.com:443 "GET /api/v2/tickets/33473 HTTP/1.1" 200 None
2025-10-31 10:43:49 - urllib3.connectionpool - DEBUG - Starting new HTTPS connection (1): tdilatam.freshdesk.com:443
2025-10-31 10:43:49 - urllib3.connectionpool - DEBUG - https://tdilatam.freshdesk.com:443 "GET /api/v2/tickets/33475 HTTP/1.1" 200 None
2025-10-31 10:43:49 - urllib3.connectionpool - DEBUG - Starting new HTTPS connection (1): tdilatam.freshdesk.com:443
2025-10-31 10:43:50 - urllib3.connectionpool - DEBUG - https://tdilatam.freshdesk.com:443 "GET /api/v2/tickets/33476 HTTP/1.1" 200 None
2025-10-31 10:43:50 - urllib3.connectionpool - DEBUG - Starting new HTTPS connection (1): tdilatam.freshdesk.com:443
2025-10-31 10:43:51 - urllib3.connectionpool - DEBUG - https://tdilatam.freshdesk.com:443 "GET /api/v2/tickets/33478 HTTP/1.1" 200 None
2025-10-31 10:43:51 - urllib3.connectionpool - DEBUG - Starting new HTTPS connection (1): tdilatam.freshdesk.com:443
2025-10-31 10:43:52 - urllib3.connectionpool - DEBUG - https://tdilatam.freshdesk.com:443 "GET /api/v2/tickets/33480 HTTP/1.1" 200 None
2025-10-31 10:43:52 - urllib3.connectionpool - DEBUG - Starting new HTTPS connection (1): tdilatam.freshdesk.com:443
2025-10-31 10:43:53 - urllib3.connectionpool - DEBUG - https://tdilatam.freshdesk.com:443 "GET /api/v2/tickets/33491 HTTP/1.1" 200 None
2025-10-31 10:43:53 - urllib3.connectionpool - DEBUG - Starting new HTTPS connection (1): tdilatam.freshdesk.com:443
2025-10-31 10:43:54 - urllib3.connectionpool - DEBUG - https://tdilatam.freshdesk.com:443 "GET /api/v2/tickets/33494 HTTP/1.1" 200 None
2025-10-31 10:43:54 - urllib3.connectionpool - DEBUG - Starting new HTTPS connection (1): tdilatam.freshdesk.com:443
2025-10-31 10:43:55 - urllib3.connectionpool - DEBUG - https://tdilatam.freshdesk.com:443 "GET /api/v2/tickets/33495 HTTP/1.1" 200 None
2025-10-31 10:43:55 - urllib3.connectionpool - DEBUG - Starting new HTTPS connection (1): tdilatam.freshdesk.com:443
2025-10-31 10:43:55 - urllib3.connectionpool - DEBUG - https://tdilatam.freshdesk.com:443 "GET /api/v2/tickets/33496 HTTP/1.1" 200 None
2025-10-31 10:43:55 - urllib3.connectionpool - DEBUG - Starting new HTTPS connection (1): tdilatam.freshdesk.com:443
2025-10-31 10:43:56 - urllib3.connectionpool - DEBUG - https://tdilatam.freshdesk.com:443 "GET /api/v2/tickets/33497 HTTP/1.1" 200 None
2025-10-31 10:43:56 - urllib3.connectionpool - DEBUG - Starting new HTTPS connection (1): tdilatam.freshdesk.com:443
2025-10-31 10:43:57 - urllib3.connectionpool - DEBUG - https://tdilatam.freshdesk.com:443 "GET /api/v2/tickets/33501 HTTP/1.1" 200 None
2025-10-31 10:43:58 - urllib3.connectionpool - DEBUG - Starting new HTTPS connection (1): tdilatam.freshdesk.com:443
2025-10-31 10:43:58 - urllib3.connectionpool - DEBUG - https://tdilatam.freshdesk.com:443 "GET /api/v2/tickets/33502 HTTP/1.1" 200 None
2025-10-31 10:43:58 - urllib3.connectionpool - DEBUG - Starting new HTTPS connection (1): tdilatam.freshdesk.com:443
2025-10-31 10:43:59 - urllib3.connectionpool - DEBUG - https://tdilatam.freshdesk.com:443 "GET /api/v2/tickets/33503 HTTP/1.1" 200 None
2025-10-31 10:43:59 - urllib3.connectionpool - DEBUG - Starting new HTTPS connection (1): tdilatam.freshdesk.com:443
2025-10-31 10:44:00 - urllib3.connectionpool - DEBUG - https://tdilatam.freshdesk.com:443 "GET /api/v2/tickets/33504 HTTP/1.1" 200 None
2025-10-31 10:44:00 - urllib3.connectionpool - DEBUG - Starting new HTTPS connection (1): tdilatam.freshdesk.com:443
2025-10-31 10:44:01 - urllib3.connectionpool - DEBUG - https://tdilatam.freshdesk.com:443 "GET /api/v2/tickets/33505 HTTP/1.1" 200 None
2025-10-31 10:44:01 - urllib3.connectionpool - DEBUG - Starting new HTTPS connection (1): tdilatam.freshdesk.com:443
2025-10-31 10:44:01 - urllib3.connectionpool - DEBUG - https://tdilatam.freshdesk.com:443 "GET /api/v2/tickets/33506 HTTP/1.1" 200 None
2025-10-31 10:44:02 - urllib3.connectionpool - DEBUG - Starting new HTTPS connection (1): tdilatam.freshdesk.com:443
2025-10-31 10:44:02 - urllib3.connectionpool - DEBUG - https://tdilatam.freshdesk.com:443 "GET /api/v2/tickets/33509 HTTP/1.1" 200 None
2025-10-31 10:44:02 - urllib3.connectionpool - DEBUG - Starting new HTTPS connection (1): tdilatam.freshdesk.com:443
2025-10-31 10:44:03 - urllib3.connectionpool - DEBUG - https://tdilatam.freshdesk.com:443 "GET /api/v2/tickets/33510 HTTP/1.1" 200 None
2025-10-31 10:44:03 - urllib3.connectionpool - DEBUG - Starting new HTTPS connection (1): tdilatam.freshdesk.com:443
2025-10-31 10:44:04 - urllib3.connectionpool - DEBUG - https://tdilatam.freshdesk.com:443 "GET /api/v2/tickets/33511 HTTP/1.1" 200 None
2025-10-31 10:44:04 - urllib3.connectionpool - DEBUG - Starting new HTTPS connection (1): tdilatam.freshdesk.com:443
2025-10-31 10:44:05 - urllib3.connectionpool - DEBUG - https://tdilatam.freshdesk.com:443 "GET /api/v2/tickets/33512 HTTP/1.1" 200 None
2025-10-31 10:44:05 - urllib3.connectionpool - DEBUG - Starting new HTTPS connection (1): tdilatam.freshdesk.com:443
2025-10-31 10:44:05 - urllib3.connectionpool - DEBUG - https://tdilatam.freshdesk.com:443 "GET /api/v2/tickets/33513 HTTP/1.1" 200 None
2025-10-31 10:44:05 - urllib3.connectionpool - DEBUG - Starting new HTTPS connection (1): tdilatam.freshdesk.com:443
2025-10-31 10:44:06 - urllib3.connectionpool - DEBUG - https://tdilatam.freshdesk.com:443 "GET /api/v2/tickets/33514 HTTP/1.1" 200 None
2025-10-31 10:44:06 - urllib3.connectionpool - DEBUG - Starting new HTTPS connection (1): tdilatam.freshdesk.com:443
2025-10-31 10:44:07 - urllib3.connectionpool - DEBUG - https://tdilatam.freshdesk.com:443 "GET /api/v2/tickets/33516 HTTP/1.1" 200 None
2025-10-31 10:44:07 - urllib3.connectionpool - DEBUG - Starting new HTTPS connection (1): tdilatam.freshdesk.com:443
2025-10-31 10:44:08 - urllib3.connectionpool - DEBUG - https://tdilatam.freshdesk.com:443 "GET /api/v2/tickets/33517 HTTP/1.1" 200 None
2025-10-31 10:44:08 - urllib3.connectionpool - DEBUG - Starting new HTTPS connection (1): tdilatam.freshdesk.com:443
2025-10-31 10:44:09 - urllib3.connectionpool - DEBUG - https://tdilatam.freshdesk.com:443 "GET /api/v2/tickets/33522 HTTP/1.1" 200 None
2025-10-31 10:44:09 - urllib3.connectionpool - DEBUG - Starting new HTTPS connection (1): tdilatam.freshdesk.com:443
2025-10-31 10:44:09 - urllib3.connectionpool - DEBUG - https://tdilatam.freshdesk.com:443 "GET /api/v2/tickets/33523 HTTP/1.1" 200 None
2025-10-31 10:44:09 - urllib3.connectionpool - DEBUG - Starting new HTTPS connection (1): tdilatam.freshdesk.com:443
2025-10-31 10:44:10 - urllib3.connectionpool - DEBUG - https://tdilatam.freshdesk.com:443 "GET /api/v2/tickets/33524 HTTP/1.1" 200 None
2025-10-31 10:44:10 - urllib3.connectionpool - DEBUG - Starting new HTTPS connection (1): tdilatam.freshdesk.com:443
2025-10-31 10:44:11 - urllib3.connectionpool - DEBUG - https://tdilatam.freshdesk.com:443 "GET /api/v2/tickets/33525 HTTP/1.1" 200 None
2025-10-31 10:44:11 - urllib3.connectionpool - DEBUG - Starting new HTTPS connection (1): tdilatam.freshdesk.com:443
2025-10-31 10:44:12 - urllib3.connectionpool - DEBUG - https://tdilatam.freshdesk.com:443 "GET /api/v2/tickets/33526 HTTP/1.1" 200 None
2025-10-31 10:44:12 - urllib3.connectionpool - DEBUG - Starting new HTTPS connection (1): tdilatam.freshdesk.com:443
2025-10-31 10:44:13 - urllib3.connectionpool - DEBUG - https://tdilatam.freshdesk.com:443 "GET /api/v2/tickets/33527 HTTP/1.1" 200 None
2025-10-31 10:44:13 - urllib3.connectionpool - DEBUG - Starting new HTTPS connection (1): tdilatam.freshdesk.com:443
2025-10-31 10:44:15 - urllib3.connectionpool - DEBUG - https://tdilatam.freshdesk.com:443 "GET /api/v2/tickets/33529 HTTP/1.1" 200 None
2025-10-31 10:44:15 - urllib3.connectionpool - DEBUG - Starting new HTTPS connection (1): tdilatam.freshdesk.com:443
2025-10-31 10:44:15 - urllib3.connectionpool - DEBUG - https://tdilatam.freshdesk.com:443 "GET /api/v2/tickets/33531 HTTP/1.1" 200 None
2025-10-31 10:44:16 - urllib3.connectionpool - DEBUG - Starting new HTTPS connection (1): tdilatam.freshdesk.com:443
2025-10-31 10:44:16 - urllib3.connectionpool - DEBUG - https://tdilatam.freshdesk.com:443 "GET /api/v2/tickets/33533 HTTP/1.1" 200 None
2025-10-31 10:44:16 - urllib3.connectionpool - DEBUG - Starting new HTTPS connection (1): tdilatam.freshdesk.com:443
2025-10-31 10:44:17 - urllib3.connectionpool - DEBUG - https://tdilatam.freshdesk.com:443 "GET /api/v2/tickets/33535 HTTP/1.1" 200 None
2025-10-31 10:44:17 - urllib3.connectionpool - DEBUG - Starting new HTTPS connection (1): tdilatam.freshdesk.com:443
2025-10-31 10:44:18 - urllib3.connectionpool - DEBUG - https://tdilatam.freshdesk.com:443 "GET /api/v2/tickets/33536 HTTP/1.1" 200 None
2025-10-31 10:44:18 - urllib3.connectionpool - DEBUG - Starting new HTTPS connection (1): tdilatam.freshdesk.com:443
2025-10-31 10:44:19 - urllib3.connectionpool - DEBUG - https://tdilatam.freshdesk.com:443 "GET /api/v2/tickets/33537 HTTP/1.1" 200 None
2025-10-31 10:44:19 - urllib3.connectionpool - DEBUG - Starting new HTTPS connection (1): tdilatam.freshdesk.com:443
2025-10-31 10:44:19 - urllib3.connectionpool - DEBUG - https://tdilatam.freshdesk.com:443 "GET /api/v2/tickets/33538 HTTP/1.1" 200 None
2025-10-31 10:44:19 - urllib3.connectionpool - DEBUG - Starting new HTTPS connection (1): tdilatam.freshdesk.com:443
2025-10-31 10:44:20 - urllib3.connectionpool - DEBUG - https://tdilatam.freshdesk.com:443 "GET /api/v2/tickets/33541 HTTP/1.1" 200 None
2025-10-31 10:44:20 - urllib3.connectionpool - DEBUG - Starting new HTTPS connection (1): tdilatam.freshdesk.com:443
2025-10-31 10:44:21 - urllib3.connectionpool - DEBUG - https://tdilatam.freshdesk.com:443 "GET /api/v2/tickets/33542 HTTP/1.1" 200 None
2025-10-31 10:44:21 - urllib3.connectionpool - DEBUG - Starting new HTTPS connection (1): tdilatam.freshdesk.com:443
2025-10-31 10:44:22 - urllib3.connectionpool - DEBUG - https://tdilatam.freshdesk.com:443 "GET /api/v2/tickets/33544 HTTP/1.1" 200 None
2025-10-31 10:44:22 - urllib3.connectionpool - DEBUG - Starting new HTTPS connection (1): tdilatam.freshdesk.com:443
2025-10-31 10:44:23 - urllib3.connectionpool - DEBUG - https://tdilatam.freshdesk.com:443 "GET /api/v2/tickets/33545 HTTP/1.1" 200 None
2025-10-31 10:44:23 - urllib3.connectionpool - DEBUG - Starting new HTTPS connection (1): tdilatam.freshdesk.com:443
2025-10-31 10:44:24 - urllib3.connectionpool - DEBUG - https://tdilatam.freshdesk.com:443 "GET /api/v2/tickets/33550 HTTP/1.1" 200 None
2025-10-31 10:44:24 - urllib3.connectionpool - DEBUG - Starting new HTTPS connection (1): tdilatam.freshdesk.com:443
2025-10-31 10:44:24 - urllib3.connectionpool - DEBUG - https://tdilatam.freshdesk.com:443 "GET /api/v2/tickets/33552 HTTP/1.1" 200 None
2025-10-31 10:44:24 - urllib3.connectionpool - DEBUG - Starting new HTTPS connection (1): tdilatam.freshdesk.com:443
2025-10-31 10:44:25 - urllib3.connectionpool - DEBUG - https://tdilatam.freshdesk.com:443 "GET /api/v2/tickets/33555 HTTP/1.1" 200 None
2025-10-31 10:44:25 - urllib3.connectionpool - DEBUG - Starting new HTTPS connection (1): tdilatam.freshdesk.com:443
2025-10-31 10:44:26 - urllib3.connectionpool - DEBUG - https://tdilatam.freshdesk.com:443 "GET /api/v2/tickets/33556 HTTP/1.1" 200 None
2025-10-31 10:44:26 - urllib3.connectionpool - DEBUG - Starting new HTTPS connection (1): tdilatam.freshdesk.com:443
2025-10-31 10:44:27 - urllib3.connectionpool - DEBUG - https://tdilatam.freshdesk.com:443 "GET /api/v2/tickets/33557 HTTP/1.1" 200 None
2025-10-31 10:44:27 - urllib3.connectionpool - DEBUG - Starting new HTTPS connection (1): tdilatam.freshdesk.com:443
2025-10-31 10:44:28 - urllib3.connectionpool - DEBUG - https://tdilatam.freshdesk.com:443 "GET /api/v2/tickets/33558 HTTP/1.1" 200 None
2025-10-31 10:44:28 - urllib3.connectionpool - DEBUG - Starting new HTTPS connection (1): tdilatam.freshdesk.com:443
2025-10-31 10:44:29 - urllib3.connectionpool - DEBUG - https://tdilatam.freshdesk.com:443 "GET /api/v2/tickets/33560 HTTP/1.1" 200 None
2025-10-31 10:44:29 - urllib3.connectionpool - DEBUG - Starting new HTTPS connection (1): tdilatam.freshdesk.com:443
2025-10-31 10:44:29 - urllib3.connectionpool - DEBUG - https://tdilatam.freshdesk.com:443 "GET /api/v2/tickets/33563 HTTP/1.1" 200 None
2025-10-31 10:44:29 - urllib3.connectionpool - DEBUG - Starting new HTTPS connection (1): tdilatam.freshdesk.com:443
2025-10-31 10:44:30 - urllib3.connectionpool - DEBUG - https://tdilatam.freshdesk.com:443 "GET /api/v2/tickets/33564 HTTP/1.1" 200 None
2025-10-31 10:44:30 - urllib3.connectionpool - DEBUG - Starting new HTTPS connection (1): tdilatam.freshdesk.com:443
2025-10-31 10:44:31 - urllib3.connectionpool - DEBUG - https://tdilatam.freshdesk.com:443 "GET /api/v2/tickets/33565 HTTP/1.1" 200 None
2025-10-31 10:44:32 - urllib3.connectionpool - DEBUG - Starting new HTTPS connection (1): tdilatam.freshdesk.com:443
2025-10-31 10:44:32 - urllib3.connectionpool - DEBUG - https://tdilatam.freshdesk.com:443 "GET /api/v2/tickets/33568 HTTP/1.1" 200 None
2025-10-31 10:44:32 - urllib3.connectionpool - DEBUG - Starting new HTTPS connection (1): tdilatam.freshdesk.com:443
2025-10-31 10:44:33 - urllib3.connectionpool - DEBUG - https://tdilatam.freshdesk.com:443 "GET /api/v2/tickets/33573 HTTP/1.1" 200 None
2025-10-31 10:44:33 - urllib3.connectionpool - DEBUG - Starting new HTTPS connection (1): tdilatam.freshdesk.com:443
2025-10-31 10:44:34 - urllib3.connectionpool - DEBUG - https://tdilatam.freshdesk.com:443 "GET /api/v2/tickets/33574 HTTP/1.1" 200 None
2025-10-31 10:44:34 - urllib3.connectionpool - DEBUG - Starting new HTTPS connection (1): tdilatam.freshdesk.com:443
2025-10-31 10:44:35 - urllib3.connectionpool - DEBUG - https://tdilatam.freshdesk.com:443 "GET /api/v2/tickets/33575 HTTP/1.1" 200 None
2025-10-31 10:44:35 - urllib3.connectionpool - DEBUG - Starting new HTTPS connection (1): tdilatam.freshdesk.com:443
2025-10-31 10:44:36 - urllib3.connectionpool - DEBUG - https://tdilatam.freshdesk.com:443 "GET /api/v2/tickets/33577 HTTP/1.1" 200 None
2025-10-31 10:44:36 - urllib3.connectionpool - DEBUG - Starting new HTTPS connection (1): tdilatam.freshdesk.com:443
2025-10-31 10:44:37 - urllib3.connectionpool - DEBUG - https://tdilatam.freshdesk.com:443 "GET /api/v2/tickets/33578 HTTP/1.1" 200 None
2025-10-31 10:44:37 - urllib3.connectionpool - DEBUG - Starting new HTTPS connection (1): tdilatam.freshdesk.com:443
2025-10-31 10:44:37 - urllib3.connectionpool - DEBUG - https://tdilatam.freshdesk.com:443 "GET /api/v2/tickets/33580 HTTP/1.1" 200 None
2025-10-31 10:44:37 - urllib3.connectionpool - DEBUG - Starting new HTTPS connection (1): tdilatam.freshdesk.com:443
2025-10-31 10:44:38 - urllib3.connectionpool - DEBUG - https://tdilatam.freshdesk.com:443 "GET /api/v2/tickets/33582 HTTP/1.1" 200 None
2025-10-31 10:44:39 - urllib3.connectionpool - DEBUG - Starting new HTTPS connection (1): tdilatam.freshdesk.com:443
2025-10-31 10:44:39 - urllib3.connectionpool - DEBUG - https://tdilatam.freshdesk.com:443 "GET /api/v2/tickets/33586 HTTP/1.1" 200 None
2025-10-31 10:44:39 - urllib3.connectionpool - DEBUG - Starting new HTTPS connection (1): tdilatam.freshdesk.com:443
2025-10-31 10:44:40 - urllib3.connectionpool - DEBUG - https://tdilatam.freshdesk.com:443 "GET /api/v2/tickets/33590 HTTP/1.1" 200 None
2025-10-31 10:44:40 - urllib3.connectionpool - DEBUG - Starting new HTTPS connection (1): tdilatam.freshdesk.com:443
2025-10-31 10:44:41 - urllib3.connectionpool - DEBUG - https://tdilatam.freshdesk.com:443 "GET /api/v2/tickets/33592 HTTP/1.1" 200 None
2025-10-31 10:44:41 - urllib3.connectionpool - DEBUG - Starting new HTTPS connection (1): tdilatam.freshdesk.com:443
2025-10-31 10:44:42 - urllib3.connectionpool - DEBUG - https://tdilatam.freshdesk.com:443 "GET /api/v2/tickets/33597 HTTP/1.1" 200 None
2025-10-31 10:44:42 - urllib3.connectionpool - DEBUG - Starting new HTTPS connection (1): tdilatam.freshdesk.com:443
2025-10-31 10:44:43 - urllib3.connectionpool - DEBUG - https://tdilatam.freshdesk.com:443 "GET /api/v2/tickets/33604 HTTP/1.1" 200 None
2025-10-31 10:44:43 - urllib3.connectionpool - DEBUG - Starting new HTTPS connection (1): tdilatam.freshdesk.com:443
2025-10-31 10:44:43 - urllib3.connectionpool - DEBUG - https://tdilatam.freshdesk.com:443 "GET /api/v2/tickets/33605 HTTP/1.1" 200 None
2025-10-31 10:44:43 - urllib3.connectionpool - DEBUG - Starting new HTTPS connection (1): tdilatam.freshdesk.com:443
2025-10-31 10:44:44 - urllib3.connectionpool - DEBUG - https://tdilatam.freshdesk.com:443 "GET /api/v2/tickets/33606 HTTP/1.1" 200 None
2025-10-31 10:44:44 - urllib3.connectionpool - DEBUG - Starting new HTTPS connection (1): tdilatam.freshdesk.com:443
2025-10-31 10:44:45 - urllib3.connectionpool - DEBUG - https://tdilatam.freshdesk.com:443 "GET /api/v2/tickets/33616 HTTP/1.1" 200 None
2025-10-31 10:44:45 - urllib3.connectionpool - DEBUG - Starting new HTTPS connection (1): tdilatam.freshdesk.com:443
2025-10-31 10:44:46 - urllib3.connectionpool - DEBUG - https://tdilatam.freshdesk.com:443 "GET /api/v2/tickets/33618 HTTP/1.1" 200 None
2025-10-31 10:44:46 - urllib3.connectionpool - DEBUG - Starting new HTTPS connection (1): tdilatam.freshdesk.com:443
2025-10-31 10:44:46 - urllib3.connectionpool - DEBUG - https://tdilatam.freshdesk.com:443 "GET /api/v2/tickets/33620 HTTP/1.1" 200 None
2025-10-31 10:44:47 - urllib3.connectionpool - DEBUG - Starting new HTTPS connection (1): tdilatam.freshdesk.com:443
2025-10-31 10:44:47 - urllib3.connectionpool - DEBUG - https://tdilatam.freshdesk.com:443 "GET /api/v2/tickets/33621 HTTP/1.1" 200 None
2025-10-31 10:44:47 - urllib3.connectionpool - DEBUG - Starting new HTTPS connection (1): tdilatam.freshdesk.com:443
2025-10-31 10:44:48 - urllib3.connectionpool - DEBUG - https://tdilatam.freshdesk.com:443 "GET /api/v2/tickets/33623 HTTP/1.1" 200 None
2025-10-31 10:44:48 - urllib3.connectionpool - DEBUG - Starting new HTTPS connection (1): tdilatam.freshdesk.com:443
2025-10-31 10:44:49 - urllib3.connectionpool - DEBUG - https://tdilatam.freshdesk.com:443 "GET /api/v2/tickets/33625 HTTP/1.1" 200 None
2025-10-31 10:44:49 - urllib3.connectionpool - DEBUG - Starting new HTTPS connection (1): tdilatam.freshdesk.com:443
2025-10-31 10:44:50 - urllib3.connectionpool - DEBUG - https://tdilatam.freshdesk.com:443 "GET /api/v2/tickets/33626 HTTP/1.1" 200 None
2025-10-31 10:44:50 - urllib3.connectionpool - DEBUG - Starting new HTTPS connection (1): tdilatam.freshdesk.com:443
2025-10-31 10:44:51 - urllib3.connectionpool - DEBUG - https://tdilatam.freshdesk.com:443 "GET /api/v2/tickets/33627 HTTP/1.1" 200 None
2025-10-31 10:44:51 - urllib3.connectionpool - DEBUG - Starting new HTTPS connection (1): tdilatam.freshdesk.com:443
2025-10-31 10:44:52 - urllib3.connectionpool - DEBUG - https://tdilatam.freshdesk.com:443 "GET /api/v2/tickets/33628 HTTP/1.1" 200 None
2025-10-31 10:44:52 - urllib3.connectionpool - DEBUG - Starting new HTTPS connection (1): tdilatam.freshdesk.com:443
2025-10-31 10:44:53 - urllib3.connectionpool - DEBUG - https://tdilatam.freshdesk.com:443 "GET /api/v2/tickets/33629 HTTP/1.1" 200 None
2025-10-31 10:44:53 - urllib3.connectionpool - DEBUG - Starting new HTTPS connection (1): tdilatam.freshdesk.com:443
2025-10-31 10:44:53 - urllib3.connectionpool - DEBUG - https://tdilatam.freshdesk.com:443 "GET /api/v2/tickets/33632 HTTP/1.1" 200 None
2025-10-31 10:44:53 - urllib3.connectionpool - DEBUG - Starting new HTTPS connection (1): tdilatam.freshdesk.com:443
2025-10-31 10:44:54 - urllib3.connectionpool - DEBUG - https://tdilatam.freshdesk.com:443 "GET /api/v2/tickets/33633 HTTP/1.1" 200 None
2025-10-31 10:44:54 - urllib3.connectionpool - DEBUG - Starting new HTTPS connection (1): tdilatam.freshdesk.com:443
2025-10-31 10:44:55 - urllib3.connectionpool - DEBUG - https://tdilatam.freshdesk.com:443 "GET /api/v2/tickets/33634 HTTP/1.1" 200 None
2025-10-31 10:44:55 - urllib3.connectionpool - DEBUG - Starting new HTTPS connection (1): tdilatam.freshdesk.com:443
2025-10-31 10:44:56 - urllib3.connectionpool - DEBUG - https://tdilatam.freshdesk.com:443 "GET /api/v2/tickets/33637 HTTP/1.1" 200 None
2025-10-31 10:44:56 - urllib3.connectionpool - DEBUG - Starting new HTTPS connection (1): tdilatam.freshdesk.com:443
2025-10-31 10:44:57 - urllib3.connectionpool - DEBUG - https://tdilatam.freshdesk.com:443 "GET /api/v2/tickets/33638 HTTP/1.1" 200 None
2025-10-31 10:44:57 - urllib3.connectionpool - DEBUG - Starting new HTTPS connection (1): tdilatam.freshdesk.com:443
2025-10-31 10:44:57 - urllib3.connectionpool - DEBUG - https://tdilatam.freshdesk.com:443 "GET /api/v2/tickets/33655 HTTP/1.1" 200 None
2025-10-31 10:44:57 - urllib3.connectionpool - DEBUG - Starting new HTTPS connection (1): tdilatam.freshdesk.com:443
2025-10-31 10:44:58 - urllib3.connectionpool - DEBUG - https://tdilatam.freshdesk.com:443 "GET /api/v2/tickets/33657 HTTP/1.1" 200 None
2025-10-31 10:44:58 - urllib3.connectionpool - DEBUG - Starting new HTTPS connection (1): tdilatam.freshdesk.com:443
2025-10-31 10:44:59 - urllib3.connectionpool - DEBUG - https://tdilatam.freshdesk.com:443 "GET /api/v2/tickets/33659 HTTP/1.1" 200 None
2025-10-31 10:44:59 - urllib3.connectionpool - DEBUG - Starting new HTTPS connection (1): tdilatam.freshdesk.com:443
2025-10-31 10:45:00 - urllib3.connectionpool - DEBUG - https://tdilatam.freshdesk.com:443 "GET /api/v2/tickets/33660 HTTP/1.1" 200 None
2025-10-31 10:45:00 - urllib3.connectionpool - DEBUG - Starting new HTTPS connection (1): tdilatam.freshdesk.com:443
2025-10-31 10:45:01 - urllib3.connectionpool - DEBUG - https://tdilatam.freshdesk.com:443 "GET /api/v2/tickets/33664 HTTP/1.1" 200 None
2025-10-31 10:45:01 - urllib3.connectionpool - DEBUG - Starting new HTTPS connection (1): tdilatam.freshdesk.com:443
2025-10-31 10:45:02 - urllib3.connectionpool - DEBUG - https://tdilatam.freshdesk.com:443 "GET /api/v2/tickets/33666 HTTP/1.1" 200 None
2025-10-31 10:45:02 - urllib3.connectionpool - DEBUG - Starting new HTTPS connection (1): tdilatam.freshdesk.com:443
2025-10-31 10:45:03 - urllib3.connectionpool - DEBUG - https://tdilatam.freshdesk.com:443 "GET /api/v2/tickets/33669 HTTP/1.1" 200 None
2025-10-31 10:45:03 - urllib3.connectionpool - DEBUG - Starting new HTTPS connection (1): tdilatam.freshdesk.com:443
2025-10-31 10:45:03 - urllib3.connectionpool - DEBUG - https://tdilatam.freshdesk.com:443 "GET /api/v2/tickets/33670 HTTP/1.1" 200 None
2025-10-31 10:45:03 - urllib3.connectionpool - DEBUG - Starting new HTTPS connection (1): tdilatam.freshdesk.com:443
2025-10-31 10:45:04 - urllib3.connectionpool - DEBUG - https://tdilatam.freshdesk.com:443 "GET /api/v2/tickets/33673 HTTP/1.1" 200 None
2025-10-31 10:45:04 - urllib3.connectionpool - DEBUG - Starting new HTTPS connection (1): tdilatam.freshdesk.com:443
2025-10-31 10:45:05 - urllib3.connectionpool - DEBUG - https://tdilatam.freshdesk.com:443 "GET /api/v2/tickets/33674 HTTP/1.1" 200 None
2025-10-31 10:45:05 - urllib3.connectionpool - DEBUG - Starting new HTTPS connection (1): tdilatam.freshdesk.com:443
2025-10-31 10:45:06 - urllib3.connectionpool - DEBUG - https://tdilatam.freshdesk.com:443 "GET /api/v2/tickets/33678 HTTP/1.1" 200 None
2025-10-31 10:45:06 - urllib3.connectionpool - DEBUG - Starting new HTTPS connection (1): tdilatam.freshdesk.com:443
2025-10-31 10:45:07 - urllib3.connectionpool - DEBUG - https://tdilatam.freshdesk.com:443 "GET /api/v2/tickets/33679 HTTP/1.1" 200 None
2025-10-31 10:45:07 - urllib3.connectionpool - DEBUG - Starting new HTTPS connection (1): tdilatam.freshdesk.com:443
2025-10-31 10:45:07 - urllib3.connectionpool - DEBUG - https://tdilatam.freshdesk.com:443 "GET /api/v2/tickets/33681 HTTP/1.1" 200 None
2025-10-31 10:45:07 - urllib3.connectionpool - DEBUG - Starting new HTTPS connection (1): tdilatam.freshdesk.com:443
2025-10-31 10:45:08 - urllib3.connectionpool - DEBUG - https://tdilatam.freshdesk.com:443 "GET /api/v2/tickets/33682 HTTP/1.1" 200 None
2025-10-31 10:45:08 - urllib3.connectionpool - DEBUG - Starting new HTTPS connection (1): tdilatam.freshdesk.com:443
2025-10-31 10:45:09 - urllib3.connectionpool - DEBUG - https://tdilatam.freshdesk.com:443 "GET /api/v2/tickets/33683 HTTP/1.1" 200 None
2025-10-31 10:45:09 - urllib3.connectionpool - DEBUG - Starting new HTTPS connection (1): tdilatam.freshdesk.com:443
2025-10-31 10:45:10 - urllib3.connectionpool - DEBUG - https://tdilatam.freshdesk.com:443 "GET /api/v2/tickets/33687 HTTP/1.1" 200 None
2025-10-31 10:45:10 - urllib3.connectionpool - DEBUG - Starting new HTTPS connection (1): tdilatam.freshdesk.com:443
2025-10-31 10:45:12 - urllib3.connectionpool - DEBUG - https://tdilatam.freshdesk.com:443 "GET /api/v2/tickets/33688 HTTP/1.1" 200 None
2025-10-31 10:45:12 - urllib3.connectionpool - DEBUG - Starting new HTTPS connection (1): tdilatam.freshdesk.com:443
2025-10-31 10:45:13 - urllib3.connectionpool - DEBUG - https://tdilatam.freshdesk.com:443 "GET /api/v2/tickets/33689 HTTP/1.1" 200 None
2025-10-31 10:45:13 - urllib3.connectionpool - DEBUG - Starting new HTTPS connection (1): tdilatam.freshdesk.com:443
2025-10-31 10:45:14 - urllib3.connectionpool - DEBUG - https://tdilatam.freshdesk.com:443 "GET /api/v2/tickets/33690 HTTP/1.1" 200 None
2025-10-31 10:45:14 - urllib3.connectionpool - DEBUG - Starting new HTTPS connection (1): tdilatam.freshdesk.com:443
2025-10-31 10:45:15 - urllib3.connectionpool - DEBUG - https://tdilatam.freshdesk.com:443 "GET /api/v2/tickets/33691 HTTP/1.1" 200 None
2025-10-31 10:45:16 - urllib3.connectionpool - DEBUG - Starting new HTTPS connection (1): tdilatam.freshdesk.com:443
2025-10-31 10:45:16 - urllib3.connectionpool - DEBUG - https://tdilatam.freshdesk.com:443 "GET /api/v2/tickets/33692 HTTP/1.1" 200 None
2025-10-31 10:45:16 - urllib3.connectionpool - DEBUG - Starting new HTTPS connection (1): tdilatam.freshdesk.com:443
2025-10-31 10:45:17 - urllib3.connectionpool - DEBUG - https://tdilatam.freshdesk.com:443 "GET /api/v2/tickets/33693 HTTP/1.1" 200 None
2025-10-31 10:45:17 - urllib3.connectionpool - DEBUG - Starting new HTTPS connection (1): tdilatam.freshdesk.com:443
2025-10-31 10:45:18 - urllib3.connectionpool - DEBUG - https://tdilatam.freshdesk.com:443 "GET /api/v2/tickets/33694 HTTP/1.1" 200 None
2025-10-31 10:45:18 - urllib3.connectionpool - DEBUG - Starting new HTTPS connection (1): tdilatam.freshdesk.com:443
2025-10-31 10:45:19 - urllib3.connectionpool - DEBUG - https://tdilatam.freshdesk.com:443 "GET /api/v2/tickets/33695 HTTP/1.1" 200 None
2025-10-31 10:45:19 - urllib3.connectionpool - DEBUG - Starting new HTTPS connection (1): tdilatam.freshdesk.com:443
2025-10-31 10:45:19 - urllib3.connectionpool - DEBUG - https://tdilatam.freshdesk.com:443 "GET /api/v2/tickets/33696 HTTP/1.1" 200 None
2025-10-31 10:45:20 - urllib3.connectionpool - DEBUG - Starting new HTTPS connection (1): tdilatam.freshdesk.com:443
2025-10-31 10:45:20 - urllib3.connectionpool - DEBUG - https://tdilatam.freshdesk.com:443 "GET /api/v2/tickets/33697 HTTP/1.1" 200 None
2025-10-31 10:45:20 - urllib3.connectionpool - DEBUG - Starting new HTTPS connection (1): tdilatam.freshdesk.com:443
2025-10-31 10:45:21 - urllib3.connectionpool - DEBUG - https://tdilatam.freshdesk.com:443 "GET /api/v2/tickets/33699 HTTP/1.1" 200 None
2025-10-31 10:45:21 - urllib3.connectionpool - DEBUG - Starting new HTTPS connection (1): tdilatam.freshdesk.com:443
2025-10-31 10:45:22 - urllib3.connectionpool - DEBUG - https://tdilatam.freshdesk.com:443 "GET /api/v2/tickets/33700 HTTP/1.1" 200 None
2025-10-31 10:45:22 - urllib3.connectionpool - DEBUG - Starting new HTTPS connection (1): tdilatam.freshdesk.com:443
2025-10-31 10:45:23 - urllib3.connectionpool - DEBUG - https://tdilatam.freshdesk.com:443 "GET /api/v2/tickets/33701 HTTP/1.1" 200 None
2025-10-31 10:45:23 - urllib3.connectionpool - DEBUG - Starting new HTTPS connection (1): tdilatam.freshdesk.com:443
2025-10-31 10:45:24 - urllib3.connectionpool - DEBUG - https://tdilatam.freshdesk.com:443 "GET /api/v2/tickets/33702 HTTP/1.1" 200 None
2025-10-31 10:45:24 - urllib3.connectionpool - DEBUG - Starting new HTTPS connection (1): tdilatam.freshdesk.com:443
2025-10-31 10:45:25 - urllib3.connectionpool - DEBUG - https://tdilatam.freshdesk.com:443 "GET /api/v2/tickets/33703 HTTP/1.1" 200 None
2025-10-31 10:45:25 - urllib3.connectionpool - DEBUG - Starting new HTTPS connection (1): tdilatam.freshdesk.com:443
2025-10-31 10:45:25 - urllib3.connectionpool - DEBUG - https://tdilatam.freshdesk.com:443 "GET /api/v2/tickets/33704 HTTP/1.1" 200 None
2025-10-31 10:45:25 - urllib3.connectionpool - DEBUG - Starting new HTTPS connection (1): tdilatam.freshdesk.com:443
2025-10-31 10:45:26 - urllib3.connectionpool - DEBUG - https://tdilatam.freshdesk.com:443 "GET /api/v2/tickets/33711 HTTP/1.1" 200 None
2025-10-31 10:45:26 - urllib3.connectionpool - DEBUG - Starting new HTTPS connection (1): tdilatam.freshdesk.com:443
2025-10-31 10:45:27 - urllib3.connectionpool - DEBUG - https://tdilatam.freshdesk.com:443 "GET /api/v2/tickets/33713 HTTP/1.1" 200 None
2025-10-31 10:45:27 - urllib3.connectionpool - DEBUG - Starting new HTTPS connection (1): tdilatam.freshdesk.com:443
2025-10-31 10:45:28 - urllib3.connectionpool - DEBUG - https://tdilatam.freshdesk.com:443 "GET /api/v2/tickets/33714 HTTP/1.1" 200 None
2025-10-31 10:45:28 - urllib3.connectionpool - DEBUG - Starting new HTTPS connection (1): tdilatam.freshdesk.com:443
2025-10-31 10:45:28 - urllib3.connectionpool - DEBUG - https://tdilatam.freshdesk.com:443 "GET /api/v2/tickets/33715 HTTP/1.1" 200 None
2025-10-31 10:45:29 - urllib3.connectionpool - DEBUG - Starting new HTTPS connection (1): tdilatam.freshdesk.com:443
2025-10-31 10:45:29 - urllib3.connectionpool - DEBUG - https://tdilatam.freshdesk.com:443 "GET /api/v2/tickets/33717 HTTP/1.1" 200 None
2025-10-31 10:45:29 - urllib3.connectionpool - DEBUG - Starting new HTTPS connection (1): tdilatam.freshdesk.com:443
2025-10-31 10:45:30 - urllib3.connectionpool - DEBUG - https://tdilatam.freshdesk.com:443 "GET /api/v2/tickets/33718 HTTP/1.1" 200 None
2025-10-31 10:45:30 - urllib3.connectionpool - DEBUG - Starting new HTTPS connection (1): tdilatam.freshdesk.com:443
2025-10-31 10:45:31 - urllib3.connectionpool - DEBUG - https://tdilatam.freshdesk.com:443 "GET /api/v2/tickets/33722 HTTP/1.1" 200 None
2025-10-31 10:45:31 - urllib3.connectionpool - DEBUG - Starting new HTTPS connection (1): tdilatam.freshdesk.com:443
2025-10-31 10:45:32 - urllib3.connectionpool - DEBUG - https://tdilatam.freshdesk.com:443 "GET /api/v2/tickets/33724 HTTP/1.1" 200 None
2025-10-31 10:45:32 - urllib3.connectionpool - DEBUG - Starting new HTTPS connection (1): tdilatam.freshdesk.com:443
2025-10-31 10:45:33 - urllib3.connectionpool - DEBUG - https://tdilatam.freshdesk.com:443 "GET /api/v2/tickets/33725 HTTP/1.1" 200 None
2025-10-31 10:45:33 - urllib3.connectionpool - DEBUG - Starting new HTTPS connection (1): tdilatam.freshdesk.com:443
2025-10-31 10:45:33 - urllib3.connectionpool - DEBUG - https://tdilatam.freshdesk.com:443 "GET /api/v2/tickets/33726 HTTP/1.1" 200 None
2025-10-31 10:45:33 - urllib3.connectionpool - DEBUG - Starting new HTTPS connection (1): tdilatam.freshdesk.com:443
2025-10-31 10:45:34 - urllib3.connectionpool - DEBUG - https://tdilatam.freshdesk.com:443 "GET /api/v2/tickets/33730 HTTP/1.1" 200 None
2025-10-31 10:45:34 - urllib3.connectionpool - DEBUG - Starting new HTTPS connection (1): tdilatam.freshdesk.com:443
2025-10-31 10:45:35 - urllib3.connectionpool - DEBUG - https://tdilatam.freshdesk.com:443 "GET /api/v2/tickets/33733 HTTP/1.1" 200 None
2025-10-31 10:45:35 - urllib3.connectionpool - DEBUG - Starting new HTTPS connection (1): tdilatam.freshdesk.com:443
2025-10-31 10:45:36 - urllib3.connectionpool - DEBUG - https://tdilatam.freshdesk.com:443 "GET /api/v2/tickets/33736 HTTP/1.1" 200 None
2025-10-31 10:45:36 - urllib3.connectionpool - DEBUG - Starting new HTTPS connection (1): tdilatam.freshdesk.com:443
2025-10-31 10:45:37 - urllib3.connectionpool - DEBUG - https://tdilatam.freshdesk.com:443 "GET /api/v2/tickets/33738 HTTP/1.1" 200 None
2025-10-31 10:45:37 - urllib3.connectionpool - DEBUG - Starting new HTTPS connection (1): tdilatam.freshdesk.com:443
2025-10-31 10:45:37 - urllib3.connectionpool - DEBUG - https://tdilatam.freshdesk.com:443 "GET /api/v2/tickets/33739 HTTP/1.1" 200 None
2025-10-31 10:45:37 - urllib3.connectionpool - DEBUG - Starting new HTTPS connection (1): tdilatam.freshdesk.com:443
2025-10-31 10:45:38 - urllib3.connectionpool - DEBUG - https://tdilatam.freshdesk.com:443 "GET /api/v2/tickets/33740 HTTP/1.1" 200 None
2025-10-31 10:45:38 - urllib3.connectionpool - DEBUG - Starting new HTTPS connection (1): tdilatam.freshdesk.com:443
2025-10-31 10:45:39 - urllib3.connectionpool - DEBUG - https://tdilatam.freshdesk.com:443 "GET /api/v2/tickets/33741 HTTP/1.1" 200 None
2025-10-31 10:45:39 - urllib3.connectionpool - DEBUG - Starting new HTTPS connection (1): tdilatam.freshdesk.com:443
2025-10-31 10:45:40 - urllib3.connectionpool - DEBUG - https://tdilatam.freshdesk.com:443 "GET /api/v2/tickets/33744 HTTP/1.1" 200 None
2025-10-31 10:45:40 - urllib3.connectionpool - DEBUG - Starting new HTTPS connection (1): tdilatam.freshdesk.com:443
2025-10-31 10:45:41 - urllib3.connectionpool - DEBUG - https://tdilatam.freshdesk.com:443 "GET /api/v2/tickets/33748 HTTP/1.1" 200 None
2025-10-31 10:45:41 - urllib3.connectionpool - DEBUG - Starting new HTTPS connection (1): tdilatam.freshdesk.com:443
2025-10-31 10:45:42 - urllib3.connectionpool - DEBUG - https://tdilatam.freshdesk.com:443 "GET /api/v2/tickets/33749 HTTP/1.1" 200 None
2025-10-31 10:45:42 - urllib3.connectionpool - DEBUG - Starting new HTTPS connection (1): tdilatam.freshdesk.com:443
2025-10-31 10:45:42 - urllib3.connectionpool - DEBUG - https://tdilatam.freshdesk.com:443 "GET /api/v2/tickets/33750 HTTP/1.1" 200 None
2025-10-31 10:45:43 - urllib3.connectionpool - DEBUG - Starting new HTTPS connection (1): tdilatam.freshdesk.com:443
2025-10-31 10:45:43 - urllib3.connectionpool - DEBUG - https://tdilatam.freshdesk.com:443 "GET /api/v2/tickets/33752 HTTP/1.1" 200 None
2025-10-31 10:45:43 - urllib3.connectionpool - DEBUG - Starting new HTTPS connection (1): tdilatam.freshdesk.com:443
2025-10-31 10:45:44 - urllib3.connectionpool - DEBUG - https://tdilatam.freshdesk.com:443 "GET /api/v2/tickets/33759 HTTP/1.1" 200 None
2025-10-31 10:45:44 - urllib3.connectionpool - DEBUG - Starting new HTTPS connection (1): tdilatam.freshdesk.com:443
2025-10-31 10:45:45 - urllib3.connectionpool - DEBUG - https://tdilatam.freshdesk.com:443 "GET /api/v2/tickets/33761 HTTP/1.1" 200 None
2025-10-31 10:45:45 - urllib3.connectionpool - DEBUG - Starting new HTTPS connection (1): tdilatam.freshdesk.com:443
2025-10-31 10:45:46 - urllib3.connectionpool - DEBUG - https://tdilatam.freshdesk.com:443 "GET /api/v2/tickets/33762 HTTP/1.1" 200 None
2025-10-31 10:45:46 - urllib3.connectionpool - DEBUG - Starting new HTTPS connection (1): tdilatam.freshdesk.com:443
2025-10-31 10:45:48 - urllib3.connectionpool - DEBUG - https://tdilatam.freshdesk.com:443 "GET /api/v2/tickets/33763 HTTP/1.1" 200 None
2025-10-31 10:45:48 - urllib3.connectionpool - DEBUG - Starting new HTTPS connection (1): tdilatam.freshdesk.com:443
2025-10-31 10:45:49 - urllib3.connectionpool - DEBUG - https://tdilatam.freshdesk.com:443 "GET /api/v2/tickets/33765 HTTP/1.1" 200 None
2025-10-31 10:45:49 - urllib3.connectionpool - DEBUG - Starting new HTTPS connection (1): tdilatam.freshdesk.com:443
2025-10-31 10:45:50 - urllib3.connectionpool - DEBUG - https://tdilatam.freshdesk.com:443 "GET /api/v2/tickets/33766 HTTP/1.1" 200 None
2025-10-31 10:45:50 - urllib3.connectionpool - DEBUG - Starting new HTTPS connection (1): tdilatam.freshdesk.com:443
2025-10-31 10:45:51 - urllib3.connectionpool - DEBUG - https://tdilatam.freshdesk.com:443 "GET /api/v2/tickets/33767 HTTP/1.1" 200 None
2025-10-31 10:45:51 - urllib3.connectionpool - DEBUG - Starting new HTTPS connection (1): tdilatam.freshdesk.com:443
2025-10-31 10:45:52 - urllib3.connectionpool - DEBUG - https://tdilatam.freshdesk.com:443 "GET /api/v2/tickets/33768 HTTP/1.1" 200 None
2025-10-31 10:45:52 - urllib3.connectionpool - DEBUG - Starting new HTTPS connection (1): tdilatam.freshdesk.com:443
2025-10-31 10:45:52 - urllib3.connectionpool - DEBUG - https://tdilatam.freshdesk.com:443 "GET /api/v2/tickets/33770 HTTP/1.1" 200 None
2025-10-31 10:45:52 - urllib3.connectionpool - DEBUG - Starting new HTTPS connection (1): tdilatam.freshdesk.com:443
2025-10-31 10:45:54 - urllib3.connectionpool - DEBUG - https://tdilatam.freshdesk.com:443 "GET /api/v2/tickets/33774 HTTP/1.1" 200 None
2025-10-31 10:45:54 - urllib3.connectionpool - DEBUG - Starting new HTTPS connection (1): tdilatam.freshdesk.com:443
2025-10-31 10:45:55 - urllib3.connectionpool - DEBUG - https://tdilatam.freshdesk.com:443 "GET /api/v2/tickets/33776 HTTP/1.1" 200 None
2025-10-31 10:45:55 - urllib3.connectionpool - DEBUG - Starting new HTTPS connection (1): tdilatam.freshdesk.com:443
2025-10-31 10:45:56 - urllib3.connectionpool - DEBUG - https://tdilatam.freshdesk.com:443 "GET /api/v2/tickets/33777 HTTP/1.1" 200 None
2025-10-31 10:45:56 - urllib3.connectionpool - DEBUG - Starting new HTTPS connection (1): tdilatam.freshdesk.com:443
2025-10-31 10:46:00 - urllib3.connectionpool - DEBUG - https://tdilatam.freshdesk.com:443 "GET /api/v2/tickets/33778 HTTP/1.1" 200 None
2025-10-31 10:46:00 - urllib3.connectionpool - DEBUG - Starting new HTTPS connection (1): tdilatam.freshdesk.com:443
2025-10-31 10:46:01 - urllib3.connectionpool - DEBUG - https://tdilatam.freshdesk.com:443 "GET /api/v2/tickets/33779 HTTP/1.1" 200 None
2025-10-31 10:46:01 - urllib3.connectionpool - DEBUG - Starting new HTTPS connection (1): tdilatam.freshdesk.com:443
2025-10-31 10:46:02 - urllib3.connectionpool - DEBUG - https://tdilatam.freshdesk.com:443 "GET /api/v2/tickets/33787 HTTP/1.1" 200 None
2025-10-31 10:46:02 - urllib3.connectionpool - DEBUG - Starting new HTTPS connection (1): tdilatam.freshdesk.com:443
2025-10-31 10:46:03 - urllib3.connectionpool - DEBUG - https://tdilatam.freshdesk.com:443 "GET /api/v2/tickets/33793 HTTP/1.1" 200 None
2025-10-31 10:46:03 - urllib3.connectionpool - DEBUG - Starting new HTTPS connection (1): tdilatam.freshdesk.com:443
2025-10-31 10:46:04 - urllib3.connectionpool - DEBUG - https://tdilatam.freshdesk.com:443 "GET /api/v2/tickets/33803 HTTP/1.1" 200 None
2025-10-31 10:46:04 - urllib3.connectionpool - DEBUG - Starting new HTTPS connection (1): tdilatam.freshdesk.com:443
2025-10-31 10:46:05 - urllib3.connectionpool - DEBUG - https://tdilatam.freshdesk.com:443 "GET /api/v2/tickets/33804 HTTP/1.1" 200 None
2025-10-31 10:46:05 - urllib3.connectionpool - DEBUG - Starting new HTTPS connection (1): tdilatam.freshdesk.com:443
2025-10-31 10:46:05 - urllib3.connectionpool - DEBUG - https://tdilatam.freshdesk.com:443 "GET /api/v2/tickets/33806 HTTP/1.1" 200 None
2025-10-31 10:46:06 - urllib3.connectionpool - DEBUG - Starting new HTTPS connection (1): tdilatam.freshdesk.com:443
2025-10-31 10:46:06 - urllib3.connectionpool - DEBUG - https://tdilatam.freshdesk.com:443 "GET /api/v2/tickets/33807 HTTP/1.1" 200 None
2025-10-31 10:46:06 - urllib3.connectionpool - DEBUG - Starting new HTTPS connection (1): tdilatam.freshdesk.com:443
2025-10-31 10:46:07 - urllib3.connectionpool - DEBUG - https://tdilatam.freshdesk.com:443 "GET /api/v2/tickets/33809 HTTP/1.1" 200 None
2025-10-31 10:46:07 - urllib3.connectionpool - DEBUG - Starting new HTTPS connection (1): tdilatam.freshdesk.com:443
2025-10-31 10:46:08 - urllib3.connectionpool - DEBUG - https://tdilatam.freshdesk.com:443 "GET /api/v2/tickets/33810 HTTP/1.1" 200 None
2025-10-31 10:46:08 - urllib3.connectionpool - DEBUG - Starting new HTTPS connection (1): tdilatam.freshdesk.com:443
2025-10-31 10:46:09 - urllib3.connectionpool - DEBUG - https://tdilatam.freshdesk.com:443 "GET /api/v2/tickets/33811 HTTP/1.1" 200 None
2025-10-31 10:46:09 - urllib3.connectionpool - DEBUG - Starting new HTTPS connection (1): tdilatam.freshdesk.com:443
2025-10-31 10:46:09 - urllib3.connectionpool - DEBUG - https://tdilatam.freshdesk.com:443 "GET /api/v2/tickets/33812 HTTP/1.1" 200 None
2025-10-31 10:46:10 - urllib3.connectionpool - DEBUG - Starting new HTTPS connection (1): tdilatam.freshdesk.com:443
2025-10-31 10:46:10 - urllib3.connectionpool - DEBUG - https://tdilatam.freshdesk.com:443 "GET /api/v2/tickets/33813 HTTP/1.1" 200 None
2025-10-31 10:46:10 - urllib3.connectionpool - DEBUG - Starting new HTTPS connection (1): tdilatam.freshdesk.com:443
2025-10-31 10:46:12 - urllib3.connectionpool - DEBUG - https://tdilatam.freshdesk.com:443 "GET /api/v2/tickets/33816 HTTP/1.1" 200 None
2025-10-31 10:46:12 - urllib3.connectionpool - DEBUG - Starting new HTTPS connection (1): tdilatam.freshdesk.com:443
2025-10-31 10:46:12 - urllib3.connectionpool - DEBUG - https://tdilatam.freshdesk.com:443 "GET /api/v2/tickets/33817 HTTP/1.1" 200 None
2025-10-31 10:46:12 - urllib3.connectionpool - DEBUG - Starting new HTTPS connection (1): tdilatam.freshdesk.com:443
2025-10-31 10:46:13 - urllib3.connectionpool - DEBUG - https://tdilatam.freshdesk.com:443 "GET /api/v2/tickets/33819 HTTP/1.1" 200 None
2025-10-31 10:46:13 - urllib3.connectionpool - DEBUG - Starting new HTTPS connection (1): tdilatam.freshdesk.com:443
2025-10-31 10:46:14 - urllib3.connectionpool - DEBUG - https://tdilatam.freshdesk.com:443 "GET /api/v2/tickets/33821 HTTP/1.1" 200 None
2025-10-31 10:46:14 - urllib3.connectionpool - DEBUG - Starting new HTTPS connection (1): tdilatam.freshdesk.com:443
2025-10-31 10:46:15 - urllib3.connectionpool - DEBUG - https://tdilatam.freshdesk.com:443 "GET /api/v2/tickets/33822 HTTP/1.1" 200 None
2025-10-31 10:46:15 - urllib3.connectionpool - DEBUG - Starting new HTTPS connection (1): tdilatam.freshdesk.com:443
2025-10-31 10:46:15 - urllib3.connectionpool - DEBUG - https://tdilatam.freshdesk.com:443 "GET /api/v2/tickets/33823 HTTP/1.1" 200 None
2025-10-31 10:46:15 - urllib3.connectionpool - DEBUG - Starting new HTTPS connection (1): tdilatam.freshdesk.com:443
2025-10-31 10:46:16 - urllib3.connectionpool - DEBUG - https://tdilatam.freshdesk.com:443 "GET /api/v2/tickets/33824 HTTP/1.1" 200 None
2025-10-31 10:46:16 - urllib3.connectionpool - DEBUG - Starting new HTTPS connection (1): tdilatam.freshdesk.com:443
2025-10-31 10:46:17 - urllib3.connectionpool - DEBUG - https://tdilatam.freshdesk.com:443 "GET /api/v2/tickets/33825 HTTP/1.1" 200 None
2025-10-31 10:46:17 - urllib3.connectionpool - DEBUG - Starting new HTTPS connection (1): tdilatam.freshdesk.com:443
2025-10-31 10:46:18 - urllib3.connectionpool - DEBUG - https://tdilatam.freshdesk.com:443 "GET /api/v2/tickets/33826 HTTP/1.1" 200 None
2025-10-31 10:46:18 - urllib3.connectionpool - DEBUG - Starting new HTTPS connection (1): tdilatam.freshdesk.com:443
2025-10-31 10:46:18 - urllib3.connectionpool - DEBUG - https://tdilatam.freshdesk.com:443 "GET /api/v2/tickets/33827 HTTP/1.1" 200 None
2025-10-31 10:46:18 - urllib3.connectionpool - DEBUG - Starting new HTTPS connection (1): tdilatam.freshdesk.com:443
2025-10-31 10:46:19 - urllib3.connectionpool - DEBUG - https://tdilatam.freshdesk.com:443 "GET /api/v2/tickets/33828 HTTP/1.1" 200 None
2025-10-31 10:46:19 - urllib3.connectionpool - DEBUG - Starting new HTTPS connection (1): tdilatam.freshdesk.com:443
2025-10-31 10:46:20 - urllib3.connectionpool - DEBUG - https://tdilatam.freshdesk.com:443 "GET /api/v2/tickets/33829 HTTP/1.1" 200 None
2025-10-31 10:46:20 - urllib3.connectionpool - DEBUG - Starting new HTTPS connection (1): tdilatam.freshdesk.com:443
2025-10-31 10:46:21 - urllib3.connectionpool - DEBUG - https://tdilatam.freshdesk.com:443 "GET /api/v2/tickets/33830 HTTP/1.1" 200 None
2025-10-31 10:46:21 - urllib3.connectionpool - DEBUG - Starting new HTTPS connection (1): tdilatam.freshdesk.com:443
2025-10-31 10:46:22 - urllib3.connectionpool - DEBUG - https://tdilatam.freshdesk.com:443 "GET /api/v2/tickets/33831 HTTP/1.1" 200 None
2025-10-31 10:46:22 - urllib3.connectionpool - DEBUG - Starting new HTTPS connection (1): tdilatam.freshdesk.com:443
2025-10-31 10:46:23 - urllib3.connectionpool - DEBUG - https://tdilatam.freshdesk.com:443 "GET /api/v2/tickets/33832 HTTP/1.1" 200 None
2025-10-31 10:46:23 - urllib3.connectionpool - DEBUG - Starting new HTTPS connection (1): tdilatam.freshdesk.com:443
2025-10-31 10:46:24 - urllib3.connectionpool - DEBUG - https://tdilatam.freshdesk.com:443 "GET /api/v2/tickets/33833 HTTP/1.1" 200 None
2025-10-31 10:46:24 - urllib3.connectionpool - DEBUG - Starting new HTTPS connection (1): tdilatam.freshdesk.com:443
2025-10-31 10:46:24 - urllib3.connectionpool - DEBUG - https://tdilatam.freshdesk.com:443 "GET /api/v2/tickets/33834 HTTP/1.1" 200 None
2025-10-31 10:46:25 - urllib3.connectionpool - DEBUG - Starting new HTTPS connection (1): tdilatam.freshdesk.com:443
2025-10-31 10:46:25 - urllib3.connectionpool - DEBUG - https://tdilatam.freshdesk.com:443 "GET /api/v2/tickets/33835 HTTP/1.1" 200 None
2025-10-31 10:46:25 - urllib3.connectionpool - DEBUG - Starting new HTTPS connection (1): tdilatam.freshdesk.com:443
2025-10-31 10:46:26 - urllib3.connectionpool - DEBUG - https://tdilatam.freshdesk.com:443 "GET /api/v2/tickets/33836 HTTP/1.1" 200 None
2025-10-31 10:46:26 - urllib3.connectionpool - DEBUG - Starting new HTTPS connection (1): tdilatam.freshdesk.com:443
2025-10-31 10:46:27 - urllib3.connectionpool - DEBUG - https://tdilatam.freshdesk.com:443 "GET /api/v2/tickets/33838 HTTP/1.1" 200 None
2025-10-31 10:46:27 - urllib3.connectionpool - DEBUG - Starting new HTTPS connection (1): tdilatam.freshdesk.com:443
2025-10-31 10:46:28 - urllib3.connectionpool - DEBUG - https://tdilatam.freshdesk.com:443 "GET /api/v2/tickets/33839 HTTP/1.1" 200 None
2025-10-31 10:46:28 - urllib3.connectionpool - DEBUG - Starting new HTTPS connection (1): tdilatam.freshdesk.com:443
2025-10-31 10:46:29 - urllib3.connectionpool - DEBUG - https://tdilatam.freshdesk.com:443 "GET /api/v2/tickets/33849 HTTP/1.1" 200 None
2025-10-31 10:46:29 - urllib3.connectionpool - DEBUG - Starting new HTTPS connection (1): tdilatam.freshdesk.com:443
2025-10-31 10:46:29 - urllib3.connectionpool - DEBUG - https://tdilatam.freshdesk.com:443 "GET /api/v2/tickets/33850 HTTP/1.1" 200 None
2025-10-31 10:46:29 - urllib3.connectionpool - DEBUG - Starting new HTTPS connection (1): tdilatam.freshdesk.com:443
2025-10-31 10:46:30 - urllib3.connectionpool - DEBUG - https://tdilatam.freshdesk.com:443 "GET /api/v2/tickets/33853 HTTP/1.1" 200 None
2025-10-31 10:46:30 - urllib3.connectionpool - DEBUG - Starting new HTTPS connection (1): tdilatam.freshdesk.com:443
2025-10-31 10:46:32 - urllib3.connectionpool - DEBUG - https://tdilatam.freshdesk.com:443 "GET /api/v2/tickets/33854 HTTP/1.1" 200 None
2025-10-31 10:46:32 - urllib3.connectionpool - DEBUG - Starting new HTTPS connection (1): tdilatam.freshdesk.com:443
2025-10-31 10:46:33 - urllib3.connectionpool - DEBUG - https://tdilatam.freshdesk.com:443 "GET /api/v2/tickets/33857 HTTP/1.1" 200 None
2025-10-31 10:46:33 - urllib3.connectionpool - DEBUG - Starting new HTTPS connection (1): tdilatam.freshdesk.com:443
2025-10-31 10:46:34 - urllib3.connectionpool - DEBUG - https://tdilatam.freshdesk.com:443 "GET /api/v2/tickets/33858 HTTP/1.1" 200 None
2025-10-31 10:46:34 - urllib3.connectionpool - DEBUG - Starting new HTTPS connection (1): tdilatam.freshdesk.com:443
2025-10-31 10:46:34 - urllib3.connectionpool - DEBUG - https://tdilatam.freshdesk.com:443 "GET /api/v2/tickets/33859 HTTP/1.1" 200 None
2025-10-31 10:46:34 - urllib3.connectionpool - DEBUG - Starting new HTTPS connection (1): tdilatam.freshdesk.com:443
2025-10-31 10:46:35 - urllib3.connectionpool - DEBUG - https://tdilatam.freshdesk.com:443 "GET /api/v2/tickets/33861 HTTP/1.1" 200 None
2025-10-31 10:46:35 - urllib3.connectionpool - DEBUG - Starting new HTTPS connection (1): tdilatam.freshdesk.com:443
2025-10-31 10:46:36 - urllib3.connectionpool - DEBUG - https://tdilatam.freshdesk.com:443 "GET /api/v2/tickets/33863 HTTP/1.1" 200 None
2025-10-31 10:46:36 - urllib3.connectionpool - DEBUG - Starting new HTTPS connection (1): tdilatam.freshdesk.com:443
2025-10-31 10:46:37 - urllib3.connectionpool - DEBUG - https://tdilatam.freshdesk.com:443 "GET /api/v2/tickets/33865 HTTP/1.1" 200 None
2025-10-31 10:46:37 - urllib3.connectionpool - DEBUG - Starting new HTTPS connection (1): tdilatam.freshdesk.com:443
2025-10-31 10:46:38 - urllib3.connectionpool - DEBUG - https://tdilatam.freshdesk.com:443 "GET /api/v2/tickets/33870 HTTP/1.1" 200 None
2025-10-31 10:46:38 - urllib3.connectionpool - DEBUG - Starting new HTTPS connection (1): tdilatam.freshdesk.com:443
2025-10-31 10:46:38 - urllib3.connectionpool - DEBUG - https://tdilatam.freshdesk.com:443 "GET /api/v2/tickets/33878 HTTP/1.1" 200 None
2025-10-31 10:46:38 - urllib3.connectionpool - DEBUG - Starting new HTTPS connection (1): tdilatam.freshdesk.com:443
2025-10-31 10:46:39 - urllib3.connectionpool - DEBUG - https://tdilatam.freshdesk.com:443 "GET /api/v2/tickets/33880 HTTP/1.1" 200 None
2025-10-31 10:46:39 - urllib3.connectionpool - DEBUG - Starting new HTTPS connection (1): tdilatam.freshdesk.com:443
2025-10-31 10:46:40 - urllib3.connectionpool - DEBUG - https://tdilatam.freshdesk.com:443 "GET /api/v2/tickets/33881 HTTP/1.1" 200 None
2025-10-31 10:46:40 - urllib3.connectionpool - DEBUG - Starting new HTTPS connection (1): tdilatam.freshdesk.com:443
2025-10-31 10:46:41 - urllib3.connectionpool - DEBUG - https://tdilatam.freshdesk.com:443 "GET /api/v2/tickets/33882 HTTP/1.1" 200 None
2025-10-31 10:46:41 - urllib3.connectionpool - DEBUG - Starting new HTTPS connection (1): tdilatam.freshdesk.com:443
2025-10-31 10:46:41 - urllib3.connectionpool - DEBUG - https://tdilatam.freshdesk.com:443 "GET /api/v2/tickets/33883 HTTP/1.1" 200 None
2025-10-31 10:46:41 - urllib3.connectionpool - DEBUG - Starting new HTTPS connection (1): tdilatam.freshdesk.com:443
2025-10-31 10:46:42 - urllib3.connectionpool - DEBUG - https://tdilatam.freshdesk.com:443 "GET /api/v2/tickets/33884 HTTP/1.1" 200 None
2025-10-31 10:46:42 - urllib3.connectionpool - DEBUG - Starting new HTTPS connection (1): tdilatam.freshdesk.com:443
2025-10-31 10:46:43 - urllib3.connectionpool - DEBUG - https://tdilatam.freshdesk.com:443 "GET /api/v2/tickets/33886 HTTP/1.1" 200 None
2025-10-31 10:46:43 - urllib3.connectionpool - DEBUG - Starting new HTTPS connection (1): tdilatam.freshdesk.com:443
2025-10-31 10:46:44 - urllib3.connectionpool - DEBUG - https://tdilatam.freshdesk.com:443 "GET /api/v2/tickets/33887 HTTP/1.1" 200 None
2025-10-31 10:46:44 - urllib3.connectionpool - DEBUG - Starting new HTTPS connection (1): tdilatam.freshdesk.com:443
2025-10-31 10:46:45 - urllib3.connectionpool - DEBUG - https://tdilatam.freshdesk.com:443 "GET /api/v2/tickets/33888 HTTP/1.1" 200 None
2025-10-31 10:46:45 - urllib3.connectionpool - DEBUG - Starting new HTTPS connection (1): tdilatam.freshdesk.com:443
2025-10-31 10:46:45 - urllib3.connectionpool - DEBUG - https://tdilatam.freshdesk.com:443 "GET /api/v2/tickets/33897 HTTP/1.1" 200 None
2025-10-31 10:46:45 - urllib3.connectionpool - DEBUG - Starting new HTTPS connection (1): tdilatam.freshdesk.com:443
2025-10-31 10:46:46 - urllib3.connectionpool - DEBUG - https://tdilatam.freshdesk.com:443 "GET /api/v2/tickets/33900 HTTP/1.1" 200 None
2025-10-31 10:46:46 - urllib3.connectionpool - DEBUG - Starting new HTTPS connection (1): tdilatam.freshdesk.com:443
2025-10-31 10:46:47 - urllib3.connectionpool - DEBUG - https://tdilatam.freshdesk.com:443 "GET /api/v2/tickets/33902 HTTP/1.1" 200 None
2025-10-31 10:46:47 - urllib3.connectionpool - DEBUG - Starting new HTTPS connection (1): tdilatam.freshdesk.com:443
2025-10-31 10:46:48 - urllib3.connectionpool - DEBUG - https://tdilatam.freshdesk.com:443 "GET /api/v2/tickets/33904 HTTP/1.1" 200 None
2025-10-31 10:46:48 - urllib3.connectionpool - DEBUG - Starting new HTTPS connection (1): tdilatam.freshdesk.com:443
2025-10-31 10:46:48 - urllib3.connectionpool - DEBUG - https://tdilatam.freshdesk.com:443 "GET /api/v2/tickets/33905 HTTP/1.1" 200 None
2025-10-31 10:46:49 - urllib3.connectionpool - DEBUG - Starting new HTTPS connection (1): tdilatam.freshdesk.com:443
2025-10-31 10:46:49 - urllib3.connectionpool - DEBUG - https://tdilatam.freshdesk.com:443 "GET /api/v2/tickets/33906 HTTP/1.1" 200 None
2025-10-31 10:46:49 - urllib3.connectionpool - DEBUG - Starting new HTTPS connection (1): tdilatam.freshdesk.com:443
2025-10-31 10:46:50 - urllib3.connectionpool - DEBUG - https://tdilatam.freshdesk.com:443 "GET /api/v2/tickets/33907 HTTP/1.1" 200 None
2025-10-31 10:46:50 - urllib3.connectionpool - DEBUG - Starting new HTTPS connection (1): tdilatam.freshdesk.com:443
2025-10-31 10:46:51 - urllib3.connectionpool - DEBUG - https://tdilatam.freshdesk.com:443 "GET /api/v2/tickets/33909 HTTP/1.1" 200 None
2025-10-31 10:46:51 - urllib3.connectionpool - DEBUG - Starting new HTTPS connection (1): tdilatam.freshdesk.com:443
2025-10-31 10:46:52 - urllib3.connectionpool - DEBUG - https://tdilatam.freshdesk.com:443 "GET /api/v2/tickets/33910 HTTP/1.1" 200 None
2025-10-31 10:46:52 - urllib3.connectionpool - DEBUG - Starting new HTTPS connection (1): tdilatam.freshdesk.com:443
2025-10-31 10:46:53 - urllib3.connectionpool - DEBUG - https://tdilatam.freshdesk.com:443 "GET /api/v2/tickets/33911 HTTP/1.1" 200 None
2025-10-31 10:46:53 - urllib3.connectionpool - DEBUG - Starting new HTTPS connection (1): tdilatam.freshdesk.com:443
2025-10-31 10:46:55 - urllib3.connectionpool - DEBUG - https://tdilatam.freshdesk.com:443 "GET /api/v2/tickets/33913 HTTP/1.1" 200 None
2025-10-31 10:46:55 - urllib3.connectionpool - DEBUG - Starting new HTTPS connection (1): tdilatam.freshdesk.com:443
2025-10-31 10:46:56 - urllib3.connectionpool - DEBUG - https://tdilatam.freshdesk.com:443 "GET /api/v2/tickets/33914 HTTP/1.1" 200 None
2025-10-31 10:46:56 - urllib3.connectionpool - DEBUG - Starting new HTTPS connection (1): tdilatam.freshdesk.com:443
2025-10-31 10:46:56 - urllib3.connectionpool - DEBUG - https://tdilatam.freshdesk.com:443 "GET /api/v2/tickets/33916 HTTP/1.1" 200 None
2025-10-31 10:46:56 - urllib3.connectionpool - DEBUG - Starting new HTTPS connection (1): tdilatam.freshdesk.com:443
2025-10-31 10:46:57 - urllib3.connectionpool - DEBUG - https://tdilatam.freshdesk.com:443 "GET /api/v2/tickets/33917 HTTP/1.1" 200 None
2025-10-31 10:46:57 - urllib3.connectionpool - DEBUG - Starting new HTTPS connection (1): tdilatam.freshdesk.com:443
2025-10-31 10:46:58 - urllib3.connectionpool - DEBUG - https://tdilatam.freshdesk.com:443 "GET /api/v2/tickets/33918 HTTP/1.1" 200 None
2025-10-31 10:46:58 - urllib3.connectionpool - DEBUG - Starting new HTTPS connection (1): tdilatam.freshdesk.com:443
2025-10-31 10:46:59 - urllib3.connectionpool - DEBUG - https://tdilatam.freshdesk.com:443 "GET /api/v2/tickets/33919 HTTP/1.1" 200 None
2025-10-31 10:46:59 - urllib3.connectionpool - DEBUG - Starting new HTTPS connection (1): tdilatam.freshdesk.com:443
2025-10-31 10:47:00 - urllib3.connectionpool - DEBUG - https://tdilatam.freshdesk.com:443 "GET /api/v2/tickets/33923 HTTP/1.1" 200 None
2025-10-31 10:47:00 - urllib3.connectionpool - DEBUG - Starting new HTTPS connection (1): tdilatam.freshdesk.com:443
2025-10-31 10:47:00 - urllib3.connectionpool - DEBUG - https://tdilatam.freshdesk.com:443 "GET /api/v2/tickets/33924 HTTP/1.1" 200 None
2025-10-31 10:47:00 - urllib3.connectionpool - DEBUG - Starting new HTTPS connection (1): tdilatam.freshdesk.com:443
2025-10-31 10:47:01 - urllib3.connectionpool - DEBUG - https://tdilatam.freshdesk.com:443 "GET /api/v2/tickets/33935 HTTP/1.1" 200 None
2025-10-31 10:47:01 - urllib3.connectionpool - DEBUG - Starting new HTTPS connection (1): tdilatam.freshdesk.com:443
2025-10-31 10:47:02 - urllib3.connectionpool - DEBUG - https://tdilatam.freshdesk.com:443 "GET /api/v2/tickets/33937 HTTP/1.1" 200 None
2025-10-31 10:47:02 - urllib3.connectionpool - DEBUG - Starting new HTTPS connection (1): tdilatam.freshdesk.com:443
2025-10-31 10:47:03 - urllib3.connectionpool - DEBUG - https://tdilatam.freshdesk.com:443 "GET /api/v2/tickets/33938 HTTP/1.1" 200 None
2025-10-31 10:47:03 - urllib3.connectionpool - DEBUG - Starting new HTTPS connection (1): tdilatam.freshdesk.com:443
2025-10-31 10:47:04 - urllib3.connectionpool - DEBUG - https://tdilatam.freshdesk.com:443 "GET /api/v2/tickets/33939 HTTP/1.1" 200 None
2025-10-31 10:47:04 - urllib3.connectionpool - DEBUG - Starting new HTTPS connection (1): tdilatam.freshdesk.com:443
2025-10-31 10:47:04 - urllib3.connectionpool - DEBUG - https://tdilatam.freshdesk.com:443 "GET /api/v2/tickets/33940 HTTP/1.1" 200 None
2025-10-31 10:47:04 - urllib3.connectionpool - DEBUG - Starting new HTTPS connection (1): tdilatam.freshdesk.com:443
2025-10-31 10:47:05 - urllib3.connectionpool - DEBUG - https://tdilatam.freshdesk.com:443 "GET /api/v2/tickets/33941 HTTP/1.1" 200 None
2025-10-31 10:47:05 - urllib3.connectionpool - DEBUG - Starting new HTTPS connection (1): tdilatam.freshdesk.com:443
2025-10-31 10:47:06 - urllib3.connectionpool - DEBUG - https://tdilatam.freshdesk.com:443 "GET /api/v2/tickets/33942 HTTP/1.1" 200 None
2025-10-31 10:47:06 - urllib3.connectionpool - DEBUG - Starting new HTTPS connection (1): tdilatam.freshdesk.com:443
2025-10-31 10:47:07 - urllib3.connectionpool - DEBUG - https://tdilatam.freshdesk.com:443 "GET /api/v2/tickets/33943 HTTP/1.1" 200 None
2025-10-31 10:47:07 - urllib3.connectionpool - DEBUG - Starting new HTTPS connection (1): tdilatam.freshdesk.com:443
2025-10-31 10:47:08 - urllib3.connectionpool - DEBUG - https://tdilatam.freshdesk.com:443 "GET /api/v2/tickets/33962 HTTP/1.1" 200 None
2025-10-31 10:47:08 - urllib3.connectionpool - DEBUG - Starting new HTTPS connection (1): tdilatam.freshdesk.com:443
2025-10-31 10:47:09 - urllib3.connectionpool - DEBUG - https://tdilatam.freshdesk.com:443 "GET /api/v2/tickets/33965 HTTP/1.1" 200 None
2025-10-31 10:47:09 - urllib3.connectionpool - DEBUG - Starting new HTTPS connection (1): tdilatam.freshdesk.com:443
2025-10-31 10:47:09 - urllib3.connectionpool - DEBUG - https://tdilatam.freshdesk.com:443 "GET /api/v2/tickets/33966 HTTP/1.1" 200 None
2025-10-31 10:47:10 - urllib3.connectionpool - DEBUG - Starting new HTTPS connection (1): tdilatam.freshdesk.com:443
2025-10-31 10:47:10 - urllib3.connectionpool - DEBUG - https://tdilatam.freshdesk.com:443 "GET /api/v2/tickets/33967 HTTP/1.1" 200 None
2025-10-31 10:47:10 - urllib3.connectionpool - DEBUG - Starting new HTTPS connection (1): tdilatam.freshdesk.com:443
2025-10-31 10:47:11 - urllib3.connectionpool - DEBUG - https://tdilatam.freshdesk.com:443 "GET /api/v2/tickets/33972 HTTP/1.1" 200 None
2025-10-31 10:47:11 - urllib3.connectionpool - DEBUG - Starting new HTTPS connection (1): tdilatam.freshdesk.com:443
2025-10-31 10:47:12 - urllib3.connectionpool - DEBUG - https://tdilatam.freshdesk.com:443 "GET /api/v2/tickets/33973 HTTP/1.1" 200 None
2025-10-31 10:47:12 - urllib3.connectionpool - DEBUG - Starting new HTTPS connection (1): tdilatam.freshdesk.com:443
2025-10-31 10:47:13 - urllib3.connectionpool - DEBUG - https://tdilatam.freshdesk.com:443 "GET /api/v2/tickets/33975 HTTP/1.1" 200 None
2025-10-31 10:47:13 - urllib3.connectionpool - DEBUG - Starting new HTTPS connection (1): tdilatam.freshdesk.com:443
2025-10-31 10:47:13 - urllib3.connectionpool - DEBUG - https://tdilatam.freshdesk.com:443 "GET /api/v2/tickets/33976 HTTP/1.1" 200 None
2025-10-31 10:47:13 - urllib3.connectionpool - DEBUG - Starting new HTTPS connection (1): tdilatam.freshdesk.com:443
2025-10-31 10:47:14 - urllib3.connectionpool - DEBUG - https://tdilatam.freshdesk.com:443 "GET /api/v2/tickets/33988 HTTP/1.1" 200 None
2025-10-31 10:47:14 - urllib3.connectionpool - DEBUG - Starting new HTTPS connection (1): tdilatam.freshdesk.com:443
2025-10-31 10:47:15 - urllib3.connectionpool - DEBUG - https://tdilatam.freshdesk.com:443 "GET /api/v2/tickets/33989 HTTP/1.1" 200 None
2025-10-31 10:47:15 - urllib3.connectionpool - DEBUG - Starting new HTTPS connection (1): tdilatam.freshdesk.com:443
2025-10-31 10:47:16 - urllib3.connectionpool - DEBUG - https://tdilatam.freshdesk.com:443 "GET /api/v2/tickets/33992 HTTP/1.1" 200 None
2025-10-31 10:47:16 - urllib3.connectionpool - DEBUG - Starting new HTTPS connection (1): tdilatam.freshdesk.com:443
2025-10-31 10:47:16 - urllib3.connectionpool - DEBUG - https://tdilatam.freshdesk.com:443 "GET /api/v2/tickets/33993 HTTP/1.1" 200 None
2025-10-31 10:47:17 - urllib3.connectionpool - DEBUG - Starting new HTTPS connection (1): tdilatam.freshdesk.com:443
2025-10-31 10:47:17 - urllib3.connectionpool - DEBUG - https://tdilatam.freshdesk.com:443 "GET /api/v2/tickets/33994 HTTP/1.1" 200 None
2025-10-31 10:47:17 - urllib3.connectionpool - DEBUG - Starting new HTTPS connection (1): tdilatam.freshdesk.com:443
2025-10-31 10:47:18 - urllib3.connectionpool - DEBUG - https://tdilatam.freshdesk.com:443 "GET /api/v2/tickets/33995 HTTP/1.1" 200 None
2025-10-31 10:47:18 - urllib3.connectionpool - DEBUG - Starting new HTTPS connection (1): tdilatam.freshdesk.com:443
2025-10-31 10:47:19 - urllib3.connectionpool - DEBUG - https://tdilatam.freshdesk.com:443 "GET /api/v2/tickets/33997 HTTP/1.1" 200 None
2025-10-31 10:47:19 - urllib3.connectionpool - DEBUG - Starting new HTTPS connection (1): tdilatam.freshdesk.com:443
2025-10-31 10:47:20 - urllib3.connectionpool - DEBUG - https://tdilatam.freshdesk.com:443 "GET /api/v2/tickets/33998 HTTP/1.1" 200 None
2025-10-31 10:47:20 - urllib3.connectionpool - DEBUG - Starting new HTTPS connection (1): tdilatam.freshdesk.com:443
2025-10-31 10:47:21 - urllib3.connectionpool - DEBUG - https://tdilatam.freshdesk.com:443 "GET /api/v2/tickets/34000 HTTP/1.1" 200 None
2025-10-31 10:47:21 - urllib3.connectionpool - DEBUG - Starting new HTTPS connection (1): tdilatam.freshdesk.com:443
2025-10-31 10:47:21 - urllib3.connectionpool - DEBUG - https://tdilatam.freshdesk.com:443 "GET /api/v2/tickets/34002 HTTP/1.1" 200 None
2025-10-31 10:47:21 - urllib3.connectionpool - DEBUG - Starting new HTTPS connection (1): tdilatam.freshdesk.com:443
2025-10-31 10:47:23 - urllib3.connectionpool - DEBUG - https://tdilatam.freshdesk.com:443 "GET /api/v2/tickets/34003 HTTP/1.1" 200 None
2025-10-31 10:47:23 - urllib3.connectionpool - DEBUG - Starting new HTTPS connection (1): tdilatam.freshdesk.com:443
2025-10-31 10:47:24 - urllib3.connectionpool - DEBUG - https://tdilatam.freshdesk.com:443 "GET /api/v2/tickets/34005 HTTP/1.1" 200 None
2025-10-31 10:47:24 - urllib3.connectionpool - DEBUG - Starting new HTTPS connection (1): tdilatam.freshdesk.com:443
2025-10-31 10:47:25 - urllib3.connectionpool - DEBUG - https://tdilatam.freshdesk.com:443 "GET /api/v2/tickets/34007 HTTP/1.1" 200 None
2025-10-31 10:47:25 - urllib3.connectionpool - DEBUG - Starting new HTTPS connection (1): tdilatam.freshdesk.com:443
2025-10-31 10:47:25 - urllib3.connectionpool - DEBUG - https://tdilatam.freshdesk.com:443 "GET /api/v2/tickets/34008 HTTP/1.1" 200 None
2025-10-31 10:47:26 - urllib3.connectionpool - DEBUG - Starting new HTTPS connection (1): tdilatam.freshdesk.com:443
2025-10-31 10:47:26 - urllib3.connectionpool - DEBUG - https://tdilatam.freshdesk.com:443 "GET /api/v2/tickets/34016 HTTP/1.1" 200 None
2025-10-31 10:47:26 - urllib3.connectionpool - DEBUG - Starting new HTTPS connection (1): tdilatam.freshdesk.com:443
2025-10-31 10:47:27 - urllib3.connectionpool - DEBUG - https://tdilatam.freshdesk.com:443 "GET /api/v2/tickets/34017 HTTP/1.1" 200 None
2025-10-31 10:47:27 - urllib3.connectionpool - DEBUG - Starting new HTTPS connection (1): tdilatam.freshdesk.com:443
2025-10-31 10:47:28 - urllib3.connectionpool - DEBUG - https://tdilatam.freshdesk.com:443 "GET /api/v2/tickets/34018 HTTP/1.1" 200 None
2025-10-31 10:47:28 - urllib3.connectionpool - DEBUG - Starting new HTTPS connection (1): tdilatam.freshdesk.com:443
2025-10-31 10:47:29 - urllib3.connectionpool - DEBUG - https://tdilatam.freshdesk.com:443 "GET /api/v2/tickets/34019 HTTP/1.1" 200 None
2025-10-31 10:47:29 - urllib3.connectionpool - DEBUG - Starting new HTTPS connection (1): tdilatam.freshdesk.com:443
2025-10-31 10:47:30 - urllib3.connectionpool - DEBUG - https://tdilatam.freshdesk.com:443 "GET /api/v2/tickets/34020 HTTP/1.1" 200 None
2025-10-31 10:47:30 - urllib3.connectionpool - DEBUG - Starting new HTTPS connection (1): tdilatam.freshdesk.com:443
2025-10-31 10:47:30 - urllib3.connectionpool - DEBUG - https://tdilatam.freshdesk.com:443 "GET /api/v2/tickets/34021 HTTP/1.1" 200 None
2025-10-31 10:47:30 - urllib3.connectionpool - DEBUG - Starting new HTTPS connection (1): tdilatam.freshdesk.com:443
2025-10-31 10:47:31 - urllib3.connectionpool - DEBUG - https://tdilatam.freshdesk.com:443 "GET /api/v2/tickets/34023 HTTP/1.1" 200 None
2025-10-31 10:47:31 - urllib3.connectionpool - DEBUG - Starting new HTTPS connection (1): tdilatam.freshdesk.com:443
2025-10-31 10:47:32 - urllib3.connectionpool - DEBUG - https://tdilatam.freshdesk.com:443 "GET /api/v2/tickets/34025 HTTP/1.1" 200 None
2025-10-31 10:47:32 - urllib3.connectionpool - DEBUG - Starting new HTTPS connection (1): tdilatam.freshdesk.com:443
2025-10-31 10:47:33 - urllib3.connectionpool - DEBUG - https://tdilatam.freshdesk.com:443 "GET /api/v2/tickets/34026 HTTP/1.1" 200 None
2025-10-31 10:47:33 - urllib3.connectionpool - DEBUG - Starting new HTTPS connection (1): tdilatam.freshdesk.com:443
2025-10-31 10:47:34 - urllib3.connectionpool - DEBUG - https://tdilatam.freshdesk.com:443 "GET /api/v2/tickets/34027 HTTP/1.1" 200 None
2025-10-31 10:47:34 - urllib3.connectionpool - DEBUG - Starting new HTTPS connection (1): tdilatam.freshdesk.com:443
2025-10-31 10:47:35 - urllib3.connectionpool - DEBUG - https://tdilatam.freshdesk.com:443 "GET /api/v2/tickets/34028 HTTP/1.1" 200 None
2025-10-31 10:47:35 - urllib3.connectionpool - DEBUG - Starting new HTTPS connection (1): tdilatam.freshdesk.com:443
2025-10-31 10:47:35 - urllib3.connectionpool - DEBUG - https://tdilatam.freshdesk.com:443 "GET /api/v2/tickets/34029 HTTP/1.1" 200 None
2025-10-31 10:47:36 - urllib3.connectionpool - DEBUG - Starting new HTTPS connection (1): tdilatam.freshdesk.com:443
2025-10-31 10:47:36 - urllib3.connectionpool - DEBUG - https://tdilatam.freshdesk.com:443 "GET /api/v2/tickets/34032 HTTP/1.1" 200 None
2025-10-31 10:47:36 - urllib3.connectionpool - DEBUG - Starting new HTTPS connection (1): tdilatam.freshdesk.com:443
2025-10-31 10:47:37 - urllib3.connectionpool - DEBUG - https://tdilatam.freshdesk.com:443 "GET /api/v2/tickets/34035 HTTP/1.1" 200 None
2025-10-31 10:47:37 - urllib3.connectionpool - DEBUG - Starting new HTTPS connection (1): tdilatam.freshdesk.com:443
2025-10-31 10:47:38 - urllib3.connectionpool - DEBUG - https://tdilatam.freshdesk.com:443 "GET /api/v2/tickets/34036 HTTP/1.1" 200 None
2025-10-31 10:47:38 - urllib3.connectionpool - DEBUG - Starting new HTTPS connection (1): tdilatam.freshdesk.com:443
2025-10-31 10:47:39 - urllib3.connectionpool - DEBUG - https://tdilatam.freshdesk.com:443 "GET /api/v2/tickets/34037 HTTP/1.1" 200 None
2025-10-31 10:47:39 - urllib3.connectionpool - DEBUG - Starting new HTTPS connection (1): tdilatam.freshdesk.com:443
2025-10-31 10:47:40 - urllib3.connectionpool - DEBUG - https://tdilatam.freshdesk.com:443 "GET /api/v2/tickets/34038 HTTP/1.1" 200 None
2025-10-31 10:47:40 - urllib3.connectionpool - DEBUG - Starting new HTTPS connection (1): tdilatam.freshdesk.com:443
2025-10-31 10:47:40 - urllib3.connectionpool - DEBUG - https://tdilatam.freshdesk.com:443 "GET /api/v2/tickets/34039 HTTP/1.1" 200 None
2025-10-31 10:47:40 - urllib3.connectionpool - DEBUG - Starting new HTTPS connection (1): tdilatam.freshdesk.com:443
2025-10-31 10:47:41 - urllib3.connectionpool - DEBUG - https://tdilatam.freshdesk.com:443 "GET /api/v2/tickets/34040 HTTP/1.1" 200 None
2025-10-31 10:47:41 - urllib3.connectionpool - DEBUG - Starting new HTTPS connection (1): tdilatam.freshdesk.com:443
2025-10-31 10:47:42 - urllib3.connectionpool - DEBUG - https://tdilatam.freshdesk.com:443 "GET /api/v2/tickets/34041 HTTP/1.1" 200 None
2025-10-31 10:47:42 - urllib3.connectionpool - DEBUG - Starting new HTTPS connection (1): tdilatam.freshdesk.com:443
2025-10-31 10:47:43 - urllib3.connectionpool - DEBUG - https://tdilatam.freshdesk.com:443 "GET /api/v2/tickets/34042 HTTP/1.1" 200 None
2025-10-31 10:47:43 - urllib3.connectionpool - DEBUG - Starting new HTTPS connection (1): tdilatam.freshdesk.com:443
2025-10-31 10:47:44 - urllib3.connectionpool - DEBUG - https://tdilatam.freshdesk.com:443 "GET /api/v2/tickets/34043 HTTP/1.1" 200 None
2025-10-31 10:47:44 - urllib3.connectionpool - DEBUG - Starting new HTTPS connection (1): tdilatam.freshdesk.com:443
2025-10-31 10:47:44 - urllib3.connectionpool - DEBUG - https://tdilatam.freshdesk.com:443 "GET /api/v2/tickets/34044 HTTP/1.1" 200 None
2025-10-31 10:47:44 - urllib3.connectionpool - DEBUG - Starting new HTTPS connection (1): tdilatam.freshdesk.com:443
2025-10-31 10:47:45 - urllib3.connectionpool - DEBUG - https://tdilatam.freshdesk.com:443 "GET /api/v2/tickets/34045 HTTP/1.1" 200 None
2025-10-31 10:47:45 - urllib3.connectionpool - DEBUG - Starting new HTTPS connection (1): tdilatam.freshdesk.com:443
2025-10-31 10:47:46 - urllib3.connectionpool - DEBUG - https://tdilatam.freshdesk.com:443 "GET /api/v2/tickets/34046 HTTP/1.1" 200 None
2025-10-31 10:47:46 - urllib3.connectionpool - DEBUG - Starting new HTTPS connection (1): tdilatam.freshdesk.com:443
2025-10-31 10:47:47 - urllib3.connectionpool - DEBUG - https://tdilatam.freshdesk.com:443 "GET /api/v2/tickets/34047 HTTP/1.1" 200 None
2025-10-31 10:47:47 - urllib3.connectionpool - DEBUG - Starting new HTTPS connection (1): tdilatam.freshdesk.com:443
2025-10-31 10:47:48 - urllib3.connectionpool - DEBUG - https://tdilatam.freshdesk.com:443 "GET /api/v2/tickets/34048 HTTP/1.1" 200 None
2025-10-31 10:47:48 - urllib3.connectionpool - DEBUG - Starting new HTTPS connection (1): tdilatam.freshdesk.com:443
2025-10-31 10:47:48 - urllib3.connectionpool - DEBUG - https://tdilatam.freshdesk.com:443 "GET /api/v2/tickets/34049 HTTP/1.1" 200 None
2025-10-31 10:47:48 - urllib3.connectionpool - DEBUG - Starting new HTTPS connection (1): tdilatam.freshdesk.com:443
2025-10-31 10:47:49 - urllib3.connectionpool - DEBUG - https://tdilatam.freshdesk.com:443 "GET /api/v2/tickets/34050 HTTP/1.1" 200 None
2025-10-31 10:47:49 - urllib3.connectionpool - DEBUG - Starting new HTTPS connection (1): tdilatam.freshdesk.com:443
2025-10-31 10:47:50 - urllib3.connectionpool - DEBUG - https://tdilatam.freshdesk.com:443 "GET /api/v2/tickets/34051 HTTP/1.1" 200 None
2025-10-31 10:47:50 - urllib3.connectionpool - DEBUG - Starting new HTTPS connection (1): tdilatam.freshdesk.com:443
2025-10-31 10:47:51 - urllib3.connectionpool - DEBUG - https://tdilatam.freshdesk.com:443 "GET /api/v2/tickets/34052 HTTP/1.1" 200 None
2025-10-31 10:47:51 - urllib3.connectionpool - DEBUG - Starting new HTTPS connection (1): tdilatam.freshdesk.com:443
2025-10-31 10:47:53 - urllib3.connectionpool - DEBUG - https://tdilatam.freshdesk.com:443 "GET /api/v2/tickets/34053 HTTP/1.1" 200 None
2025-10-31 10:47:53 - urllib3.connectionpool - DEBUG - Starting new HTTPS connection (1): tdilatam.freshdesk.com:443
2025-10-31 10:47:54 - urllib3.connectionpool - DEBUG - https://tdilatam.freshdesk.com:443 "GET /api/v2/tickets/34054 HTTP/1.1" 200 None
2025-10-31 10:47:54 - urllib3.connectionpool - DEBUG - Starting new HTTPS connection (1): tdilatam.freshdesk.com:443
2025-10-31 10:47:54 - urllib3.connectionpool - DEBUG - https://tdilatam.freshdesk.com:443 "GET /api/v2/tickets/34055 HTTP/1.1" 200 None
2025-10-31 10:47:54 - urllib3.connectionpool - DEBUG - Starting new HTTPS connection (1): tdilatam.freshdesk.com:443
2025-10-31 10:47:55 - urllib3.connectionpool - DEBUG - https://tdilatam.freshdesk.com:443 "GET /api/v2/tickets/34056 HTTP/1.1" 200 None
2025-10-31 10:47:55 - urllib3.connectionpool - DEBUG - Starting new HTTPS connection (1): tdilatam.freshdesk.com:443
2025-10-31 10:47:56 - urllib3.connectionpool - DEBUG - https://tdilatam.freshdesk.com:443 "GET /api/v2/tickets/34057 HTTP/1.1" 200 None
2025-10-31 10:47:56 - urllib3.connectionpool - DEBUG - Starting new HTTPS connection (1): tdilatam.freshdesk.com:443
2025-10-31 10:47:57 - urllib3.connectionpool - DEBUG - https://tdilatam.freshdesk.com:443 "GET /api/v2/tickets/34058 HTTP/1.1" 200 None
2025-10-31 10:47:57 - urllib3.connectionpool - DEBUG - Starting new HTTPS connection (1): tdilatam.freshdesk.com:443
2025-10-31 10:47:57 - urllib3.connectionpool - DEBUG - https://tdilatam.freshdesk.com:443 "GET /api/v2/tickets/34059 HTTP/1.1" 200 None
2025-10-31 10:47:57 - urllib3.connectionpool - DEBUG - Starting new HTTPS connection (1): tdilatam.freshdesk.com:443
2025-10-31 10:47:58 - urllib3.connectionpool - DEBUG - https://tdilatam.freshdesk.com:443 "GET /api/v2/tickets/34060 HTTP/1.1" 200 None
2025-10-31 10:47:58 - urllib3.connectionpool - DEBUG - Starting new HTTPS connection (1): tdilatam.freshdesk.com:443
2025-10-31 10:47:59 - urllib3.connectionpool - DEBUG - https://tdilatam.freshdesk.com:443 "GET /api/v2/tickets/34061 HTTP/1.1" 200 None
2025-10-31 10:47:59 - urllib3.connectionpool - DEBUG - Starting new HTTPS connection (1): tdilatam.freshdesk.com:443
2025-10-31 10:48:00 - urllib3.connectionpool - DEBUG - https://tdilatam.freshdesk.com:443 "GET /api/v2/tickets/34062 HTTP/1.1" 200 None
2025-10-31 10:48:00 - urllib3.connectionpool - DEBUG - Starting new HTTPS connection (1): tdilatam.freshdesk.com:443
2025-10-31 10:48:00 - urllib3.connectionpool - DEBUG - https://tdilatam.freshdesk.com:443 "GET /api/v2/tickets/34063 HTTP/1.1" 200 None
2025-10-31 10:48:00 - urllib3.connectionpool - DEBUG - Starting new HTTPS connection (1): tdilatam.freshdesk.com:443
2025-10-31 10:48:01 - urllib3.connectionpool - DEBUG - https://tdilatam.freshdesk.com:443 "GET /api/v2/tickets/34064 HTTP/1.1" 200 None
2025-10-31 10:48:01 - urllib3.connectionpool - DEBUG - Starting new HTTPS connection (1): tdilatam.freshdesk.com:443
2025-10-31 10:48:02 - urllib3.connectionpool - DEBUG - https://tdilatam.freshdesk.com:443 "GET /api/v2/tickets/34065 HTTP/1.1" 200 None
2025-10-31 10:48:02 - urllib3.connectionpool - DEBUG - Starting new HTTPS connection (1): tdilatam.freshdesk.com:443
2025-10-31 10:48:03 - urllib3.connectionpool - DEBUG - https://tdilatam.freshdesk.com:443 "GET /api/v2/tickets/34066 HTTP/1.1" 200 None
2025-10-31 10:48:03 - urllib3.connectionpool - DEBUG - Starting new HTTPS connection (1): tdilatam.freshdesk.com:443
2025-10-31 10:48:04 - urllib3.connectionpool - DEBUG - https://tdilatam.freshdesk.com:443 "GET /api/v2/tickets/34067 HTTP/1.1" 200 None
2025-10-31 10:48:04 - urllib3.connectionpool - DEBUG - Starting new HTTPS connection (1): tdilatam.freshdesk.com:443
2025-10-31 10:48:05 - urllib3.connectionpool - DEBUG - https://tdilatam.freshdesk.com:443 "GET /api/v2/tickets/34068 HTTP/1.1" 200 None
2025-10-31 10:48:05 - urllib3.connectionpool - DEBUG - Starting new HTTPS connection (1): tdilatam.freshdesk.com:443
2025-10-31 10:48:05 - urllib3.connectionpool - DEBUG - https://tdilatam.freshdesk.com:443 "GET /api/v2/tickets/34069 HTTP/1.1" 200 None
2025-10-31 10:48:06 - urllib3.connectionpool - DEBUG - Starting new HTTPS connection (1): tdilatam.freshdesk.com:443
2025-10-31 10:48:06 - urllib3.connectionpool - DEBUG - https://tdilatam.freshdesk.com:443 "GET /api/v2/tickets/34070 HTTP/1.1" 200 None
2025-10-31 10:48:07 - urllib3.connectionpool - DEBUG - Starting new HTTPS connection (1): tdilatam.freshdesk.com:443
2025-10-31 10:48:07 - urllib3.connectionpool - DEBUG - https://tdilatam.freshdesk.com:443 "GET /api/v2/tickets/34071 HTTP/1.1" 200 None
2025-10-31 10:48:07 - urllib3.connectionpool - DEBUG - Starting new HTTPS connection (1): tdilatam.freshdesk.com:443
2025-10-31 10:48:08 - urllib3.connectionpool - DEBUG - https://tdilatam.freshdesk.com:443 "GET /api/v2/tickets/34072 HTTP/1.1" 200 None
2025-10-31 10:48:08 - urllib3.connectionpool - DEBUG - Starting new HTTPS connection (1): tdilatam.freshdesk.com:443
2025-10-31 10:48:09 - urllib3.connectionpool - DEBUG - https://tdilatam.freshdesk.com:443 "GET /api/v2/tickets/34073 HTTP/1.1" 200 None
2025-10-31 10:48:09 - urllib3.connectionpool - DEBUG - Starting new HTTPS connection (1): tdilatam.freshdesk.com:443
2025-10-31 10:48:10 - urllib3.connectionpool - DEBUG - https://tdilatam.freshdesk.com:443 "GET /api/v2/tickets/34074 HTTP/1.1" 200 None
2025-10-31 10:48:10 - urllib3.connectionpool - DEBUG - Starting new HTTPS connection (1): tdilatam.freshdesk.com:443
2025-10-31 10:48:10 - urllib3.connectionpool - DEBUG - https://tdilatam.freshdesk.com:443 "GET /api/v2/tickets/34075 HTTP/1.1" 200 None
2025-10-31 10:48:10 - urllib3.connectionpool - DEBUG - Starting new HTTPS connection (1): tdilatam.freshdesk.com:443
2025-10-31 10:48:11 - urllib3.connectionpool - DEBUG - https://tdilatam.freshdesk.com:443 "GET /api/v2/tickets/34076 HTTP/1.1" 200 None
2025-10-31 10:48:11 - urllib3.connectionpool - DEBUG - Starting new HTTPS connection (1): tdilatam.freshdesk.com:443
2025-10-31 10:48:12 - urllib3.connectionpool - DEBUG - https://tdilatam.freshdesk.com:443 "GET /api/v2/tickets/34077 HTTP/1.1" 200 None
2025-10-31 10:48:12 - urllib3.connectionpool - DEBUG - Starting new HTTPS connection (1): tdilatam.freshdesk.com:443
2025-10-31 10:48:13 - urllib3.connectionpool - DEBUG - https://tdilatam.freshdesk.com:443 "GET /api/v2/tickets/34078 HTTP/1.1" 200 None
2025-10-31 10:48:13 - urllib3.connectionpool - DEBUG - Starting new HTTPS connection (1): tdilatam.freshdesk.com:443
2025-10-31 10:48:14 - urllib3.connectionpool - DEBUG - https://tdilatam.freshdesk.com:443 "GET /api/v2/tickets/34079 HTTP/1.1" 200 None
2025-10-31 10:48:14 - urllib3.connectionpool - DEBUG - Starting new HTTPS connection (1): tdilatam.freshdesk.com:443
2025-10-31 10:48:14 - urllib3.connectionpool - DEBUG - https://tdilatam.freshdesk.com:443 "GET /api/v2/tickets/34080 HTTP/1.1" 200 None
2025-10-31 10:48:14 - urllib3.connectionpool - DEBUG - Starting new HTTPS connection (1): tdilatam.freshdesk.com:443
2025-10-31 10:48:15 - urllib3.connectionpool - DEBUG - https://tdilatam.freshdesk.com:443 "GET /api/v2/tickets/34082 HTTP/1.1" 200 None
2025-10-31 10:48:15 - urllib3.connectionpool - DEBUG - Starting new HTTPS connection (1): tdilatam.freshdesk.com:443
2025-10-31 10:48:16 - urllib3.connectionpool - DEBUG - https://tdilatam.freshdesk.com:443 "GET /api/v2/tickets/34086 HTTP/1.1" 200 None
2025-10-31 10:48:16 - urllib3.connectionpool - DEBUG - Starting new HTTPS connection (1): tdilatam.freshdesk.com:443
2025-10-31 10:48:17 - urllib3.connectionpool - DEBUG - https://tdilatam.freshdesk.com:443 "GET /api/v2/tickets/34087 HTTP/1.1" 200 None
2025-10-31 10:48:17 - urllib3.connectionpool - DEBUG - Starting new HTTPS connection (1): tdilatam.freshdesk.com:443
2025-10-31 10:48:18 - urllib3.connectionpool - DEBUG - https://tdilatam.freshdesk.com:443 "GET /api/v2/tickets/34088 HTTP/1.1" 200 None
2025-10-31 10:48:18 - urllib3.connectionpool - DEBUG - Starting new HTTPS connection (1): tdilatam.freshdesk.com:443
2025-10-31 10:48:19 - urllib3.connectionpool - DEBUG - https://tdilatam.freshdesk.com:443 "GET /api/v2/tickets/34089 HTTP/1.1" 200 None
2025-10-31 10:48:19 - urllib3.connectionpool - DEBUG - Starting new HTTPS connection (1): tdilatam.freshdesk.com:443
2025-10-31 10:48:20 - urllib3.connectionpool - DEBUG - https://tdilatam.freshdesk.com:443 "GET /api/v2/tickets/34093 HTTP/1.1" 200 None
2025-10-31 10:48:20 - urllib3.connectionpool - DEBUG - Starting new HTTPS connection (1): tdilatam.freshdesk.com:443
2025-10-31 10:48:21 - urllib3.connectionpool - DEBUG - https://tdilatam.freshdesk.com:443 "GET /api/v2/tickets/34095 HTTP/1.1" 200 None
2025-10-31 10:48:21 - urllib3.connectionpool - DEBUG - Starting new HTTPS connection (1): tdilatam.freshdesk.com:443
2025-10-31 10:48:21 - urllib3.connectionpool - DEBUG - https://tdilatam.freshdesk.com:443 "GET /api/v2/tickets/34096 HTTP/1.1" 200 None
2025-10-31 10:48:21 - urllib3.connectionpool - DEBUG - Starting new HTTPS connection (1): tdilatam.freshdesk.com:443
2025-10-31 10:48:23 - urllib3.connectionpool - DEBUG - https://tdilatam.freshdesk.com:443 "GET /api/v2/tickets/34097 HTTP/1.1" 200 None
2025-10-31 10:48:23 - urllib3.connectionpool - DEBUG - Starting new HTTPS connection (1): tdilatam.freshdesk.com:443
2025-10-31 10:48:23 - urllib3.connectionpool - DEBUG - https://tdilatam.freshdesk.com:443 "GET /api/v2/tickets/34101 HTTP/1.1" 200 None
2025-10-31 10:48:23 - urllib3.connectionpool - DEBUG - Starting new HTTPS connection (1): tdilatam.freshdesk.com:443
2025-10-31 10:48:24 - urllib3.connectionpool - DEBUG - https://tdilatam.freshdesk.com:443 "GET /api/v2/tickets/34102 HTTP/1.1" 200 None
2025-10-31 10:48:24 - urllib3.connectionpool - DEBUG - Starting new HTTPS connection (1): tdilatam.freshdesk.com:443
2025-10-31 10:48:25 - urllib3.connectionpool - DEBUG - https://tdilatam.freshdesk.com:443 "GET /api/v2/tickets/34103 HTTP/1.1" 200 None
2025-10-31 10:48:25 - urllib3.connectionpool - DEBUG - Starting new HTTPS connection (1): tdilatam.freshdesk.com:443
2025-10-31 10:48:26 - urllib3.connectionpool - DEBUG - https://tdilatam.freshdesk.com:443 "GET /api/v2/tickets/34104 HTTP/1.1" 200 None
2025-10-31 10:48:26 - urllib3.connectionpool - DEBUG - Starting new HTTPS connection (1): tdilatam.freshdesk.com:443
2025-10-31 10:48:27 - urllib3.connectionpool - DEBUG - https://tdilatam.freshdesk.com:443 "GET /api/v2/tickets/34105 HTTP/1.1" 200 None
2025-10-31 10:48:27 - urllib3.connectionpool - DEBUG - Starting new HTTPS connection (1): tdilatam.freshdesk.com:443
2025-10-31 10:48:27 - urllib3.connectionpool - DEBUG - https://tdilatam.freshdesk.com:443 "GET /api/v2/tickets/34107 HTTP/1.1" 200 None
2025-10-31 10:48:27 - urllib3.connectionpool - DEBUG - Starting new HTTPS connection (1): tdilatam.freshdesk.com:443
2025-10-31 10:48:28 - urllib3.connectionpool - DEBUG - https://tdilatam.freshdesk.com:443 "GET /api/v2/tickets/34108 HTTP/1.1" 200 None
2025-10-31 10:48:28 - urllib3.connectionpool - DEBUG - Starting new HTTPS connection (1): tdilatam.freshdesk.com:443
2025-10-31 10:48:29 - urllib3.connectionpool - DEBUG - https://tdilatam.freshdesk.com:443 "GET /api/v2/tickets/34109 HTTP/1.1" 200 None
2025-10-31 10:48:29 - urllib3.connectionpool - DEBUG - Starting new HTTPS connection (1): tdilatam.freshdesk.com:443
2025-10-31 10:48:30 - urllib3.connectionpool - DEBUG - https://tdilatam.freshdesk.com:443 "GET /api/v2/tickets/34110 HTTP/1.1" 200 None
2025-10-31 10:48:30 - urllib3.connectionpool - DEBUG - Starting new HTTPS connection (1): tdilatam.freshdesk.com:443
2025-10-31 10:48:31 - urllib3.connectionpool - DEBUG - https://tdilatam.freshdesk.com:443 "GET /api/v2/tickets/34111 HTTP/1.1" 200 None
2025-10-31 10:48:31 - urllib3.connectionpool - DEBUG - Starting new HTTPS connection (1): tdilatam.freshdesk.com:443
2025-10-31 10:48:33 - urllib3.connectionpool - DEBUG - https://tdilatam.freshdesk.com:443 "GET /api/v2/tickets/34112 HTTP/1.1" 200 None
2025-10-31 10:48:33 - urllib3.connectionpool - DEBUG - Starting new HTTPS connection (1): tdilatam.freshdesk.com:443
2025-10-31 10:48:34 - urllib3.connectionpool - DEBUG - https://tdilatam.freshdesk.com:443 "GET /api/v2/tickets/34117 HTTP/1.1" 200 None
2025-10-31 10:48:34 - urllib3.connectionpool - DEBUG - Starting new HTTPS connection (1): tdilatam.freshdesk.com:443
2025-10-31 10:48:35 - urllib3.connectionpool - DEBUG - https://tdilatam.freshdesk.com:443 "GET /api/v2/tickets/34118 HTTP/1.1" 200 None
2025-10-31 10:48:35 - urllib3.connectionpool - DEBUG - Starting new HTTPS connection (1): tdilatam.freshdesk.com:443
2025-10-31 10:48:35 - urllib3.connectionpool - DEBUG - https://tdilatam.freshdesk.com:443 "GET /api/v2/tickets/34120 HTTP/1.1" 200 None
2025-10-31 10:48:35 - urllib3.connectionpool - DEBUG - Starting new HTTPS connection (1): tdilatam.freshdesk.com:443
2025-10-31 10:48:36 - urllib3.connectionpool - DEBUG - https://tdilatam.freshdesk.com:443 "GET /api/v2/tickets/34121 HTTP/1.1" 200 None
2025-10-31 10:48:36 - urllib3.connectionpool - DEBUG - Starting new HTTPS connection (1): tdilatam.freshdesk.com:443
2025-10-31 10:48:37 - urllib3.connectionpool - DEBUG - https://tdilatam.freshdesk.com:443 "GET /api/v2/tickets/34122 HTTP/1.1" 200 None
2025-10-31 10:48:37 - urllib3.connectionpool - DEBUG - Starting new HTTPS connection (1): tdilatam.freshdesk.com:443
2025-10-31 10:48:38 - urllib3.connectionpool - DEBUG - https://tdilatam.freshdesk.com:443 "GET /api/v2/tickets/34128 HTTP/1.1" 200 None
2025-10-31 10:48:38 - urllib3.connectionpool - DEBUG - Starting new HTTPS connection (1): tdilatam.freshdesk.com:443
2025-10-31 10:48:38 - urllib3.connectionpool - DEBUG - https://tdilatam.freshdesk.com:443 "GET /api/v2/tickets/34129 HTTP/1.1" 200 None
2025-10-31 10:48:38 - urllib3.connectionpool - DEBUG - Starting new HTTPS connection (1): tdilatam.freshdesk.com:443
2025-10-31 10:48:39 - urllib3.connectionpool - DEBUG - https://tdilatam.freshdesk.com:443 "GET /api/v2/tickets/34131 HTTP/1.1" 200 None
2025-10-31 10:48:39 - urllib3.connectionpool - DEBUG - Starting new HTTPS connection (1): tdilatam.freshdesk.com:443
2025-10-31 10:48:40 - urllib3.connectionpool - DEBUG - https://tdilatam.freshdesk.com:443 "GET /api/v2/tickets/34133 HTTP/1.1" 200 None
2025-10-31 10:48:40 - urllib3.connectionpool - DEBUG - Starting new HTTPS connection (1): tdilatam.freshdesk.com:443
2025-10-31 10:48:41 - urllib3.connectionpool - DEBUG - https://tdilatam.freshdesk.com:443 "GET /api/v2/tickets/34137 HTTP/1.1" 200 None
2025-10-31 10:48:41 - urllib3.connectionpool - DEBUG - Starting new HTTPS connection (1): tdilatam.freshdesk.com:443
2025-10-31 10:48:42 - urllib3.connectionpool - DEBUG - https://tdilatam.freshdesk.com:443 "GET /api/v2/tickets/34138 HTTP/1.1" 200 None
2025-10-31 10:49:05 - SyncDeskManager - INFO - Datos sensibles limpiados de la memoria
