2025-11-03 08:20:38 - SyncDeskManager - INFO - ==================================================
2025-11-03 08:20:38 - SyncDeskManager - INFO - 🚀 INICIANDO SYNC DESK MANAGER
2025-11-03 08:20:38 - SyncDeskManager - INFO - ==================================================
2025-11-03 08:20:38 - SyncDeskManager - INFO - Sistema operativo: Windows 11
2025-11-03 08:20:38 - SyncDeskManager - INFO - Python: 3.12.4
2025-11-03 08:20:38 - SyncDeskManager - INFO - Usuario: usuario
2025-11-03 08:20:38 - SyncDeskManager - INFO - Directorio de trabajo: C:\xampp\htdocs\TDI_Task_Manager
2025-11-03 08:20:38 - SyncDeskManager - INFO - Directorio de logs: c:\xampp\htdocs\TDI_Task_Manager\src\logs
2025-11-03 08:20:38 - SyncDeskManager - INFO - ==================================================
2025-11-03 08:20:44 - SyncDeskManager - INFO - ConfigManager inicializado - Modo volátil en memoria
2025-11-03 08:20:44 - SyncDeskManager - INFO - Iniciando aplicación
2025-11-03 08:20:44 - SyncDeskManager - INFO - Módulos cargados correctamente
2025-11-03 08:20:44 - SyncDeskManager - INFO - ConfigManager inicializado - Modo volátil en memoria
2025-11-03 08:20:44 - SyncDeskManager - INFO - FreshdeskService inicializado
2025-11-03 08:20:44 - SyncDeskManager - INFO - Configuración de clasificación cargada desde: data/classification/classification_config.json
2025-11-03 08:20:44 - SyncDeskManager - INFO - ClassificationConfigManager inicializado
2025-11-03 08:20:44 - SyncDeskManager - INFO - ClassificationLibraryGenerator inicializado
2025-11-03 08:21:08 - urllib3.connectionpool - DEBUG - Starting new HTTPS connection (1): tdilatam.freshdesk.com:443
2025-11-03 08:21:09 - urllib3.connectionpool - DEBUG - https://tdilatam.freshdesk.com:443 "GET /api/v2/tickets/33998 HTTP/1.1" 200 None
2025-11-03 08:21:09 - urllib3.connectionpool - DEBUG - Starting new HTTPS connection (1): tdilatam.freshdesk.com:443
2025-11-03 08:21:09 - urllib3.connectionpool - DEBUG - https://tdilatam.freshdesk.com:443 "GET /api/v2/tickets/33972 HTTP/1.1" 200 None
2025-11-03 08:21:09 - urllib3.connectionpool - DEBUG - Starting new HTTPS connection (1): tdilatam.freshdesk.com:443
2025-11-03 08:21:10 - urllib3.connectionpool - DEBUG - https://tdilatam.freshdesk.com:443 "GET /api/v2/tickets/33967 HTTP/1.1" 200 None
2025-11-03 08:21:10 - urllib3.connectionpool - DEBUG - Starting new HTTPS connection (1): tdilatam.freshdesk.com:443
2025-11-03 08:21:11 - urllib3.connectionpool - DEBUG - https://tdilatam.freshdesk.com:443 "GET /api/v2/tickets/33913 HTTP/1.1" 200 None
2025-11-03 08:21:11 - urllib3.connectionpool - DEBUG - Starting new HTTPS connection (1): tdilatam.freshdesk.com:443
2025-11-03 08:21:12 - urllib3.connectionpool - DEBUG - https://tdilatam.freshdesk.com:443 "POST /api/v2/tickets/33913/notes HTTP/1.1" 201 None
2025-11-03 08:21:12 - urllib3.connectionpool - DEBUG - Starting new HTTPS connection (1): tdilatam.freshdesk.com:443
2025-11-03 08:21:12 - urllib3.connectionpool - DEBUG - https://tdilatam.freshdesk.com:443 "GET /api/v2/tickets/33901 HTTP/1.1" 200 None
2025-11-03 08:21:12 - urllib3.connectionpool - DEBUG - Starting new HTTPS connection (1): tdilatam.freshdesk.com:443
2025-11-03 08:21:13 - urllib3.connectionpool - DEBUG - https://tdilatam.freshdesk.com:443 "POST /api/v2/tickets/33901/notes HTTP/1.1" 201 None
2025-11-03 08:21:13 - urllib3.connectionpool - DEBUG - Starting new HTTPS connection (1): tdilatam.freshdesk.com:443
2025-11-03 08:21:14 - urllib3.connectionpool - DEBUG - https://tdilatam.freshdesk.com:443 "GET /api/v2/tickets/33857 HTTP/1.1" 200 None
2025-11-03 08:21:14 - urllib3.connectionpool - DEBUG - Starting new HTTPS connection (1): tdilatam.freshdesk.com:443
2025-11-03 08:21:15 - urllib3.connectionpool - DEBUG - https://tdilatam.freshdesk.com:443 "POST /api/v2/tickets/33857/notes HTTP/1.1" 201 None
2025-11-03 08:21:15 - urllib3.connectionpool - DEBUG - Starting new HTTPS connection (1): tdilatam.freshdesk.com:443
2025-11-03 08:21:16 - urllib3.connectionpool - DEBUG - https://tdilatam.freshdesk.com:443 "GET /api/v2/tickets/33850 HTTP/1.1" 200 None
2025-11-03 08:21:16 - urllib3.connectionpool - DEBUG - Starting new HTTPS connection (1): tdilatam.freshdesk.com:443
2025-11-03 08:21:16 - urllib3.connectionpool - DEBUG - https://tdilatam.freshdesk.com:443 "POST /api/v2/tickets/33850/notes HTTP/1.1" 201 None
2025-11-03 08:21:16 - urllib3.connectionpool - DEBUG - Starting new HTTPS connection (1): tdilatam.freshdesk.com:443
2025-11-03 08:21:17 - urllib3.connectionpool - DEBUG - https://tdilatam.freshdesk.com:443 "GET /api/v2/tickets/33813 HTTP/1.1" 200 None
2025-11-03 08:21:17 - urllib3.connectionpool - DEBUG - Starting new HTTPS connection (1): tdilatam.freshdesk.com:443
2025-11-03 08:21:18 - urllib3.connectionpool - DEBUG - https://tdilatam.freshdesk.com:443 "POST /api/v2/tickets/33813/notes HTTP/1.1" 201 None
2025-11-03 08:21:18 - urllib3.connectionpool - DEBUG - Starting new HTTPS connection (1): tdilatam.freshdesk.com:443
2025-11-03 08:21:19 - urllib3.connectionpool - DEBUG - https://tdilatam.freshdesk.com:443 "GET /api/v2/tickets/33812 HTTP/1.1" 200 None
2025-11-03 08:21:19 - urllib3.connectionpool - DEBUG - Starting new HTTPS connection (1): tdilatam.freshdesk.com:443
2025-11-03 08:21:19 - urllib3.connectionpool - DEBUG - https://tdilatam.freshdesk.com:443 "GET /api/v2/tickets/33805 HTTP/1.1" 200 None
2025-11-03 08:21:19 - urllib3.connectionpool - DEBUG - Starting new HTTPS connection (1): tdilatam.freshdesk.com:443
2025-11-03 08:21:20 - urllib3.connectionpool - DEBUG - https://tdilatam.freshdesk.com:443 "GET /api/v2/tickets/33787 HTTP/1.1" 200 None
2025-11-03 08:21:20 - urllib3.connectionpool - DEBUG - Starting new HTTPS connection (1): tdilatam.freshdesk.com:443
2025-11-03 08:21:21 - urllib3.connectionpool - DEBUG - https://tdilatam.freshdesk.com:443 "GET /api/v2/tickets/33740 HTTP/1.1" 200 None
2025-11-03 08:21:21 - urllib3.connectionpool - DEBUG - Starting new HTTPS connection (1): tdilatam.freshdesk.com:443
2025-11-03 08:21:21 - urllib3.connectionpool - DEBUG - https://tdilatam.freshdesk.com:443 "GET /api/v2/tickets/33739 HTTP/1.1" 200 None
2025-11-03 08:21:21 - urllib3.connectionpool - DEBUG - Starting new HTTPS connection (1): tdilatam.freshdesk.com:443
2025-11-03 08:21:22 - urllib3.connectionpool - DEBUG - https://tdilatam.freshdesk.com:443 "POST /api/v2/tickets/33739/notes HTTP/1.1" 201 None
2025-11-03 08:21:22 - urllib3.connectionpool - DEBUG - Starting new HTTPS connection (1): tdilatam.freshdesk.com:443
2025-11-03 08:21:23 - urllib3.connectionpool - DEBUG - https://tdilatam.freshdesk.com:443 "GET /api/v2/tickets/33702 HTTP/1.1" 200 None
2025-11-03 08:21:23 - urllib3.connectionpool - DEBUG - Starting new HTTPS connection (1): tdilatam.freshdesk.com:443
2025-11-03 08:21:24 - urllib3.connectionpool - DEBUG - https://tdilatam.freshdesk.com:443 "GET /api/v2/tickets/33667 HTTP/1.1" 200 None
2025-11-03 08:21:24 - urllib3.connectionpool - DEBUG - Starting new HTTPS connection (1): tdilatam.freshdesk.com:443
2025-11-03 08:21:24 - urllib3.connectionpool - DEBUG - https://tdilatam.freshdesk.com:443 "GET /api/v2/tickets/33563 HTTP/1.1" 200 None
2025-11-03 08:21:24 - urllib3.connectionpool - DEBUG - Starting new HTTPS connection (1): tdilatam.freshdesk.com:443
2025-11-03 08:21:25 - urllib3.connectionpool - DEBUG - https://tdilatam.freshdesk.com:443 "POST /api/v2/tickets/33563/notes HTTP/1.1" 201 None
2025-11-03 08:21:25 - urllib3.connectionpool - DEBUG - Starting new HTTPS connection (1): tdilatam.freshdesk.com:443
2025-11-03 08:21:26 - urllib3.connectionpool - DEBUG - https://tdilatam.freshdesk.com:443 "GET /api/v2/tickets/33552 HTTP/1.1" 200 None
2025-11-03 08:21:26 - urllib3.connectionpool - DEBUG - Starting new HTTPS connection (1): tdilatam.freshdesk.com:443
2025-11-03 08:21:27 - urllib3.connectionpool - DEBUG - https://tdilatam.freshdesk.com:443 "POST /api/v2/tickets/33552/notes HTTP/1.1" 201 None
2025-11-03 08:21:27 - urllib3.connectionpool - DEBUG - Starting new HTTPS connection (1): tdilatam.freshdesk.com:443
2025-11-03 08:21:27 - urllib3.connectionpool - DEBUG - https://tdilatam.freshdesk.com:443 "GET /api/v2/tickets/33513 HTTP/1.1" 200 None
2025-11-03 08:21:27 - urllib3.connectionpool - DEBUG - Starting new HTTPS connection (1): tdilatam.freshdesk.com:443
2025-11-03 08:21:28 - urllib3.connectionpool - DEBUG - https://tdilatam.freshdesk.com:443 "GET /api/v2/tickets/33494 HTTP/1.1" 200 None
2025-11-03 08:21:28 - urllib3.connectionpool - DEBUG - Starting new HTTPS connection (1): tdilatam.freshdesk.com:443
2025-11-03 08:21:29 - urllib3.connectionpool - DEBUG - https://tdilatam.freshdesk.com:443 "POST /api/v2/tickets/33494/notes HTTP/1.1" 201 None
2025-11-03 08:21:29 - urllib3.connectionpool - DEBUG - Starting new HTTPS connection (1): tdilatam.freshdesk.com:443
2025-11-03 08:21:30 - urllib3.connectionpool - DEBUG - https://tdilatam.freshdesk.com:443 "GET /api/v2/tickets/33491 HTTP/1.1" 200 None
2025-11-03 08:21:30 - urllib3.connectionpool - DEBUG - Starting new HTTPS connection (1): tdilatam.freshdesk.com:443
2025-11-03 08:21:31 - urllib3.connectionpool - DEBUG - https://tdilatam.freshdesk.com:443 "POST /api/v2/tickets/33491/notes HTTP/1.1" 201 None
2025-11-03 08:21:31 - urllib3.connectionpool - DEBUG - Starting new HTTPS connection (1): tdilatam.freshdesk.com:443
2025-11-03 08:21:31 - urllib3.connectionpool - DEBUG - https://tdilatam.freshdesk.com:443 "GET /api/v2/tickets/33490 HTTP/1.1" 200 None
2025-11-03 08:21:31 - urllib3.connectionpool - DEBUG - Starting new HTTPS connection (1): tdilatam.freshdesk.com:443
2025-11-03 08:21:32 - urllib3.connectionpool - DEBUG - https://tdilatam.freshdesk.com:443 "POST /api/v2/tickets/33490/notes HTTP/1.1" 201 None
2025-11-03 08:21:32 - urllib3.connectionpool - DEBUG - Starting new HTTPS connection (1): tdilatam.freshdesk.com:443
2025-11-03 08:21:33 - urllib3.connectionpool - DEBUG - https://tdilatam.freshdesk.com:443 "GET /api/v2/tickets/33489 HTTP/1.1" 200 None
2025-11-03 08:21:33 - urllib3.connectionpool - DEBUG - Starting new HTTPS connection (1): tdilatam.freshdesk.com:443
2025-11-03 08:21:34 - urllib3.connectionpool - DEBUG - https://tdilatam.freshdesk.com:443 "POST /api/v2/tickets/33489/notes HTTP/1.1" 201 None
2025-11-03 08:21:34 - urllib3.connectionpool - DEBUG - Starting new HTTPS connection (1): tdilatam.freshdesk.com:443
2025-11-03 08:21:34 - urllib3.connectionpool - DEBUG - https://tdilatam.freshdesk.com:443 "GET /api/v2/tickets/33364 HTTP/1.1" 200 None
2025-11-03 08:21:34 - urllib3.connectionpool - DEBUG - Starting new HTTPS connection (1): tdilatam.freshdesk.com:443
2025-11-03 08:21:35 - urllib3.connectionpool - DEBUG - https://tdilatam.freshdesk.com:443 "GET /api/v2/tickets/33346 HTTP/1.1" 200 None
2025-11-03 08:21:35 - urllib3.connectionpool - DEBUG - Starting new HTTPS connection (1): tdilatam.freshdesk.com:443
2025-11-03 08:21:36 - urllib3.connectionpool - DEBUG - https://tdilatam.freshdesk.com:443 "GET /api/v2/tickets/33314 HTTP/1.1" 200 None
2025-11-03 08:21:36 - urllib3.connectionpool - DEBUG - Starting new HTTPS connection (1): tdilatam.freshdesk.com:443
2025-11-03 08:21:36 - urllib3.connectionpool - DEBUG - https://tdilatam.freshdesk.com:443 "GET /api/v2/tickets/33297 HTTP/1.1" 200 None
2025-11-03 08:21:36 - urllib3.connectionpool - DEBUG - Starting new HTTPS connection (1): tdilatam.freshdesk.com:443
2025-11-03 08:21:37 - urllib3.connectionpool - DEBUG - https://tdilatam.freshdesk.com:443 "POST /api/v2/tickets/33297/notes HTTP/1.1" 201 None
2025-11-03 08:21:37 - urllib3.connectionpool - DEBUG - Starting new HTTPS connection (1): tdilatam.freshdesk.com:443
2025-11-03 08:21:38 - urllib3.connectionpool - DEBUG - https://tdilatam.freshdesk.com:443 "GET /api/v2/tickets/33258 HTTP/1.1" 200 None
2025-11-03 08:21:38 - urllib3.connectionpool - DEBUG - Starting new HTTPS connection (1): tdilatam.freshdesk.com:443
2025-11-03 08:21:39 - urllib3.connectionpool - DEBUG - https://tdilatam.freshdesk.com:443 "POST /api/v2/tickets/33258/notes HTTP/1.1" 201 None
2025-11-03 08:21:39 - urllib3.connectionpool - DEBUG - Starting new HTTPS connection (1): tdilatam.freshdesk.com:443
2025-11-03 08:21:39 - urllib3.connectionpool - DEBUG - https://tdilatam.freshdesk.com:443 "GET /api/v2/tickets/33139 HTTP/1.1" 200 None
2025-11-03 08:21:39 - urllib3.connectionpool - DEBUG - Starting new HTTPS connection (1): tdilatam.freshdesk.com:443
2025-11-03 08:21:40 - urllib3.connectionpool - DEBUG - https://tdilatam.freshdesk.com:443 "POST /api/v2/tickets/33139/notes HTTP/1.1" 201 None
2025-11-03 08:21:40 - urllib3.connectionpool - DEBUG - Starting new HTTPS connection (1): tdilatam.freshdesk.com:443
2025-11-03 08:21:41 - urllib3.connectionpool - DEBUG - https://tdilatam.freshdesk.com:443 "GET /api/v2/tickets/33083 HTTP/1.1" 200 None
2025-11-03 08:21:41 - urllib3.connectionpool - DEBUG - Starting new HTTPS connection (1): tdilatam.freshdesk.com:443
2025-11-03 08:21:42 - urllib3.connectionpool - DEBUG - https://tdilatam.freshdesk.com:443 "POST /api/v2/tickets/33083/notes HTTP/1.1" 201 None
2025-11-03 08:21:42 - urllib3.connectionpool - DEBUG - Starting new HTTPS connection (1): tdilatam.freshdesk.com:443
2025-11-03 08:21:43 - urllib3.connectionpool - DEBUG - https://tdilatam.freshdesk.com:443 "GET /api/v2/tickets/33065 HTTP/1.1" 200 None
2025-11-03 08:21:43 - urllib3.connectionpool - DEBUG - Starting new HTTPS connection (1): tdilatam.freshdesk.com:443
2025-11-03 08:21:43 - urllib3.connectionpool - DEBUG - https://tdilatam.freshdesk.com:443 "GET /api/v2/tickets/33027 HTTP/1.1" 200 None
2025-11-03 08:21:43 - urllib3.connectionpool - DEBUG - Starting new HTTPS connection (1): tdilatam.freshdesk.com:443
2025-11-03 08:21:44 - urllib3.connectionpool - DEBUG - https://tdilatam.freshdesk.com:443 "GET /api/v2/tickets/32912 HTTP/1.1" 200 None
2025-11-03 08:21:44 - urllib3.connectionpool - DEBUG - Starting new HTTPS connection (1): tdilatam.freshdesk.com:443
2025-11-03 08:21:45 - urllib3.connectionpool - DEBUG - https://tdilatam.freshdesk.com:443 "POST /api/v2/tickets/32912/notes HTTP/1.1" 201 None
2025-11-03 08:21:45 - urllib3.connectionpool - DEBUG - Starting new HTTPS connection (1): tdilatam.freshdesk.com:443
2025-11-03 08:21:46 - urllib3.connectionpool - DEBUG - https://tdilatam.freshdesk.com:443 "GET /api/v2/tickets/32883 HTTP/1.1" 200 None
2025-11-03 08:21:46 - urllib3.connectionpool - DEBUG - Starting new HTTPS connection (1): tdilatam.freshdesk.com:443
2025-11-03 08:21:46 - urllib3.connectionpool - DEBUG - https://tdilatam.freshdesk.com:443 "GET /api/v2/tickets/32856 HTTP/1.1" 200 None
2025-11-03 08:21:46 - urllib3.connectionpool - DEBUG - Starting new HTTPS connection (1): tdilatam.freshdesk.com:443
2025-11-03 08:21:48 - urllib3.connectionpool - DEBUG - https://tdilatam.freshdesk.com:443 "POST /api/v2/tickets/32856/notes HTTP/1.1" 201 None
2025-11-03 08:21:48 - urllib3.connectionpool - DEBUG - Starting new HTTPS connection (1): tdilatam.freshdesk.com:443
2025-11-03 08:21:48 - urllib3.connectionpool - DEBUG - https://tdilatam.freshdesk.com:443 "GET /api/v2/tickets/32844 HTTP/1.1" 200 None
2025-11-03 08:21:48 - urllib3.connectionpool - DEBUG - Starting new HTTPS connection (1): tdilatam.freshdesk.com:443
2025-11-03 08:21:49 - urllib3.connectionpool - DEBUG - https://tdilatam.freshdesk.com:443 "POST /api/v2/tickets/32844/notes HTTP/1.1" 201 None
2025-11-03 08:21:49 - urllib3.connectionpool - DEBUG - Starting new HTTPS connection (1): tdilatam.freshdesk.com:443
2025-11-03 08:21:50 - urllib3.connectionpool - DEBUG - https://tdilatam.freshdesk.com:443 "GET /api/v2/tickets/32836 HTTP/1.1" 200 None
2025-11-03 08:21:50 - urllib3.connectionpool - DEBUG - Starting new HTTPS connection (1): tdilatam.freshdesk.com:443
2025-11-03 08:21:51 - urllib3.connectionpool - DEBUG - https://tdilatam.freshdesk.com:443 "POST /api/v2/tickets/32836/notes HTTP/1.1" 201 None
2025-11-03 08:21:51 - urllib3.connectionpool - DEBUG - Starting new HTTPS connection (1): tdilatam.freshdesk.com:443
2025-11-03 08:21:51 - urllib3.connectionpool - DEBUG - https://tdilatam.freshdesk.com:443 "GET /api/v2/tickets/32785 HTTP/1.1" 200 None
2025-11-03 08:21:51 - urllib3.connectionpool - DEBUG - Starting new HTTPS connection (1): tdilatam.freshdesk.com:443
2025-11-03 08:21:52 - urllib3.connectionpool - DEBUG - https://tdilatam.freshdesk.com:443 "POST /api/v2/tickets/32785/notes HTTP/1.1" 201 None
2025-11-03 08:21:52 - urllib3.connectionpool - DEBUG - Starting new HTTPS connection (1): tdilatam.freshdesk.com:443
2025-11-03 08:21:53 - urllib3.connectionpool - DEBUG - https://tdilatam.freshdesk.com:443 "GET /api/v2/tickets/32778 HTTP/1.1" 200 None
2025-11-03 08:21:53 - urllib3.connectionpool - DEBUG - Starting new HTTPS connection (1): tdilatam.freshdesk.com:443
2025-11-03 08:21:54 - urllib3.connectionpool - DEBUG - https://tdilatam.freshdesk.com:443 "POST /api/v2/tickets/32778/notes HTTP/1.1" 201 None
2025-11-03 08:21:54 - urllib3.connectionpool - DEBUG - Starting new HTTPS connection (1): tdilatam.freshdesk.com:443
2025-11-03 08:21:54 - urllib3.connectionpool - DEBUG - https://tdilatam.freshdesk.com:443 "GET /api/v2/tickets/32728 HTTP/1.1" 200 None
2025-11-03 08:21:54 - urllib3.connectionpool - DEBUG - Starting new HTTPS connection (1): tdilatam.freshdesk.com:443
2025-11-03 08:21:55 - urllib3.connectionpool - DEBUG - https://tdilatam.freshdesk.com:443 "GET /api/v2/tickets/32341 HTTP/1.1" 200 None
2025-11-03 08:21:55 - urllib3.connectionpool - DEBUG - Starting new HTTPS connection (1): tdilatam.freshdesk.com:443
2025-11-03 08:21:56 - urllib3.connectionpool - DEBUG - https://tdilatam.freshdesk.com:443 "GET /api/v2/tickets/32084 HTTP/1.1" 200 None
2025-11-03 08:21:56 - urllib3.connectionpool - DEBUG - Starting new HTTPS connection (1): tdilatam.freshdesk.com:443
2025-11-03 08:21:57 - urllib3.connectionpool - DEBUG - https://tdilatam.freshdesk.com:443 "POST /api/v2/tickets/32084/notes HTTP/1.1" 201 None
2025-11-03 08:21:57 - urllib3.connectionpool - DEBUG - Starting new HTTPS connection (1): tdilatam.freshdesk.com:443
2025-11-03 08:21:57 - urllib3.connectionpool - DEBUG - https://tdilatam.freshdesk.com:443 "GET /api/v2/tickets/31920 HTTP/1.1" 200 None
2025-11-03 08:21:57 - urllib3.connectionpool - DEBUG - Starting new HTTPS connection (1): tdilatam.freshdesk.com:443
2025-11-03 08:21:58 - urllib3.connectionpool - DEBUG - https://tdilatam.freshdesk.com:443 "POST /api/v2/tickets/31920/notes HTTP/1.1" 201 None
2025-11-03 08:21:58 - urllib3.connectionpool - DEBUG - Starting new HTTPS connection (1): tdilatam.freshdesk.com:443
2025-11-03 08:21:59 - urllib3.connectionpool - DEBUG - https://tdilatam.freshdesk.com:443 "GET /api/v2/tickets/31903 HTTP/1.1" 200 None
2025-11-03 08:21:59 - urllib3.connectionpool - DEBUG - Starting new HTTPS connection (1): tdilatam.freshdesk.com:443
2025-11-03 08:22:00 - urllib3.connectionpool - DEBUG - https://tdilatam.freshdesk.com:443 "GET /api/v2/tickets/31898 HTTP/1.1" 200 None
2025-11-03 08:22:00 - urllib3.connectionpool - DEBUG - Starting new HTTPS connection (1): tdilatam.freshdesk.com:443
2025-11-03 08:22:01 - urllib3.connectionpool - DEBUG - https://tdilatam.freshdesk.com:443 "POST /api/v2/tickets/31898/notes HTTP/1.1" 201 None
2025-11-03 08:22:01 - urllib3.connectionpool - DEBUG - Starting new HTTPS connection (1): tdilatam.freshdesk.com:443
2025-11-03 08:22:01 - urllib3.connectionpool - DEBUG - https://tdilatam.freshdesk.com:443 "GET /api/v2/tickets/31897 HTTP/1.1" 200 None
2025-11-03 08:22:01 - urllib3.connectionpool - DEBUG - Starting new HTTPS connection (1): tdilatam.freshdesk.com:443
2025-11-03 08:22:02 - urllib3.connectionpool - DEBUG - https://tdilatam.freshdesk.com:443 "GET /api/v2/tickets/31886 HTTP/1.1" 200 None
2025-11-03 08:22:02 - urllib3.connectionpool - DEBUG - Starting new HTTPS connection (1): tdilatam.freshdesk.com:443
2025-11-03 08:22:03 - urllib3.connectionpool - DEBUG - https://tdilatam.freshdesk.com:443 "GET /api/v2/tickets/31881 HTTP/1.1" 200 None
2025-11-03 08:22:03 - urllib3.connectionpool - DEBUG - Starting new HTTPS connection (1): tdilatam.freshdesk.com:443
2025-11-03 08:22:03 - urllib3.connectionpool - DEBUG - https://tdilatam.freshdesk.com:443 "GET /api/v2/tickets/31876 HTTP/1.1" 200 None
2025-11-03 08:22:03 - urllib3.connectionpool - DEBUG - Starting new HTTPS connection (1): tdilatam.freshdesk.com:443
2025-11-03 08:22:04 - urllib3.connectionpool - DEBUG - https://tdilatam.freshdesk.com:443 "POST /api/v2/tickets/31876/notes HTTP/1.1" 201 None
2025-11-03 08:22:04 - urllib3.connectionpool - DEBUG - Starting new HTTPS connection (1): tdilatam.freshdesk.com:443
2025-11-03 08:22:05 - urllib3.connectionpool - DEBUG - https://tdilatam.freshdesk.com:443 "GET /api/v2/tickets/31872 HTTP/1.1" 200 None
2025-11-03 08:22:05 - urllib3.connectionpool - DEBUG - Starting new HTTPS connection (1): tdilatam.freshdesk.com:443
2025-11-03 08:22:05 - urllib3.connectionpool - DEBUG - https://tdilatam.freshdesk.com:443 "GET /api/v2/tickets/31870 HTTP/1.1" 200 None
2025-11-03 08:22:05 - urllib3.connectionpool - DEBUG - Starting new HTTPS connection (1): tdilatam.freshdesk.com:443
2025-11-03 08:22:06 - urllib3.connectionpool - DEBUG - https://tdilatam.freshdesk.com:443 "GET /api/v2/tickets/31851 HTTP/1.1" 200 None
2025-11-03 08:22:06 - urllib3.connectionpool - DEBUG - Starting new HTTPS connection (1): tdilatam.freshdesk.com:443
2025-11-03 08:22:07 - urllib3.connectionpool - DEBUG - https://tdilatam.freshdesk.com:443 "POST /api/v2/tickets/31851/notes HTTP/1.1" 201 None
2025-11-03 08:22:07 - urllib3.connectionpool - DEBUG - Starting new HTTPS connection (1): tdilatam.freshdesk.com:443
2025-11-03 08:22:08 - urllib3.connectionpool - DEBUG - https://tdilatam.freshdesk.com:443 "GET /api/v2/tickets/31846 HTTP/1.1" 200 None
2025-11-03 08:22:08 - urllib3.connectionpool - DEBUG - Starting new HTTPS connection (1): tdilatam.freshdesk.com:443
2025-11-03 08:22:09 - urllib3.connectionpool - DEBUG - https://tdilatam.freshdesk.com:443 "POST /api/v2/tickets/31846/notes HTTP/1.1" 201 None
2025-11-03 08:22:09 - urllib3.connectionpool - DEBUG - Starting new HTTPS connection (1): tdilatam.freshdesk.com:443
2025-11-03 08:22:10 - urllib3.connectionpool - DEBUG - https://tdilatam.freshdesk.com:443 "GET /api/v2/tickets/31812 HTTP/1.1" 200 None
2025-11-03 08:22:10 - urllib3.connectionpool - DEBUG - Starting new HTTPS connection (1): tdilatam.freshdesk.com:443
2025-11-03 08:22:10 - urllib3.connectionpool - DEBUG - https://tdilatam.freshdesk.com:443 "GET /api/v2/tickets/31805 HTTP/1.1" 200 None
2025-11-03 08:22:10 - urllib3.connectionpool - DEBUG - Starting new HTTPS connection (1): tdilatam.freshdesk.com:443
2025-11-03 08:22:11 - urllib3.connectionpool - DEBUG - https://tdilatam.freshdesk.com:443 "POST /api/v2/tickets/31805/notes HTTP/1.1" 201 None
2025-11-03 08:22:11 - urllib3.connectionpool - DEBUG - Starting new HTTPS connection (1): tdilatam.freshdesk.com:443
2025-11-03 08:22:12 - urllib3.connectionpool - DEBUG - https://tdilatam.freshdesk.com:443 "GET /api/v2/tickets/31796 HTTP/1.1" 200 None
2025-11-03 08:22:12 - urllib3.connectionpool - DEBUG - Starting new HTTPS connection (1): tdilatam.freshdesk.com:443
2025-11-03 08:22:12 - urllib3.connectionpool - DEBUG - https://tdilatam.freshdesk.com:443 "GET /api/v2/tickets/31794 HTTP/1.1" 200 None
2025-11-03 08:22:12 - urllib3.connectionpool - DEBUG - Starting new HTTPS connection (1): tdilatam.freshdesk.com:443
2025-11-03 08:22:13 - urllib3.connectionpool - DEBUG - https://tdilatam.freshdesk.com:443 "POST /api/v2/tickets/31794/notes HTTP/1.1" 201 None
2025-11-03 08:22:13 - urllib3.connectionpool - DEBUG - Starting new HTTPS connection (1): tdilatam.freshdesk.com:443
2025-11-03 08:22:14 - urllib3.connectionpool - DEBUG - https://tdilatam.freshdesk.com:443 "GET /api/v2/tickets/31791 HTTP/1.1" 200 None
2025-11-03 08:22:14 - urllib3.connectionpool - DEBUG - Starting new HTTPS connection (1): tdilatam.freshdesk.com:443
2025-11-03 08:22:15 - urllib3.connectionpool - DEBUG - https://tdilatam.freshdesk.com:443 "POST /api/v2/tickets/31791/notes HTTP/1.1" 201 None
2025-11-03 08:22:15 - urllib3.connectionpool - DEBUG - Starting new HTTPS connection (1): tdilatam.freshdesk.com:443
2025-11-03 08:22:15 - urllib3.connectionpool - DEBUG - https://tdilatam.freshdesk.com:443 "GET /api/v2/tickets/31789 HTTP/1.1" 200 None
2025-11-03 08:22:15 - urllib3.connectionpool - DEBUG - Starting new HTTPS connection (1): tdilatam.freshdesk.com:443
2025-11-03 08:22:16 - urllib3.connectionpool - DEBUG - https://tdilatam.freshdesk.com:443 "GET /api/v2/tickets/31788 HTTP/1.1" 200 None
2025-11-03 08:22:16 - urllib3.connectionpool - DEBUG - Starting new HTTPS connection (1): tdilatam.freshdesk.com:443
2025-11-03 08:22:17 - urllib3.connectionpool - DEBUG - https://tdilatam.freshdesk.com:443 "GET /api/v2/tickets/31786 HTTP/1.1" 200 None
2025-11-03 08:22:17 - urllib3.connectionpool - DEBUG - Starting new HTTPS connection (1): tdilatam.freshdesk.com:443
2025-11-03 08:22:18 - urllib3.connectionpool - DEBUG - https://tdilatam.freshdesk.com:443 "GET /api/v2/tickets/31782 HTTP/1.1" 200 None
2025-11-03 08:22:18 - urllib3.connectionpool - DEBUG - Starting new HTTPS connection (1): tdilatam.freshdesk.com:443
2025-11-03 08:22:18 - urllib3.connectionpool - DEBUG - https://tdilatam.freshdesk.com:443 "GET /api/v2/tickets/31772 HTTP/1.1" 200 None
2025-11-03 08:22:18 - urllib3.connectionpool - DEBUG - Starting new HTTPS connection (1): tdilatam.freshdesk.com:443
2025-11-03 08:22:19 - urllib3.connectionpool - DEBUG - https://tdilatam.freshdesk.com:443 "GET /api/v2/tickets/31699 HTTP/1.1" 200 None
2025-11-03 08:22:19 - urllib3.connectionpool - DEBUG - Starting new HTTPS connection (1): tdilatam.freshdesk.com:443
2025-11-03 08:22:20 - urllib3.connectionpool - DEBUG - https://tdilatam.freshdesk.com:443 "GET /api/v2/tickets/31659 HTTP/1.1" 200 None
2025-11-03 08:22:20 - urllib3.connectionpool - DEBUG - Starting new HTTPS connection (1): tdilatam.freshdesk.com:443
2025-11-03 08:22:20 - urllib3.connectionpool - DEBUG - https://tdilatam.freshdesk.com:443 "GET /api/v2/tickets/31420 HTTP/1.1" 200 None
2025-11-03 08:22:20 - urllib3.connectionpool - DEBUG - Starting new HTTPS connection (1): tdilatam.freshdesk.com:443
2025-11-03 08:22:21 - urllib3.connectionpool - DEBUG - https://tdilatam.freshdesk.com:443 "POST /api/v2/tickets/31420/notes HTTP/1.1" 201 None
2025-11-03 08:22:21 - urllib3.connectionpool - DEBUG - Starting new HTTPS connection (1): tdilatam.freshdesk.com:443
2025-11-03 08:22:22 - urllib3.connectionpool - DEBUG - https://tdilatam.freshdesk.com:443 "GET /api/v2/tickets/31328 HTTP/1.1" 200 None
2025-11-03 08:22:22 - urllib3.connectionpool - DEBUG - Starting new HTTPS connection (1): tdilatam.freshdesk.com:443
2025-11-03 08:22:22 - urllib3.connectionpool - DEBUG - https://tdilatam.freshdesk.com:443 "GET /api/v2/tickets/31294 HTTP/1.1" 200 None
2025-11-03 08:22:22 - urllib3.connectionpool - DEBUG - Starting new HTTPS connection (1): tdilatam.freshdesk.com:443
2025-11-03 08:22:23 - urllib3.connectionpool - DEBUG - https://tdilatam.freshdesk.com:443 "POST /api/v2/tickets/31294/notes HTTP/1.1" 201 None
2025-11-03 08:22:23 - urllib3.connectionpool - DEBUG - Starting new HTTPS connection (1): tdilatam.freshdesk.com:443
2025-11-03 08:22:24 - urllib3.connectionpool - DEBUG - https://tdilatam.freshdesk.com:443 "GET /api/v2/tickets/30924 HTTP/1.1" 200 None
2025-11-03 08:22:24 - urllib3.connectionpool - DEBUG - Starting new HTTPS connection (1): tdilatam.freshdesk.com:443
2025-11-03 08:22:25 - urllib3.connectionpool - DEBUG - https://tdilatam.freshdesk.com:443 "POST /api/v2/tickets/30924/notes HTTP/1.1" 201 None
2025-11-03 08:22:25 - urllib3.connectionpool - DEBUG - Starting new HTTPS connection (1): tdilatam.freshdesk.com:443
2025-11-03 08:22:26 - urllib3.connectionpool - DEBUG - https://tdilatam.freshdesk.com:443 "GET /api/v2/tickets/30286 HTTP/1.1" 200 None
2025-11-03 08:22:26 - urllib3.connectionpool - DEBUG - Starting new HTTPS connection (1): tdilatam.freshdesk.com:443
2025-11-03 08:22:26 - urllib3.connectionpool - DEBUG - https://tdilatam.freshdesk.com:443 "GET /api/v2/tickets/30196 HTTP/1.1" 200 None
2025-11-03 08:22:26 - urllib3.connectionpool - DEBUG - Starting new HTTPS connection (1): tdilatam.freshdesk.com:443
2025-11-03 08:22:27 - urllib3.connectionpool - DEBUG - https://tdilatam.freshdesk.com:443 "POST /api/v2/tickets/30196/notes HTTP/1.1" 201 None
2025-11-03 08:22:27 - urllib3.connectionpool - DEBUG - Starting new HTTPS connection (1): tdilatam.freshdesk.com:443
2025-11-03 08:22:28 - urllib3.connectionpool - DEBUG - https://tdilatam.freshdesk.com:443 "GET /api/v2/tickets/30115 HTTP/1.1" 200 None
2025-11-03 08:22:28 - urllib3.connectionpool - DEBUG - Starting new HTTPS connection (1): tdilatam.freshdesk.com:443
2025-11-03 08:22:28 - urllib3.connectionpool - DEBUG - https://tdilatam.freshdesk.com:443 "GET /api/v2/tickets/30114 HTTP/1.1" 200 None
2025-11-03 08:22:28 - urllib3.connectionpool - DEBUG - Starting new HTTPS connection (1): tdilatam.freshdesk.com:443
2025-11-03 08:22:29 - urllib3.connectionpool - DEBUG - https://tdilatam.freshdesk.com:443 "GET /api/v2/tickets/29813 HTTP/1.1" 200 None
2025-11-03 08:22:29 - urllib3.connectionpool - DEBUG - Starting new HTTPS connection (1): tdilatam.freshdesk.com:443
2025-11-03 08:22:30 - urllib3.connectionpool - DEBUG - https://tdilatam.freshdesk.com:443 "POST /api/v2/tickets/29813/notes HTTP/1.1" 201 None
2025-11-03 08:22:30 - urllib3.connectionpool - DEBUG - Starting new HTTPS connection (1): tdilatam.freshdesk.com:443
2025-11-03 08:22:30 - urllib3.connectionpool - DEBUG - https://tdilatam.freshdesk.com:443 "GET /api/v2/tickets/29798 HTTP/1.1" 200 None
2025-11-03 08:22:30 - urllib3.connectionpool - DEBUG - Starting new HTTPS connection (1): tdilatam.freshdesk.com:443
2025-11-03 08:22:31 - urllib3.connectionpool - DEBUG - https://tdilatam.freshdesk.com:443 "POST /api/v2/tickets/29798/notes HTTP/1.1" 201 None
2025-11-03 08:22:31 - urllib3.connectionpool - DEBUG - Starting new HTTPS connection (1): tdilatam.freshdesk.com:443
2025-11-03 08:22:32 - urllib3.connectionpool - DEBUG - https://tdilatam.freshdesk.com:443 "GET /api/v2/tickets/29776 HTTP/1.1" 200 None
2025-11-03 08:22:32 - urllib3.connectionpool - DEBUG - Starting new HTTPS connection (1): tdilatam.freshdesk.com:443
2025-11-03 08:22:33 - urllib3.connectionpool - DEBUG - https://tdilatam.freshdesk.com:443 "POST /api/v2/tickets/29776/notes HTTP/1.1" 201 None
2025-11-03 08:22:33 - urllib3.connectionpool - DEBUG - Starting new HTTPS connection (1): tdilatam.freshdesk.com:443
2025-11-03 08:22:33 - urllib3.connectionpool - DEBUG - https://tdilatam.freshdesk.com:443 "GET /api/v2/tickets/29759 HTTP/1.1" 200 None
2025-11-03 08:22:33 - urllib3.connectionpool - DEBUG - Starting new HTTPS connection (1): tdilatam.freshdesk.com:443
2025-11-03 08:22:34 - urllib3.connectionpool - DEBUG - https://tdilatam.freshdesk.com:443 "POST /api/v2/tickets/29759/notes HTTP/1.1" 201 None
2025-11-03 08:22:34 - urllib3.connectionpool - DEBUG - Starting new HTTPS connection (1): tdilatam.freshdesk.com:443
2025-11-03 08:22:35 - urllib3.connectionpool - DEBUG - https://tdilatam.freshdesk.com:443 "GET /api/v2/tickets/29224 HTTP/1.1" 200 None
2025-11-03 08:22:35 - urllib3.connectionpool - DEBUG - Starting new HTTPS connection (1): tdilatam.freshdesk.com:443
2025-11-03 08:22:36 - urllib3.connectionpool - DEBUG - https://tdilatam.freshdesk.com:443 "GET /api/v2/tickets/29176 HTTP/1.1" 200 None
2025-11-03 08:22:36 - urllib3.connectionpool - DEBUG - Starting new HTTPS connection (1): tdilatam.freshdesk.com:443
2025-11-03 08:22:36 - urllib3.connectionpool - DEBUG - https://tdilatam.freshdesk.com:443 "GET /api/v2/tickets/29172 HTTP/1.1" 200 None
2025-11-03 08:22:36 - urllib3.connectionpool - DEBUG - Starting new HTTPS connection (1): tdilatam.freshdesk.com:443
2025-11-03 08:22:37 - urllib3.connectionpool - DEBUG - https://tdilatam.freshdesk.com:443 "POST /api/v2/tickets/29172/notes HTTP/1.1" 201 None
2025-11-03 08:22:37 - urllib3.connectionpool - DEBUG - Starting new HTTPS connection (1): tdilatam.freshdesk.com:443
2025-11-03 08:22:38 - urllib3.connectionpool - DEBUG - https://tdilatam.freshdesk.com:443 "GET /api/v2/tickets/28756 HTTP/1.1" 200 None
2025-11-03 08:22:38 - urllib3.connectionpool - DEBUG - Starting new HTTPS connection (1): tdilatam.freshdesk.com:443
2025-11-03 08:22:38 - urllib3.connectionpool - DEBUG - https://tdilatam.freshdesk.com:443 "POST /api/v2/tickets/28756/notes HTTP/1.1" 201 None
2025-11-03 08:22:38 - urllib3.connectionpool - DEBUG - Starting new HTTPS connection (1): tdilatam.freshdesk.com:443
2025-11-03 08:22:39 - urllib3.connectionpool - DEBUG - https://tdilatam.freshdesk.com:443 "GET /api/v2/tickets/28700 HTTP/1.1" 200 None
2025-11-03 08:22:39 - urllib3.connectionpool - DEBUG - Starting new HTTPS connection (1): tdilatam.freshdesk.com:443
2025-11-03 08:22:40 - urllib3.connectionpool - DEBUG - https://tdilatam.freshdesk.com:443 "POST /api/v2/tickets/28700/notes HTTP/1.1" 201 None
2025-11-03 08:22:40 - urllib3.connectionpool - DEBUG - Starting new HTTPS connection (1): tdilatam.freshdesk.com:443
2025-11-03 08:22:41 - urllib3.connectionpool - DEBUG - https://tdilatam.freshdesk.com:443 "GET /api/v2/tickets/28471 HTTP/1.1" 200 None
2025-11-03 08:22:41 - urllib3.connectionpool - DEBUG - Starting new HTTPS connection (1): tdilatam.freshdesk.com:443
2025-11-03 08:22:42 - urllib3.connectionpool - DEBUG - https://tdilatam.freshdesk.com:443 "POST /api/v2/tickets/28471/notes HTTP/1.1" 201 None
2025-11-03 08:22:42 - urllib3.connectionpool - DEBUG - Starting new HTTPS connection (1): tdilatam.freshdesk.com:443
2025-11-03 08:22:42 - urllib3.connectionpool - DEBUG - https://tdilatam.freshdesk.com:443 "GET /api/v2/tickets/28295 HTTP/1.1" 200 None
2025-11-03 08:22:42 - urllib3.connectionpool - DEBUG - Starting new HTTPS connection (1): tdilatam.freshdesk.com:443
2025-11-03 08:22:43 - urllib3.connectionpool - DEBUG - https://tdilatam.freshdesk.com:443 "POST /api/v2/tickets/28295/notes HTTP/1.1" 201 None
2025-11-03 08:22:43 - urllib3.connectionpool - DEBUG - Starting new HTTPS connection (1): tdilatam.freshdesk.com:443
2025-11-03 08:22:44 - urllib3.connectionpool - DEBUG - https://tdilatam.freshdesk.com:443 "GET /api/v2/tickets/28270 HTTP/1.1" 200 None
2025-11-03 08:22:44 - urllib3.connectionpool - DEBUG - Starting new HTTPS connection (1): tdilatam.freshdesk.com:443
2025-11-03 08:22:45 - urllib3.connectionpool - DEBUG - https://tdilatam.freshdesk.com:443 "POST /api/v2/tickets/28270/notes HTTP/1.1" 201 None
2025-11-03 08:22:45 - urllib3.connectionpool - DEBUG - Starting new HTTPS connection (1): tdilatam.freshdesk.com:443
2025-11-03 08:22:45 - urllib3.connectionpool - DEBUG - https://tdilatam.freshdesk.com:443 "GET /api/v2/tickets/28218 HTTP/1.1" 200 None
2025-11-03 08:22:45 - urllib3.connectionpool - DEBUG - Starting new HTTPS connection (1): tdilatam.freshdesk.com:443
2025-11-03 08:22:46 - urllib3.connectionpool - DEBUG - https://tdilatam.freshdesk.com:443 "POST /api/v2/tickets/28218/notes HTTP/1.1" 201 None
2025-11-03 08:22:46 - urllib3.connectionpool - DEBUG - Starting new HTTPS connection (1): tdilatam.freshdesk.com:443
2025-11-03 08:22:47 - urllib3.connectionpool - DEBUG - https://tdilatam.freshdesk.com:443 "GET /api/v2/tickets/28199 HTTP/1.1" 200 None
2025-11-03 08:22:47 - urllib3.connectionpool - DEBUG - Starting new HTTPS connection (1): tdilatam.freshdesk.com:443
2025-11-03 08:22:48 - urllib3.connectionpool - DEBUG - https://tdilatam.freshdesk.com:443 "POST /api/v2/tickets/28199/notes HTTP/1.1" 201 None
2025-11-03 08:22:48 - urllib3.connectionpool - DEBUG - Starting new HTTPS connection (1): tdilatam.freshdesk.com:443
2025-11-03 08:22:48 - urllib3.connectionpool - DEBUG - https://tdilatam.freshdesk.com:443 "GET /api/v2/tickets/28026 HTTP/1.1" 200 None
2025-11-03 08:22:48 - urllib3.connectionpool - DEBUG - Starting new HTTPS connection (1): tdilatam.freshdesk.com:443
2025-11-03 08:22:49 - urllib3.connectionpool - DEBUG - https://tdilatam.freshdesk.com:443 "POST /api/v2/tickets/28026/notes HTTP/1.1" 201 None
2025-11-03 08:22:49 - urllib3.connectionpool - DEBUG - Starting new HTTPS connection (1): tdilatam.freshdesk.com:443
2025-11-03 08:22:50 - urllib3.connectionpool - DEBUG - https://tdilatam.freshdesk.com:443 "GET /api/v2/tickets/27939 HTTP/1.1" 200 None
2025-11-03 08:22:50 - urllib3.connectionpool - DEBUG - Starting new HTTPS connection (1): tdilatam.freshdesk.com:443
2025-11-03 08:22:51 - urllib3.connectionpool - DEBUG - https://tdilatam.freshdesk.com:443 "POST /api/v2/tickets/27939/notes HTTP/1.1" 201 None
2025-11-03 08:22:51 - urllib3.connectionpool - DEBUG - Starting new HTTPS connection (1): tdilatam.freshdesk.com:443
2025-11-03 08:22:52 - urllib3.connectionpool - DEBUG - https://tdilatam.freshdesk.com:443 "GET /api/v2/tickets/27526 HTTP/1.1" 200 None
2025-11-03 08:22:52 - urllib3.connectionpool - DEBUG - Starting new HTTPS connection (1): tdilatam.freshdesk.com:443
2025-11-03 08:22:52 - urllib3.connectionpool - DEBUG - https://tdilatam.freshdesk.com:443 "GET /api/v2/tickets/27525 HTTP/1.1" 200 None
2025-11-03 08:22:52 - urllib3.connectionpool - DEBUG - Starting new HTTPS connection (1): tdilatam.freshdesk.com:443
2025-11-03 08:22:53 - urllib3.connectionpool - DEBUG - https://tdilatam.freshdesk.com:443 "GET /api/v2/tickets/27167 HTTP/1.1" 200 None
2025-11-03 08:22:53 - urllib3.connectionpool - DEBUG - Starting new HTTPS connection (1): tdilatam.freshdesk.com:443
2025-11-03 08:22:53 - urllib3.connectionpool - DEBUG - https://tdilatam.freshdesk.com:443 "GET /api/v2/tickets/26979 HTTP/1.1" 200 None
2025-11-03 08:22:53 - urllib3.connectionpool - DEBUG - Starting new HTTPS connection (1): tdilatam.freshdesk.com:443
2025-11-03 08:22:54 - urllib3.connectionpool - DEBUG - https://tdilatam.freshdesk.com:443 "POST /api/v2/tickets/26979/notes HTTP/1.1" 201 None
2025-11-03 08:22:54 - urllib3.connectionpool - DEBUG - Starting new HTTPS connection (1): tdilatam.freshdesk.com:443
2025-11-03 08:22:55 - urllib3.connectionpool - DEBUG - https://tdilatam.freshdesk.com:443 "GET /api/v2/tickets/25935 HTTP/1.1" 200 None
2025-11-03 08:22:55 - urllib3.connectionpool - DEBUG - Starting new HTTPS connection (1): tdilatam.freshdesk.com:443
2025-11-03 08:22:56 - urllib3.connectionpool - DEBUG - https://tdilatam.freshdesk.com:443 "POST /api/v2/tickets/25935/notes HTTP/1.1" 201 None
2025-11-03 08:22:56 - urllib3.connectionpool - DEBUG - Starting new HTTPS connection (1): tdilatam.freshdesk.com:443
2025-11-03 08:22:57 - urllib3.connectionpool - DEBUG - https://tdilatam.freshdesk.com:443 "GET /api/v2/tickets/25568 HTTP/1.1" 200 None
2025-11-03 08:22:57 - urllib3.connectionpool - DEBUG - Starting new HTTPS connection (1): tdilatam.freshdesk.com:443
2025-11-03 08:22:58 - urllib3.connectionpool - DEBUG - https://tdilatam.freshdesk.com:443 "POST /api/v2/tickets/25568/notes HTTP/1.1" 201 None
2025-11-03 08:22:58 - urllib3.connectionpool - DEBUG - Starting new HTTPS connection (1): tdilatam.freshdesk.com:443
2025-11-03 08:22:59 - urllib3.connectionpool - DEBUG - https://tdilatam.freshdesk.com:443 "GET /api/v2/tickets/24748 HTTP/1.1" 200 None
2025-11-03 08:22:59 - urllib3.connectionpool - DEBUG - Starting new HTTPS connection (1): tdilatam.freshdesk.com:443
2025-11-03 08:23:00 - urllib3.connectionpool - DEBUG - https://tdilatam.freshdesk.com:443 "POST /api/v2/tickets/24748/notes HTTP/1.1" 201 None
2025-11-03 08:23:00 - urllib3.connectionpool - DEBUG - Starting new HTTPS connection (1): tdilatam.freshdesk.com:443
2025-11-03 08:23:00 - urllib3.connectionpool - DEBUG - https://tdilatam.freshdesk.com:443 "GET /api/v2/tickets/15821 HTTP/1.1" 200 None
2025-11-03 08:23:00 - urllib3.connectionpool - DEBUG - Starting new HTTPS connection (1): tdilatam.freshdesk.com:443
2025-11-03 08:23:01 - urllib3.connectionpool - DEBUG - https://tdilatam.freshdesk.com:443 "POST /api/v2/tickets/15821/notes HTTP/1.1" 201 None
2025-11-03 08:23:01 - urllib3.connectionpool - DEBUG - Starting new HTTPS connection (1): tdilatam.freshdesk.com:443
2025-11-03 08:23:02 - urllib3.connectionpool - DEBUG - https://tdilatam.freshdesk.com:443 "GET /api/v2/tickets/15704 HTTP/1.1" 200 None
2025-11-03 08:23:02 - urllib3.connectionpool - DEBUG - Starting new HTTPS connection (1): tdilatam.freshdesk.com:443
2025-11-03 08:23:03 - urllib3.connectionpool - DEBUG - https://tdilatam.freshdesk.com:443 "POST /api/v2/tickets/15704/notes HTTP/1.1" 201 None
2025-11-03 08:23:03 - urllib3.connectionpool - DEBUG - Starting new HTTPS connection (1): tdilatam.freshdesk.com:443
2025-11-03 08:23:04 - urllib3.connectionpool - DEBUG - https://tdilatam.freshdesk.com:443 "GET /api/v2/tickets/12903 HTTP/1.1" 200 None
2025-11-03 08:23:04 - urllib3.connectionpool - DEBUG - Starting new HTTPS connection (1): tdilatam.freshdesk.com:443
2025-11-03 08:23:04 - urllib3.connectionpool - DEBUG - https://tdilatam.freshdesk.com:443 "GET /api/v2/tickets/12862 HTTP/1.1" 200 None
2025-11-03 08:23:04 - urllib3.connectionpool - DEBUG - Starting new HTTPS connection (1): tdilatam.freshdesk.com:443
2025-11-03 08:23:05 - urllib3.connectionpool - DEBUG - https://tdilatam.freshdesk.com:443 "POST /api/v2/tickets/12862/notes HTTP/1.1" 201 None
2025-11-03 08:23:05 - urllib3.connectionpool - DEBUG - Starting new HTTPS connection (1): tdilatam.freshdesk.com:443
2025-11-03 08:23:06 - urllib3.connectionpool - DEBUG - https://tdilatam.freshdesk.com:443 "GET /api/v2/tickets/12658 HTTP/1.1" 200 None
2025-11-03 08:45:23 - SyncDeskManager - INFO - Datos sensibles limpiados de la memoria
2025-11-03 11:39:14 - SyncDeskManager - INFO - ==================================================
2025-11-03 11:39:14 - SyncDeskManager - INFO - 🚀 INICIANDO SYNC DESK MANAGER
2025-11-03 11:39:14 - SyncDeskManager - INFO - ==================================================
2025-11-03 11:39:15 - SyncDeskManager - INFO - Sistema operativo: Windows 11
2025-11-03 11:39:15 - SyncDeskManager - INFO - Python: 3.12.4
2025-11-03 11:39:15 - SyncDeskManager - INFO - Usuario: usuario
2025-11-03 11:39:15 - SyncDeskManager - INFO - Directorio de trabajo: C:\xampp\htdocs\TDI_Task_Manager
2025-11-03 11:39:15 - SyncDeskManager - INFO - Directorio de logs: c:\xampp\htdocs\TDI_Task_Manager\src\logs
2025-11-03 11:39:15 - SyncDeskManager - INFO - ==================================================
2025-11-03 11:39:16 - SyncDeskManager - INFO - ConfigManager inicializado - Modo volátil en memoria
2025-11-03 11:39:16 - SyncDeskManager - INFO - Iniciando aplicación
2025-11-03 11:39:16 - SyncDeskManager - INFO - Módulos cargados correctamente
2025-11-03 11:39:16 - SyncDeskManager - INFO - ConfigManager inicializado - Modo volátil en memoria
2025-11-03 11:39:16 - SyncDeskManager - INFO - FreshdeskService inicializado
2025-11-03 11:39:16 - SyncDeskManager - INFO - Configuración de clasificación cargada desde: data/classification/classification_config.json
2025-11-03 11:39:16 - SyncDeskManager - INFO - ClassificationConfigManager inicializado
2025-11-03 11:39:16 - SyncDeskManager - INFO - ClassificationLibraryGenerator inicializado
2025-11-03 11:39:30 - SyncDeskManager - INFO - TRANSACTION_START: SYNC_STATES_20251103_113930 - Sincronización estados Freshdesk → Clarity
2025-11-03 11:39:30 - SyncDeskManager - INFO - Transacción iniciada: SYNC_STATES_20251103_113930
2025-11-03 11:39:48 - SyncDeskManager - INFO - Análisis completado: 1549 coincidencias, 128 sin coincidencia
2025-11-03 11:40:05 - SyncDeskManager - INFO - Iniciando comparación de estados...
2025-11-03 11:40:05 - SyncDeskManager - DEBUG - Ticket 31960: Diferencia encontrada Abierta -> Cerrada
2025-11-03 11:40:05 - SyncDeskManager - DEBUG - Ticket 31961: Diferencia encontrada Abierta -> Cerrada
2025-11-03 11:40:05 - SyncDeskManager - DEBUG - Ticket 31962: Diferencia encontrada Resuelto -> Cerrada
2025-11-03 11:40:05 - SyncDeskManager - DEBUG - Ticket 31963: Diferencia encontrada Abierta -> Cerrada
2025-11-03 11:40:05 - SyncDeskManager - DEBUG - Ticket 31964: Diferencia encontrada Resuelto -> Cerrada
2025-11-03 11:40:05 - SyncDeskManager - DEBUG - Ticket 31972: Diferencia encontrada Abierta -> Cerrada
2025-11-03 11:40:05 - SyncDeskManager - DEBUG - Ticket 31973: Diferencia encontrada En progreso -> Cerrada
2025-11-03 11:40:05 - SyncDeskManager - DEBUG - Ticket 31974: Diferencia encontrada En progreso -> Cerrada
2025-11-03 11:40:05 - SyncDeskManager - DEBUG - Ticket 31975: Diferencia encontrada Abierta -> Cerrada
2025-11-03 11:40:05 - SyncDeskManager - DEBUG - Ticket 31977: Diferencia encontrada Resuelto -> Cerrada
2025-11-03 11:40:05 - SyncDeskManager - DEBUG - Ticket 31978: Diferencia encontrada Esperando al cliente -> Cerrada
2025-11-03 11:40:05 - SyncDeskManager - DEBUG - Ticket 31979: Diferencia encontrada En progreso -> Cerrada
2025-11-03 11:40:05 - SyncDeskManager - DEBUG - Ticket 31983: Diferencia encontrada En progreso -> Cerrada
2025-11-03 11:40:05 - SyncDeskManager - DEBUG - Ticket 31984: Diferencia encontrada En progreso -> Cerrada
2025-11-03 11:40:05 - SyncDeskManager - DEBUG - Ticket 31987: Diferencia encontrada Abierta -> Cerrada
2025-11-03 11:40:05 - SyncDeskManager - DEBUG - Ticket 31990: Diferencia encontrada Resuelto -> Cerrada
2025-11-03 11:40:05 - SyncDeskManager - DEBUG - Ticket 31994: Diferencia encontrada Abierta -> Cerrada
2025-11-03 11:40:05 - SyncDeskManager - DEBUG - Ticket 31996: Diferencia encontrada Abierta -> Cerrada
2025-11-03 11:40:05 - SyncDeskManager - DEBUG - Ticket 31997: Diferencia encontrada Abierta -> Cerrada
2025-11-03 11:40:05 - SyncDeskManager - DEBUG - Ticket 31999: Diferencia encontrada Esperando al cliente -> Cerrada
2025-11-03 11:40:05 - SyncDeskManager - DEBUG - Ticket 32001: Diferencia encontrada En progreso -> Cerrada
2025-11-03 11:40:05 - SyncDeskManager - DEBUG - Ticket 32003: Diferencia encontrada Abierta -> Cerrada
2025-11-03 11:40:05 - SyncDeskManager - DEBUG - Ticket 32005: Diferencia encontrada Derivado al Fabricante -> Cerrada
2025-11-03 11:40:05 - SyncDeskManager - DEBUG - Ticket 32008: Diferencia encontrada Resuelto -> Cerrada
2025-11-03 11:40:05 - SyncDeskManager - DEBUG - Ticket 32009: Diferencia encontrada En progreso -> Cerrada
2025-11-03 11:40:05 - SyncDeskManager - DEBUG - Ticket 32010: Diferencia encontrada En progreso -> Cerrada
2025-11-03 11:40:05 - SyncDeskManager - DEBUG - Ticket 32011: Diferencia encontrada En progreso -> Cerrada
2025-11-03 11:40:05 - SyncDeskManager - DEBUG - Ticket 32012: Diferencia encontrada Abierta -> Cerrada
2025-11-03 11:40:05 - SyncDeskManager - DEBUG - Ticket 32013: Diferencia encontrada Resuelto -> Cerrada
2025-11-03 11:40:05 - SyncDeskManager - DEBUG - Ticket 32014: Diferencia encontrada Resuelto -> Cerrada
2025-11-03 11:40:05 - SyncDeskManager - DEBUG - Ticket 32015: Diferencia encontrada Resuelto -> Cerrada
2025-11-03 11:40:05 - SyncDeskManager - DEBUG - Ticket 32020: Diferencia encontrada Abierta -> Cerrada
2025-11-03 11:40:05 - SyncDeskManager - DEBUG - Ticket 32021: Diferencia encontrada Abierta -> Cerrada
2025-11-03 11:40:05 - SyncDeskManager - DEBUG - Ticket 32022: Diferencia encontrada Abierta -> Cerrada
2025-11-03 11:40:05 - SyncDeskManager - DEBUG - Ticket 32025: Diferencia encontrada Esperando al cliente -> Cerrada
2025-11-03 11:40:05 - SyncDeskManager - DEBUG - Ticket 32033: Diferencia encontrada Abierta -> Cerrada
2025-11-03 11:40:05 - SyncDeskManager - DEBUG - Ticket 32035: Diferencia encontrada Abierta -> Cerrada
2025-11-03 11:40:05 - SyncDeskManager - DEBUG - Ticket 32036: Diferencia encontrada En progreso -> Cerrada
2025-11-03 11:40:05 - SyncDeskManager - DEBUG - Ticket 32041: Diferencia encontrada Derivado al Fabricante -> Cerrada
2025-11-03 11:40:05 - SyncDeskManager - DEBUG - Ticket 32042: Diferencia encontrada Abierta -> Cerrada
2025-11-03 11:40:05 - SyncDeskManager - DEBUG - Ticket 32043: Diferencia encontrada En progreso -> Cerrada
2025-11-03 11:40:05 - SyncDeskManager - DEBUG - Ticket 32044: Diferencia encontrada En progreso -> Cerrada
2025-11-03 11:40:05 - SyncDeskManager - DEBUG - Ticket 32067: Diferencia encontrada En progreso -> Cerrada
2025-11-03 11:40:05 - SyncDeskManager - DEBUG - Ticket 32068: Diferencia encontrada Abierta -> Cerrada
2025-11-03 11:40:05 - SyncDeskManager - DEBUG - Ticket 32075: Diferencia encontrada Abierta -> Cerrada
2025-11-03 11:40:05 - SyncDeskManager - DEBUG - Ticket 32088: Diferencia encontrada Resuelto -> Cerrada
2025-11-03 11:40:05 - SyncDeskManager - DEBUG - Ticket 32097: Diferencia encontrada Esperando al cliente -> Cerrada
2025-11-03 11:40:05 - SyncDeskManager - DEBUG - Ticket 32103: Diferencia encontrada Resuelto -> Cerrada
2025-11-03 11:40:05 - SyncDeskManager - DEBUG - Ticket 32110: Diferencia encontrada Resuelto -> Cerrada
2025-11-03 11:40:05 - SyncDeskManager - DEBUG - Ticket 32114: Diferencia encontrada Resuelto -> Cerrada
2025-11-03 11:40:05 - SyncDeskManager - DEBUG - Ticket 32115: Diferencia encontrada Abierta -> Cerrada
2025-11-03 11:40:05 - SyncDeskManager - DEBUG - Ticket 32117: Diferencia encontrada En evaluación -> Esperando al cliente
2025-11-03 11:40:05 - SyncDeskManager - DEBUG - Ticket 32118: Diferencia encontrada Abierta -> Cerrada
2025-11-03 11:40:05 - SyncDeskManager - DEBUG - Ticket 32120: Diferencia encontrada Abierta -> Cerrada
2025-11-03 11:40:05 - SyncDeskManager - DEBUG - Ticket 32121: Diferencia encontrada En evaluación -> Esperando al cliente
2025-11-03 11:40:05 - SyncDeskManager - DEBUG - Ticket 32122: Diferencia encontrada Esperando al cliente -> Cerrada
2025-11-03 11:40:05 - SyncDeskManager - DEBUG - Ticket 32123: Diferencia encontrada En evaluación -> Esperando al cliente
2025-11-03 11:40:05 - SyncDeskManager - DEBUG - Ticket 32125: Diferencia encontrada En evaluación -> Cerrada
2025-11-03 11:40:05 - SyncDeskManager - DEBUG - Ticket 32126: Diferencia encontrada Esperando al cliente -> Cerrada
2025-11-03 11:40:05 - SyncDeskManager - DEBUG - Ticket 32128: Diferencia encontrada Esperando al cliente -> Cerrada
2025-11-03 11:40:05 - SyncDeskManager - DEBUG - Ticket 32129: Diferencia encontrada Resuelto -> Cerrada
2025-11-03 11:40:05 - SyncDeskManager - DEBUG - Ticket 32130: Diferencia encontrada Resuelto -> Cerrada
2025-11-03 11:40:05 - SyncDeskManager - DEBUG - Ticket 32144: Diferencia encontrada En progreso -> Cerrada
2025-11-03 11:40:05 - SyncDeskManager - DEBUG - Ticket 32155: Diferencia encontrada Resuelto -> Cerrada
2025-11-03 11:40:05 - SyncDeskManager - DEBUG - Ticket 32157: Diferencia encontrada En progreso -> Cerrada
2025-11-03 11:40:05 - SyncDeskManager - DEBUG - Ticket 32158: Diferencia encontrada En progreso -> Cerrada
2025-11-03 11:40:05 - SyncDeskManager - DEBUG - Ticket 32159: Diferencia encontrada Resuelto -> Cerrada
2025-11-03 11:40:05 - SyncDeskManager - DEBUG - Ticket 32160: Diferencia encontrada En progreso -> Cerrada
2025-11-03 11:40:05 - SyncDeskManager - DEBUG - Ticket 32161: Diferencia encontrada Abierta -> Cerrada
2025-11-03 11:40:05 - SyncDeskManager - DEBUG - Ticket 32162: Diferencia encontrada Esperando al cliente -> Cerrada
2025-11-03 11:40:05 - SyncDeskManager - DEBUG - Ticket 32165: No encontrado en Clarity
2025-11-03 11:40:05 - SyncDeskManager - DEBUG - Ticket 32173: Diferencia encontrada Esperando al cliente -> Cerrada
2025-11-03 11:40:05 - SyncDeskManager - DEBUG - Ticket 32174: Diferencia encontrada En progreso -> Cerrada
2025-11-03 11:40:05 - SyncDeskManager - DEBUG - Ticket 32177: Diferencia encontrada Derivado al Fabricante -> Cerrada
2025-11-03 11:40:05 - SyncDeskManager - DEBUG - Ticket 32179: Diferencia encontrada Resuelto -> Cerrada
2025-11-03 11:40:05 - SyncDeskManager - DEBUG - Ticket 32183: Diferencia encontrada Abierta -> Cerrada
2025-11-03 11:40:05 - SyncDeskManager - DEBUG - Ticket 32184: Diferencia encontrada Abierta -> Cerrada
2025-11-03 11:40:05 - SyncDeskManager - DEBUG - Ticket 32188: Diferencia encontrada Derivado al Fabricante -> Cerrada
2025-11-03 11:40:05 - SyncDeskManager - DEBUG - Ticket 32192: Diferencia encontrada Abierta -> Cerrada
2025-11-03 11:40:05 - SyncDeskManager - DEBUG - Ticket 32193: Diferencia encontrada Resuelto -> Cerrada
2025-11-03 11:40:05 - SyncDeskManager - DEBUG - Ticket 32204: Diferencia encontrada Abierta -> Cerrada
2025-11-03 11:40:05 - SyncDeskManager - DEBUG - Ticket 32213: Diferencia encontrada Resuelto -> Cerrada
2025-11-03 11:40:05 - SyncDeskManager - DEBUG - Ticket 32214: Diferencia encontrada Abierta -> Cerrada
2025-11-03 11:40:05 - SyncDeskManager - DEBUG - Ticket 32215: Diferencia encontrada Abierta -> Cerrada
2025-11-03 11:40:05 - SyncDeskManager - DEBUG - Ticket 32216: Diferencia encontrada Abierta -> Cerrada
2025-11-03 11:40:05 - SyncDeskManager - DEBUG - Ticket 32217: Diferencia encontrada Abierta -> Cerrada
2025-11-03 11:40:05 - SyncDeskManager - DEBUG - Ticket 32220: Diferencia encontrada Abierta -> Cerrada
2025-11-03 11:40:05 - SyncDeskManager - DEBUG - Ticket 32221: Diferencia encontrada Resuelto -> Cerrada
2025-11-03 11:40:05 - SyncDeskManager - DEBUG - Ticket 32223: Diferencia encontrada Esperando al cliente -> Cerrada
2025-11-03 11:40:05 - SyncDeskManager - DEBUG - Ticket 32224: Diferencia encontrada Abierta -> En progreso
2025-11-03 11:40:05 - SyncDeskManager - DEBUG - Ticket 32225: Diferencia encontrada Abierta -> Cerrada
2025-11-03 11:40:05 - SyncDeskManager - DEBUG - Ticket 32226: Diferencia encontrada Abierta -> Cerrada
2025-11-03 11:40:05 - SyncDeskManager - DEBUG - Ticket 32227: Diferencia encontrada Resuelto -> Cerrada
2025-11-03 11:40:05 - SyncDeskManager - DEBUG - Ticket 32230: Diferencia encontrada Resuelto -> Cerrada
2025-11-03 11:40:05 - SyncDeskManager - DEBUG - Ticket 32233: Diferencia encontrada En progreso -> Cerrada
2025-11-03 11:40:05 - SyncDeskManager - DEBUG - Ticket 32238: Diferencia encontrada En progreso -> Cerrada
2025-11-03 11:40:05 - SyncDeskManager - DEBUG - Ticket 32239: Diferencia encontrada Resuelto -> Cerrada
2025-11-03 11:40:05 - SyncDeskManager - DEBUG - Ticket 32240: Diferencia encontrada Resuelto -> Cerrada
2025-11-03 11:40:05 - SyncDeskManager - DEBUG - Ticket 32241: Diferencia encontrada Resuelto -> Cerrada
2025-11-03 11:40:05 - SyncDeskManager - DEBUG - Ticket 32242: Diferencia encontrada En progreso -> Cerrada
2025-11-03 11:40:05 - SyncDeskManager - DEBUG - Ticket 32243: Diferencia encontrada Abierta -> Cerrada
2025-11-03 11:40:05 - SyncDeskManager - DEBUG - Ticket 32244: Diferencia encontrada Abierta -> Cerrada
2025-11-03 11:40:05 - SyncDeskManager - DEBUG - Ticket 32245: Diferencia encontrada Resuelto -> Cerrada
2025-11-03 11:40:05 - SyncDeskManager - DEBUG - Ticket 32246: Diferencia encontrada Resuelto -> Cerrada
2025-11-03 11:40:05 - SyncDeskManager - DEBUG - Ticket 32248: Diferencia encontrada Abierta -> Cerrada
2025-11-03 11:40:05 - SyncDeskManager - DEBUG - Ticket 32251: Diferencia encontrada En progreso -> Cerrada
2025-11-03 11:40:05 - SyncDeskManager - DEBUG - Ticket 32252: Diferencia encontrada En progreso -> Cerrada
2025-11-03 11:40:05 - SyncDeskManager - DEBUG - Ticket 32254: Diferencia encontrada Abierta -> Cerrada
2025-11-03 11:40:05 - SyncDeskManager - DEBUG - Ticket 32255: Diferencia encontrada Abierta -> Cerrada
2025-11-03 11:40:05 - SyncDeskManager - DEBUG - Ticket 32263: No encontrado en Clarity
2025-11-03 11:40:05 - SyncDeskManager - DEBUG - Ticket 32288: No encontrado en Clarity
2025-11-03 11:40:05 - SyncDeskManager - DEBUG - Ticket 32292: No encontrado en Clarity
2025-11-03 11:40:05 - SyncDeskManager - DEBUG - Ticket 32293: No encontrado en Clarity
2025-11-03 11:40:06 - SyncDeskManager - DEBUG - Ticket 32301: No encontrado en Clarity
2025-11-03 11:40:06 - SyncDeskManager - DEBUG - Ticket 32311: No encontrado en Clarity
2025-11-03 11:40:06 - SyncDeskManager - DEBUG - Ticket 32312: No encontrado en Clarity
2025-11-03 11:40:06 - SyncDeskManager - DEBUG - Ticket 32340: No encontrado en Clarity
2025-11-03 11:40:06 - SyncDeskManager - DEBUG - Ticket 32358: No encontrado en Clarity
2025-11-03 11:40:06 - SyncDeskManager - DEBUG - Ticket 32374: No encontrado en Clarity
2025-11-03 11:40:06 - SyncDeskManager - DEBUG - Ticket 32399: No encontrado en Clarity
2025-11-03 11:40:06 - SyncDeskManager - DEBUG - Ticket 32440: No encontrado en Clarity
2025-11-03 11:40:06 - SyncDeskManager - DEBUG - Ticket 32455: No encontrado en Clarity
2025-11-03 11:40:06 - SyncDeskManager - DEBUG - Ticket 32462: No encontrado en Clarity
2025-11-03 11:40:06 - SyncDeskManager - DEBUG - Ticket 32495: No encontrado en Clarity
2025-11-03 11:40:06 - SyncDeskManager - DEBUG - Ticket 32532: No encontrado en Clarity
2025-11-03 11:40:06 - SyncDeskManager - DEBUG - Ticket 32538: No encontrado en Clarity
2025-11-03 11:40:06 - SyncDeskManager - DEBUG - Ticket 32539: No encontrado en Clarity
2025-11-03 11:40:06 - SyncDeskManager - DEBUG - Ticket 32587: No encontrado en Clarity
2025-11-03 11:40:06 - SyncDeskManager - DEBUG - Ticket 32606: No encontrado en Clarity
2025-11-03 11:40:06 - SyncDeskManager - DEBUG - Ticket 32656: No encontrado en Clarity
2025-11-03 11:40:06 - SyncDeskManager - DEBUG - Ticket 32657: No encontrado en Clarity
2025-11-03 11:40:06 - SyncDeskManager - DEBUG - Ticket 32676: No encontrado en Clarity
2025-11-03 11:40:06 - SyncDeskManager - DEBUG - Ticket 32696: No encontrado en Clarity
2025-11-03 11:40:06 - SyncDeskManager - DEBUG - Ticket 32736: No encontrado en Clarity
2025-11-03 11:40:06 - SyncDeskManager - DEBUG - Ticket 32758: No encontrado en Clarity
2025-11-03 11:40:06 - SyncDeskManager - DEBUG - Ticket 32760: No encontrado en Clarity
2025-11-03 11:40:06 - SyncDeskManager - DEBUG - Ticket 32761: No encontrado en Clarity
2025-11-03 11:40:06 - SyncDeskManager - DEBUG - Ticket 32762: No encontrado en Clarity
2025-11-03 11:40:06 - SyncDeskManager - DEBUG - Ticket 32774: No encontrado en Clarity
2025-11-03 11:40:06 - SyncDeskManager - DEBUG - Ticket 32778: No encontrado en Clarity
2025-11-03 11:40:06 - SyncDeskManager - DEBUG - Ticket 32782: Diferencia encontrada En progreso -> Esperando al cliente
2025-11-03 11:40:07 - SyncDeskManager - DEBUG - Ticket 32811: No encontrado en Clarity
2025-11-03 11:40:07 - SyncDeskManager - DEBUG - Ticket 32830: No encontrado en Clarity
2025-11-03 11:40:07 - SyncDeskManager - DEBUG - Ticket 32836: No encontrado en Clarity
2025-11-03 11:40:07 - SyncDeskManager - DEBUG - Ticket 32838: No encontrado en Clarity
2025-11-03 11:40:07 - SyncDeskManager - DEBUG - Ticket 32841: No encontrado en Clarity
2025-11-03 11:40:07 - SyncDeskManager - DEBUG - Ticket 32842: No encontrado en Clarity
2025-11-03 11:40:07 - SyncDeskManager - DEBUG - Ticket 32843: No encontrado en Clarity
2025-11-03 11:40:07 - SyncDeskManager - DEBUG - Ticket 32844: No encontrado en Clarity
2025-11-03 11:40:07 - SyncDeskManager - DEBUG - Ticket 32848: No encontrado en Clarity
2025-11-03 11:40:07 - SyncDeskManager - DEBUG - Ticket 32850: No encontrado en Clarity
2025-11-03 11:40:07 - SyncDeskManager - DEBUG - Ticket 32856: No encontrado en Clarity
2025-11-03 11:40:07 - SyncDeskManager - DEBUG - Ticket 32879: No encontrado en Clarity
2025-11-03 11:40:07 - SyncDeskManager - DEBUG - Ticket 32912: No encontrado en Clarity
2025-11-03 11:40:07 - SyncDeskManager - DEBUG - Ticket 32914: Diferencia encontrada Resuelto -> Cerrada
2025-11-03 11:40:07 - SyncDeskManager - DEBUG - Ticket 32916: No encontrado en Clarity
2025-11-03 11:40:07 - SyncDeskManager - DEBUG - Ticket 32930: No encontrado en Clarity
2025-11-03 11:40:07 - SyncDeskManager - DEBUG - Ticket 32931: No encontrado en Clarity
2025-11-03 11:40:07 - SyncDeskManager - DEBUG - Ticket 32938: No encontrado en Clarity
2025-11-03 11:40:07 - SyncDeskManager - DEBUG - Ticket 32943: No encontrado en Clarity
2025-11-03 11:40:07 - SyncDeskManager - DEBUG - Ticket 32961: No encontrado en Clarity
2025-11-03 11:40:07 - SyncDeskManager - DEBUG - Ticket 33008: No encontrado en Clarity
2025-11-03 11:40:07 - SyncDeskManager - DEBUG - Ticket 33012: No encontrado en Clarity
2025-11-03 11:40:07 - SyncDeskManager - DEBUG - Ticket 33027: No encontrado en Clarity
2025-11-03 11:40:07 - SyncDeskManager - DEBUG - Ticket 33034: No encontrado en Clarity
2025-11-03 11:40:07 - SyncDeskManager - DEBUG - Ticket 33039: No encontrado en Clarity
2025-11-03 11:40:07 - SyncDeskManager - DEBUG - Ticket 33052: No encontrado en Clarity
2025-11-03 11:40:07 - SyncDeskManager - DEBUG - Ticket 33062: No encontrado en Clarity
2025-11-03 11:40:07 - SyncDeskManager - DEBUG - Ticket 33068: No encontrado en Clarity
2025-11-03 11:40:07 - SyncDeskManager - DEBUG - Ticket 33069: No encontrado en Clarity
2025-11-03 11:40:07 - SyncDeskManager - DEBUG - Ticket 33070: No encontrado en Clarity
2025-11-03 11:40:07 - SyncDeskManager - DEBUG - Ticket 33075: No encontrado en Clarity
2025-11-03 11:40:07 - SyncDeskManager - DEBUG - Ticket 33082: Diferencia encontrada Esperando al cliente -> Derivado al Fabricante
2025-11-03 11:40:07 - SyncDeskManager - DEBUG - Ticket 33083: No encontrado en Clarity
2025-11-03 11:40:07 - SyncDeskManager - DEBUG - Ticket 33088: No encontrado en Clarity
2025-11-03 11:40:07 - SyncDeskManager - DEBUG - Ticket 33127: No encontrado en Clarity
2025-11-03 11:40:07 - SyncDeskManager - DEBUG - Ticket 33128: No encontrado en Clarity
2025-11-03 11:40:07 - SyncDeskManager - DEBUG - Ticket 33129: No encontrado en Clarity
2025-11-03 11:40:07 - SyncDeskManager - DEBUG - Ticket 33139: No encontrado en Clarity
2025-11-03 11:40:07 - SyncDeskManager - DEBUG - Ticket 33225: No encontrado en Clarity
2025-11-03 11:40:07 - SyncDeskManager - DEBUG - Ticket 33226: No encontrado en Clarity
2025-11-03 11:40:07 - SyncDeskManager - DEBUG - Ticket 33247: No encontrado en Clarity
2025-11-03 11:40:08 - SyncDeskManager - DEBUG - Ticket 33310: No encontrado en Clarity
2025-11-03 11:40:08 - SyncDeskManager - DEBUG - Ticket 33314: No encontrado en Clarity
2025-11-03 11:40:08 - SyncDeskManager - DEBUG - Ticket 33334: No encontrado en Clarity
2025-11-03 11:40:08 - SyncDeskManager - DEBUG - Ticket 33346: No encontrado en Clarity
2025-11-03 11:40:08 - SyncDeskManager - DEBUG - Ticket 33357: No encontrado en Clarity
2025-11-03 11:40:08 - SyncDeskManager - DEBUG - Ticket 33361: No encontrado en Clarity
2025-11-03 11:40:08 - SyncDeskManager - DEBUG - Ticket 33364: No encontrado en Clarity
2025-11-03 11:40:08 - SyncDeskManager - DEBUG - Ticket 33384: No encontrado en Clarity
2025-11-03 11:40:08 - SyncDeskManager - DEBUG - Ticket 33395: No encontrado en Clarity
2025-11-03 11:40:08 - SyncDeskManager - DEBUG - Ticket 33432: No encontrado en Clarity
2025-11-03 11:40:08 - SyncDeskManager - DEBUG - Ticket 33448: No encontrado en Clarity
2025-11-03 11:40:08 - SyncDeskManager - DEBUG - Ticket 33451: No encontrado en Clarity
2025-11-03 11:40:08 - SyncDeskManager - DEBUG - Ticket 33461: No encontrado en Clarity
2025-11-03 11:40:08 - SyncDeskManager - DEBUG - Ticket 33474: No encontrado en Clarity
2025-11-03 11:40:08 - SyncDeskManager - DEBUG - Ticket 33476: No encontrado en Clarity
2025-11-03 11:40:08 - SyncDeskManager - DEBUG - Ticket 33478: No encontrado en Clarity
2025-11-03 11:40:08 - SyncDeskManager - DEBUG - Ticket 33489: No encontrado en Clarity
2025-11-03 11:40:08 - SyncDeskManager - DEBUG - Ticket 33490: No encontrado en Clarity
2025-11-03 11:40:08 - SyncDeskManager - DEBUG - Ticket 33496: No encontrado en Clarity
2025-11-03 11:40:08 - SyncDeskManager - DEBUG - Ticket 33513: No encontrado en Clarity
2025-11-03 11:40:08 - SyncDeskManager - DEBUG - Ticket 33529: No encontrado en Clarity
2025-11-03 11:40:08 - SyncDeskManager - DEBUG - Ticket 33540: No encontrado en Clarity
2025-11-03 11:40:08 - SyncDeskManager - DEBUG - Ticket 33541: No encontrado en Clarity
2025-11-03 11:40:08 - SyncDeskManager - DEBUG - Ticket 33558: No encontrado en Clarity
2025-11-03 11:40:08 - SyncDeskManager - DEBUG - Ticket 33566: No encontrado en Clarity
2025-11-03 11:40:08 - SyncDeskManager - DEBUG - Ticket 33572: Diferencia encontrada Resuelto -> Cerrada
2025-11-03 11:40:08 - SyncDeskManager - DEBUG - Ticket 33581: Diferencia encontrada Resuelto -> Cerrada
2025-11-03 11:40:08 - SyncDeskManager - DEBUG - Ticket 33583: Diferencia encontrada Resuelto -> Cerrada
2025-11-03 11:40:08 - SyncDeskManager - DEBUG - Ticket 33585: No encontrado en Clarity
2025-11-03 11:40:08 - SyncDeskManager - DEBUG - Ticket 33607: Diferencia encontrada Resuelto -> Cerrada
2025-11-03 11:40:08 - SyncDeskManager - DEBUG - Ticket 33608: Diferencia encontrada Resuelto -> Cerrada
2025-11-03 11:40:08 - SyncDeskManager - DEBUG - Ticket 33611: No encontrado en Clarity
2025-11-03 11:40:08 - SyncDeskManager - DEBUG - Ticket 33612: Diferencia encontrada Resuelto -> Cerrada
2025-11-03 11:40:08 - SyncDeskManager - DEBUG - Ticket 33613: Diferencia encontrada Resuelto -> Cerrada
2025-11-03 11:40:08 - SyncDeskManager - DEBUG - Ticket 33614: Diferencia encontrada Resuelto -> Cerrada
2025-11-03 11:40:08 - SyncDeskManager - DEBUG - Ticket 33615: Diferencia encontrada Resuelto -> Cerrada
2025-11-03 11:40:08 - SyncDeskManager - DEBUG - Ticket 33621: No encontrado en Clarity
2025-11-03 11:40:08 - SyncDeskManager - DEBUG - Ticket 33655: No encontrado en Clarity
2025-11-03 11:40:08 - SyncDeskManager - DEBUG - Ticket 33658: Diferencia encontrada Resuelto -> Cerrada
2025-11-03 11:40:08 - SyncDeskManager - DEBUG - Ticket 33667: No encontrado en Clarity
2025-11-03 11:40:08 - SyncDeskManager - DEBUG - Ticket 33669: No encontrado en Clarity
2025-11-03 11:40:08 - SyncDeskManager - DEBUG - Ticket 33671: Diferencia encontrada Resuelto -> Cerrada
2025-11-03 11:40:08 - SyncDeskManager - DEBUG - Ticket 33672: Diferencia encontrada Resuelto -> Cerrada
2025-11-03 11:40:08 - SyncDeskManager - DEBUG - Ticket 33676: Diferencia encontrada Resuelto -> Cerrada
2025-11-03 11:40:08 - SyncDeskManager - DEBUG - Ticket 33680: Diferencia encontrada Resuelto -> Cerrada
2025-11-03 11:40:08 - SyncDeskManager - DEBUG - Ticket 33682: No encontrado en Clarity
2025-11-03 11:40:08 - SyncDeskManager - DEBUG - Ticket 33684: Diferencia encontrada Resuelto -> Cerrada
2025-11-03 11:40:08 - SyncDeskManager - DEBUG - Ticket 33702: No encontrado en Clarity
2025-11-03 11:40:08 - SyncDeskManager - DEBUG - Ticket 33707: Diferencia encontrada Resuelto -> Cerrada
2025-11-03 11:40:08 - SyncDeskManager - DEBUG - Ticket 33712: Diferencia encontrada Resuelto -> Cerrada
2025-11-03 11:40:08 - SyncDeskManager - DEBUG - Ticket 33720: Diferencia encontrada Resuelto -> Cerrada
2025-11-03 11:40:08 - SyncDeskManager - DEBUG - Ticket 33728: Diferencia encontrada Resuelto -> Cerrada
2025-11-03 11:40:08 - SyncDeskManager - DEBUG - Ticket 33732: Diferencia encontrada Resuelto -> Cerrada
2025-11-03 11:40:08 - SyncDeskManager - DEBUG - Ticket 33741: No encontrado en Clarity
2025-11-03 11:40:08 - SyncDeskManager - DEBUG - Ticket 33743: Diferencia encontrada Resuelto -> Cerrada
2025-11-03 11:40:08 - SyncDeskManager - DEBUG - Ticket 33745: Diferencia encontrada Resuelto -> Cerrada
2025-11-03 11:40:08 - SyncDeskManager - DEBUG - Ticket 33746: Diferencia encontrada Resuelto -> Cerrada
2025-11-03 11:40:08 - SyncDeskManager - DEBUG - Ticket 33747: Diferencia encontrada Resuelto -> Cerrada
2025-11-03 11:40:08 - SyncDeskManager - DEBUG - Ticket 33754: Diferencia encontrada Resuelto -> Cerrada
2025-11-03 11:40:08 - SyncDeskManager - DEBUG - Ticket 33755: Diferencia encontrada Resuelto -> Cerrada
2025-11-03 11:40:08 - SyncDeskManager - DEBUG - Ticket 33756: Diferencia encontrada Resuelto -> Cerrada
2025-11-03 11:40:08 - SyncDeskManager - DEBUG - Ticket 33757: Diferencia encontrada Resuelto -> Cerrada
2025-11-03 11:40:08 - SyncDeskManager - DEBUG - Ticket 33766: No encontrado en Clarity
2025-11-03 11:40:08 - SyncDeskManager - DEBUG - Ticket 33767: No encontrado en Clarity
2025-11-03 11:40:08 - SyncDeskManager - DEBUG - Ticket 33771: Diferencia encontrada Resuelto -> Cerrada
2025-11-03 11:40:08 - SyncDeskManager - DEBUG - Ticket 33772: Diferencia encontrada Resuelto -> Cerrada
2025-11-03 11:40:09 - SyncDeskManager - DEBUG - Ticket 33797: Diferencia encontrada Resuelto -> Cerrada
2025-11-03 11:40:09 - SyncDeskManager - DEBUG - Ticket 33798: Diferencia encontrada Resuelto -> Cerrada
2025-11-03 11:40:09 - SyncDeskManager - DEBUG - Ticket 33804: No encontrado en Clarity
2025-11-03 11:40:09 - SyncDeskManager - DEBUG - Ticket 33811: Diferencia encontrada Esperando al cliente -> Cerrada
2025-11-03 11:40:09 - SyncDeskManager - DEBUG - Ticket 33815: Diferencia encontrada Resuelto -> Cerrada
2025-11-03 11:40:09 - SyncDeskManager - DEBUG - Ticket 33820: No encontrado en Clarity
2025-11-03 11:40:09 - SyncDeskManager - DEBUG - Ticket 33837: No encontrado en Clarity
2025-11-03 11:40:09 - SyncDeskManager - DEBUG - Ticket 33842: Diferencia encontrada Resuelto -> Cerrada
2025-11-03 11:40:09 - SyncDeskManager - DEBUG - Ticket 33856: Diferencia encontrada Resuelto -> Cerrada
2025-11-03 11:40:09 - SyncDeskManager - DEBUG - Ticket 33861: No encontrado en Clarity
2025-11-03 11:40:09 - SyncDeskManager - DEBUG - Ticket 33868: Diferencia encontrada Resuelto -> Cerrada
2025-11-03 11:40:09 - SyncDeskManager - DEBUG - Ticket 33869: Diferencia encontrada Resuelto -> Cerrada
2025-11-03 11:40:09 - SyncDeskManager - DEBUG - Ticket 33887: Diferencia encontrada Resuelto -> Cerrada
2025-11-03 11:40:09 - SyncDeskManager - DEBUG - Ticket 33901: No encontrado en Clarity
2025-11-03 11:40:09 - SyncDeskManager - DEBUG - Ticket 33905: Diferencia encontrada Abierta -> Cerrada
2025-11-03 11:40:09 - SyncDeskManager - DEBUG - Ticket 33911: Diferencia encontrada En progreso -> Esperando al cliente
2025-11-03 11:40:09 - SyncDeskManager - DEBUG - Ticket 33913: No encontrado en Clarity
2025-11-03 11:40:09 - SyncDeskManager - DEBUG - Ticket 33936: Diferencia encontrada Resuelto -> Cerrada
2025-11-03 11:40:09 - SyncDeskManager - DEBUG - Ticket 33944: Diferencia encontrada Resuelto -> Cerrada
2025-11-03 11:40:09 - SyncDeskManager - DEBUG - Ticket 33960: Diferencia encontrada Resuelto -> Cerrada
2025-11-03 11:40:09 - SyncDeskManager - DEBUG - Ticket 33963: Diferencia encontrada Resuelto -> Cerrada
2025-11-03 11:40:09 - SyncDeskManager - DEBUG - Ticket 33964: Diferencia encontrada Resuelto -> Cerrada
2025-11-03 11:40:09 - SyncDeskManager - DEBUG - Ticket 33974: Diferencia encontrada Resuelto -> Cerrada
2025-11-03 11:40:09 - SyncDeskManager - DEBUG - Ticket 33998: No encontrado en Clarity
2025-11-03 11:40:09 - SyncDeskManager - DEBUG - Ticket 34008: No encontrado en Clarity
2025-11-03 11:40:09 - SyncDeskManager - DEBUG - Ticket 34021: No encontrado en Clarity
2025-11-03 11:40:09 - SyncDeskManager - DEBUG - Ticket 34025: No encontrado en Clarity
2025-11-03 11:40:09 - SyncDeskManager - DEBUG - Ticket 34038: Diferencia encontrada Abierta -> Esperando al cliente
2025-11-03 11:40:09 - SyncDeskManager - DEBUG - Ticket 34058: Diferencia encontrada Abierta -> En progreso
2025-11-03 11:40:09 - SyncDeskManager - DEBUG - Ticket 34085: Diferencia encontrada En progreso -> Derivado al Fabricante
2025-11-03 11:40:09 - SyncDeskManager - DEBUG - Ticket 34110: No encontrado en Clarity
2025-11-03 11:40:09 - SyncDeskManager - DEBUG - Ticket 34117: Diferencia encontrada Abierta -> Cerrada
2025-11-03 11:40:09 - SyncDeskManager - DEBUG - Ticket 34119: Diferencia encontrada Abierta -> Esperando al cliente
2025-11-03 11:40:09 - SyncDeskManager - DEBUG - Ticket 34130: No encontrado en Clarity
2025-11-03 11:40:09 - SyncDeskManager - DEBUG - Ticket 34132: No encontrado en Clarity
2025-11-03 11:40:09 - SyncDeskManager - DEBUG - Ticket 34133: No encontrado en Clarity
2025-11-03 11:40:09 - SyncDeskManager - DEBUG - Ticket 34137: No encontrado en Clarity
2025-11-03 11:40:09 - SyncDeskManager - DEBUG - Ticket 34142: No encontrado en Clarity
2025-11-03 11:40:09 - SyncDeskManager - DEBUG - Ticket 34143: No encontrado en Clarity
2025-11-03 11:40:09 - SyncDeskManager - DEBUG - Ticket 34145: No encontrado en Clarity
2025-11-03 11:40:09 - SyncDeskManager - DEBUG - Ticket 34148: No encontrado en Clarity
2025-11-03 11:40:09 - SyncDeskManager - DEBUG - Ticket 34149: No encontrado en Clarity
2025-11-03 11:40:09 - SyncDeskManager - DEBUG - Ticket 34153: No encontrado en Clarity
2025-11-03 11:40:09 - SyncDeskManager - INFO - Comparación completada: 163 diferencias encontradas
2025-11-03 11:40:09 - SyncDeskManager - INFO - Buscando IDs de Clarity para 163 tickets...
2025-11-03 11:40:09 - SyncDeskManager - DEBUG - Buscando ticket 31960 directamente en Clarity...
2025-11-03 11:40:09 - urllib3.connectionpool - DEBUG - Starting new HTTPS connection (1): pmservice.tdilatam.com:8043
2025-11-03 11:40:10 - urllib3.connectionpool - DEBUG - https://pmservice.tdilatam.com:8043 "GET /ppm/rest/v1/tasks?filter=%28code+%3D+%2731960%27%29&limit=1&fields=code%2Cp_tdi_estado_freshdesk%2C_internalId%2C_parentId%2Cname%2Cstatus HTTP/1.1" 200 407
2025-11-03 11:40:10 - SyncDeskManager - INFO - Ticket 31960 encontrado directamente
2025-11-03 11:40:10 - SyncDeskManager - DEBUG - Buscando ticket 31961 directamente en Clarity...
2025-11-03 11:40:10 - urllib3.connectionpool - DEBUG - https://pmservice.tdilatam.com:8043 "GET /ppm/rest/v1/tasks?filter=%28code+%3D+%2731961%27%29&limit=1&fields=code%2Cp_tdi_estado_freshdesk%2C_internalId%2C_parentId%2Cname%2Cstatus HTTP/1.1" 200 407
2025-11-03 11:40:10 - SyncDeskManager - INFO - Ticket 31961 encontrado directamente
2025-11-03 11:40:10 - SyncDeskManager - DEBUG - Buscando ticket 31962 directamente en Clarity...
2025-11-03 11:40:10 - urllib3.connectionpool - DEBUG - https://pmservice.tdilatam.com:8043 "GET /ppm/rest/v1/tasks?filter=%28code+%3D+%2731962%27%29&limit=1&fields=code%2Cp_tdi_estado_freshdesk%2C_internalId%2C_parentId%2Cname%2Cstatus HTTP/1.1" 200 417
2025-11-03 11:40:10 - SyncDeskManager - INFO - Ticket 31962 encontrado directamente
2025-11-03 11:40:10 - SyncDeskManager - DEBUG - Buscando ticket 31963 directamente en Clarity...
2025-11-03 11:40:10 - urllib3.connectionpool - DEBUG - https://pmservice.tdilatam.com:8043 "GET /ppm/rest/v1/tasks?filter=%28code+%3D+%2731963%27%29&limit=1&fields=code%2Cp_tdi_estado_freshdesk%2C_internalId%2C_parentId%2Cname%2Cstatus HTTP/1.1" 200 405
2025-11-03 11:40:10 - SyncDeskManager - INFO - Ticket 31963 encontrado directamente
2025-11-03 11:40:10 - SyncDeskManager - DEBUG - Buscando ticket 31964 directamente en Clarity...
2025-11-03 11:40:10 - urllib3.connectionpool - DEBUG - https://pmservice.tdilatam.com:8043 "GET /ppm/rest/v1/tasks?filter=%28code+%3D+%2731964%27%29&limit=1&fields=code%2Cp_tdi_estado_freshdesk%2C_internalId%2C_parentId%2Cname%2Cstatus HTTP/1.1" 200 393
2025-11-03 11:40:10 - SyncDeskManager - INFO - Ticket 31964 encontrado directamente
2025-11-03 11:40:10 - SyncDeskManager - DEBUG - Buscando ticket 31972 directamente en Clarity...
2025-11-03 11:40:10 - urllib3.connectionpool - DEBUG - https://pmservice.tdilatam.com:8043 "GET /ppm/rest/v1/tasks?filter=%28code+%3D+%2731972%27%29&limit=1&fields=code%2Cp_tdi_estado_freshdesk%2C_internalId%2C_parentId%2Cname%2Cstatus HTTP/1.1" 200 406
2025-11-03 11:40:10 - SyncDeskManager - INFO - Ticket 31972 encontrado directamente
2025-11-03 11:40:10 - SyncDeskManager - DEBUG - Buscando ticket 31973 directamente en Clarity...
2025-11-03 11:40:10 - urllib3.connectionpool - DEBUG - https://pmservice.tdilatam.com:8043 "GET /ppm/rest/v1/tasks?filter=%28code+%3D+%2731973%27%29&limit=1&fields=code%2Cp_tdi_estado_freshdesk%2C_internalId%2C_parentId%2Cname%2Cstatus HTTP/1.1" 200 373
2025-11-03 11:40:10 - SyncDeskManager - INFO - Ticket 31973 encontrado directamente
2025-11-03 11:40:10 - SyncDeskManager - DEBUG - Buscando ticket 31974 directamente en Clarity...
2025-11-03 11:40:10 - urllib3.connectionpool - DEBUG - https://pmservice.tdilatam.com:8043 "GET /ppm/rest/v1/tasks?filter=%28code+%3D+%2731974%27%29&limit=1&fields=code%2Cp_tdi_estado_freshdesk%2C_internalId%2C_parentId%2Cname%2Cstatus HTTP/1.1" 200 398
2025-11-03 11:40:10 - SyncDeskManager - INFO - Ticket 31974 encontrado directamente
2025-11-03 11:40:10 - SyncDeskManager - DEBUG - Buscando ticket 31975 directamente en Clarity...
2025-11-03 11:40:10 - urllib3.connectionpool - DEBUG - https://pmservice.tdilatam.com:8043 "GET /ppm/rest/v1/tasks?filter=%28code+%3D+%2731975%27%29&limit=1&fields=code%2Cp_tdi_estado_freshdesk%2C_internalId%2C_parentId%2Cname%2Cstatus HTTP/1.1" 200 407
2025-11-03 11:40:10 - SyncDeskManager - INFO - Ticket 31975 encontrado directamente
2025-11-03 11:40:10 - SyncDeskManager - DEBUG - Buscando ticket 31977 directamente en Clarity...
2025-11-03 11:40:10 - urllib3.connectionpool - DEBUG - https://pmservice.tdilatam.com:8043 "GET /ppm/rest/v1/tasks?filter=%28code+%3D+%2731977%27%29&limit=1&fields=code%2Cp_tdi_estado_freshdesk%2C_internalId%2C_parentId%2Cname%2Cstatus HTTP/1.1" 200 404
2025-11-03 11:40:10 - SyncDeskManager - INFO - Ticket 31977 encontrado directamente
2025-11-03 11:40:10 - SyncDeskManager - DEBUG - Buscando ticket 31978 directamente en Clarity...
2025-11-03 11:40:10 - urllib3.connectionpool - DEBUG - https://pmservice.tdilatam.com:8043 "GET /ppm/rest/v1/tasks?filter=%28code+%3D+%2731978%27%29&limit=1&fields=code%2Cp_tdi_estado_freshdesk%2C_internalId%2C_parentId%2Cname%2Cstatus HTTP/1.1" 200 387
2025-11-03 11:40:10 - SyncDeskManager - INFO - Ticket 31978 encontrado directamente
2025-11-03 11:40:10 - SyncDeskManager - DEBUG - Buscando ticket 31979 directamente en Clarity...
2025-11-03 11:40:11 - urllib3.connectionpool - DEBUG - https://pmservice.tdilatam.com:8043 "GET /ppm/rest/v1/tasks?filter=%28code+%3D+%2731979%27%29&limit=1&fields=code%2Cp_tdi_estado_freshdesk%2C_internalId%2C_parentId%2Cname%2Cstatus HTTP/1.1" 200 388
2025-11-03 11:40:11 - SyncDeskManager - INFO - Ticket 31979 encontrado directamente
2025-11-03 11:40:11 - SyncDeskManager - DEBUG - Buscando ticket 31983 directamente en Clarity...
2025-11-03 11:40:11 - urllib3.connectionpool - DEBUG - https://pmservice.tdilatam.com:8043 "GET /ppm/rest/v1/tasks?filter=%28code+%3D+%2731983%27%29&limit=1&fields=code%2Cp_tdi_estado_freshdesk%2C_internalId%2C_parentId%2Cname%2Cstatus HTTP/1.1" 200 413
2025-11-03 11:40:11 - SyncDeskManager - INFO - Ticket 31983 encontrado directamente
2025-11-03 11:40:11 - SyncDeskManager - DEBUG - Buscando ticket 31984 directamente en Clarity...
2025-11-03 11:40:11 - urllib3.connectionpool - DEBUG - https://pmservice.tdilatam.com:8043 "GET /ppm/rest/v1/tasks?filter=%28code+%3D+%2731984%27%29&limit=1&fields=code%2Cp_tdi_estado_freshdesk%2C_internalId%2C_parentId%2Cname%2Cstatus HTTP/1.1" 200 401
2025-11-03 11:40:11 - SyncDeskManager - INFO - Ticket 31984 encontrado directamente
2025-11-03 11:40:11 - SyncDeskManager - DEBUG - Buscando ticket 31987 directamente en Clarity...
2025-11-03 11:40:11 - urllib3.connectionpool - DEBUG - https://pmservice.tdilatam.com:8043 "GET /ppm/rest/v1/tasks?filter=%28code+%3D+%2731987%27%29&limit=1&fields=code%2Cp_tdi_estado_freshdesk%2C_internalId%2C_parentId%2Cname%2Cstatus HTTP/1.1" 200 406
2025-11-03 11:40:11 - SyncDeskManager - INFO - Ticket 31987 encontrado directamente
2025-11-03 11:40:11 - SyncDeskManager - DEBUG - Buscando ticket 31990 directamente en Clarity...
2025-11-03 11:40:11 - urllib3.connectionpool - DEBUG - https://pmservice.tdilatam.com:8043 "GET /ppm/rest/v1/tasks?filter=%28code+%3D+%2731990%27%29&limit=1&fields=code%2Cp_tdi_estado_freshdesk%2C_internalId%2C_parentId%2Cname%2Cstatus HTTP/1.1" 200 392
2025-11-03 11:40:11 - SyncDeskManager - INFO - Ticket 31990 encontrado directamente
2025-11-03 11:40:11 - SyncDeskManager - DEBUG - Buscando ticket 31994 directamente en Clarity...
2025-11-03 11:40:11 - urllib3.connectionpool - DEBUG - https://pmservice.tdilatam.com:8043 "GET /ppm/rest/v1/tasks?filter=%28code+%3D+%2731994%27%29&limit=1&fields=code%2Cp_tdi_estado_freshdesk%2C_internalId%2C_parentId%2Cname%2Cstatus HTTP/1.1" 200 407
2025-11-03 11:40:11 - SyncDeskManager - INFO - Ticket 31994 encontrado directamente
2025-11-03 11:40:11 - SyncDeskManager - DEBUG - Buscando ticket 31996 directamente en Clarity...
2025-11-03 11:40:11 - urllib3.connectionpool - DEBUG - https://pmservice.tdilatam.com:8043 "GET /ppm/rest/v1/tasks?filter=%28code+%3D+%2731996%27%29&limit=1&fields=code%2Cp_tdi_estado_freshdesk%2C_internalId%2C_parentId%2Cname%2Cstatus HTTP/1.1" 200 413
2025-11-03 11:40:11 - SyncDeskManager - INFO - Ticket 31996 encontrado directamente
2025-11-03 11:40:11 - SyncDeskManager - DEBUG - Buscando ticket 31997 directamente en Clarity...
2025-11-03 11:40:11 - urllib3.connectionpool - DEBUG - https://pmservice.tdilatam.com:8043 "GET /ppm/rest/v1/tasks?filter=%28code+%3D+%2731997%27%29&limit=1&fields=code%2Cp_tdi_estado_freshdesk%2C_internalId%2C_parentId%2Cname%2Cstatus HTTP/1.1" 200 416
2025-11-03 11:40:11 - SyncDeskManager - INFO - Ticket 31997 encontrado directamente
2025-11-03 11:40:11 - SyncDeskManager - DEBUG - Buscando ticket 31999 directamente en Clarity...
2025-11-03 11:40:11 - urllib3.connectionpool - DEBUG - https://pmservice.tdilatam.com:8043 "GET /ppm/rest/v1/tasks?filter=%28code+%3D+%2731999%27%29&limit=1&fields=code%2Cp_tdi_estado_freshdesk%2C_internalId%2C_parentId%2Cname%2Cstatus HTTP/1.1" 200 376
2025-11-03 11:40:11 - SyncDeskManager - INFO - Ticket 31999 encontrado directamente
2025-11-03 11:40:11 - SyncDeskManager - DEBUG - Buscando ticket 32001 directamente en Clarity...
2025-11-03 11:40:11 - urllib3.connectionpool - DEBUG - https://pmservice.tdilatam.com:8043 "GET /ppm/rest/v1/tasks?filter=%28code+%3D+%2732001%27%29&limit=1&fields=code%2Cp_tdi_estado_freshdesk%2C_internalId%2C_parentId%2Cname%2Cstatus HTTP/1.1" 200 407
2025-11-03 11:40:11 - SyncDeskManager - INFO - Ticket 32001 encontrado directamente
2025-11-03 11:40:11 - SyncDeskManager - DEBUG - Buscando ticket 32003 directamente en Clarity...
2025-11-03 11:40:11 - urllib3.connectionpool - DEBUG - https://pmservice.tdilatam.com:8043 "GET /ppm/rest/v1/tasks?filter=%28code+%3D+%2732003%27%29&limit=1&fields=code%2Cp_tdi_estado_freshdesk%2C_internalId%2C_parentId%2Cname%2Cstatus HTTP/1.1" 200 368
2025-11-03 11:40:11 - SyncDeskManager - INFO - Ticket 32003 encontrado directamente
2025-11-03 11:40:11 - SyncDeskManager - DEBUG - Buscando ticket 32005 directamente en Clarity...
2025-11-03 11:40:11 - urllib3.connectionpool - DEBUG - https://pmservice.tdilatam.com:8043 "GET /ppm/rest/v1/tasks?filter=%28code+%3D+%2732005%27%29&limit=1&fields=code%2Cp_tdi_estado_freshdesk%2C_internalId%2C_parentId%2Cname%2Cstatus HTTP/1.1" 200 406
2025-11-03 11:40:11 - SyncDeskManager - INFO - Ticket 32005 encontrado directamente
2025-11-03 11:40:11 - SyncDeskManager - DEBUG - Buscando ticket 32008 directamente en Clarity...
2025-11-03 11:40:11 - urllib3.connectionpool - DEBUG - https://pmservice.tdilatam.com:8043 "GET /ppm/rest/v1/tasks?filter=%28code+%3D+%2732008%27%29&limit=1&fields=code%2Cp_tdi_estado_freshdesk%2C_internalId%2C_parentId%2Cname%2Cstatus HTTP/1.1" 200 387
2025-11-03 11:40:11 - SyncDeskManager - INFO - Ticket 32008 encontrado directamente
2025-11-03 11:40:11 - SyncDeskManager - DEBUG - Buscando ticket 32009 directamente en Clarity...
2025-11-03 11:40:11 - urllib3.connectionpool - DEBUG - https://pmservice.tdilatam.com:8043 "GET /ppm/rest/v1/tasks?filter=%28code+%3D+%2732009%27%29&limit=1&fields=code%2Cp_tdi_estado_freshdesk%2C_internalId%2C_parentId%2Cname%2Cstatus HTTP/1.1" 200 372
2025-11-03 11:40:11 - SyncDeskManager - INFO - Ticket 32009 encontrado directamente
2025-11-03 11:40:11 - SyncDeskManager - DEBUG - Buscando ticket 32010 directamente en Clarity...
2025-11-03 11:40:12 - urllib3.connectionpool - DEBUG - https://pmservice.tdilatam.com:8043 "GET /ppm/rest/v1/tasks?filter=%28code+%3D+%2732010%27%29&limit=1&fields=code%2Cp_tdi_estado_freshdesk%2C_internalId%2C_parentId%2Cname%2Cstatus HTTP/1.1" 200 372
2025-11-03 11:40:12 - SyncDeskManager - INFO - Ticket 32010 encontrado directamente
2025-11-03 11:40:12 - SyncDeskManager - DEBUG - Buscando ticket 32011 directamente en Clarity...
2025-11-03 11:40:12 - urllib3.connectionpool - DEBUG - https://pmservice.tdilatam.com:8043 "GET /ppm/rest/v1/tasks?filter=%28code+%3D+%2732011%27%29&limit=1&fields=code%2Cp_tdi_estado_freshdesk%2C_internalId%2C_parentId%2Cname%2Cstatus HTTP/1.1" 200 395
2025-11-03 11:40:12 - SyncDeskManager - INFO - Ticket 32011 encontrado directamente
2025-11-03 11:40:12 - SyncDeskManager - DEBUG - Buscando ticket 32012 directamente en Clarity...
2025-11-03 11:40:12 - urllib3.connectionpool - DEBUG - https://pmservice.tdilatam.com:8043 "GET /ppm/rest/v1/tasks?filter=%28code+%3D+%2732012%27%29&limit=1&fields=code%2Cp_tdi_estado_freshdesk%2C_internalId%2C_parentId%2Cname%2Cstatus HTTP/1.1" 200 368
2025-11-03 11:40:12 - SyncDeskManager - INFO - Ticket 32012 encontrado directamente
2025-11-03 11:40:12 - SyncDeskManager - DEBUG - Buscando ticket 32013 directamente en Clarity...
2025-11-03 11:40:12 - urllib3.connectionpool - DEBUG - https://pmservice.tdilatam.com:8043 "GET /ppm/rest/v1/tasks?filter=%28code+%3D+%2732013%27%29&limit=1&fields=code%2Cp_tdi_estado_freshdesk%2C_internalId%2C_parentId%2Cname%2Cstatus HTTP/1.1" 200 394
2025-11-03 11:40:12 - SyncDeskManager - INFO - Ticket 32013 encontrado directamente
2025-11-03 11:40:12 - SyncDeskManager - DEBUG - Buscando ticket 32014 directamente en Clarity...
2025-11-03 11:40:12 - urllib3.connectionpool - DEBUG - https://pmservice.tdilatam.com:8043 "GET /ppm/rest/v1/tasks?filter=%28code+%3D+%2732014%27%29&limit=1&fields=code%2Cp_tdi_estado_freshdesk%2C_internalId%2C_parentId%2Cname%2Cstatus HTTP/1.1" 200 394
2025-11-03 11:40:12 - SyncDeskManager - INFO - Ticket 32014 encontrado directamente
2025-11-03 11:40:12 - SyncDeskManager - DEBUG - Buscando ticket 32015 directamente en Clarity...
2025-11-03 11:40:12 - urllib3.connectionpool - DEBUG - https://pmservice.tdilatam.com:8043 "GET /ppm/rest/v1/tasks?filter=%28code+%3D+%2732015%27%29&limit=1&fields=code%2Cp_tdi_estado_freshdesk%2C_internalId%2C_parentId%2Cname%2Cstatus HTTP/1.1" 200 394
2025-11-03 11:40:12 - SyncDeskManager - INFO - Ticket 32015 encontrado directamente
2025-11-03 11:40:12 - SyncDeskManager - DEBUG - Buscando ticket 32020 directamente en Clarity...
2025-11-03 11:40:12 - urllib3.connectionpool - DEBUG - https://pmservice.tdilatam.com:8043 "GET /ppm/rest/v1/tasks?filter=%28code+%3D+%2732020%27%29&limit=1&fields=code%2Cp_tdi_estado_freshdesk%2C_internalId%2C_parentId%2Cname%2Cstatus HTTP/1.1" 200 407
2025-11-03 11:40:12 - SyncDeskManager - INFO - Ticket 32020 encontrado directamente
2025-11-03 11:40:12 - SyncDeskManager - DEBUG - Buscando ticket 32021 directamente en Clarity...
2025-11-03 11:40:12 - urllib3.connectionpool - DEBUG - https://pmservice.tdilatam.com:8043 "GET /ppm/rest/v1/tasks?filter=%28code+%3D+%2732021%27%29&limit=1&fields=code%2Cp_tdi_estado_freshdesk%2C_internalId%2C_parentId%2Cname%2Cstatus HTTP/1.1" 200 407
2025-11-03 11:40:12 - SyncDeskManager - INFO - Ticket 32021 encontrado directamente
2025-11-03 11:40:12 - SyncDeskManager - DEBUG - Buscando ticket 32022 directamente en Clarity...
2025-11-03 11:40:12 - urllib3.connectionpool - DEBUG - https://pmservice.tdilatam.com:8043 "GET /ppm/rest/v1/tasks?filter=%28code+%3D+%2732022%27%29&limit=1&fields=code%2Cp_tdi_estado_freshdesk%2C_internalId%2C_parentId%2Cname%2Cstatus HTTP/1.1" 200 407
2025-11-03 11:40:12 - SyncDeskManager - INFO - Ticket 32022 encontrado directamente
2025-11-03 11:40:12 - SyncDeskManager - DEBUG - Buscando ticket 32025 directamente en Clarity...
2025-11-03 11:40:12 - urllib3.connectionpool - DEBUG - https://pmservice.tdilatam.com:8043 "GET /ppm/rest/v1/tasks?filter=%28code+%3D+%2732025%27%29&limit=1&fields=code%2Cp_tdi_estado_freshdesk%2C_internalId%2C_parentId%2Cname%2Cstatus HTTP/1.1" 200 406
2025-11-03 11:40:12 - SyncDeskManager - INFO - Ticket 32025 encontrado directamente
2025-11-03 11:40:12 - SyncDeskManager - DEBUG - Buscando ticket 32033 directamente en Clarity...
2025-11-03 11:40:12 - urllib3.connectionpool - DEBUG - https://pmservice.tdilatam.com:8043 "GET /ppm/rest/v1/tasks?filter=%28code+%3D+%2732033%27%29&limit=1&fields=code%2Cp_tdi_estado_freshdesk%2C_internalId%2C_parentId%2Cname%2Cstatus HTTP/1.1" 200 389
2025-11-03 11:40:12 - SyncDeskManager - INFO - Ticket 32033 encontrado directamente
2025-11-03 11:40:12 - SyncDeskManager - DEBUG - Buscando ticket 32035 directamente en Clarity...
2025-11-03 11:40:12 - urllib3.connectionpool - DEBUG - https://pmservice.tdilatam.com:8043 "GET /ppm/rest/v1/tasks?filter=%28code+%3D+%2732035%27%29&limit=1&fields=code%2Cp_tdi_estado_freshdesk%2C_internalId%2C_parentId%2Cname%2Cstatus HTTP/1.1" 200 407
2025-11-03 11:40:12 - SyncDeskManager - INFO - Ticket 32035 encontrado directamente
2025-11-03 11:40:12 - SyncDeskManager - DEBUG - Buscando ticket 32036 directamente en Clarity...
2025-11-03 11:40:12 - urllib3.connectionpool - DEBUG - https://pmservice.tdilatam.com:8043 "GET /ppm/rest/v1/tasks?filter=%28code+%3D+%2732036%27%29&limit=1&fields=code%2Cp_tdi_estado_freshdesk%2C_internalId%2C_parentId%2Cname%2Cstatus HTTP/1.1" 200 415
2025-11-03 11:40:12 - SyncDeskManager - INFO - Ticket 32036 encontrado directamente
2025-11-03 11:40:12 - SyncDeskManager - DEBUG - Buscando ticket 32041 directamente en Clarity...
2025-11-03 11:40:12 - urllib3.connectionpool - DEBUG - https://pmservice.tdilatam.com:8043 "GET /ppm/rest/v1/tasks?filter=%28code+%3D+%2732041%27%29&limit=1&fields=code%2Cp_tdi_estado_freshdesk%2C_internalId%2C_parentId%2Cname%2Cstatus HTTP/1.1" 200 417
2025-11-03 11:40:12 - SyncDeskManager - INFO - Ticket 32041 encontrado directamente
2025-11-03 11:40:12 - SyncDeskManager - DEBUG - Buscando ticket 32042 directamente en Clarity...
2025-11-03 11:40:12 - urllib3.connectionpool - DEBUG - https://pmservice.tdilatam.com:8043 "GET /ppm/rest/v1/tasks?filter=%28code+%3D+%2732042%27%29&limit=1&fields=code%2Cp_tdi_estado_freshdesk%2C_internalId%2C_parentId%2Cname%2Cstatus HTTP/1.1" 200 368
2025-11-03 11:40:12 - SyncDeskManager - INFO - Ticket 32042 encontrado directamente
2025-11-03 11:40:12 - SyncDeskManager - DEBUG - Buscando ticket 32043 directamente en Clarity...
2025-11-03 11:40:12 - urllib3.connectionpool - DEBUG - https://pmservice.tdilatam.com:8043 "GET /ppm/rest/v1/tasks?filter=%28code+%3D+%2732043%27%29&limit=1&fields=code%2Cp_tdi_estado_freshdesk%2C_internalId%2C_parentId%2Cname%2Cstatus HTTP/1.1" 200 387
2025-11-03 11:40:12 - SyncDeskManager - INFO - Ticket 32043 encontrado directamente
2025-11-03 11:40:12 - SyncDeskManager - DEBUG - Buscando ticket 32044 directamente en Clarity...
2025-11-03 11:40:12 - urllib3.connectionpool - DEBUG - https://pmservice.tdilatam.com:8043 "GET /ppm/rest/v1/tasks?filter=%28code+%3D+%2732044%27%29&limit=1&fields=code%2Cp_tdi_estado_freshdesk%2C_internalId%2C_parentId%2Cname%2Cstatus HTTP/1.1" 200 377
2025-11-03 11:40:12 - SyncDeskManager - INFO - Ticket 32044 encontrado directamente
2025-11-03 11:40:12 - SyncDeskManager - DEBUG - Buscando ticket 32067 directamente en Clarity...
2025-11-03 11:40:12 - urllib3.connectionpool - DEBUG - https://pmservice.tdilatam.com:8043 "GET /ppm/rest/v1/tasks?filter=%28code+%3D+%2732067%27%29&limit=1&fields=code%2Cp_tdi_estado_freshdesk%2C_internalId%2C_parentId%2Cname%2Cstatus HTTP/1.1" 200 414
2025-11-03 11:40:12 - SyncDeskManager - INFO - Ticket 32067 encontrado directamente
2025-11-03 11:40:12 - SyncDeskManager - DEBUG - Buscando ticket 32068 directamente en Clarity...
2025-11-03 11:40:12 - urllib3.connectionpool - DEBUG - https://pmservice.tdilatam.com:8043 "GET /ppm/rest/v1/tasks?filter=%28code+%3D+%2732068%27%29&limit=1&fields=code%2Cp_tdi_estado_freshdesk%2C_internalId%2C_parentId%2Cname%2Cstatus HTTP/1.1" 200 410
2025-11-03 11:40:12 - SyncDeskManager - INFO - Ticket 32068 encontrado directamente
2025-11-03 11:40:12 - SyncDeskManager - DEBUG - Buscando ticket 32075 directamente en Clarity...
2025-11-03 11:40:13 - urllib3.connectionpool - DEBUG - https://pmservice.tdilatam.com:8043 "GET /ppm/rest/v1/tasks?filter=%28code+%3D+%2732075%27%29&limit=1&fields=code%2Cp_tdi_estado_freshdesk%2C_internalId%2C_parentId%2Cname%2Cstatus HTTP/1.1" 200 372
2025-11-03 11:40:13 - SyncDeskManager - INFO - Ticket 32075 encontrado directamente
2025-11-03 11:40:13 - SyncDeskManager - DEBUG - Buscando ticket 32088 directamente en Clarity...
2025-11-03 11:40:13 - urllib3.connectionpool - DEBUG - https://pmservice.tdilatam.com:8043 "GET /ppm/rest/v1/tasks?filter=%28code+%3D+%2732088%27%29&limit=1&fields=code%2Cp_tdi_estado_freshdesk%2C_internalId%2C_parentId%2Cname%2Cstatus HTTP/1.1" 200 424
2025-11-03 11:40:13 - SyncDeskManager - INFO - Ticket 32088 encontrado directamente
2025-11-03 11:40:13 - SyncDeskManager - DEBUG - Buscando ticket 32097 directamente en Clarity...
2025-11-03 11:40:13 - urllib3.connectionpool - DEBUG - https://pmservice.tdilatam.com:8043 "GET /ppm/rest/v1/tasks?filter=%28code+%3D+%2732097%27%29&limit=1&fields=code%2Cp_tdi_estado_freshdesk%2C_internalId%2C_parentId%2Cname%2Cstatus HTTP/1.1" 200 403
2025-11-03 11:40:13 - SyncDeskManager - INFO - Ticket 32097 encontrado directamente
2025-11-03 11:40:13 - SyncDeskManager - DEBUG - Buscando ticket 32103 directamente en Clarity...
2025-11-03 11:40:13 - urllib3.connectionpool - DEBUG - https://pmservice.tdilatam.com:8043 "GET /ppm/rest/v1/tasks?filter=%28code+%3D+%2732103%27%29&limit=1&fields=code%2Cp_tdi_estado_freshdesk%2C_internalId%2C_parentId%2Cname%2Cstatus HTTP/1.1" 200 413
2025-11-03 11:40:13 - SyncDeskManager - INFO - Ticket 32103 encontrado directamente
2025-11-03 11:40:13 - SyncDeskManager - DEBUG - Buscando ticket 32110 directamente en Clarity...
2025-11-03 11:40:13 - urllib3.connectionpool - DEBUG - https://pmservice.tdilatam.com:8043 "GET /ppm/rest/v1/tasks?filter=%28code+%3D+%2732110%27%29&limit=1&fields=code%2Cp_tdi_estado_freshdesk%2C_internalId%2C_parentId%2Cname%2Cstatus HTTP/1.1" 200 387
2025-11-03 11:40:13 - SyncDeskManager - INFO - Ticket 32110 encontrado directamente
2025-11-03 11:40:13 - SyncDeskManager - DEBUG - Buscando ticket 32114 directamente en Clarity...
2025-11-03 11:40:13 - urllib3.connectionpool - DEBUG - https://pmservice.tdilatam.com:8043 "GET /ppm/rest/v1/tasks?filter=%28code+%3D+%2732114%27%29&limit=1&fields=code%2Cp_tdi_estado_freshdesk%2C_internalId%2C_parentId%2Cname%2Cstatus HTTP/1.1" 200 389
2025-11-03 11:40:13 - SyncDeskManager - INFO - Ticket 32114 encontrado directamente
2025-11-03 11:40:13 - SyncDeskManager - DEBUG - Buscando ticket 32115 directamente en Clarity...
2025-11-03 11:40:13 - urllib3.connectionpool - DEBUG - https://pmservice.tdilatam.com:8043 "GET /ppm/rest/v1/tasks?filter=%28code+%3D+%2732115%27%29&limit=1&fields=code%2Cp_tdi_estado_freshdesk%2C_internalId%2C_parentId%2Cname%2Cstatus HTTP/1.1" 200 404
2025-11-03 11:40:13 - SyncDeskManager - INFO - Ticket 32115 encontrado directamente
2025-11-03 11:40:13 - SyncDeskManager - DEBUG - Buscando ticket 32117 directamente en Clarity...
2025-11-03 11:40:13 - urllib3.connectionpool - DEBUG - https://pmservice.tdilatam.com:8043 "GET /ppm/rest/v1/tasks?filter=%28code+%3D+%2732117%27%29&limit=1&fields=code%2Cp_tdi_estado_freshdesk%2C_internalId%2C_parentId%2Cname%2Cstatus HTTP/1.1" 200 388
2025-11-03 11:40:13 - SyncDeskManager - INFO - Ticket 32117 encontrado directamente
2025-11-03 11:40:13 - SyncDeskManager - DEBUG - Buscando ticket 32118 directamente en Clarity...
2025-11-03 11:40:13 - urllib3.connectionpool - DEBUG - https://pmservice.tdilatam.com:8043 "GET /ppm/rest/v1/tasks?filter=%28code+%3D+%2732118%27%29&limit=1&fields=code%2Cp_tdi_estado_freshdesk%2C_internalId%2C_parentId%2Cname%2Cstatus HTTP/1.1" 200 408
2025-11-03 11:40:13 - SyncDeskManager - INFO - Ticket 32118 encontrado directamente
2025-11-03 11:40:13 - SyncDeskManager - DEBUG - Buscando ticket 32120 directamente en Clarity...
2025-11-03 11:40:13 - urllib3.connectionpool - DEBUG - https://pmservice.tdilatam.com:8043 "GET /ppm/rest/v1/tasks?filter=%28code+%3D+%2732120%27%29&limit=1&fields=code%2Cp_tdi_estado_freshdesk%2C_internalId%2C_parentId%2Cname%2Cstatus HTTP/1.1" 200 407
2025-11-03 11:40:13 - SyncDeskManager - INFO - Ticket 32120 encontrado directamente
2025-11-03 11:40:13 - SyncDeskManager - DEBUG - Buscando ticket 32121 directamente en Clarity...
2025-11-03 11:40:13 - urllib3.connectionpool - DEBUG - https://pmservice.tdilatam.com:8043 "GET /ppm/rest/v1/tasks?filter=%28code+%3D+%2732121%27%29&limit=1&fields=code%2Cp_tdi_estado_freshdesk%2C_internalId%2C_parentId%2Cname%2Cstatus HTTP/1.1" 200 385
2025-11-03 11:40:13 - SyncDeskManager - INFO - Ticket 32121 encontrado directamente
2025-11-03 11:40:13 - SyncDeskManager - DEBUG - Buscando ticket 32122 directamente en Clarity...
2025-11-03 11:40:13 - urllib3.connectionpool - DEBUG - https://pmservice.tdilatam.com:8043 "GET /ppm/rest/v1/tasks?filter=%28code+%3D+%2732122%27%29&limit=1&fields=code%2Cp_tdi_estado_freshdesk%2C_internalId%2C_parentId%2Cname%2Cstatus HTTP/1.1" 200 424
2025-11-03 11:40:13 - SyncDeskManager - INFO - Ticket 32122 encontrado directamente
2025-11-03 11:40:13 - SyncDeskManager - DEBUG - Buscando ticket 32123 directamente en Clarity...
2025-11-03 11:40:13 - urllib3.connectionpool - DEBUG - https://pmservice.tdilatam.com:8043 "GET /ppm/rest/v1/tasks?filter=%28code+%3D+%2732123%27%29&limit=1&fields=code%2Cp_tdi_estado_freshdesk%2C_internalId%2C_parentId%2Cname%2Cstatus HTTP/1.1" 200 394
2025-11-03 11:40:13 - SyncDeskManager - INFO - Ticket 32123 encontrado directamente
2025-11-03 11:40:13 - SyncDeskManager - DEBUG - Buscando ticket 32125 directamente en Clarity...
2025-11-03 11:40:13 - urllib3.connectionpool - DEBUG - https://pmservice.tdilatam.com:8043 "GET /ppm/rest/v1/tasks?filter=%28code+%3D+%2732125%27%29&limit=1&fields=code%2Cp_tdi_estado_freshdesk%2C_internalId%2C_parentId%2Cname%2Cstatus HTTP/1.1" 200 398
2025-11-03 11:40:13 - SyncDeskManager - INFO - Ticket 32125 encontrado directamente
2025-11-03 11:40:13 - SyncDeskManager - DEBUG - Buscando ticket 32126 directamente en Clarity...
2025-11-03 11:40:13 - urllib3.connectionpool - DEBUG - https://pmservice.tdilatam.com:8043 "GET /ppm/rest/v1/tasks?filter=%28code+%3D+%2732126%27%29&limit=1&fields=code%2Cp_tdi_estado_freshdesk%2C_internalId%2C_parentId%2Cname%2Cstatus HTTP/1.1" 200 389
2025-11-03 11:40:13 - SyncDeskManager - INFO - Ticket 32126 encontrado directamente
2025-11-03 11:40:13 - SyncDeskManager - DEBUG - Buscando ticket 32128 directamente en Clarity...
2025-11-03 11:40:13 - urllib3.connectionpool - DEBUG - https://pmservice.tdilatam.com:8043 "GET /ppm/rest/v1/tasks?filter=%28code+%3D+%2732128%27%29&limit=1&fields=code%2Cp_tdi_estado_freshdesk%2C_internalId%2C_parentId%2Cname%2Cstatus HTTP/1.1" 200 397
2025-11-03 11:40:13 - SyncDeskManager - INFO - Ticket 32128 encontrado directamente
2025-11-03 11:40:13 - SyncDeskManager - DEBUG - Buscando ticket 32129 directamente en Clarity...
2025-11-03 11:40:13 - urllib3.connectionpool - DEBUG - https://pmservice.tdilatam.com:8043 "GET /ppm/rest/v1/tasks?filter=%28code+%3D+%2732129%27%29&limit=1&fields=code%2Cp_tdi_estado_freshdesk%2C_internalId%2C_parentId%2Cname%2Cstatus HTTP/1.1" 200 394
2025-11-03 11:40:13 - SyncDeskManager - INFO - Ticket 32129 encontrado directamente
2025-11-03 11:40:13 - SyncDeskManager - DEBUG - Buscando ticket 32130 directamente en Clarity...
2025-11-03 11:40:14 - urllib3.connectionpool - DEBUG - https://pmservice.tdilatam.com:8043 "GET /ppm/rest/v1/tasks?filter=%28code+%3D+%2732130%27%29&limit=1&fields=code%2Cp_tdi_estado_freshdesk%2C_internalId%2C_parentId%2Cname%2Cstatus HTTP/1.1" 200 396
2025-11-03 11:40:14 - SyncDeskManager - INFO - Ticket 32130 encontrado directamente
2025-11-03 11:40:14 - SyncDeskManager - DEBUG - Buscando ticket 32144 directamente en Clarity...
2025-11-03 11:40:14 - urllib3.connectionpool - DEBUG - https://pmservice.tdilatam.com:8043 "GET /ppm/rest/v1/tasks?filter=%28code+%3D+%2732144%27%29&limit=1&fields=code%2Cp_tdi_estado_freshdesk%2C_internalId%2C_parentId%2Cname%2Cstatus HTTP/1.1" 200 433
2025-11-03 11:40:14 - SyncDeskManager - INFO - Ticket 32144 encontrado directamente
2025-11-03 11:40:14 - SyncDeskManager - DEBUG - Buscando ticket 32155 directamente en Clarity...
2025-11-03 11:40:14 - urllib3.connectionpool - DEBUG - https://pmservice.tdilatam.com:8043 "GET /ppm/rest/v1/tasks?filter=%28code+%3D+%2732155%27%29&limit=1&fields=code%2Cp_tdi_estado_freshdesk%2C_internalId%2C_parentId%2Cname%2Cstatus HTTP/1.1" 200 406
2025-11-03 11:40:14 - SyncDeskManager - INFO - Ticket 32155 encontrado directamente
2025-11-03 11:40:14 - SyncDeskManager - DEBUG - Buscando ticket 32157 directamente en Clarity...
2025-11-03 11:40:14 - urllib3.connectionpool - DEBUG - https://pmservice.tdilatam.com:8043 "GET /ppm/rest/v1/tasks?filter=%28code+%3D+%2732157%27%29&limit=1&fields=code%2Cp_tdi_estado_freshdesk%2C_internalId%2C_parentId%2Cname%2Cstatus HTTP/1.1" 200 387
2025-11-03 11:40:14 - SyncDeskManager - INFO - Ticket 32157 encontrado directamente
2025-11-03 11:40:14 - SyncDeskManager - DEBUG - Buscando ticket 32158 directamente en Clarity...
2025-11-03 11:40:14 - urllib3.connectionpool - DEBUG - https://pmservice.tdilatam.com:8043 "GET /ppm/rest/v1/tasks?filter=%28code+%3D+%2732158%27%29&limit=1&fields=code%2Cp_tdi_estado_freshdesk%2C_internalId%2C_parentId%2Cname%2Cstatus HTTP/1.1" 200 378
2025-11-03 11:40:14 - SyncDeskManager - INFO - Ticket 32158 encontrado directamente
2025-11-03 11:40:14 - SyncDeskManager - DEBUG - Buscando ticket 32159 directamente en Clarity...
2025-11-03 11:40:14 - urllib3.connectionpool - DEBUG - https://pmservice.tdilatam.com:8043 "GET /ppm/rest/v1/tasks?filter=%28code+%3D+%2732159%27%29&limit=1&fields=code%2Cp_tdi_estado_freshdesk%2C_internalId%2C_parentId%2Cname%2Cstatus HTTP/1.1" 200 406
2025-11-03 11:40:14 - SyncDeskManager - INFO - Ticket 32159 encontrado directamente
2025-11-03 11:40:14 - SyncDeskManager - DEBUG - Buscando ticket 32160 directamente en Clarity...
2025-11-03 11:40:14 - urllib3.connectionpool - DEBUG - https://pmservice.tdilatam.com:8043 "GET /ppm/rest/v1/tasks?filter=%28code+%3D+%2732160%27%29&limit=1&fields=code%2Cp_tdi_estado_freshdesk%2C_internalId%2C_parentId%2Cname%2Cstatus HTTP/1.1" 200 411
2025-11-03 11:40:14 - SyncDeskManager - INFO - Ticket 32160 encontrado directamente
2025-11-03 11:40:14 - SyncDeskManager - DEBUG - Buscando ticket 32161 directamente en Clarity...
2025-11-03 11:40:14 - urllib3.connectionpool - DEBUG - https://pmservice.tdilatam.com:8043 "GET /ppm/rest/v1/tasks?filter=%28code+%3D+%2732161%27%29&limit=1&fields=code%2Cp_tdi_estado_freshdesk%2C_internalId%2C_parentId%2Cname%2Cstatus HTTP/1.1" 200 408
2025-11-03 11:40:14 - SyncDeskManager - INFO - Ticket 32161 encontrado directamente
2025-11-03 11:40:14 - SyncDeskManager - DEBUG - Buscando ticket 32162 directamente en Clarity...
2025-11-03 11:40:14 - urllib3.connectionpool - DEBUG - https://pmservice.tdilatam.com:8043 "GET /ppm/rest/v1/tasks?filter=%28code+%3D+%2732162%27%29&limit=1&fields=code%2Cp_tdi_estado_freshdesk%2C_internalId%2C_parentId%2Cname%2Cstatus HTTP/1.1" 200 398
2025-11-03 11:40:14 - SyncDeskManager - INFO - Ticket 32162 encontrado directamente
2025-11-03 11:40:14 - SyncDeskManager - DEBUG - Buscando ticket 32173 directamente en Clarity...
2025-11-03 11:40:14 - urllib3.connectionpool - DEBUG - https://pmservice.tdilatam.com:8043 "GET /ppm/rest/v1/tasks?filter=%28code+%3D+%2732173%27%29&limit=1&fields=code%2Cp_tdi_estado_freshdesk%2C_internalId%2C_parentId%2Cname%2Cstatus HTTP/1.1" 200 409
2025-11-03 11:40:14 - SyncDeskManager - INFO - Ticket 32173 encontrado directamente
2025-11-03 11:40:14 - SyncDeskManager - DEBUG - Buscando ticket 32174 directamente en Clarity...
2025-11-03 11:40:14 - urllib3.connectionpool - DEBUG - https://pmservice.tdilatam.com:8043 "GET /ppm/rest/v1/tasks?filter=%28code+%3D+%2732174%27%29&limit=1&fields=code%2Cp_tdi_estado_freshdesk%2C_internalId%2C_parentId%2Cname%2Cstatus HTTP/1.1" 200 394
2025-11-03 11:40:14 - SyncDeskManager - INFO - Ticket 32174 encontrado directamente
2025-11-03 11:40:14 - SyncDeskManager - DEBUG - Buscando ticket 32177 directamente en Clarity...
2025-11-03 11:40:14 - urllib3.connectionpool - DEBUG - https://pmservice.tdilatam.com:8043 "GET /ppm/rest/v1/tasks?filter=%28code+%3D+%2732177%27%29&limit=1&fields=code%2Cp_tdi_estado_freshdesk%2C_internalId%2C_parentId%2Cname%2Cstatus HTTP/1.1" 200 395
2025-11-03 11:40:14 - SyncDeskManager - INFO - Ticket 32177 encontrado directamente
2025-11-03 11:40:14 - SyncDeskManager - DEBUG - Buscando ticket 32179 directamente en Clarity...
2025-11-03 11:40:14 - urllib3.connectionpool - DEBUG - https://pmservice.tdilatam.com:8043 "GET /ppm/rest/v1/tasks?filter=%28code+%3D+%2732179%27%29&limit=1&fields=code%2Cp_tdi_estado_freshdesk%2C_internalId%2C_parentId%2Cname%2Cstatus HTTP/1.1" 200 403
2025-11-03 11:40:14 - SyncDeskManager - INFO - Ticket 32179 encontrado directamente
2025-11-03 11:40:14 - SyncDeskManager - DEBUG - Buscando ticket 32183 directamente en Clarity...
2025-11-03 11:40:14 - urllib3.connectionpool - DEBUG - https://pmservice.tdilatam.com:8043 "GET /ppm/rest/v1/tasks?filter=%28code+%3D+%2732183%27%29&limit=1&fields=code%2Cp_tdi_estado_freshdesk%2C_internalId%2C_parentId%2Cname%2Cstatus HTTP/1.1" 200 407
2025-11-03 11:40:14 - SyncDeskManager - INFO - Ticket 32183 encontrado directamente
2025-11-03 11:40:14 - SyncDeskManager - DEBUG - Buscando ticket 32184 directamente en Clarity...
2025-11-03 11:40:14 - urllib3.connectionpool - DEBUG - https://pmservice.tdilatam.com:8043 "GET /ppm/rest/v1/tasks?filter=%28code+%3D+%2732184%27%29&limit=1&fields=code%2Cp_tdi_estado_freshdesk%2C_internalId%2C_parentId%2Cname%2Cstatus HTTP/1.1" 200 392
2025-11-03 11:40:14 - SyncDeskManager - INFO - Ticket 32184 encontrado directamente
2025-11-03 11:40:14 - SyncDeskManager - DEBUG - Buscando ticket 32188 directamente en Clarity...
2025-11-03 11:40:14 - urllib3.connectionpool - DEBUG - https://pmservice.tdilatam.com:8043 "GET /ppm/rest/v1/tasks?filter=%28code+%3D+%2732188%27%29&limit=1&fields=code%2Cp_tdi_estado_freshdesk%2C_internalId%2C_parentId%2Cname%2Cstatus HTTP/1.1" 200 400
2025-11-03 11:40:14 - SyncDeskManager - INFO - Ticket 32188 encontrado directamente
2025-11-03 11:40:14 - SyncDeskManager - DEBUG - Buscando ticket 32192 directamente en Clarity...
2025-11-03 11:40:14 - urllib3.connectionpool - DEBUG - https://pmservice.tdilatam.com:8043 "GET /ppm/rest/v1/tasks?filter=%28code+%3D+%2732192%27%29&limit=1&fields=code%2Cp_tdi_estado_freshdesk%2C_internalId%2C_parentId%2Cname%2Cstatus HTTP/1.1" 200 425
2025-11-03 11:40:14 - SyncDeskManager - INFO - Ticket 32192 encontrado directamente
2025-11-03 11:40:14 - SyncDeskManager - DEBUG - Buscando ticket 32193 directamente en Clarity...
2025-11-03 11:40:14 - urllib3.connectionpool - DEBUG - https://pmservice.tdilatam.com:8043 "GET /ppm/rest/v1/tasks?filter=%28code+%3D+%2732193%27%29&limit=1&fields=code%2Cp_tdi_estado_freshdesk%2C_internalId%2C_parentId%2Cname%2Cstatus HTTP/1.1" 200 395
2025-11-03 11:40:14 - SyncDeskManager - INFO - Ticket 32193 encontrado directamente
2025-11-03 11:40:15 - SyncDeskManager - DEBUG - Buscando ticket 32204 directamente en Clarity...
2025-11-03 11:40:15 - urllib3.connectionpool - DEBUG - https://pmservice.tdilatam.com:8043 "GET /ppm/rest/v1/tasks?filter=%28code+%3D+%2732204%27%29&limit=1&fields=code%2Cp_tdi_estado_freshdesk%2C_internalId%2C_parentId%2Cname%2Cstatus HTTP/1.1" 200 422
2025-11-03 11:40:15 - SyncDeskManager - INFO - Ticket 32204 encontrado directamente
2025-11-03 11:40:15 - SyncDeskManager - DEBUG - Buscando ticket 32213 directamente en Clarity...
2025-11-03 11:40:15 - urllib3.connectionpool - DEBUG - https://pmservice.tdilatam.com:8043 "GET /ppm/rest/v1/tasks?filter=%28code+%3D+%2732213%27%29&limit=1&fields=code%2Cp_tdi_estado_freshdesk%2C_internalId%2C_parentId%2Cname%2Cstatus HTTP/1.1" 200 394
2025-11-03 11:40:15 - SyncDeskManager - INFO - Ticket 32213 encontrado directamente
2025-11-03 11:40:15 - SyncDeskManager - DEBUG - Buscando ticket 32214 directamente en Clarity...
2025-11-03 11:40:15 - urllib3.connectionpool - DEBUG - https://pmservice.tdilatam.com:8043 "GET /ppm/rest/v1/tasks?filter=%28code+%3D+%2732214%27%29&limit=1&fields=code%2Cp_tdi_estado_freshdesk%2C_internalId%2C_parentId%2Cname%2Cstatus HTTP/1.1" 200 451
2025-11-03 11:40:15 - SyncDeskManager - INFO - Ticket 32214 encontrado directamente
2025-11-03 11:40:15 - SyncDeskManager - DEBUG - Buscando ticket 32215 directamente en Clarity...
2025-11-03 11:40:15 - urllib3.connectionpool - DEBUG - https://pmservice.tdilatam.com:8043 "GET /ppm/rest/v1/tasks?filter=%28code+%3D+%2732215%27%29&limit=1&fields=code%2Cp_tdi_estado_freshdesk%2C_internalId%2C_parentId%2Cname%2Cstatus HTTP/1.1" 200 444
2025-11-03 11:40:15 - SyncDeskManager - INFO - Ticket 32215 encontrado directamente
2025-11-03 11:40:15 - SyncDeskManager - DEBUG - Buscando ticket 32216 directamente en Clarity...
2025-11-03 11:40:15 - urllib3.connectionpool - DEBUG - https://pmservice.tdilatam.com:8043 "GET /ppm/rest/v1/tasks?filter=%28code+%3D+%2732216%27%29&limit=1&fields=code%2Cp_tdi_estado_freshdesk%2C_internalId%2C_parentId%2Cname%2Cstatus HTTP/1.1" 200 435
2025-11-03 11:40:15 - SyncDeskManager - INFO - Ticket 32216 encontrado directamente
2025-11-03 11:40:15 - SyncDeskManager - DEBUG - Buscando ticket 32217 directamente en Clarity...
2025-11-03 11:40:15 - urllib3.connectionpool - DEBUG - https://pmservice.tdilatam.com:8043 "GET /ppm/rest/v1/tasks?filter=%28code+%3D+%2732217%27%29&limit=1&fields=code%2Cp_tdi_estado_freshdesk%2C_internalId%2C_parentId%2Cname%2Cstatus HTTP/1.1" 200 440
2025-11-03 11:40:15 - SyncDeskManager - INFO - Ticket 32217 encontrado directamente
2025-11-03 11:40:15 - SyncDeskManager - DEBUG - Buscando ticket 32220 directamente en Clarity...
2025-11-03 11:40:15 - urllib3.connectionpool - DEBUG - https://pmservice.tdilatam.com:8043 "GET /ppm/rest/v1/tasks?filter=%28code+%3D+%2732220%27%29&limit=1&fields=code%2Cp_tdi_estado_freshdesk%2C_internalId%2C_parentId%2Cname%2Cstatus HTTP/1.1" 200 385
2025-11-03 11:40:15 - SyncDeskManager - INFO - Ticket 32220 encontrado directamente
2025-11-03 11:40:15 - SyncDeskManager - DEBUG - Buscando ticket 32221 directamente en Clarity...
2025-11-03 11:40:15 - urllib3.connectionpool - DEBUG - https://pmservice.tdilatam.com:8043 "GET /ppm/rest/v1/tasks?filter=%28code+%3D+%2732221%27%29&limit=1&fields=code%2Cp_tdi_estado_freshdesk%2C_internalId%2C_parentId%2Cname%2Cstatus HTTP/1.1" 200 424
2025-11-03 11:40:15 - SyncDeskManager - INFO - Ticket 32221 encontrado directamente
2025-11-03 11:40:15 - SyncDeskManager - DEBUG - Buscando ticket 32223 directamente en Clarity...
2025-11-03 11:40:15 - urllib3.connectionpool - DEBUG - https://pmservice.tdilatam.com:8043 "GET /ppm/rest/v1/tasks?filter=%28code+%3D+%2732223%27%29&limit=1&fields=code%2Cp_tdi_estado_freshdesk%2C_internalId%2C_parentId%2Cname%2Cstatus HTTP/1.1" 200 441
2025-11-03 11:40:15 - SyncDeskManager - INFO - Ticket 32223 encontrado directamente
2025-11-03 11:40:15 - SyncDeskManager - DEBUG - Buscando ticket 32224 directamente en Clarity...
2025-11-03 11:40:15 - urllib3.connectionpool - DEBUG - https://pmservice.tdilatam.com:8043 "GET /ppm/rest/v1/tasks?filter=%28code+%3D+%2732224%27%29&limit=1&fields=code%2Cp_tdi_estado_freshdesk%2C_internalId%2C_parentId%2Cname%2Cstatus HTTP/1.1" 200 434
2025-11-03 11:40:15 - SyncDeskManager - INFO - Ticket 32224 encontrado directamente
2025-11-03 11:40:15 - SyncDeskManager - DEBUG - Buscando ticket 32225 directamente en Clarity...
2025-11-03 11:40:15 - urllib3.connectionpool - DEBUG - https://pmservice.tdilatam.com:8043 "GET /ppm/rest/v1/tasks?filter=%28code+%3D+%2732225%27%29&limit=1&fields=code%2Cp_tdi_estado_freshdesk%2C_internalId%2C_parentId%2Cname%2Cstatus HTTP/1.1" 200 433
2025-11-03 11:40:15 - SyncDeskManager - INFO - Ticket 32225 encontrado directamente
2025-11-03 11:40:15 - SyncDeskManager - DEBUG - Buscando ticket 32226 directamente en Clarity...
2025-11-03 11:40:15 - urllib3.connectionpool - DEBUG - https://pmservice.tdilatam.com:8043 "GET /ppm/rest/v1/tasks?filter=%28code+%3D+%2732226%27%29&limit=1&fields=code%2Cp_tdi_estado_freshdesk%2C_internalId%2C_parentId%2Cname%2Cstatus HTTP/1.1" 200 462
2025-11-03 11:40:15 - SyncDeskManager - INFO - Ticket 32226 encontrado directamente
2025-11-03 11:40:15 - SyncDeskManager - DEBUG - Buscando ticket 32227 directamente en Clarity...
2025-11-03 11:40:15 - urllib3.connectionpool - DEBUG - https://pmservice.tdilatam.com:8043 "GET /ppm/rest/v1/tasks?filter=%28code+%3D+%2732227%27%29&limit=1&fields=code%2Cp_tdi_estado_freshdesk%2C_internalId%2C_parentId%2Cname%2Cstatus HTTP/1.1" 200 418
2025-11-03 11:40:15 - SyncDeskManager - INFO - Ticket 32227 encontrado directamente
2025-11-03 11:40:15 - SyncDeskManager - DEBUG - Buscando ticket 32230 directamente en Clarity...
2025-11-03 11:40:15 - urllib3.connectionpool - DEBUG - https://pmservice.tdilatam.com:8043 "GET /ppm/rest/v1/tasks?filter=%28code+%3D+%2732230%27%29&limit=1&fields=code%2Cp_tdi_estado_freshdesk%2C_internalId%2C_parentId%2Cname%2Cstatus HTTP/1.1" 200 419
2025-11-03 11:40:15 - SyncDeskManager - INFO - Ticket 32230 encontrado directamente
2025-11-03 11:40:15 - SyncDeskManager - DEBUG - Buscando ticket 32233 directamente en Clarity...
2025-11-03 11:40:15 - urllib3.connectionpool - DEBUG - https://pmservice.tdilatam.com:8043 "GET /ppm/rest/v1/tasks?filter=%28code+%3D+%2732233%27%29&limit=1&fields=code%2Cp_tdi_estado_freshdesk%2C_internalId%2C_parentId%2Cname%2Cstatus HTTP/1.1" 200 411
2025-11-03 11:40:15 - SyncDeskManager - INFO - Ticket 32233 encontrado directamente
2025-11-03 11:40:15 - SyncDeskManager - DEBUG - Buscando ticket 32238 directamente en Clarity...
2025-11-03 11:40:15 - urllib3.connectionpool - DEBUG - https://pmservice.tdilatam.com:8043 "GET /ppm/rest/v1/tasks?filter=%28code+%3D+%2732238%27%29&limit=1&fields=code%2Cp_tdi_estado_freshdesk%2C_internalId%2C_parentId%2Cname%2Cstatus HTTP/1.1" 200 380
2025-11-03 11:40:15 - SyncDeskManager - INFO - Ticket 32238 encontrado directamente
2025-11-03 11:40:15 - SyncDeskManager - DEBUG - Buscando ticket 32239 directamente en Clarity...
2025-11-03 11:40:15 - urllib3.connectionpool - DEBUG - https://pmservice.tdilatam.com:8043 "GET /ppm/rest/v1/tasks?filter=%28code+%3D+%2732239%27%29&limit=1&fields=code%2Cp_tdi_estado_freshdesk%2C_internalId%2C_parentId%2Cname%2Cstatus HTTP/1.1" 200 394
2025-11-03 11:40:15 - SyncDeskManager - INFO - Ticket 32239 encontrado directamente
2025-11-03 11:40:15 - SyncDeskManager - DEBUG - Buscando ticket 32240 directamente en Clarity...
2025-11-03 11:40:15 - urllib3.connectionpool - DEBUG - https://pmservice.tdilatam.com:8043 "GET /ppm/rest/v1/tasks?filter=%28code+%3D+%2732240%27%29&limit=1&fields=code%2Cp_tdi_estado_freshdesk%2C_internalId%2C_parentId%2Cname%2Cstatus HTTP/1.1" 200 395
2025-11-03 11:40:16 - SyncDeskManager - INFO - Ticket 32240 encontrado directamente
2025-11-03 11:40:16 - SyncDeskManager - DEBUG - Buscando ticket 32241 directamente en Clarity...
2025-11-03 11:40:16 - urllib3.connectionpool - DEBUG - https://pmservice.tdilatam.com:8043 "GET /ppm/rest/v1/tasks?filter=%28code+%3D+%2732241%27%29&limit=1&fields=code%2Cp_tdi_estado_freshdesk%2C_internalId%2C_parentId%2Cname%2Cstatus HTTP/1.1" 200 394
2025-11-03 11:40:16 - SyncDeskManager - INFO - Ticket 32241 encontrado directamente
2025-11-03 11:40:16 - SyncDeskManager - DEBUG - Buscando ticket 32242 directamente en Clarity...
2025-11-03 11:40:16 - urllib3.connectionpool - DEBUG - https://pmservice.tdilatam.com:8043 "GET /ppm/rest/v1/tasks?filter=%28code+%3D+%2732242%27%29&limit=1&fields=code%2Cp_tdi_estado_freshdesk%2C_internalId%2C_parentId%2Cname%2Cstatus HTTP/1.1" 200 368
2025-11-03 11:40:16 - SyncDeskManager - INFO - Ticket 32242 encontrado directamente
2025-11-03 11:40:16 - SyncDeskManager - DEBUG - Buscando ticket 32243 directamente en Clarity...
2025-11-03 11:40:16 - urllib3.connectionpool - DEBUG - https://pmservice.tdilatam.com:8043 "GET /ppm/rest/v1/tasks?filter=%28code+%3D+%2732243%27%29&limit=1&fields=code%2Cp_tdi_estado_freshdesk%2C_internalId%2C_parentId%2Cname%2Cstatus HTTP/1.1" 200 422
2025-11-03 11:40:16 - SyncDeskManager - INFO - Ticket 32243 encontrado directamente
2025-11-03 11:40:16 - SyncDeskManager - DEBUG - Buscando ticket 32244 directamente en Clarity...
2025-11-03 11:40:16 - urllib3.connectionpool - DEBUG - Resetting dropped connection: pmservice.tdilatam.com
2025-11-03 11:40:16 - urllib3.connectionpool - DEBUG - https://pmservice.tdilatam.com:8043 "GET /ppm/rest/v1/tasks?filter=%28code+%3D+%2732244%27%29&limit=1&fields=code%2Cp_tdi_estado_freshdesk%2C_internalId%2C_parentId%2Cname%2Cstatus HTTP/1.1" 200 377
2025-11-03 11:40:16 - SyncDeskManager - INFO - Ticket 32244 encontrado directamente
2025-11-03 11:40:16 - SyncDeskManager - DEBUG - Buscando ticket 32245 directamente en Clarity...
2025-11-03 11:40:16 - urllib3.connectionpool - DEBUG - https://pmservice.tdilatam.com:8043 "GET /ppm/rest/v1/tasks?filter=%28code+%3D+%2732245%27%29&limit=1&fields=code%2Cp_tdi_estado_freshdesk%2C_internalId%2C_parentId%2Cname%2Cstatus HTTP/1.1" 200 406
2025-11-03 11:40:16 - SyncDeskManager - INFO - Ticket 32245 encontrado directamente
2025-11-03 11:40:16 - SyncDeskManager - DEBUG - Buscando ticket 32246 directamente en Clarity...
2025-11-03 11:40:16 - urllib3.connectionpool - DEBUG - https://pmservice.tdilatam.com:8043 "GET /ppm/rest/v1/tasks?filter=%28code+%3D+%2732246%27%29&limit=1&fields=code%2Cp_tdi_estado_freshdesk%2C_internalId%2C_parentId%2Cname%2Cstatus HTTP/1.1" 200 403
2025-11-03 11:40:16 - SyncDeskManager - INFO - Ticket 32246 encontrado directamente
2025-11-03 11:40:16 - SyncDeskManager - DEBUG - Buscando ticket 32248 directamente en Clarity...
2025-11-03 11:40:16 - urllib3.connectionpool - DEBUG - https://pmservice.tdilatam.com:8043 "GET /ppm/rest/v1/tasks?filter=%28code+%3D+%2732248%27%29&limit=1&fields=code%2Cp_tdi_estado_freshdesk%2C_internalId%2C_parentId%2Cname%2Cstatus HTTP/1.1" 200 388
2025-11-03 11:40:16 - SyncDeskManager - INFO - Ticket 32248 encontrado directamente
2025-11-03 11:40:16 - SyncDeskManager - DEBUG - Buscando ticket 32251 directamente en Clarity...
2025-11-03 11:40:16 - urllib3.connectionpool - DEBUG - https://pmservice.tdilatam.com:8043 "GET /ppm/rest/v1/tasks?filter=%28code+%3D+%2732251%27%29&limit=1&fields=code%2Cp_tdi_estado_freshdesk%2C_internalId%2C_parentId%2Cname%2Cstatus HTTP/1.1" 200 406
2025-11-03 11:40:16 - SyncDeskManager - INFO - Ticket 32251 encontrado directamente
2025-11-03 11:40:16 - SyncDeskManager - DEBUG - Buscando ticket 32252 directamente en Clarity...
2025-11-03 11:40:16 - urllib3.connectionpool - DEBUG - https://pmservice.tdilatam.com:8043 "GET /ppm/rest/v1/tasks?filter=%28code+%3D+%2732252%27%29&limit=1&fields=code%2Cp_tdi_estado_freshdesk%2C_internalId%2C_parentId%2Cname%2Cstatus HTTP/1.1" 200 379
2025-11-03 11:40:16 - SyncDeskManager - INFO - Ticket 32252 encontrado directamente
2025-11-03 11:40:16 - SyncDeskManager - DEBUG - Buscando ticket 32254 directamente en Clarity...
2025-11-03 11:40:16 - urllib3.connectionpool - DEBUG - https://pmservice.tdilatam.com:8043 "GET /ppm/rest/v1/tasks?filter=%28code+%3D+%2732254%27%29&limit=1&fields=code%2Cp_tdi_estado_freshdesk%2C_internalId%2C_parentId%2Cname%2Cstatus HTTP/1.1" 200 419
2025-11-03 11:40:16 - SyncDeskManager - INFO - Ticket 32254 encontrado directamente
2025-11-03 11:40:16 - SyncDeskManager - DEBUG - Buscando ticket 32255 directamente en Clarity...
2025-11-03 11:40:16 - urllib3.connectionpool - DEBUG - https://pmservice.tdilatam.com:8043 "GET /ppm/rest/v1/tasks?filter=%28code+%3D+%2732255%27%29&limit=1&fields=code%2Cp_tdi_estado_freshdesk%2C_internalId%2C_parentId%2Cname%2Cstatus HTTP/1.1" 200 434
2025-11-03 11:40:16 - SyncDeskManager - INFO - Ticket 32255 encontrado directamente
2025-11-03 11:40:16 - SyncDeskManager - DEBUG - Buscando ticket 32782 directamente en Clarity...
2025-11-03 11:40:17 - urllib3.connectionpool - DEBUG - https://pmservice.tdilatam.com:8043 "GET /ppm/rest/v1/tasks?filter=%28code+%3D+%2732782%27%29&limit=1&fields=code%2Cp_tdi_estado_freshdesk%2C_internalId%2C_parentId%2Cname%2Cstatus HTTP/1.1" 200 392
2025-11-03 11:40:17 - SyncDeskManager - INFO - Ticket 32782 encontrado directamente
2025-11-03 11:40:17 - SyncDeskManager - DEBUG - Buscando ticket 32914 directamente en Clarity...
2025-11-03 11:40:17 - urllib3.connectionpool - DEBUG - https://pmservice.tdilatam.com:8043 "GET /ppm/rest/v1/tasks?filter=%28code+%3D+%2732914%27%29&limit=1&fields=code%2Cp_tdi_estado_freshdesk%2C_internalId%2C_parentId%2Cname%2Cstatus HTTP/1.1" 200 419
2025-11-03 11:40:17 - SyncDeskManager - INFO - Ticket 32914 encontrado directamente
2025-11-03 11:40:17 - SyncDeskManager - DEBUG - Buscando ticket 33082 directamente en Clarity...
2025-11-03 11:40:17 - urllib3.connectionpool - DEBUG - https://pmservice.tdilatam.com:8043 "GET /ppm/rest/v1/tasks?filter=%28code+%3D+%2733082%27%29&limit=1&fields=code%2Cp_tdi_estado_freshdesk%2C_internalId%2C_parentId%2Cname%2Cstatus HTTP/1.1" 200 397
2025-11-03 11:40:17 - SyncDeskManager - INFO - Ticket 33082 encontrado directamente
2025-11-03 11:40:17 - SyncDeskManager - DEBUG - Buscando ticket 33572 directamente en Clarity...
2025-11-03 11:40:17 - urllib3.connectionpool - DEBUG - https://pmservice.tdilatam.com:8043 "GET /ppm/rest/v1/tasks?filter=%28code+%3D+%2733572%27%29&limit=1&fields=code%2Cp_tdi_estado_freshdesk%2C_internalId%2C_parentId%2Cname%2Cstatus HTTP/1.1" 200 395
2025-11-03 11:40:17 - SyncDeskManager - INFO - Ticket 33572 encontrado directamente
2025-11-03 11:40:17 - SyncDeskManager - DEBUG - Buscando ticket 33581 directamente en Clarity...
2025-11-03 11:40:17 - urllib3.connectionpool - DEBUG - https://pmservice.tdilatam.com:8043 "GET /ppm/rest/v1/tasks?filter=%28code+%3D+%2733581%27%29&limit=1&fields=code%2Cp_tdi_estado_freshdesk%2C_internalId%2C_parentId%2Cname%2Cstatus HTTP/1.1" 200 397
2025-11-03 11:40:17 - SyncDeskManager - INFO - Ticket 33581 encontrado directamente
2025-11-03 11:40:17 - SyncDeskManager - DEBUG - Buscando ticket 33583 directamente en Clarity...
2025-11-03 11:40:17 - urllib3.connectionpool - DEBUG - https://pmservice.tdilatam.com:8043 "GET /ppm/rest/v1/tasks?filter=%28code+%3D+%2733583%27%29&limit=1&fields=code%2Cp_tdi_estado_freshdesk%2C_internalId%2C_parentId%2Cname%2Cstatus HTTP/1.1" 200 393
2025-11-03 11:40:17 - SyncDeskManager - INFO - Ticket 33583 encontrado directamente
2025-11-03 11:40:17 - SyncDeskManager - DEBUG - Buscando ticket 33607 directamente en Clarity...
2025-11-03 11:40:17 - urllib3.connectionpool - DEBUG - https://pmservice.tdilatam.com:8043 "GET /ppm/rest/v1/tasks?filter=%28code+%3D+%2733607%27%29&limit=1&fields=code%2Cp_tdi_estado_freshdesk%2C_internalId%2C_parentId%2Cname%2Cstatus HTTP/1.1" 200 406
2025-11-03 11:40:17 - SyncDeskManager - INFO - Ticket 33607 encontrado directamente
2025-11-03 11:40:17 - SyncDeskManager - DEBUG - Buscando ticket 33608 directamente en Clarity...
2025-11-03 11:40:17 - urllib3.connectionpool - DEBUG - https://pmservice.tdilatam.com:8043 "GET /ppm/rest/v1/tasks?filter=%28code+%3D+%2733608%27%29&limit=1&fields=code%2Cp_tdi_estado_freshdesk%2C_internalId%2C_parentId%2Cname%2Cstatus HTTP/1.1" 200 406
2025-11-03 11:40:17 - SyncDeskManager - INFO - Ticket 33608 encontrado directamente
2025-11-03 11:40:17 - SyncDeskManager - DEBUG - Buscando ticket 33612 directamente en Clarity...
2025-11-03 11:40:17 - urllib3.connectionpool - DEBUG - https://pmservice.tdilatam.com:8043 "GET /ppm/rest/v1/tasks?filter=%28code+%3D+%2733612%27%29&limit=1&fields=code%2Cp_tdi_estado_freshdesk%2C_internalId%2C_parentId%2Cname%2Cstatus HTTP/1.1" 200 405
2025-11-03 11:40:17 - SyncDeskManager - INFO - Ticket 33612 encontrado directamente
2025-11-03 11:40:17 - SyncDeskManager - DEBUG - Buscando ticket 33613 directamente en Clarity...
2025-11-03 11:40:17 - urllib3.connectionpool - DEBUG - https://pmservice.tdilatam.com:8043 "GET /ppm/rest/v1/tasks?filter=%28code+%3D+%2733613%27%29&limit=1&fields=code%2Cp_tdi_estado_freshdesk%2C_internalId%2C_parentId%2Cname%2Cstatus HTTP/1.1" 200 405
2025-11-03 11:40:17 - SyncDeskManager - INFO - Ticket 33613 encontrado directamente
2025-11-03 11:40:17 - SyncDeskManager - DEBUG - Buscando ticket 33614 directamente en Clarity...
2025-11-03 11:40:17 - urllib3.connectionpool - DEBUG - https://pmservice.tdilatam.com:8043 "GET /ppm/rest/v1/tasks?filter=%28code+%3D+%2733614%27%29&limit=1&fields=code%2Cp_tdi_estado_freshdesk%2C_internalId%2C_parentId%2Cname%2Cstatus HTTP/1.1" 200 405
2025-11-03 11:40:17 - SyncDeskManager - INFO - Ticket 33614 encontrado directamente
2025-11-03 11:40:17 - SyncDeskManager - DEBUG - Buscando ticket 33615 directamente en Clarity...
2025-11-03 11:40:17 - urllib3.connectionpool - DEBUG - https://pmservice.tdilatam.com:8043 "GET /ppm/rest/v1/tasks?filter=%28code+%3D+%2733615%27%29&limit=1&fields=code%2Cp_tdi_estado_freshdesk%2C_internalId%2C_parentId%2Cname%2Cstatus HTTP/1.1" 200 404
2025-11-03 11:40:17 - SyncDeskManager - INFO - Ticket 33615 encontrado directamente
2025-11-03 11:40:17 - SyncDeskManager - DEBUG - Buscando ticket 33658 directamente en Clarity...
2025-11-03 11:40:17 - urllib3.connectionpool - DEBUG - https://pmservice.tdilatam.com:8043 "GET /ppm/rest/v1/tasks?filter=%28code+%3D+%2733658%27%29&limit=1&fields=code%2Cp_tdi_estado_freshdesk%2C_internalId%2C_parentId%2Cname%2Cstatus HTTP/1.1" 200 416
2025-11-03 11:40:17 - SyncDeskManager - INFO - Ticket 33658 encontrado directamente
2025-11-03 11:40:17 - SyncDeskManager - DEBUG - Buscando ticket 33671 directamente en Clarity...
2025-11-03 11:40:17 - urllib3.connectionpool - DEBUG - https://pmservice.tdilatam.com:8043 "GET /ppm/rest/v1/tasks?filter=%28code+%3D+%2733671%27%29&limit=1&fields=code%2Cp_tdi_estado_freshdesk%2C_internalId%2C_parentId%2Cname%2Cstatus HTTP/1.1" 200 405
2025-11-03 11:40:17 - SyncDeskManager - INFO - Ticket 33671 encontrado directamente
2025-11-03 11:40:17 - SyncDeskManager - DEBUG - Buscando ticket 33672 directamente en Clarity...
2025-11-03 11:40:17 - urllib3.connectionpool - DEBUG - https://pmservice.tdilatam.com:8043 "GET /ppm/rest/v1/tasks?filter=%28code+%3D+%2733672%27%29&limit=1&fields=code%2Cp_tdi_estado_freshdesk%2C_internalId%2C_parentId%2Cname%2Cstatus HTTP/1.1" 200 406
2025-11-03 11:40:17 - SyncDeskManager - INFO - Ticket 33672 encontrado directamente
2025-11-03 11:40:17 - SyncDeskManager - DEBUG - Buscando ticket 33676 directamente en Clarity...
2025-11-03 11:40:17 - urllib3.connectionpool - DEBUG - https://pmservice.tdilatam.com:8043 "GET /ppm/rest/v1/tasks?filter=%28code+%3D+%2733676%27%29&limit=1&fields=code%2Cp_tdi_estado_freshdesk%2C_internalId%2C_parentId%2Cname%2Cstatus HTTP/1.1" 200 405
2025-11-03 11:40:17 - SyncDeskManager - INFO - Ticket 33676 encontrado directamente
2025-11-03 11:40:17 - SyncDeskManager - DEBUG - Buscando ticket 33680 directamente en Clarity...
2025-11-03 11:40:18 - urllib3.connectionpool - DEBUG - https://pmservice.tdilatam.com:8043 "GET /ppm/rest/v1/tasks?filter=%28code+%3D+%2733680%27%29&limit=1&fields=code%2Cp_tdi_estado_freshdesk%2C_internalId%2C_parentId%2Cname%2Cstatus HTTP/1.1" 200 406
2025-11-03 11:40:18 - SyncDeskManager - INFO - Ticket 33680 encontrado directamente
2025-11-03 11:40:18 - SyncDeskManager - DEBUG - Buscando ticket 33684 directamente en Clarity...
2025-11-03 11:40:18 - urllib3.connectionpool - DEBUG - https://pmservice.tdilatam.com:8043 "GET /ppm/rest/v1/tasks?filter=%28code+%3D+%2733684%27%29&limit=1&fields=code%2Cp_tdi_estado_freshdesk%2C_internalId%2C_parentId%2Cname%2Cstatus HTTP/1.1" 200 406
2025-11-03 11:40:18 - SyncDeskManager - INFO - Ticket 33684 encontrado directamente
2025-11-03 11:40:18 - SyncDeskManager - DEBUG - Buscando ticket 33707 directamente en Clarity...
2025-11-03 11:40:18 - urllib3.connectionpool - DEBUG - https://pmservice.tdilatam.com:8043 "GET /ppm/rest/v1/tasks?filter=%28code+%3D+%2733707%27%29&limit=1&fields=code%2Cp_tdi_estado_freshdesk%2C_internalId%2C_parentId%2Cname%2Cstatus HTTP/1.1" 200 371
2025-11-03 11:40:18 - SyncDeskManager - INFO - Ticket 33707 encontrado directamente
2025-11-03 11:40:18 - SyncDeskManager - DEBUG - Buscando ticket 33712 directamente en Clarity...
2025-11-03 11:40:18 - urllib3.connectionpool - DEBUG - https://pmservice.tdilatam.com:8043 "GET /ppm/rest/v1/tasks?filter=%28code+%3D+%2733712%27%29&limit=1&fields=code%2Cp_tdi_estado_freshdesk%2C_internalId%2C_parentId%2Cname%2Cstatus HTTP/1.1" 200 405
2025-11-03 11:40:18 - SyncDeskManager - INFO - Ticket 33712 encontrado directamente
2025-11-03 11:40:18 - SyncDeskManager - DEBUG - Buscando ticket 33720 directamente en Clarity...
2025-11-03 11:40:18 - urllib3.connectionpool - DEBUG - https://pmservice.tdilatam.com:8043 "GET /ppm/rest/v1/tasks?filter=%28code+%3D+%2733720%27%29&limit=1&fields=code%2Cp_tdi_estado_freshdesk%2C_internalId%2C_parentId%2Cname%2Cstatus HTTP/1.1" 200 405
2025-11-03 11:40:18 - SyncDeskManager - INFO - Ticket 33720 encontrado directamente
2025-11-03 11:40:18 - SyncDeskManager - DEBUG - Buscando ticket 33728 directamente en Clarity...
2025-11-03 11:40:18 - urllib3.connectionpool - DEBUG - https://pmservice.tdilatam.com:8043 "GET /ppm/rest/v1/tasks?filter=%28code+%3D+%2733728%27%29&limit=1&fields=code%2Cp_tdi_estado_freshdesk%2C_internalId%2C_parentId%2Cname%2Cstatus HTTP/1.1" 200 405
2025-11-03 11:40:18 - SyncDeskManager - INFO - Ticket 33728 encontrado directamente
2025-11-03 11:40:18 - SyncDeskManager - DEBUG - Buscando ticket 33732 directamente en Clarity...
2025-11-03 11:40:18 - urllib3.connectionpool - DEBUG - https://pmservice.tdilatam.com:8043 "GET /ppm/rest/v1/tasks?filter=%28code+%3D+%2733732%27%29&limit=1&fields=code%2Cp_tdi_estado_freshdesk%2C_internalId%2C_parentId%2Cname%2Cstatus HTTP/1.1" 200 405
2025-11-03 11:40:18 - SyncDeskManager - INFO - Ticket 33732 encontrado directamente
2025-11-03 11:40:18 - SyncDeskManager - DEBUG - Buscando ticket 33743 directamente en Clarity...
2025-11-03 11:40:18 - urllib3.connectionpool - DEBUG - https://pmservice.tdilatam.com:8043 "GET /ppm/rest/v1/tasks?filter=%28code+%3D+%2733743%27%29&limit=1&fields=code%2Cp_tdi_estado_freshdesk%2C_internalId%2C_parentId%2Cname%2Cstatus HTTP/1.1" 200 380
2025-11-03 11:40:18 - SyncDeskManager - INFO - Ticket 33743 encontrado directamente
2025-11-03 11:40:18 - SyncDeskManager - DEBUG - Buscando ticket 33745 directamente en Clarity...
2025-11-03 11:40:18 - urllib3.connectionpool - DEBUG - https://pmservice.tdilatam.com:8043 "GET /ppm/rest/v1/tasks?filter=%28code+%3D+%2733745%27%29&limit=1&fields=code%2Cp_tdi_estado_freshdesk%2C_internalId%2C_parentId%2Cname%2Cstatus HTTP/1.1" 200 373
2025-11-03 11:40:18 - SyncDeskManager - INFO - Ticket 33745 encontrado directamente
2025-11-03 11:40:18 - SyncDeskManager - DEBUG - Buscando ticket 33746 directamente en Clarity...
2025-11-03 11:40:18 - urllib3.connectionpool - DEBUG - https://pmservice.tdilatam.com:8043 "GET /ppm/rest/v1/tasks?filter=%28code+%3D+%2733746%27%29&limit=1&fields=code%2Cp_tdi_estado_freshdesk%2C_internalId%2C_parentId%2Cname%2Cstatus HTTP/1.1" 200 409
2025-11-03 11:40:18 - SyncDeskManager - INFO - Ticket 33746 encontrado directamente
2025-11-03 11:40:18 - SyncDeskManager - DEBUG - Buscando ticket 33747 directamente en Clarity...
2025-11-03 11:40:18 - urllib3.connectionpool - DEBUG - https://pmservice.tdilatam.com:8043 "GET /ppm/rest/v1/tasks?filter=%28code+%3D+%2733747%27%29&limit=1&fields=code%2Cp_tdi_estado_freshdesk%2C_internalId%2C_parentId%2Cname%2Cstatus HTTP/1.1" 200 395
2025-11-03 11:40:18 - SyncDeskManager - INFO - Ticket 33747 encontrado directamente
2025-11-03 11:40:18 - SyncDeskManager - DEBUG - Buscando ticket 33754 directamente en Clarity...
2025-11-03 11:40:18 - urllib3.connectionpool - DEBUG - https://pmservice.tdilatam.com:8043 "GET /ppm/rest/v1/tasks?filter=%28code+%3D+%2733754%27%29&limit=1&fields=code%2Cp_tdi_estado_freshdesk%2C_internalId%2C_parentId%2Cname%2Cstatus HTTP/1.1" 200 383
2025-11-03 11:40:18 - SyncDeskManager - INFO - Ticket 33754 encontrado directamente
2025-11-03 11:40:18 - SyncDeskManager - DEBUG - Buscando ticket 33755 directamente en Clarity...
2025-11-03 11:40:18 - urllib3.connectionpool - DEBUG - https://pmservice.tdilatam.com:8043 "GET /ppm/rest/v1/tasks?filter=%28code+%3D+%2733755%27%29&limit=1&fields=code%2Cp_tdi_estado_freshdesk%2C_internalId%2C_parentId%2Cname%2Cstatus HTTP/1.1" 200 405
2025-11-03 11:40:18 - SyncDeskManager - INFO - Ticket 33755 encontrado directamente
2025-11-03 11:40:18 - SyncDeskManager - DEBUG - Buscando ticket 33756 directamente en Clarity...
2025-11-03 11:40:18 - urllib3.connectionpool - DEBUG - https://pmservice.tdilatam.com:8043 "GET /ppm/rest/v1/tasks?filter=%28code+%3D+%2733756%27%29&limit=1&fields=code%2Cp_tdi_estado_freshdesk%2C_internalId%2C_parentId%2Cname%2Cstatus HTTP/1.1" 200 405
2025-11-03 11:40:18 - SyncDeskManager - INFO - Ticket 33756 encontrado directamente
2025-11-03 11:40:18 - SyncDeskManager - DEBUG - Buscando ticket 33757 directamente en Clarity...
2025-11-03 11:40:18 - urllib3.connectionpool - DEBUG - https://pmservice.tdilatam.com:8043 "GET /ppm/rest/v1/tasks?filter=%28code+%3D+%2733757%27%29&limit=1&fields=code%2Cp_tdi_estado_freshdesk%2C_internalId%2C_parentId%2Cname%2Cstatus HTTP/1.1" 200 405
2025-11-03 11:40:18 - SyncDeskManager - INFO - Ticket 33757 encontrado directamente
2025-11-03 11:40:18 - SyncDeskManager - DEBUG - Buscando ticket 33771 directamente en Clarity...
2025-11-03 11:40:18 - urllib3.connectionpool - DEBUG - https://pmservice.tdilatam.com:8043 "GET /ppm/rest/v1/tasks?filter=%28code+%3D+%2733771%27%29&limit=1&fields=code%2Cp_tdi_estado_freshdesk%2C_internalId%2C_parentId%2Cname%2Cstatus HTTP/1.1" 200 406
2025-11-03 11:40:18 - SyncDeskManager - INFO - Ticket 33771 encontrado directamente
2025-11-03 11:40:18 - SyncDeskManager - DEBUG - Buscando ticket 33772 directamente en Clarity...
2025-11-03 11:40:18 - urllib3.connectionpool - DEBUG - https://pmservice.tdilatam.com:8043 "GET /ppm/rest/v1/tasks?filter=%28code+%3D+%2733772%27%29&limit=1&fields=code%2Cp_tdi_estado_freshdesk%2C_internalId%2C_parentId%2Cname%2Cstatus HTTP/1.1" 200 405
2025-11-03 11:40:18 - SyncDeskManager - INFO - Ticket 33772 encontrado directamente
2025-11-03 11:40:18 - SyncDeskManager - DEBUG - Buscando ticket 33797 directamente en Clarity...
2025-11-03 11:40:19 - urllib3.connectionpool - DEBUG - https://pmservice.tdilatam.com:8043 "GET /ppm/rest/v1/tasks?filter=%28code+%3D+%2733797%27%29&limit=1&fields=code%2Cp_tdi_estado_freshdesk%2C_internalId%2C_parentId%2Cname%2Cstatus HTTP/1.1" 200 405
2025-11-03 11:40:19 - SyncDeskManager - INFO - Ticket 33797 encontrado directamente
2025-11-03 11:40:19 - SyncDeskManager - DEBUG - Buscando ticket 33798 directamente en Clarity...
2025-11-03 11:40:19 - urllib3.connectionpool - DEBUG - https://pmservice.tdilatam.com:8043 "GET /ppm/rest/v1/tasks?filter=%28code+%3D+%2733798%27%29&limit=1&fields=code%2Cp_tdi_estado_freshdesk%2C_internalId%2C_parentId%2Cname%2Cstatus HTTP/1.1" 200 405
2025-11-03 11:40:19 - SyncDeskManager - INFO - Ticket 33798 encontrado directamente
2025-11-03 11:40:19 - SyncDeskManager - DEBUG - Buscando ticket 33811 directamente en Clarity...
2025-11-03 11:40:19 - urllib3.connectionpool - DEBUG - https://pmservice.tdilatam.com:8043 "GET /ppm/rest/v1/tasks?filter=%28code+%3D+%2733811%27%29&limit=1&fields=code%2Cp_tdi_estado_freshdesk%2C_internalId%2C_parentId%2Cname%2Cstatus HTTP/1.1" 200 419
2025-11-03 11:40:19 - SyncDeskManager - INFO - Ticket 33811 encontrado directamente
2025-11-03 11:40:19 - SyncDeskManager - DEBUG - Buscando ticket 33815 directamente en Clarity...
2025-11-03 11:40:19 - urllib3.connectionpool - DEBUG - https://pmservice.tdilatam.com:8043 "GET /ppm/rest/v1/tasks?filter=%28code+%3D+%2733815%27%29&limit=1&fields=code%2Cp_tdi_estado_freshdesk%2C_internalId%2C_parentId%2Cname%2Cstatus HTTP/1.1" 200 405
2025-11-03 11:40:19 - SyncDeskManager - INFO - Ticket 33815 encontrado directamente
2025-11-03 11:40:19 - SyncDeskManager - DEBUG - Buscando ticket 33842 directamente en Clarity...
2025-11-03 11:40:19 - urllib3.connectionpool - DEBUG - https://pmservice.tdilatam.com:8043 "GET /ppm/rest/v1/tasks?filter=%28code+%3D+%2733842%27%29&limit=1&fields=code%2Cp_tdi_estado_freshdesk%2C_internalId%2C_parentId%2Cname%2Cstatus HTTP/1.1" 200 405
2025-11-03 11:40:19 - SyncDeskManager - INFO - Ticket 33842 encontrado directamente
2025-11-03 11:40:19 - SyncDeskManager - DEBUG - Buscando ticket 33856 directamente en Clarity...
2025-11-03 11:40:19 - urllib3.connectionpool - DEBUG - https://pmservice.tdilatam.com:8043 "GET /ppm/rest/v1/tasks?filter=%28code+%3D+%2733856%27%29&limit=1&fields=code%2Cp_tdi_estado_freshdesk%2C_internalId%2C_parentId%2Cname%2Cstatus HTTP/1.1" 200 405
2025-11-03 11:40:19 - SyncDeskManager - INFO - Ticket 33856 encontrado directamente
2025-11-03 11:40:19 - SyncDeskManager - DEBUG - Buscando ticket 33868 directamente en Clarity...
2025-11-03 11:40:19 - urllib3.connectionpool - DEBUG - https://pmservice.tdilatam.com:8043 "GET /ppm/rest/v1/tasks?filter=%28code+%3D+%2733868%27%29&limit=1&fields=code%2Cp_tdi_estado_freshdesk%2C_internalId%2C_parentId%2Cname%2Cstatus HTTP/1.1" 200 405
2025-11-03 11:40:19 - SyncDeskManager - INFO - Ticket 33868 encontrado directamente
2025-11-03 11:40:19 - SyncDeskManager - DEBUG - Buscando ticket 33869 directamente en Clarity...
2025-11-03 11:40:19 - urllib3.connectionpool - DEBUG - https://pmservice.tdilatam.com:8043 "GET /ppm/rest/v1/tasks?filter=%28code+%3D+%2733869%27%29&limit=1&fields=code%2Cp_tdi_estado_freshdesk%2C_internalId%2C_parentId%2Cname%2Cstatus HTTP/1.1" 200 404
2025-11-03 11:40:19 - SyncDeskManager - INFO - Ticket 33869 encontrado directamente
2025-11-03 11:40:19 - SyncDeskManager - DEBUG - Buscando ticket 33887 directamente en Clarity...
2025-11-03 11:40:19 - urllib3.connectionpool - DEBUG - https://pmservice.tdilatam.com:8043 "GET /ppm/rest/v1/tasks?filter=%28code+%3D+%2733887%27%29&limit=1&fields=code%2Cp_tdi_estado_freshdesk%2C_internalId%2C_parentId%2Cname%2Cstatus HTTP/1.1" 200 421
2025-11-03 11:40:19 - SyncDeskManager - INFO - Ticket 33887 encontrado directamente
2025-11-03 11:40:19 - SyncDeskManager - DEBUG - Buscando ticket 33905 directamente en Clarity...
2025-11-03 11:40:19 - urllib3.connectionpool - DEBUG - https://pmservice.tdilatam.com:8043 "GET /ppm/rest/v1/tasks?filter=%28code+%3D+%2733905%27%29&limit=1&fields=code%2Cp_tdi_estado_freshdesk%2C_internalId%2C_parentId%2Cname%2Cstatus HTTP/1.1" 200 441
2025-11-03 11:40:19 - SyncDeskManager - INFO - Ticket 33905 encontrado directamente
2025-11-03 11:40:19 - SyncDeskManager - DEBUG - Buscando ticket 33911 directamente en Clarity...
2025-11-03 11:40:19 - urllib3.connectionpool - DEBUG - https://pmservice.tdilatam.com:8043 "GET /ppm/rest/v1/tasks?filter=%28code+%3D+%2733911%27%29&limit=1&fields=code%2Cp_tdi_estado_freshdesk%2C_internalId%2C_parentId%2Cname%2Cstatus HTTP/1.1" 200 385
2025-11-03 11:40:19 - SyncDeskManager - INFO - Ticket 33911 encontrado directamente
2025-11-03 11:40:19 - SyncDeskManager - DEBUG - Buscando ticket 33936 directamente en Clarity...
2025-11-03 11:40:19 - urllib3.connectionpool - DEBUG - https://pmservice.tdilatam.com:8043 "GET /ppm/rest/v1/tasks?filter=%28code+%3D+%2733936%27%29&limit=1&fields=code%2Cp_tdi_estado_freshdesk%2C_internalId%2C_parentId%2Cname%2Cstatus HTTP/1.1" 200 405
2025-11-03 11:40:19 - SyncDeskManager - INFO - Ticket 33936 encontrado directamente
2025-11-03 11:40:19 - SyncDeskManager - DEBUG - Buscando ticket 33944 directamente en Clarity...
2025-11-03 11:40:19 - urllib3.connectionpool - DEBUG - https://pmservice.tdilatam.com:8043 "GET /ppm/rest/v1/tasks?filter=%28code+%3D+%2733944%27%29&limit=1&fields=code%2Cp_tdi_estado_freshdesk%2C_internalId%2C_parentId%2Cname%2Cstatus HTTP/1.1" 200 406
2025-11-03 11:40:19 - SyncDeskManager - INFO - Ticket 33944 encontrado directamente
2025-11-03 11:40:19 - SyncDeskManager - DEBUG - Buscando ticket 33960 directamente en Clarity...
2025-11-03 11:40:19 - urllib3.connectionpool - DEBUG - https://pmservice.tdilatam.com:8043 "GET /ppm/rest/v1/tasks?filter=%28code+%3D+%2733960%27%29&limit=1&fields=code%2Cp_tdi_estado_freshdesk%2C_internalId%2C_parentId%2Cname%2Cstatus HTTP/1.1" 200 404
2025-11-03 11:40:19 - SyncDeskManager - INFO - Ticket 33960 encontrado directamente
2025-11-03 11:40:19 - SyncDeskManager - DEBUG - Buscando ticket 33963 directamente en Clarity...
2025-11-03 11:40:19 - urllib3.connectionpool - DEBUG - https://pmservice.tdilatam.com:8043 "GET /ppm/rest/v1/tasks?filter=%28code+%3D+%2733963%27%29&limit=1&fields=code%2Cp_tdi_estado_freshdesk%2C_internalId%2C_parentId%2Cname%2Cstatus HTTP/1.1" 200 406
2025-11-03 11:40:19 - SyncDeskManager - INFO - Ticket 33963 encontrado directamente
2025-11-03 11:40:19 - SyncDeskManager - DEBUG - Buscando ticket 33964 directamente en Clarity...
2025-11-03 11:40:19 - urllib3.connectionpool - DEBUG - https://pmservice.tdilatam.com:8043 "GET /ppm/rest/v1/tasks?filter=%28code+%3D+%2733964%27%29&limit=1&fields=code%2Cp_tdi_estado_freshdesk%2C_internalId%2C_parentId%2Cname%2Cstatus HTTP/1.1" 200 405
2025-11-03 11:40:19 - SyncDeskManager - INFO - Ticket 33964 encontrado directamente
2025-11-03 11:40:19 - SyncDeskManager - DEBUG - Buscando ticket 33974 directamente en Clarity...
2025-11-03 11:40:20 - urllib3.connectionpool - DEBUG - https://pmservice.tdilatam.com:8043 "GET /ppm/rest/v1/tasks?filter=%28code+%3D+%2733974%27%29&limit=1&fields=code%2Cp_tdi_estado_freshdesk%2C_internalId%2C_parentId%2Cname%2Cstatus HTTP/1.1" 200 406
2025-11-03 11:40:20 - SyncDeskManager - INFO - Ticket 33974 encontrado directamente
2025-11-03 11:40:20 - SyncDeskManager - DEBUG - Buscando ticket 34038 directamente en Clarity...
2025-11-03 11:40:20 - urllib3.connectionpool - DEBUG - https://pmservice.tdilatam.com:8043 "GET /ppm/rest/v1/tasks?filter=%28code+%3D+%2734038%27%29&limit=1&fields=code%2Cp_tdi_estado_freshdesk%2C_internalId%2C_parentId%2Cname%2Cstatus HTTP/1.1" 200 370
2025-11-03 11:40:20 - SyncDeskManager - INFO - Ticket 34038 encontrado directamente
2025-11-03 11:40:20 - SyncDeskManager - DEBUG - Buscando ticket 34058 directamente en Clarity...
2025-11-03 11:40:20 - urllib3.connectionpool - DEBUG - https://pmservice.tdilatam.com:8043 "GET /ppm/rest/v1/tasks?filter=%28code+%3D+%2734058%27%29&limit=1&fields=code%2Cp_tdi_estado_freshdesk%2C_internalId%2C_parentId%2Cname%2Cstatus HTTP/1.1" 200 367
2025-11-03 11:40:20 - SyncDeskManager - INFO - Ticket 34058 encontrado directamente
2025-11-03 11:40:20 - SyncDeskManager - DEBUG - Buscando ticket 34085 directamente en Clarity...
2025-11-03 11:40:20 - urllib3.connectionpool - DEBUG - https://pmservice.tdilatam.com:8043 "GET /ppm/rest/v1/tasks?filter=%28code+%3D+%2734085%27%29&limit=1&fields=code%2Cp_tdi_estado_freshdesk%2C_internalId%2C_parentId%2Cname%2Cstatus HTTP/1.1" 200 397
2025-11-03 11:40:20 - SyncDeskManager - INFO - Ticket 34085 encontrado directamente
2025-11-03 11:40:20 - SyncDeskManager - DEBUG - Buscando ticket 34117 directamente en Clarity...
2025-11-03 11:40:20 - urllib3.connectionpool - DEBUG - https://pmservice.tdilatam.com:8043 "GET /ppm/rest/v1/tasks?filter=%28code+%3D+%2734117%27%29&limit=1&fields=code%2Cp_tdi_estado_freshdesk%2C_internalId%2C_parentId%2Cname%2Cstatus HTTP/1.1" 200 391
2025-11-03 11:40:20 - SyncDeskManager - INFO - Ticket 34117 encontrado directamente
2025-11-03 11:40:20 - SyncDeskManager - DEBUG - Buscando ticket 34119 directamente en Clarity...
2025-11-03 11:40:20 - urllib3.connectionpool - DEBUG - https://pmservice.tdilatam.com:8043 "GET /ppm/rest/v1/tasks?filter=%28code+%3D+%2734119%27%29&limit=1&fields=code%2Cp_tdi_estado_freshdesk%2C_internalId%2C_parentId%2Cname%2Cstatus HTTP/1.1" 200 427
2025-11-03 11:40:20 - SyncDeskManager - INFO - Ticket 34119 encontrado directamente
2025-11-03 11:40:20 - SyncDeskManager - INFO - IDs obtenidos: 163/163 tickets
2025-11-03 11:41:42 - SyncDeskManager - INFO - Aplicando 163 cambios en Clarity...
2025-11-03 11:41:42 - SyncDeskManager - ERROR - Error en sincronización: 'ProjectLogger' object has no attribute '_get_current_timestamp'
Traceback (most recent call last):
  File "c:\xampp\htdocs\TDI_Task_Manager\src\features\sync\sync_orchestrator.py", line 140, in sincronizar_estados
    resultado = self.change_applier.aplicar_cambios_clarity(diferencias_completas, self.transaction_id)
                ^^^^^^^^^^^^^^^^^^^^^^^^^^^^^^^^^^^^^^^^^^^^^^^^^^^^^^^^^^^^^^^^^^^^^^^^^^^^^^^^^^^^^^^
  File "c:\xampp\htdocs\TDI_Task_Manager\src\features\sync\change_applier.py", line 24, in aplicar_cambios_clarity
    self._registrar_cambio_transaccional(transaction_id, diff, 'PENDING')
  File "c:\xampp\htdocs\TDI_Task_Manager\src\features\sync\change_applier.py", line 54, in _registrar_cambio_transaccional
    'timestamp': self.logger._get_current_timestamp()
                 ^^^^^^^^^^^^^^^^^^^^^^^^^^^^^^^^^^
AttributeError: 'ProjectLogger' object has no attribute '_get_current_timestamp'
2025-11-03 11:41:42 - SyncDeskManager - ERROR - TRANSACTION_FAILED: SYNC_STATES_20251103_113930 - {'estado': 'FAILED', 'error': "Excepción: 'ProjectLogger' object has no attribute '_get_current_timestamp'"}
Traceback (most recent call last):
  File "c:\xampp\htdocs\TDI_Task_Manager\src\features\sync\sync_orchestrator.py", line 140, in sincronizar_estados
    resultado = self.change_applier.aplicar_cambios_clarity(diferencias_completas, self.transaction_id)
                ^^^^^^^^^^^^^^^^^^^^^^^^^^^^^^^^^^^^^^^^^^^^^^^^^^^^^^^^^^^^^^^^^^^^^^^^^^^^^^^^^^^^^^^
  File "c:\xampp\htdocs\TDI_Task_Manager\src\features\sync\change_applier.py", line 24, in aplicar_cambios_clarity
    self._registrar_cambio_transaccional(transaction_id, diff, 'PENDING')
  File "c:\xampp\htdocs\TDI_Task_Manager\src\features\sync\change_applier.py", line 54, in _registrar_cambio_transaccional
    'timestamp': self.logger._get_current_timestamp()
                 ^^^^^^^^^^^^^^^^^^^^^^^^^^^^^^^^^^
AttributeError: 'ProjectLogger' object has no attribute '_get_current_timestamp'
2025-11-03 11:41:42 - SyncDeskManager - ERROR - Transacción fallida: SYNC_STATES_20251103_113930 - Excepción: 'ProjectLogger' object has no attribute '_get_current_timestamp'
Traceback (most recent call last):
  File "c:\xampp\htdocs\TDI_Task_Manager\src\features\sync\sync_orchestrator.py", line 140, in sincronizar_estados
    resultado = self.change_applier.aplicar_cambios_clarity(diferencias_completas, self.transaction_id)
                ^^^^^^^^^^^^^^^^^^^^^^^^^^^^^^^^^^^^^^^^^^^^^^^^^^^^^^^^^^^^^^^^^^^^^^^^^^^^^^^^^^^^^^^
  File "c:\xampp\htdocs\TDI_Task_Manager\src\features\sync\change_applier.py", line 24, in aplicar_cambios_clarity
    self._registrar_cambio_transaccional(transaction_id, diff, 'PENDING')
  File "c:\xampp\htdocs\TDI_Task_Manager\src\features\sync\change_applier.py", line 54, in _registrar_cambio_transaccional
    'timestamp': self.logger._get_current_timestamp()
                 ^^^^^^^^^^^^^^^^^^^^^^^^^^^^^^^^^^
AttributeError: 'ProjectLogger' object has no attribute '_get_current_timestamp'
2025-11-03 11:42:46 - SyncDeskManager - INFO - Datos sensibles limpiados de la memoria
2025-11-03 11:47:26 - SyncDeskManager - INFO - ==================================================
2025-11-03 11:47:26 - SyncDeskManager - INFO - 🚀 INICIANDO SYNC DESK MANAGER
2025-11-03 11:47:26 - SyncDeskManager - INFO - ==================================================
2025-11-03 11:47:27 - SyncDeskManager - INFO - Sistema operativo: Windows 11
2025-11-03 11:47:27 - SyncDeskManager - INFO - Python: 3.12.4
2025-11-03 11:47:27 - SyncDeskManager - INFO - Usuario: usuario
2025-11-03 11:47:27 - SyncDeskManager - INFO - Directorio de trabajo: C:\xampp\htdocs\TDI_Task_Manager
2025-11-03 11:47:27 - SyncDeskManager - INFO - Directorio de logs: c:\xampp\htdocs\TDI_Task_Manager\src\logs
2025-11-03 11:47:27 - SyncDeskManager - INFO - ==================================================
2025-11-03 11:47:27 - SyncDeskManager - INFO - ConfigManager inicializado - Modo volátil en memoria
2025-11-03 11:47:27 - SyncDeskManager - INFO - Iniciando aplicación
2025-11-03 11:47:28 - SyncDeskManager - INFO - Módulos cargados correctamente
2025-11-03 11:47:28 - SyncDeskManager - INFO - ConfigManager inicializado - Modo volátil en memoria
2025-11-03 11:47:28 - SyncDeskManager - INFO - FreshdeskService inicializado
2025-11-03 11:47:28 - SyncDeskManager - INFO - Configuración de clasificación cargada desde: data/classification/classification_config.json
2025-11-03 11:47:28 - SyncDeskManager - INFO - ClassificationConfigManager inicializado
2025-11-03 11:47:28 - SyncDeskManager - INFO - ClassificationLibraryGenerator inicializado
2025-11-03 11:47:39 - SyncDeskManager - INFO - TRANSACTION_START: SYNC_STATES_20251103_114739 - Sincronización estados Freshdesk → Clarity
2025-11-03 11:47:39 - SyncDeskManager - INFO - Transacción iniciada: SYNC_STATES_20251103_114739
2025-11-03 11:47:53 - SyncDeskManager - INFO - Análisis completado: 1549 coincidencias, 128 sin coincidencia
2025-11-03 11:47:55 - SyncDeskManager - INFO - Iniciando comparación de estados...
2025-11-03 11:47:55 - SyncDeskManager - DEBUG - Ticket 31960: Diferencia encontrada Abierta -> Cerrada
2025-11-03 11:47:55 - SyncDeskManager - DEBUG - Ticket 31961: Diferencia encontrada Abierta -> Cerrada
2025-11-03 11:47:55 - SyncDeskManager - DEBUG - Ticket 31962: Diferencia encontrada Resuelto -> Cerrada
2025-11-03 11:47:55 - SyncDeskManager - DEBUG - Ticket 31963: Diferencia encontrada Abierta -> Cerrada
2025-11-03 11:47:55 - SyncDeskManager - DEBUG - Ticket 31964: Diferencia encontrada Resuelto -> Cerrada
2025-11-03 11:47:55 - SyncDeskManager - DEBUG - Ticket 31972: Diferencia encontrada Abierta -> Cerrada
2025-11-03 11:47:55 - SyncDeskManager - DEBUG - Ticket 31973: Diferencia encontrada En progreso -> Cerrada
2025-11-03 11:47:55 - SyncDeskManager - DEBUG - Ticket 31974: Diferencia encontrada En progreso -> Cerrada
2025-11-03 11:47:55 - SyncDeskManager - DEBUG - Ticket 31975: Diferencia encontrada Abierta -> Cerrada
2025-11-03 11:47:55 - SyncDeskManager - DEBUG - Ticket 31977: Diferencia encontrada Resuelto -> Cerrada
2025-11-03 11:47:55 - SyncDeskManager - DEBUG - Ticket 31978: Diferencia encontrada Esperando al cliente -> Cerrada
2025-11-03 11:47:55 - SyncDeskManager - DEBUG - Ticket 31979: Diferencia encontrada En progreso -> Cerrada
2025-11-03 11:47:55 - SyncDeskManager - DEBUG - Ticket 31983: Diferencia encontrada En progreso -> Cerrada
2025-11-03 11:47:55 - SyncDeskManager - DEBUG - Ticket 31984: Diferencia encontrada En progreso -> Cerrada
2025-11-03 11:47:55 - SyncDeskManager - DEBUG - Ticket 31987: Diferencia encontrada Abierta -> Cerrada
2025-11-03 11:47:55 - SyncDeskManager - DEBUG - Ticket 31990: Diferencia encontrada Resuelto -> Cerrada
2025-11-03 11:47:55 - SyncDeskManager - DEBUG - Ticket 31994: Diferencia encontrada Abierta -> Cerrada
2025-11-03 11:47:55 - SyncDeskManager - DEBUG - Ticket 31996: Diferencia encontrada Abierta -> Cerrada
2025-11-03 11:47:55 - SyncDeskManager - DEBUG - Ticket 31997: Diferencia encontrada Abierta -> Cerrada
2025-11-03 11:47:55 - SyncDeskManager - DEBUG - Ticket 31999: Diferencia encontrada Esperando al cliente -> Cerrada
2025-11-03 11:47:55 - SyncDeskManager - DEBUG - Ticket 32001: Diferencia encontrada En progreso -> Cerrada
2025-11-03 11:47:55 - SyncDeskManager - DEBUG - Ticket 32003: Diferencia encontrada Abierta -> Cerrada
2025-11-03 11:47:55 - SyncDeskManager - DEBUG - Ticket 32005: Diferencia encontrada Derivado al Fabricante -> Cerrada
2025-11-03 11:47:55 - SyncDeskManager - DEBUG - Ticket 32008: Diferencia encontrada Resuelto -> Cerrada
2025-11-03 11:47:55 - SyncDeskManager - DEBUG - Ticket 32009: Diferencia encontrada En progreso -> Cerrada
2025-11-03 11:47:55 - SyncDeskManager - DEBUG - Ticket 32010: Diferencia encontrada En progreso -> Cerrada
2025-11-03 11:47:55 - SyncDeskManager - DEBUG - Ticket 32011: Diferencia encontrada En progreso -> Cerrada
2025-11-03 11:47:55 - SyncDeskManager - DEBUG - Ticket 32012: Diferencia encontrada Abierta -> Cerrada
2025-11-03 11:47:55 - SyncDeskManager - DEBUG - Ticket 32013: Diferencia encontrada Resuelto -> Cerrada
2025-11-03 11:47:55 - SyncDeskManager - DEBUG - Ticket 32014: Diferencia encontrada Resuelto -> Cerrada
2025-11-03 11:47:55 - SyncDeskManager - DEBUG - Ticket 32015: Diferencia encontrada Resuelto -> Cerrada
2025-11-03 11:47:55 - SyncDeskManager - DEBUG - Ticket 32020: Diferencia encontrada Abierta -> Cerrada
2025-11-03 11:47:55 - SyncDeskManager - DEBUG - Ticket 32021: Diferencia encontrada Abierta -> Cerrada
2025-11-03 11:47:55 - SyncDeskManager - DEBUG - Ticket 32022: Diferencia encontrada Abierta -> Cerrada
2025-11-03 11:47:55 - SyncDeskManager - DEBUG - Ticket 32025: Diferencia encontrada Esperando al cliente -> Cerrada
2025-11-03 11:47:55 - SyncDeskManager - DEBUG - Ticket 32033: Diferencia encontrada Abierta -> Cerrada
2025-11-03 11:47:55 - SyncDeskManager - DEBUG - Ticket 32035: Diferencia encontrada Abierta -> Cerrada
2025-11-03 11:47:55 - SyncDeskManager - DEBUG - Ticket 32036: Diferencia encontrada En progreso -> Cerrada
2025-11-03 11:47:55 - SyncDeskManager - DEBUG - Ticket 32041: Diferencia encontrada Derivado al Fabricante -> Cerrada
2025-11-03 11:47:55 - SyncDeskManager - DEBUG - Ticket 32042: Diferencia encontrada Abierta -> Cerrada
2025-11-03 11:47:55 - SyncDeskManager - DEBUG - Ticket 32043: Diferencia encontrada En progreso -> Cerrada
2025-11-03 11:47:55 - SyncDeskManager - DEBUG - Ticket 32044: Diferencia encontrada En progreso -> Cerrada
2025-11-03 11:47:55 - SyncDeskManager - DEBUG - Ticket 32067: Diferencia encontrada En progreso -> Cerrada
2025-11-03 11:47:55 - SyncDeskManager - DEBUG - Ticket 32068: Diferencia encontrada Abierta -> Cerrada
2025-11-03 11:47:55 - SyncDeskManager - DEBUG - Ticket 32075: Diferencia encontrada Abierta -> Cerrada
2025-11-03 11:47:55 - SyncDeskManager - DEBUG - Ticket 32088: Diferencia encontrada Resuelto -> Cerrada
2025-11-03 11:47:55 - SyncDeskManager - DEBUG - Ticket 32097: Diferencia encontrada Esperando al cliente -> Cerrada
2025-11-03 11:47:55 - SyncDeskManager - DEBUG - Ticket 32103: Diferencia encontrada Resuelto -> Cerrada
2025-11-03 11:47:55 - SyncDeskManager - DEBUG - Ticket 32110: Diferencia encontrada Resuelto -> Cerrada
2025-11-03 11:47:55 - SyncDeskManager - DEBUG - Ticket 32114: Diferencia encontrada Resuelto -> Cerrada
2025-11-03 11:47:55 - SyncDeskManager - DEBUG - Ticket 32115: Diferencia encontrada Abierta -> Cerrada
2025-11-03 11:47:55 - SyncDeskManager - DEBUG - Ticket 32117: Diferencia encontrada En evaluación -> Esperando al cliente
2025-11-03 11:47:55 - SyncDeskManager - DEBUG - Ticket 32118: Diferencia encontrada Abierta -> Cerrada
2025-11-03 11:47:55 - SyncDeskManager - DEBUG - Ticket 32120: Diferencia encontrada Abierta -> Cerrada
2025-11-03 11:47:55 - SyncDeskManager - DEBUG - Ticket 32121: Diferencia encontrada En evaluación -> Esperando al cliente
2025-11-03 11:47:55 - SyncDeskManager - DEBUG - Ticket 32122: Diferencia encontrada Esperando al cliente -> Cerrada
2025-11-03 11:47:55 - SyncDeskManager - DEBUG - Ticket 32123: Diferencia encontrada En evaluación -> Esperando al cliente
2025-11-03 11:47:55 - SyncDeskManager - DEBUG - Ticket 32125: Diferencia encontrada En evaluación -> Cerrada
2025-11-03 11:47:55 - SyncDeskManager - DEBUG - Ticket 32126: Diferencia encontrada Esperando al cliente -> Cerrada
2025-11-03 11:47:55 - SyncDeskManager - DEBUG - Ticket 32128: Diferencia encontrada Esperando al cliente -> Cerrada
2025-11-03 11:47:55 - SyncDeskManager - DEBUG - Ticket 32129: Diferencia encontrada Resuelto -> Cerrada
2025-11-03 11:47:55 - SyncDeskManager - DEBUG - Ticket 32130: Diferencia encontrada Resuelto -> Cerrada
2025-11-03 11:47:55 - SyncDeskManager - DEBUG - Ticket 32144: Diferencia encontrada En progreso -> Cerrada
2025-11-03 11:47:55 - SyncDeskManager - DEBUG - Ticket 32155: Diferencia encontrada Resuelto -> Cerrada
2025-11-03 11:47:55 - SyncDeskManager - DEBUG - Ticket 32157: Diferencia encontrada En progreso -> Cerrada
2025-11-03 11:47:55 - SyncDeskManager - DEBUG - Ticket 32158: Diferencia encontrada En progreso -> Cerrada
2025-11-03 11:47:55 - SyncDeskManager - DEBUG - Ticket 32159: Diferencia encontrada Resuelto -> Cerrada
2025-11-03 11:47:55 - SyncDeskManager - DEBUG - Ticket 32160: Diferencia encontrada En progreso -> Cerrada
2025-11-03 11:47:55 - SyncDeskManager - DEBUG - Ticket 32161: Diferencia encontrada Abierta -> Cerrada
2025-11-03 11:47:55 - SyncDeskManager - DEBUG - Ticket 32162: Diferencia encontrada Esperando al cliente -> Cerrada
2025-11-03 11:47:55 - SyncDeskManager - DEBUG - Ticket 32165: No encontrado en Clarity
2025-11-03 11:47:55 - SyncDeskManager - DEBUG - Ticket 32173: Diferencia encontrada Esperando al cliente -> Cerrada
2025-11-03 11:47:55 - SyncDeskManager - DEBUG - Ticket 32174: Diferencia encontrada En progreso -> Cerrada
2025-11-03 11:47:55 - SyncDeskManager - DEBUG - Ticket 32177: Diferencia encontrada Derivado al Fabricante -> Cerrada
2025-11-03 11:47:55 - SyncDeskManager - DEBUG - Ticket 32179: Diferencia encontrada Resuelto -> Cerrada
2025-11-03 11:47:55 - SyncDeskManager - DEBUG - Ticket 32183: Diferencia encontrada Abierta -> Cerrada
2025-11-03 11:47:55 - SyncDeskManager - DEBUG - Ticket 32184: Diferencia encontrada Abierta -> Cerrada
2025-11-03 11:47:55 - SyncDeskManager - DEBUG - Ticket 32188: Diferencia encontrada Derivado al Fabricante -> Cerrada
2025-11-03 11:47:55 - SyncDeskManager - DEBUG - Ticket 32192: Diferencia encontrada Abierta -> Cerrada
2025-11-03 11:47:55 - SyncDeskManager - DEBUG - Ticket 32193: Diferencia encontrada Resuelto -> Cerrada
2025-11-03 11:47:55 - SyncDeskManager - DEBUG - Ticket 32204: Diferencia encontrada Abierta -> Cerrada
2025-11-03 11:47:55 - SyncDeskManager - DEBUG - Ticket 32213: Diferencia encontrada Resuelto -> Cerrada
2025-11-03 11:47:55 - SyncDeskManager - DEBUG - Ticket 32214: Diferencia encontrada Abierta -> Cerrada
2025-11-03 11:47:55 - SyncDeskManager - DEBUG - Ticket 32215: Diferencia encontrada Abierta -> Cerrada
2025-11-03 11:47:55 - SyncDeskManager - DEBUG - Ticket 32216: Diferencia encontrada Abierta -> Cerrada
2025-11-03 11:47:55 - SyncDeskManager - DEBUG - Ticket 32217: Diferencia encontrada Abierta -> Cerrada
2025-11-03 11:47:56 - SyncDeskManager - DEBUG - Ticket 32220: Diferencia encontrada Abierta -> Cerrada
2025-11-03 11:47:56 - SyncDeskManager - DEBUG - Ticket 32221: Diferencia encontrada Resuelto -> Cerrada
2025-11-03 11:47:56 - SyncDeskManager - DEBUG - Ticket 32223: Diferencia encontrada Esperando al cliente -> Cerrada
2025-11-03 11:47:56 - SyncDeskManager - DEBUG - Ticket 32224: Diferencia encontrada Abierta -> En progreso
2025-11-03 11:47:56 - SyncDeskManager - DEBUG - Ticket 32225: Diferencia encontrada Abierta -> Cerrada
2025-11-03 11:47:56 - SyncDeskManager - DEBUG - Ticket 32226: Diferencia encontrada Abierta -> Cerrada
2025-11-03 11:47:56 - SyncDeskManager - DEBUG - Ticket 32227: Diferencia encontrada Resuelto -> Cerrada
2025-11-03 11:47:56 - SyncDeskManager - DEBUG - Ticket 32230: Diferencia encontrada Resuelto -> Cerrada
2025-11-03 11:47:56 - SyncDeskManager - DEBUG - Ticket 32233: Diferencia encontrada En progreso -> Cerrada
2025-11-03 11:47:56 - SyncDeskManager - DEBUG - Ticket 32238: Diferencia encontrada En progreso -> Cerrada
2025-11-03 11:47:56 - SyncDeskManager - DEBUG - Ticket 32239: Diferencia encontrada Resuelto -> Cerrada
2025-11-03 11:47:56 - SyncDeskManager - DEBUG - Ticket 32240: Diferencia encontrada Resuelto -> Cerrada
2025-11-03 11:47:56 - SyncDeskManager - DEBUG - Ticket 32241: Diferencia encontrada Resuelto -> Cerrada
2025-11-03 11:47:56 - SyncDeskManager - DEBUG - Ticket 32242: Diferencia encontrada En progreso -> Cerrada
2025-11-03 11:47:56 - SyncDeskManager - DEBUG - Ticket 32243: Diferencia encontrada Abierta -> Cerrada
2025-11-03 11:47:56 - SyncDeskManager - DEBUG - Ticket 32244: Diferencia encontrada Abierta -> Cerrada
2025-11-03 11:47:56 - SyncDeskManager - DEBUG - Ticket 32245: Diferencia encontrada Resuelto -> Cerrada
2025-11-03 11:47:56 - SyncDeskManager - DEBUG - Ticket 32246: Diferencia encontrada Resuelto -> Cerrada
2025-11-03 11:47:56 - SyncDeskManager - DEBUG - Ticket 32248: Diferencia encontrada Abierta -> Cerrada
2025-11-03 11:47:56 - SyncDeskManager - DEBUG - Ticket 32251: Diferencia encontrada En progreso -> Cerrada
2025-11-03 11:47:56 - SyncDeskManager - DEBUG - Ticket 32252: Diferencia encontrada En progreso -> Cerrada
2025-11-03 11:47:56 - SyncDeskManager - DEBUG - Ticket 32254: Diferencia encontrada Abierta -> Cerrada
2025-11-03 11:47:56 - SyncDeskManager - DEBUG - Ticket 32255: Diferencia encontrada Abierta -> Cerrada
2025-11-03 11:47:56 - SyncDeskManager - DEBUG - Ticket 32263: No encontrado en Clarity
2025-11-03 11:47:56 - SyncDeskManager - DEBUG - Ticket 32288: No encontrado en Clarity
2025-11-03 11:47:56 - SyncDeskManager - DEBUG - Ticket 32292: No encontrado en Clarity
2025-11-03 11:47:56 - SyncDeskManager - DEBUG - Ticket 32293: No encontrado en Clarity
2025-11-03 11:47:56 - SyncDeskManager - DEBUG - Ticket 32301: No encontrado en Clarity
2025-11-03 11:47:56 - SyncDeskManager - DEBUG - Ticket 32311: No encontrado en Clarity
2025-11-03 11:47:56 - SyncDeskManager - DEBUG - Ticket 32312: No encontrado en Clarity
2025-11-03 11:47:56 - SyncDeskManager - DEBUG - Ticket 32340: No encontrado en Clarity
2025-11-03 11:47:56 - SyncDeskManager - DEBUG - Ticket 32358: No encontrado en Clarity
2025-11-03 11:47:56 - SyncDeskManager - DEBUG - Ticket 32374: No encontrado en Clarity
2025-11-03 11:47:56 - SyncDeskManager - DEBUG - Ticket 32399: No encontrado en Clarity
2025-11-03 11:47:56 - SyncDeskManager - DEBUG - Ticket 32440: No encontrado en Clarity
2025-11-03 11:47:56 - SyncDeskManager - DEBUG - Ticket 32455: No encontrado en Clarity
2025-11-03 11:47:56 - SyncDeskManager - DEBUG - Ticket 32462: No encontrado en Clarity
2025-11-03 11:47:56 - SyncDeskManager - DEBUG - Ticket 32495: No encontrado en Clarity
2025-11-03 11:47:56 - SyncDeskManager - DEBUG - Ticket 32532: No encontrado en Clarity
2025-11-03 11:47:56 - SyncDeskManager - DEBUG - Ticket 32538: No encontrado en Clarity
2025-11-03 11:47:56 - SyncDeskManager - DEBUG - Ticket 32539: No encontrado en Clarity
2025-11-03 11:47:56 - SyncDeskManager - DEBUG - Ticket 32587: No encontrado en Clarity
2025-11-03 11:47:56 - SyncDeskManager - DEBUG - Ticket 32606: No encontrado en Clarity
2025-11-03 11:47:56 - SyncDeskManager - DEBUG - Ticket 32656: No encontrado en Clarity
2025-11-03 11:47:56 - SyncDeskManager - DEBUG - Ticket 32657: No encontrado en Clarity
2025-11-03 11:47:56 - SyncDeskManager - DEBUG - Ticket 32676: No encontrado en Clarity
2025-11-03 11:47:56 - SyncDeskManager - DEBUG - Ticket 32696: No encontrado en Clarity
2025-11-03 11:47:57 - SyncDeskManager - DEBUG - Ticket 32736: No encontrado en Clarity
2025-11-03 11:47:57 - SyncDeskManager - DEBUG - Ticket 32758: No encontrado en Clarity
2025-11-03 11:47:57 - SyncDeskManager - DEBUG - Ticket 32760: No encontrado en Clarity
2025-11-03 11:47:57 - SyncDeskManager - DEBUG - Ticket 32761: No encontrado en Clarity
2025-11-03 11:47:57 - SyncDeskManager - DEBUG - Ticket 32762: No encontrado en Clarity
2025-11-03 11:47:57 - SyncDeskManager - DEBUG - Ticket 32774: No encontrado en Clarity
2025-11-03 11:47:57 - SyncDeskManager - DEBUG - Ticket 32778: No encontrado en Clarity
2025-11-03 11:47:57 - SyncDeskManager - DEBUG - Ticket 32782: Diferencia encontrada En progreso -> Esperando al cliente
2025-11-03 11:47:57 - SyncDeskManager - DEBUG - Ticket 32811: No encontrado en Clarity
2025-11-03 11:47:57 - SyncDeskManager - DEBUG - Ticket 32830: No encontrado en Clarity
2025-11-03 11:47:57 - SyncDeskManager - DEBUG - Ticket 32836: No encontrado en Clarity
2025-11-03 11:47:57 - SyncDeskManager - DEBUG - Ticket 32838: No encontrado en Clarity
2025-11-03 11:47:57 - SyncDeskManager - DEBUG - Ticket 32841: No encontrado en Clarity
2025-11-03 11:47:57 - SyncDeskManager - DEBUG - Ticket 32842: No encontrado en Clarity
2025-11-03 11:47:57 - SyncDeskManager - DEBUG - Ticket 32843: No encontrado en Clarity
2025-11-03 11:47:57 - SyncDeskManager - DEBUG - Ticket 32844: No encontrado en Clarity
2025-11-03 11:47:57 - SyncDeskManager - DEBUG - Ticket 32848: No encontrado en Clarity
2025-11-03 11:47:57 - SyncDeskManager - DEBUG - Ticket 32850: No encontrado en Clarity
2025-11-03 11:47:57 - SyncDeskManager - DEBUG - Ticket 32856: No encontrado en Clarity
2025-11-03 11:47:57 - SyncDeskManager - DEBUG - Ticket 32879: No encontrado en Clarity
2025-11-03 11:47:57 - SyncDeskManager - DEBUG - Ticket 32912: No encontrado en Clarity
2025-11-03 11:47:57 - SyncDeskManager - DEBUG - Ticket 32914: Diferencia encontrada Resuelto -> Cerrada
2025-11-03 11:47:57 - SyncDeskManager - DEBUG - Ticket 32916: No encontrado en Clarity
2025-11-03 11:47:57 - SyncDeskManager - DEBUG - Ticket 32930: No encontrado en Clarity
2025-11-03 11:47:57 - SyncDeskManager - DEBUG - Ticket 32931: No encontrado en Clarity
2025-11-03 11:47:57 - SyncDeskManager - DEBUG - Ticket 32938: No encontrado en Clarity
2025-11-03 11:47:57 - SyncDeskManager - DEBUG - Ticket 32943: No encontrado en Clarity
2025-11-03 11:47:57 - SyncDeskManager - DEBUG - Ticket 32961: No encontrado en Clarity
2025-11-03 11:47:57 - SyncDeskManager - DEBUG - Ticket 33008: No encontrado en Clarity
2025-11-03 11:47:57 - SyncDeskManager - DEBUG - Ticket 33012: No encontrado en Clarity
2025-11-03 11:47:57 - SyncDeskManager - DEBUG - Ticket 33027: No encontrado en Clarity
2025-11-03 11:47:57 - SyncDeskManager - DEBUG - Ticket 33034: No encontrado en Clarity
2025-11-03 11:47:57 - SyncDeskManager - DEBUG - Ticket 33039: No encontrado en Clarity
2025-11-03 11:47:57 - SyncDeskManager - DEBUG - Ticket 33052: No encontrado en Clarity
2025-11-03 11:47:57 - SyncDeskManager - DEBUG - Ticket 33062: No encontrado en Clarity
2025-11-03 11:47:57 - SyncDeskManager - DEBUG - Ticket 33068: No encontrado en Clarity
2025-11-03 11:47:57 - SyncDeskManager - DEBUG - Ticket 33069: No encontrado en Clarity
2025-11-03 11:47:57 - SyncDeskManager - DEBUG - Ticket 33070: No encontrado en Clarity
2025-11-03 11:47:57 - SyncDeskManager - DEBUG - Ticket 33075: No encontrado en Clarity
2025-11-03 11:47:57 - SyncDeskManager - DEBUG - Ticket 33082: Diferencia encontrada Esperando al cliente -> Derivado al Fabricante
2025-11-03 11:47:57 - SyncDeskManager - DEBUG - Ticket 33083: No encontrado en Clarity
2025-11-03 11:47:57 - SyncDeskManager - DEBUG - Ticket 33088: No encontrado en Clarity
2025-11-03 11:47:57 - SyncDeskManager - DEBUG - Ticket 33127: No encontrado en Clarity
2025-11-03 11:47:57 - SyncDeskManager - DEBUG - Ticket 33128: No encontrado en Clarity
2025-11-03 11:47:57 - SyncDeskManager - DEBUG - Ticket 33129: No encontrado en Clarity
2025-11-03 11:47:57 - SyncDeskManager - DEBUG - Ticket 33139: No encontrado en Clarity
2025-11-03 11:47:58 - SyncDeskManager - DEBUG - Ticket 33225: No encontrado en Clarity
2025-11-03 11:47:58 - SyncDeskManager - DEBUG - Ticket 33226: No encontrado en Clarity
2025-11-03 11:47:58 - SyncDeskManager - DEBUG - Ticket 33247: No encontrado en Clarity
2025-11-03 11:47:58 - SyncDeskManager - DEBUG - Ticket 33310: No encontrado en Clarity
2025-11-03 11:47:58 - SyncDeskManager - DEBUG - Ticket 33314: No encontrado en Clarity
2025-11-03 11:47:58 - SyncDeskManager - DEBUG - Ticket 33334: No encontrado en Clarity
2025-11-03 11:47:58 - SyncDeskManager - DEBUG - Ticket 33346: No encontrado en Clarity
2025-11-03 11:47:58 - SyncDeskManager - DEBUG - Ticket 33357: No encontrado en Clarity
2025-11-03 11:47:58 - SyncDeskManager - DEBUG - Ticket 33361: No encontrado en Clarity
2025-11-03 11:47:58 - SyncDeskManager - DEBUG - Ticket 33364: No encontrado en Clarity
2025-11-03 11:47:58 - SyncDeskManager - DEBUG - Ticket 33384: No encontrado en Clarity
2025-11-03 11:47:58 - SyncDeskManager - DEBUG - Ticket 33395: No encontrado en Clarity
2025-11-03 11:47:58 - SyncDeskManager - DEBUG - Ticket 33432: No encontrado en Clarity
2025-11-03 11:47:58 - SyncDeskManager - DEBUG - Ticket 33448: No encontrado en Clarity
2025-11-03 11:47:58 - SyncDeskManager - DEBUG - Ticket 33451: No encontrado en Clarity
2025-11-03 11:47:58 - SyncDeskManager - DEBUG - Ticket 33461: No encontrado en Clarity
2025-11-03 11:47:58 - SyncDeskManager - DEBUG - Ticket 33474: No encontrado en Clarity
2025-11-03 11:47:58 - SyncDeskManager - DEBUG - Ticket 33476: No encontrado en Clarity
2025-11-03 11:47:58 - SyncDeskManager - DEBUG - Ticket 33478: No encontrado en Clarity
2025-11-03 11:47:58 - SyncDeskManager - DEBUG - Ticket 33489: No encontrado en Clarity
2025-11-03 11:47:58 - SyncDeskManager - DEBUG - Ticket 33490: No encontrado en Clarity
2025-11-03 11:47:58 - SyncDeskManager - DEBUG - Ticket 33496: No encontrado en Clarity
2025-11-03 11:47:58 - SyncDeskManager - DEBUG - Ticket 33513: No encontrado en Clarity
2025-11-03 11:47:58 - SyncDeskManager - DEBUG - Ticket 33529: No encontrado en Clarity
2025-11-03 11:47:58 - SyncDeskManager - DEBUG - Ticket 33540: No encontrado en Clarity
2025-11-03 11:47:58 - SyncDeskManager - DEBUG - Ticket 33541: No encontrado en Clarity
2025-11-03 11:47:58 - SyncDeskManager - DEBUG - Ticket 33558: No encontrado en Clarity
2025-11-03 11:47:58 - SyncDeskManager - DEBUG - Ticket 33566: No encontrado en Clarity
2025-11-03 11:47:58 - SyncDeskManager - DEBUG - Ticket 33572: Diferencia encontrada Resuelto -> Cerrada
2025-11-03 11:47:58 - SyncDeskManager - DEBUG - Ticket 33581: Diferencia encontrada Resuelto -> Cerrada
2025-11-03 11:47:58 - SyncDeskManager - DEBUG - Ticket 33583: Diferencia encontrada Resuelto -> Cerrada
2025-11-03 11:47:58 - SyncDeskManager - DEBUG - Ticket 33585: No encontrado en Clarity
2025-11-03 11:47:58 - SyncDeskManager - DEBUG - Ticket 33607: Diferencia encontrada Resuelto -> Cerrada
2025-11-03 11:47:58 - SyncDeskManager - DEBUG - Ticket 33608: Diferencia encontrada Resuelto -> Cerrada
2025-11-03 11:47:58 - SyncDeskManager - DEBUG - Ticket 33611: No encontrado en Clarity
2025-11-03 11:47:58 - SyncDeskManager - DEBUG - Ticket 33612: Diferencia encontrada Resuelto -> Cerrada
2025-11-03 11:47:58 - SyncDeskManager - DEBUG - Ticket 33613: Diferencia encontrada Resuelto -> Cerrada
2025-11-03 11:47:58 - SyncDeskManager - DEBUG - Ticket 33614: Diferencia encontrada Resuelto -> Cerrada
2025-11-03 11:47:58 - SyncDeskManager - DEBUG - Ticket 33615: Diferencia encontrada Resuelto -> Cerrada
2025-11-03 11:47:58 - SyncDeskManager - DEBUG - Ticket 33621: No encontrado en Clarity
2025-11-03 11:47:58 - SyncDeskManager - DEBUG - Ticket 33655: No encontrado en Clarity
2025-11-03 11:47:58 - SyncDeskManager - DEBUG - Ticket 33658: Diferencia encontrada Resuelto -> Cerrada
2025-11-03 11:47:58 - SyncDeskManager - DEBUG - Ticket 33667: No encontrado en Clarity
2025-11-03 11:47:58 - SyncDeskManager - DEBUG - Ticket 33669: No encontrado en Clarity
2025-11-03 11:47:58 - SyncDeskManager - DEBUG - Ticket 33671: Diferencia encontrada Resuelto -> Cerrada
2025-11-03 11:47:58 - SyncDeskManager - DEBUG - Ticket 33672: Diferencia encontrada Resuelto -> Cerrada
2025-11-03 11:47:58 - SyncDeskManager - DEBUG - Ticket 33676: Diferencia encontrada Resuelto -> Cerrada
2025-11-03 11:47:58 - SyncDeskManager - DEBUG - Ticket 33680: Diferencia encontrada Resuelto -> Cerrada
2025-11-03 11:47:58 - SyncDeskManager - DEBUG - Ticket 33682: No encontrado en Clarity
2025-11-03 11:47:58 - SyncDeskManager - DEBUG - Ticket 33684: Diferencia encontrada Resuelto -> Cerrada
2025-11-03 11:47:58 - SyncDeskManager - DEBUG - Ticket 33702: No encontrado en Clarity
2025-11-03 11:47:58 - SyncDeskManager - DEBUG - Ticket 33707: Diferencia encontrada Resuelto -> Cerrada
2025-11-03 11:47:58 - SyncDeskManager - DEBUG - Ticket 33712: Diferencia encontrada Resuelto -> Cerrada
2025-11-03 11:47:58 - SyncDeskManager - DEBUG - Ticket 33720: Diferencia encontrada Resuelto -> Cerrada
2025-11-03 11:47:59 - SyncDeskManager - DEBUG - Ticket 33728: Diferencia encontrada Resuelto -> Cerrada
2025-11-03 11:47:59 - SyncDeskManager - DEBUG - Ticket 33732: Diferencia encontrada Resuelto -> Cerrada
2025-11-03 11:47:59 - SyncDeskManager - DEBUG - Ticket 33741: No encontrado en Clarity
2025-11-03 11:47:59 - SyncDeskManager - DEBUG - Ticket 33743: Diferencia encontrada Resuelto -> Cerrada
2025-11-03 11:47:59 - SyncDeskManager - DEBUG - Ticket 33745: Diferencia encontrada Resuelto -> Cerrada
2025-11-03 11:47:59 - SyncDeskManager - DEBUG - Ticket 33746: Diferencia encontrada Resuelto -> Cerrada
2025-11-03 11:47:59 - SyncDeskManager - DEBUG - Ticket 33747: Diferencia encontrada Resuelto -> Cerrada
2025-11-03 11:47:59 - SyncDeskManager - DEBUG - Ticket 33754: Diferencia encontrada Resuelto -> Cerrada
2025-11-03 11:47:59 - SyncDeskManager - DEBUG - Ticket 33755: Diferencia encontrada Resuelto -> Cerrada
2025-11-03 11:47:59 - SyncDeskManager - DEBUG - Ticket 33756: Diferencia encontrada Resuelto -> Cerrada
2025-11-03 11:47:59 - SyncDeskManager - DEBUG - Ticket 33757: Diferencia encontrada Resuelto -> Cerrada
2025-11-03 11:47:59 - SyncDeskManager - DEBUG - Ticket 33766: No encontrado en Clarity
2025-11-03 11:47:59 - SyncDeskManager - DEBUG - Ticket 33767: No encontrado en Clarity
2025-11-03 11:47:59 - SyncDeskManager - DEBUG - Ticket 33771: Diferencia encontrada Resuelto -> Cerrada
2025-11-03 11:47:59 - SyncDeskManager - DEBUG - Ticket 33772: Diferencia encontrada Resuelto -> Cerrada
2025-11-03 11:47:59 - SyncDeskManager - DEBUG - Ticket 33797: Diferencia encontrada Resuelto -> Cerrada
2025-11-03 11:47:59 - SyncDeskManager - DEBUG - Ticket 33798: Diferencia encontrada Resuelto -> Cerrada
2025-11-03 11:47:59 - SyncDeskManager - DEBUG - Ticket 33804: No encontrado en Clarity
2025-11-03 11:47:59 - SyncDeskManager - DEBUG - Ticket 33811: Diferencia encontrada Esperando al cliente -> Cerrada
2025-11-03 11:47:59 - SyncDeskManager - DEBUG - Ticket 33815: Diferencia encontrada Resuelto -> Cerrada
2025-11-03 11:47:59 - SyncDeskManager - DEBUG - Ticket 33820: No encontrado en Clarity
2025-11-03 11:47:59 - SyncDeskManager - DEBUG - Ticket 33837: No encontrado en Clarity
2025-11-03 11:47:59 - SyncDeskManager - DEBUG - Ticket 33842: Diferencia encontrada Resuelto -> Cerrada
2025-11-03 11:47:59 - SyncDeskManager - DEBUG - Ticket 33856: Diferencia encontrada Resuelto -> Cerrada
2025-11-03 11:47:59 - SyncDeskManager - DEBUG - Ticket 33861: No encontrado en Clarity
2025-11-03 11:47:59 - SyncDeskManager - DEBUG - Ticket 33868: Diferencia encontrada Resuelto -> Cerrada
2025-11-03 11:47:59 - SyncDeskManager - DEBUG - Ticket 33869: Diferencia encontrada Resuelto -> Cerrada
2025-11-03 11:47:59 - SyncDeskManager - DEBUG - Ticket 33887: Diferencia encontrada Resuelto -> Cerrada
2025-11-03 11:47:59 - SyncDeskManager - DEBUG - Ticket 33901: No encontrado en Clarity
2025-11-03 11:47:59 - SyncDeskManager - DEBUG - Ticket 33905: Diferencia encontrada Abierta -> Cerrada
2025-11-03 11:47:59 - SyncDeskManager - DEBUG - Ticket 33911: Diferencia encontrada En progreso -> Esperando al cliente
2025-11-03 11:47:59 - SyncDeskManager - DEBUG - Ticket 33913: No encontrado en Clarity
2025-11-03 11:47:59 - SyncDeskManager - DEBUG - Ticket 33936: Diferencia encontrada Resuelto -> Cerrada
2025-11-03 11:47:59 - SyncDeskManager - DEBUG - Ticket 33944: Diferencia encontrada Resuelto -> Cerrada
2025-11-03 11:47:59 - SyncDeskManager - DEBUG - Ticket 33960: Diferencia encontrada Resuelto -> Cerrada
2025-11-03 11:47:59 - SyncDeskManager - DEBUG - Ticket 33963: Diferencia encontrada Resuelto -> Cerrada
2025-11-03 11:47:59 - SyncDeskManager - DEBUG - Ticket 33964: Diferencia encontrada Resuelto -> Cerrada
2025-11-03 11:47:59 - SyncDeskManager - DEBUG - Ticket 33974: Diferencia encontrada Resuelto -> Cerrada
2025-11-03 11:47:59 - SyncDeskManager - DEBUG - Ticket 33998: No encontrado en Clarity
2025-11-03 11:47:59 - SyncDeskManager - DEBUG - Ticket 34008: No encontrado en Clarity
2025-11-03 11:47:59 - SyncDeskManager - DEBUG - Ticket 34021: No encontrado en Clarity
2025-11-03 11:47:59 - SyncDeskManager - DEBUG - Ticket 34025: No encontrado en Clarity
2025-11-03 11:47:59 - SyncDeskManager - DEBUG - Ticket 34038: Diferencia encontrada Abierta -> Esperando al cliente
2025-11-03 11:47:59 - SyncDeskManager - DEBUG - Ticket 34058: Diferencia encontrada Abierta -> En progreso
2025-11-03 11:47:59 - SyncDeskManager - DEBUG - Ticket 34085: Diferencia encontrada En progreso -> Derivado al Fabricante
2025-11-03 11:47:59 - SyncDeskManager - DEBUG - Ticket 34110: No encontrado en Clarity
2025-11-03 11:47:59 - SyncDeskManager - DEBUG - Ticket 34117: Diferencia encontrada Abierta -> Cerrada
2025-11-03 11:47:59 - SyncDeskManager - DEBUG - Ticket 34119: Diferencia encontrada Abierta -> Esperando al cliente
2025-11-03 11:47:59 - SyncDeskManager - DEBUG - Ticket 34130: No encontrado en Clarity
2025-11-03 11:47:59 - SyncDeskManager - DEBUG - Ticket 34132: No encontrado en Clarity
2025-11-03 11:47:59 - SyncDeskManager - DEBUG - Ticket 34133: No encontrado en Clarity
2025-11-03 11:47:59 - SyncDeskManager - DEBUG - Ticket 34137: No encontrado en Clarity
2025-11-03 11:47:59 - SyncDeskManager - DEBUG - Ticket 34142: No encontrado en Clarity
2025-11-03 11:47:59 - SyncDeskManager - DEBUG - Ticket 34143: No encontrado en Clarity
2025-11-03 11:47:59 - SyncDeskManager - DEBUG - Ticket 34145: No encontrado en Clarity
2025-11-03 11:47:59 - SyncDeskManager - DEBUG - Ticket 34148: No encontrado en Clarity
2025-11-03 11:47:59 - SyncDeskManager - DEBUG - Ticket 34149: No encontrado en Clarity
2025-11-03 11:47:59 - SyncDeskManager - DEBUG - Ticket 34153: No encontrado en Clarity
2025-11-03 11:47:59 - SyncDeskManager - INFO - Comparación completada: 163 diferencias encontradas
2025-11-03 11:47:59 - SyncDeskManager - INFO - Buscando IDs de Clarity para 163 tickets...
2025-11-03 11:47:59 - SyncDeskManager - DEBUG - Buscando ticket 31960 directamente en Clarity...
2025-11-03 11:47:59 - urllib3.connectionpool - DEBUG - Starting new HTTPS connection (1): pmservice.tdilatam.com:8043
2025-11-03 11:48:00 - urllib3.connectionpool - DEBUG - https://pmservice.tdilatam.com:8043 "GET /ppm/rest/v1/tasks?filter=%28code+%3D+%2731960%27%29&limit=1&fields=code%2Cp_tdi_estado_freshdesk%2C_internalId%2C_parentId%2Cname%2Cstatus HTTP/1.1" 200 407
2025-11-03 11:48:00 - SyncDeskManager - INFO - Ticket 31960 encontrado directamente
2025-11-03 11:48:00 - SyncDeskManager - DEBUG - Buscando ticket 31961 directamente en Clarity...
2025-11-03 11:48:00 - urllib3.connectionpool - DEBUG - https://pmservice.tdilatam.com:8043 "GET /ppm/rest/v1/tasks?filter=%28code+%3D+%2731961%27%29&limit=1&fields=code%2Cp_tdi_estado_freshdesk%2C_internalId%2C_parentId%2Cname%2Cstatus HTTP/1.1" 200 407
2025-11-03 11:48:00 - SyncDeskManager - INFO - Ticket 31961 encontrado directamente
2025-11-03 11:48:00 - SyncDeskManager - DEBUG - Buscando ticket 31962 directamente en Clarity...
2025-11-03 11:48:00 - urllib3.connectionpool - DEBUG - https://pmservice.tdilatam.com:8043 "GET /ppm/rest/v1/tasks?filter=%28code+%3D+%2731962%27%29&limit=1&fields=code%2Cp_tdi_estado_freshdesk%2C_internalId%2C_parentId%2Cname%2Cstatus HTTP/1.1" 200 417
2025-11-03 11:48:00 - SyncDeskManager - INFO - Ticket 31962 encontrado directamente
2025-11-03 11:48:00 - SyncDeskManager - DEBUG - Buscando ticket 31963 directamente en Clarity...
2025-11-03 11:48:00 - urllib3.connectionpool - DEBUG - https://pmservice.tdilatam.com:8043 "GET /ppm/rest/v1/tasks?filter=%28code+%3D+%2731963%27%29&limit=1&fields=code%2Cp_tdi_estado_freshdesk%2C_internalId%2C_parentId%2Cname%2Cstatus HTTP/1.1" 200 405
2025-11-03 11:48:00 - SyncDeskManager - INFO - Ticket 31963 encontrado directamente
2025-11-03 11:48:00 - SyncDeskManager - DEBUG - Buscando ticket 31964 directamente en Clarity...
2025-11-03 11:48:00 - urllib3.connectionpool - DEBUG - https://pmservice.tdilatam.com:8043 "GET /ppm/rest/v1/tasks?filter=%28code+%3D+%2731964%27%29&limit=1&fields=code%2Cp_tdi_estado_freshdesk%2C_internalId%2C_parentId%2Cname%2Cstatus HTTP/1.1" 200 393
2025-11-03 11:48:00 - SyncDeskManager - INFO - Ticket 31964 encontrado directamente
2025-11-03 11:48:00 - SyncDeskManager - DEBUG - Buscando ticket 31972 directamente en Clarity...
2025-11-03 11:48:00 - urllib3.connectionpool - DEBUG - https://pmservice.tdilatam.com:8043 "GET /ppm/rest/v1/tasks?filter=%28code+%3D+%2731972%27%29&limit=1&fields=code%2Cp_tdi_estado_freshdesk%2C_internalId%2C_parentId%2Cname%2Cstatus HTTP/1.1" 200 406
2025-11-03 11:48:00 - SyncDeskManager - INFO - Ticket 31972 encontrado directamente
2025-11-03 11:48:00 - SyncDeskManager - DEBUG - Buscando ticket 31973 directamente en Clarity...
2025-11-03 11:48:00 - urllib3.connectionpool - DEBUG - https://pmservice.tdilatam.com:8043 "GET /ppm/rest/v1/tasks?filter=%28code+%3D+%2731973%27%29&limit=1&fields=code%2Cp_tdi_estado_freshdesk%2C_internalId%2C_parentId%2Cname%2Cstatus HTTP/1.1" 200 373
2025-11-03 11:48:00 - SyncDeskManager - INFO - Ticket 31973 encontrado directamente
2025-11-03 11:48:00 - SyncDeskManager - DEBUG - Buscando ticket 31974 directamente en Clarity...
2025-11-03 11:48:00 - urllib3.connectionpool - DEBUG - https://pmservice.tdilatam.com:8043 "GET /ppm/rest/v1/tasks?filter=%28code+%3D+%2731974%27%29&limit=1&fields=code%2Cp_tdi_estado_freshdesk%2C_internalId%2C_parentId%2Cname%2Cstatus HTTP/1.1" 200 398
2025-11-03 11:48:00 - SyncDeskManager - INFO - Ticket 31974 encontrado directamente
2025-11-03 11:48:00 - SyncDeskManager - DEBUG - Buscando ticket 31975 directamente en Clarity...
2025-11-03 11:48:00 - urllib3.connectionpool - DEBUG - https://pmservice.tdilatam.com:8043 "GET /ppm/rest/v1/tasks?filter=%28code+%3D+%2731975%27%29&limit=1&fields=code%2Cp_tdi_estado_freshdesk%2C_internalId%2C_parentId%2Cname%2Cstatus HTTP/1.1" 200 407
2025-11-03 11:48:00 - SyncDeskManager - INFO - Ticket 31975 encontrado directamente
2025-11-03 11:48:00 - SyncDeskManager - DEBUG - Buscando ticket 31977 directamente en Clarity...
2025-11-03 11:48:00 - urllib3.connectionpool - DEBUG - https://pmservice.tdilatam.com:8043 "GET /ppm/rest/v1/tasks?filter=%28code+%3D+%2731977%27%29&limit=1&fields=code%2Cp_tdi_estado_freshdesk%2C_internalId%2C_parentId%2Cname%2Cstatus HTTP/1.1" 200 404
2025-11-03 11:48:00 - SyncDeskManager - INFO - Ticket 31977 encontrado directamente
2025-11-03 11:48:00 - SyncDeskManager - DEBUG - Buscando ticket 31978 directamente en Clarity...
2025-11-03 11:48:01 - urllib3.connectionpool - DEBUG - https://pmservice.tdilatam.com:8043 "GET /ppm/rest/v1/tasks?filter=%28code+%3D+%2731978%27%29&limit=1&fields=code%2Cp_tdi_estado_freshdesk%2C_internalId%2C_parentId%2Cname%2Cstatus HTTP/1.1" 200 387
2025-11-03 11:48:01 - SyncDeskManager - INFO - Ticket 31978 encontrado directamente
2025-11-03 11:48:01 - SyncDeskManager - DEBUG - Buscando ticket 31979 directamente en Clarity...
2025-11-03 11:48:01 - urllib3.connectionpool - DEBUG - https://pmservice.tdilatam.com:8043 "GET /ppm/rest/v1/tasks?filter=%28code+%3D+%2731979%27%29&limit=1&fields=code%2Cp_tdi_estado_freshdesk%2C_internalId%2C_parentId%2Cname%2Cstatus HTTP/1.1" 200 388
2025-11-03 11:48:01 - SyncDeskManager - INFO - Ticket 31979 encontrado directamente
2025-11-03 11:48:01 - SyncDeskManager - DEBUG - Buscando ticket 31983 directamente en Clarity...
2025-11-03 11:48:01 - urllib3.connectionpool - DEBUG - https://pmservice.tdilatam.com:8043 "GET /ppm/rest/v1/tasks?filter=%28code+%3D+%2731983%27%29&limit=1&fields=code%2Cp_tdi_estado_freshdesk%2C_internalId%2C_parentId%2Cname%2Cstatus HTTP/1.1" 200 413
2025-11-03 11:48:01 - SyncDeskManager - INFO - Ticket 31983 encontrado directamente
2025-11-03 11:48:01 - SyncDeskManager - DEBUG - Buscando ticket 31984 directamente en Clarity...
2025-11-03 11:48:01 - urllib3.connectionpool - DEBUG - https://pmservice.tdilatam.com:8043 "GET /ppm/rest/v1/tasks?filter=%28code+%3D+%2731984%27%29&limit=1&fields=code%2Cp_tdi_estado_freshdesk%2C_internalId%2C_parentId%2Cname%2Cstatus HTTP/1.1" 200 401
2025-11-03 11:48:01 - SyncDeskManager - INFO - Ticket 31984 encontrado directamente
2025-11-03 11:48:01 - SyncDeskManager - DEBUG - Buscando ticket 31987 directamente en Clarity...
2025-11-03 11:48:01 - urllib3.connectionpool - DEBUG - https://pmservice.tdilatam.com:8043 "GET /ppm/rest/v1/tasks?filter=%28code+%3D+%2731987%27%29&limit=1&fields=code%2Cp_tdi_estado_freshdesk%2C_internalId%2C_parentId%2Cname%2Cstatus HTTP/1.1" 200 406
2025-11-03 11:48:01 - SyncDeskManager - INFO - Ticket 31987 encontrado directamente
2025-11-03 11:48:01 - SyncDeskManager - DEBUG - Buscando ticket 31990 directamente en Clarity...
2025-11-03 11:48:01 - urllib3.connectionpool - DEBUG - https://pmservice.tdilatam.com:8043 "GET /ppm/rest/v1/tasks?filter=%28code+%3D+%2731990%27%29&limit=1&fields=code%2Cp_tdi_estado_freshdesk%2C_internalId%2C_parentId%2Cname%2Cstatus HTTP/1.1" 200 392
2025-11-03 11:48:01 - SyncDeskManager - INFO - Ticket 31990 encontrado directamente
2025-11-03 11:48:01 - SyncDeskManager - DEBUG - Buscando ticket 31994 directamente en Clarity...
2025-11-03 11:48:01 - urllib3.connectionpool - DEBUG - https://pmservice.tdilatam.com:8043 "GET /ppm/rest/v1/tasks?filter=%28code+%3D+%2731994%27%29&limit=1&fields=code%2Cp_tdi_estado_freshdesk%2C_internalId%2C_parentId%2Cname%2Cstatus HTTP/1.1" 200 407
2025-11-03 11:48:01 - SyncDeskManager - INFO - Ticket 31994 encontrado directamente
2025-11-03 11:48:01 - SyncDeskManager - DEBUG - Buscando ticket 31996 directamente en Clarity...
2025-11-03 11:48:01 - urllib3.connectionpool - DEBUG - https://pmservice.tdilatam.com:8043 "GET /ppm/rest/v1/tasks?filter=%28code+%3D+%2731996%27%29&limit=1&fields=code%2Cp_tdi_estado_freshdesk%2C_internalId%2C_parentId%2Cname%2Cstatus HTTP/1.1" 200 413
2025-11-03 11:48:01 - SyncDeskManager - INFO - Ticket 31996 encontrado directamente
2025-11-03 11:48:01 - SyncDeskManager - DEBUG - Buscando ticket 31997 directamente en Clarity...
2025-11-03 11:48:01 - urllib3.connectionpool - DEBUG - https://pmservice.tdilatam.com:8043 "GET /ppm/rest/v1/tasks?filter=%28code+%3D+%2731997%27%29&limit=1&fields=code%2Cp_tdi_estado_freshdesk%2C_internalId%2C_parentId%2Cname%2Cstatus HTTP/1.1" 200 416
2025-11-03 11:48:01 - SyncDeskManager - INFO - Ticket 31997 encontrado directamente
2025-11-03 11:48:01 - SyncDeskManager - DEBUG - Buscando ticket 31999 directamente en Clarity...
2025-11-03 11:48:01 - urllib3.connectionpool - DEBUG - https://pmservice.tdilatam.com:8043 "GET /ppm/rest/v1/tasks?filter=%28code+%3D+%2731999%27%29&limit=1&fields=code%2Cp_tdi_estado_freshdesk%2C_internalId%2C_parentId%2Cname%2Cstatus HTTP/1.1" 200 376
2025-11-03 11:48:01 - SyncDeskManager - INFO - Ticket 31999 encontrado directamente
2025-11-03 11:48:01 - SyncDeskManager - DEBUG - Buscando ticket 32001 directamente en Clarity...
2025-11-03 11:48:01 - urllib3.connectionpool - DEBUG - https://pmservice.tdilatam.com:8043 "GET /ppm/rest/v1/tasks?filter=%28code+%3D+%2732001%27%29&limit=1&fields=code%2Cp_tdi_estado_freshdesk%2C_internalId%2C_parentId%2Cname%2Cstatus HTTP/1.1" 200 407
2025-11-03 11:48:01 - SyncDeskManager - INFO - Ticket 32001 encontrado directamente
2025-11-03 11:48:01 - SyncDeskManager - DEBUG - Buscando ticket 32003 directamente en Clarity...
2025-11-03 11:48:01 - urllib3.connectionpool - DEBUG - https://pmservice.tdilatam.com:8043 "GET /ppm/rest/v1/tasks?filter=%28code+%3D+%2732003%27%29&limit=1&fields=code%2Cp_tdi_estado_freshdesk%2C_internalId%2C_parentId%2Cname%2Cstatus HTTP/1.1" 200 368
2025-11-03 11:48:01 - SyncDeskManager - INFO - Ticket 32003 encontrado directamente
2025-11-03 11:48:01 - SyncDeskManager - DEBUG - Buscando ticket 32005 directamente en Clarity...
2025-11-03 11:48:01 - urllib3.connectionpool - DEBUG - https://pmservice.tdilatam.com:8043 "GET /ppm/rest/v1/tasks?filter=%28code+%3D+%2732005%27%29&limit=1&fields=code%2Cp_tdi_estado_freshdesk%2C_internalId%2C_parentId%2Cname%2Cstatus HTTP/1.1" 200 406
2025-11-03 11:48:01 - SyncDeskManager - INFO - Ticket 32005 encontrado directamente
2025-11-03 11:48:01 - SyncDeskManager - DEBUG - Buscando ticket 32008 directamente en Clarity...
2025-11-03 11:48:01 - urllib3.connectionpool - DEBUG - https://pmservice.tdilatam.com:8043 "GET /ppm/rest/v1/tasks?filter=%28code+%3D+%2732008%27%29&limit=1&fields=code%2Cp_tdi_estado_freshdesk%2C_internalId%2C_parentId%2Cname%2Cstatus HTTP/1.1" 200 387
2025-11-03 11:48:01 - SyncDeskManager - INFO - Ticket 32008 encontrado directamente
2025-11-03 11:48:01 - SyncDeskManager - DEBUG - Buscando ticket 32009 directamente en Clarity...
2025-11-03 11:48:02 - urllib3.connectionpool - DEBUG - https://pmservice.tdilatam.com:8043 "GET /ppm/rest/v1/tasks?filter=%28code+%3D+%2732009%27%29&limit=1&fields=code%2Cp_tdi_estado_freshdesk%2C_internalId%2C_parentId%2Cname%2Cstatus HTTP/1.1" 200 372
2025-11-03 11:48:02 - SyncDeskManager - INFO - Ticket 32009 encontrado directamente
2025-11-03 11:48:02 - SyncDeskManager - DEBUG - Buscando ticket 32010 directamente en Clarity...
2025-11-03 11:48:02 - urllib3.connectionpool - DEBUG - https://pmservice.tdilatam.com:8043 "GET /ppm/rest/v1/tasks?filter=%28code+%3D+%2732010%27%29&limit=1&fields=code%2Cp_tdi_estado_freshdesk%2C_internalId%2C_parentId%2Cname%2Cstatus HTTP/1.1" 200 372
2025-11-03 11:48:02 - SyncDeskManager - INFO - Ticket 32010 encontrado directamente
2025-11-03 11:48:02 - SyncDeskManager - DEBUG - Buscando ticket 32011 directamente en Clarity...
2025-11-03 11:48:02 - urllib3.connectionpool - DEBUG - https://pmservice.tdilatam.com:8043 "GET /ppm/rest/v1/tasks?filter=%28code+%3D+%2732011%27%29&limit=1&fields=code%2Cp_tdi_estado_freshdesk%2C_internalId%2C_parentId%2Cname%2Cstatus HTTP/1.1" 200 395
2025-11-03 11:48:02 - SyncDeskManager - INFO - Ticket 32011 encontrado directamente
2025-11-03 11:48:02 - SyncDeskManager - DEBUG - Buscando ticket 32012 directamente en Clarity...
2025-11-03 11:48:02 - urllib3.connectionpool - DEBUG - https://pmservice.tdilatam.com:8043 "GET /ppm/rest/v1/tasks?filter=%28code+%3D+%2732012%27%29&limit=1&fields=code%2Cp_tdi_estado_freshdesk%2C_internalId%2C_parentId%2Cname%2Cstatus HTTP/1.1" 200 368
2025-11-03 11:48:02 - SyncDeskManager - INFO - Ticket 32012 encontrado directamente
2025-11-03 11:48:02 - SyncDeskManager - DEBUG - Buscando ticket 32013 directamente en Clarity...
2025-11-03 11:48:02 - urllib3.connectionpool - DEBUG - https://pmservice.tdilatam.com:8043 "GET /ppm/rest/v1/tasks?filter=%28code+%3D+%2732013%27%29&limit=1&fields=code%2Cp_tdi_estado_freshdesk%2C_internalId%2C_parentId%2Cname%2Cstatus HTTP/1.1" 200 394
2025-11-03 11:48:02 - SyncDeskManager - INFO - Ticket 32013 encontrado directamente
2025-11-03 11:48:02 - SyncDeskManager - DEBUG - Buscando ticket 32014 directamente en Clarity...
2025-11-03 11:48:02 - urllib3.connectionpool - DEBUG - https://pmservice.tdilatam.com:8043 "GET /ppm/rest/v1/tasks?filter=%28code+%3D+%2732014%27%29&limit=1&fields=code%2Cp_tdi_estado_freshdesk%2C_internalId%2C_parentId%2Cname%2Cstatus HTTP/1.1" 200 394
2025-11-03 11:48:02 - SyncDeskManager - INFO - Ticket 32014 encontrado directamente
2025-11-03 11:48:02 - SyncDeskManager - DEBUG - Buscando ticket 32015 directamente en Clarity...
2025-11-03 11:48:02 - urllib3.connectionpool - DEBUG - https://pmservice.tdilatam.com:8043 "GET /ppm/rest/v1/tasks?filter=%28code+%3D+%2732015%27%29&limit=1&fields=code%2Cp_tdi_estado_freshdesk%2C_internalId%2C_parentId%2Cname%2Cstatus HTTP/1.1" 200 394
2025-11-03 11:48:02 - SyncDeskManager - INFO - Ticket 32015 encontrado directamente
2025-11-03 11:48:02 - SyncDeskManager - DEBUG - Buscando ticket 32020 directamente en Clarity...
2025-11-03 11:48:02 - urllib3.connectionpool - DEBUG - https://pmservice.tdilatam.com:8043 "GET /ppm/rest/v1/tasks?filter=%28code+%3D+%2732020%27%29&limit=1&fields=code%2Cp_tdi_estado_freshdesk%2C_internalId%2C_parentId%2Cname%2Cstatus HTTP/1.1" 200 407
2025-11-03 11:48:02 - SyncDeskManager - INFO - Ticket 32020 encontrado directamente
2025-11-03 11:48:02 - SyncDeskManager - DEBUG - Buscando ticket 32021 directamente en Clarity...
2025-11-03 11:48:02 - urllib3.connectionpool - DEBUG - https://pmservice.tdilatam.com:8043 "GET /ppm/rest/v1/tasks?filter=%28code+%3D+%2732021%27%29&limit=1&fields=code%2Cp_tdi_estado_freshdesk%2C_internalId%2C_parentId%2Cname%2Cstatus HTTP/1.1" 200 407
2025-11-03 11:48:02 - SyncDeskManager - INFO - Ticket 32021 encontrado directamente
2025-11-03 11:48:02 - SyncDeskManager - DEBUG - Buscando ticket 32022 directamente en Clarity...
2025-11-03 11:48:02 - urllib3.connectionpool - DEBUG - https://pmservice.tdilatam.com:8043 "GET /ppm/rest/v1/tasks?filter=%28code+%3D+%2732022%27%29&limit=1&fields=code%2Cp_tdi_estado_freshdesk%2C_internalId%2C_parentId%2Cname%2Cstatus HTTP/1.1" 200 407
2025-11-03 11:48:02 - SyncDeskManager - INFO - Ticket 32022 encontrado directamente
2025-11-03 11:48:02 - SyncDeskManager - DEBUG - Buscando ticket 32025 directamente en Clarity...
2025-11-03 11:48:02 - urllib3.connectionpool - DEBUG - https://pmservice.tdilatam.com:8043 "GET /ppm/rest/v1/tasks?filter=%28code+%3D+%2732025%27%29&limit=1&fields=code%2Cp_tdi_estado_freshdesk%2C_internalId%2C_parentId%2Cname%2Cstatus HTTP/1.1" 200 406
2025-11-03 11:48:02 - SyncDeskManager - INFO - Ticket 32025 encontrado directamente
2025-11-03 11:48:02 - SyncDeskManager - DEBUG - Buscando ticket 32033 directamente en Clarity...
2025-11-03 11:48:02 - urllib3.connectionpool - DEBUG - https://pmservice.tdilatam.com:8043 "GET /ppm/rest/v1/tasks?filter=%28code+%3D+%2732033%27%29&limit=1&fields=code%2Cp_tdi_estado_freshdesk%2C_internalId%2C_parentId%2Cname%2Cstatus HTTP/1.1" 200 389
2025-11-03 11:48:02 - SyncDeskManager - INFO - Ticket 32033 encontrado directamente
2025-11-03 11:48:02 - SyncDeskManager - DEBUG - Buscando ticket 32035 directamente en Clarity...
2025-11-03 11:48:02 - urllib3.connectionpool - DEBUG - https://pmservice.tdilatam.com:8043 "GET /ppm/rest/v1/tasks?filter=%28code+%3D+%2732035%27%29&limit=1&fields=code%2Cp_tdi_estado_freshdesk%2C_internalId%2C_parentId%2Cname%2Cstatus HTTP/1.1" 200 407
2025-11-03 11:48:02 - SyncDeskManager - INFO - Ticket 32035 encontrado directamente
2025-11-03 11:48:02 - SyncDeskManager - DEBUG - Buscando ticket 32036 directamente en Clarity...
2025-11-03 11:48:02 - urllib3.connectionpool - DEBUG - https://pmservice.tdilatam.com:8043 "GET /ppm/rest/v1/tasks?filter=%28code+%3D+%2732036%27%29&limit=1&fields=code%2Cp_tdi_estado_freshdesk%2C_internalId%2C_parentId%2Cname%2Cstatus HTTP/1.1" 200 415
2025-11-03 11:48:02 - SyncDeskManager - INFO - Ticket 32036 encontrado directamente
2025-11-03 11:48:02 - SyncDeskManager - DEBUG - Buscando ticket 32041 directamente en Clarity...
2025-11-03 11:48:02 - urllib3.connectionpool - DEBUG - https://pmservice.tdilatam.com:8043 "GET /ppm/rest/v1/tasks?filter=%28code+%3D+%2732041%27%29&limit=1&fields=code%2Cp_tdi_estado_freshdesk%2C_internalId%2C_parentId%2Cname%2Cstatus HTTP/1.1" 200 417
2025-11-03 11:48:02 - SyncDeskManager - INFO - Ticket 32041 encontrado directamente
2025-11-03 11:48:02 - SyncDeskManager - DEBUG - Buscando ticket 32042 directamente en Clarity...
2025-11-03 11:48:02 - urllib3.connectionpool - DEBUG - https://pmservice.tdilatam.com:8043 "GET /ppm/rest/v1/tasks?filter=%28code+%3D+%2732042%27%29&limit=1&fields=code%2Cp_tdi_estado_freshdesk%2C_internalId%2C_parentId%2Cname%2Cstatus HTTP/1.1" 200 368
2025-11-03 11:48:02 - SyncDeskManager - INFO - Ticket 32042 encontrado directamente
2025-11-03 11:48:02 - SyncDeskManager - DEBUG - Buscando ticket 32043 directamente en Clarity...
2025-11-03 11:48:02 - urllib3.connectionpool - DEBUG - https://pmservice.tdilatam.com:8043 "GET /ppm/rest/v1/tasks?filter=%28code+%3D+%2732043%27%29&limit=1&fields=code%2Cp_tdi_estado_freshdesk%2C_internalId%2C_parentId%2Cname%2Cstatus HTTP/1.1" 200 387
2025-11-03 11:48:02 - SyncDeskManager - INFO - Ticket 32043 encontrado directamente
2025-11-03 11:48:02 - SyncDeskManager - DEBUG - Buscando ticket 32044 directamente en Clarity...
2025-11-03 11:48:02 - urllib3.connectionpool - DEBUG - https://pmservice.tdilatam.com:8043 "GET /ppm/rest/v1/tasks?filter=%28code+%3D+%2732044%27%29&limit=1&fields=code%2Cp_tdi_estado_freshdesk%2C_internalId%2C_parentId%2Cname%2Cstatus HTTP/1.1" 200 377
2025-11-03 11:48:02 - SyncDeskManager - INFO - Ticket 32044 encontrado directamente
2025-11-03 11:48:02 - SyncDeskManager - DEBUG - Buscando ticket 32067 directamente en Clarity...
2025-11-03 11:48:03 - urllib3.connectionpool - DEBUG - https://pmservice.tdilatam.com:8043 "GET /ppm/rest/v1/tasks?filter=%28code+%3D+%2732067%27%29&limit=1&fields=code%2Cp_tdi_estado_freshdesk%2C_internalId%2C_parentId%2Cname%2Cstatus HTTP/1.1" 200 414
2025-11-03 11:48:03 - SyncDeskManager - INFO - Ticket 32067 encontrado directamente
2025-11-03 11:48:03 - SyncDeskManager - DEBUG - Buscando ticket 32068 directamente en Clarity...
2025-11-03 11:48:03 - urllib3.connectionpool - DEBUG - https://pmservice.tdilatam.com:8043 "GET /ppm/rest/v1/tasks?filter=%28code+%3D+%2732068%27%29&limit=1&fields=code%2Cp_tdi_estado_freshdesk%2C_internalId%2C_parentId%2Cname%2Cstatus HTTP/1.1" 200 410
2025-11-03 11:48:03 - SyncDeskManager - INFO - Ticket 32068 encontrado directamente
2025-11-03 11:48:03 - SyncDeskManager - DEBUG - Buscando ticket 32075 directamente en Clarity...
2025-11-03 11:48:03 - urllib3.connectionpool - DEBUG - https://pmservice.tdilatam.com:8043 "GET /ppm/rest/v1/tasks?filter=%28code+%3D+%2732075%27%29&limit=1&fields=code%2Cp_tdi_estado_freshdesk%2C_internalId%2C_parentId%2Cname%2Cstatus HTTP/1.1" 200 372
2025-11-03 11:48:03 - SyncDeskManager - INFO - Ticket 32075 encontrado directamente
2025-11-03 11:48:03 - SyncDeskManager - DEBUG - Buscando ticket 32088 directamente en Clarity...
2025-11-03 11:48:03 - urllib3.connectionpool - DEBUG - https://pmservice.tdilatam.com:8043 "GET /ppm/rest/v1/tasks?filter=%28code+%3D+%2732088%27%29&limit=1&fields=code%2Cp_tdi_estado_freshdesk%2C_internalId%2C_parentId%2Cname%2Cstatus HTTP/1.1" 200 424
2025-11-03 11:48:03 - SyncDeskManager - INFO - Ticket 32088 encontrado directamente
2025-11-03 11:48:03 - SyncDeskManager - DEBUG - Buscando ticket 32097 directamente en Clarity...
2025-11-03 11:48:03 - urllib3.connectionpool - DEBUG - https://pmservice.tdilatam.com:8043 "GET /ppm/rest/v1/tasks?filter=%28code+%3D+%2732097%27%29&limit=1&fields=code%2Cp_tdi_estado_freshdesk%2C_internalId%2C_parentId%2Cname%2Cstatus HTTP/1.1" 200 403
2025-11-03 11:48:03 - SyncDeskManager - INFO - Ticket 32097 encontrado directamente
2025-11-03 11:48:03 - SyncDeskManager - DEBUG - Buscando ticket 32103 directamente en Clarity...
2025-11-03 11:48:03 - urllib3.connectionpool - DEBUG - https://pmservice.tdilatam.com:8043 "GET /ppm/rest/v1/tasks?filter=%28code+%3D+%2732103%27%29&limit=1&fields=code%2Cp_tdi_estado_freshdesk%2C_internalId%2C_parentId%2Cname%2Cstatus HTTP/1.1" 200 413
2025-11-03 11:48:03 - SyncDeskManager - INFO - Ticket 32103 encontrado directamente
2025-11-03 11:48:03 - SyncDeskManager - DEBUG - Buscando ticket 32110 directamente en Clarity...
2025-11-03 11:48:03 - urllib3.connectionpool - DEBUG - https://pmservice.tdilatam.com:8043 "GET /ppm/rest/v1/tasks?filter=%28code+%3D+%2732110%27%29&limit=1&fields=code%2Cp_tdi_estado_freshdesk%2C_internalId%2C_parentId%2Cname%2Cstatus HTTP/1.1" 200 387
2025-11-03 11:48:03 - SyncDeskManager - INFO - Ticket 32110 encontrado directamente
2025-11-03 11:48:03 - SyncDeskManager - DEBUG - Buscando ticket 32114 directamente en Clarity...
2025-11-03 11:48:03 - urllib3.connectionpool - DEBUG - https://pmservice.tdilatam.com:8043 "GET /ppm/rest/v1/tasks?filter=%28code+%3D+%2732114%27%29&limit=1&fields=code%2Cp_tdi_estado_freshdesk%2C_internalId%2C_parentId%2Cname%2Cstatus HTTP/1.1" 200 389
2025-11-03 11:48:03 - SyncDeskManager - INFO - Ticket 32114 encontrado directamente
2025-11-03 11:48:03 - SyncDeskManager - DEBUG - Buscando ticket 32115 directamente en Clarity...
2025-11-03 11:48:03 - urllib3.connectionpool - DEBUG - https://pmservice.tdilatam.com:8043 "GET /ppm/rest/v1/tasks?filter=%28code+%3D+%2732115%27%29&limit=1&fields=code%2Cp_tdi_estado_freshdesk%2C_internalId%2C_parentId%2Cname%2Cstatus HTTP/1.1" 200 404
2025-11-03 11:48:03 - SyncDeskManager - INFO - Ticket 32115 encontrado directamente
2025-11-03 11:48:03 - SyncDeskManager - DEBUG - Buscando ticket 32117 directamente en Clarity...
2025-11-03 11:48:03 - urllib3.connectionpool - DEBUG - https://pmservice.tdilatam.com:8043 "GET /ppm/rest/v1/tasks?filter=%28code+%3D+%2732117%27%29&limit=1&fields=code%2Cp_tdi_estado_freshdesk%2C_internalId%2C_parentId%2Cname%2Cstatus HTTP/1.1" 200 388
2025-11-03 11:48:03 - SyncDeskManager - INFO - Ticket 32117 encontrado directamente
2025-11-03 11:48:03 - SyncDeskManager - DEBUG - Buscando ticket 32118 directamente en Clarity...
2025-11-03 11:48:03 - urllib3.connectionpool - DEBUG - https://pmservice.tdilatam.com:8043 "GET /ppm/rest/v1/tasks?filter=%28code+%3D+%2732118%27%29&limit=1&fields=code%2Cp_tdi_estado_freshdesk%2C_internalId%2C_parentId%2Cname%2Cstatus HTTP/1.1" 200 408
2025-11-03 11:48:03 - SyncDeskManager - INFO - Ticket 32118 encontrado directamente
2025-11-03 11:48:03 - SyncDeskManager - DEBUG - Buscando ticket 32120 directamente en Clarity...
2025-11-03 11:48:03 - urllib3.connectionpool - DEBUG - https://pmservice.tdilatam.com:8043 "GET /ppm/rest/v1/tasks?filter=%28code+%3D+%2732120%27%29&limit=1&fields=code%2Cp_tdi_estado_freshdesk%2C_internalId%2C_parentId%2Cname%2Cstatus HTTP/1.1" 200 407
2025-11-03 11:48:03 - SyncDeskManager - INFO - Ticket 32120 encontrado directamente
2025-11-03 11:48:03 - SyncDeskManager - DEBUG - Buscando ticket 32121 directamente en Clarity...
2025-11-03 11:48:03 - urllib3.connectionpool - DEBUG - https://pmservice.tdilatam.com:8043 "GET /ppm/rest/v1/tasks?filter=%28code+%3D+%2732121%27%29&limit=1&fields=code%2Cp_tdi_estado_freshdesk%2C_internalId%2C_parentId%2Cname%2Cstatus HTTP/1.1" 200 385
2025-11-03 11:48:03 - SyncDeskManager - INFO - Ticket 32121 encontrado directamente
2025-11-03 11:48:03 - SyncDeskManager - DEBUG - Buscando ticket 32122 directamente en Clarity...
2025-11-03 11:48:03 - urllib3.connectionpool - DEBUG - https://pmservice.tdilatam.com:8043 "GET /ppm/rest/v1/tasks?filter=%28code+%3D+%2732122%27%29&limit=1&fields=code%2Cp_tdi_estado_freshdesk%2C_internalId%2C_parentId%2Cname%2Cstatus HTTP/1.1" 200 424
2025-11-03 11:48:03 - SyncDeskManager - INFO - Ticket 32122 encontrado directamente
2025-11-03 11:48:03 - SyncDeskManager - DEBUG - Buscando ticket 32123 directamente en Clarity...
2025-11-03 11:48:03 - urllib3.connectionpool - DEBUG - https://pmservice.tdilatam.com:8043 "GET /ppm/rest/v1/tasks?filter=%28code+%3D+%2732123%27%29&limit=1&fields=code%2Cp_tdi_estado_freshdesk%2C_internalId%2C_parentId%2Cname%2Cstatus HTTP/1.1" 200 394
2025-11-03 11:48:03 - SyncDeskManager - INFO - Ticket 32123 encontrado directamente
2025-11-03 11:48:03 - SyncDeskManager - DEBUG - Buscando ticket 32125 directamente en Clarity...
2025-11-03 11:48:03 - urllib3.connectionpool - DEBUG - https://pmservice.tdilatam.com:8043 "GET /ppm/rest/v1/tasks?filter=%28code+%3D+%2732125%27%29&limit=1&fields=code%2Cp_tdi_estado_freshdesk%2C_internalId%2C_parentId%2Cname%2Cstatus HTTP/1.1" 200 398
2025-11-03 11:48:03 - SyncDeskManager - INFO - Ticket 32125 encontrado directamente
2025-11-03 11:48:03 - SyncDeskManager - DEBUG - Buscando ticket 32126 directamente en Clarity...
2025-11-03 11:48:03 - urllib3.connectionpool - DEBUG - https://pmservice.tdilatam.com:8043 "GET /ppm/rest/v1/tasks?filter=%28code+%3D+%2732126%27%29&limit=1&fields=code%2Cp_tdi_estado_freshdesk%2C_internalId%2C_parentId%2Cname%2Cstatus HTTP/1.1" 200 389
2025-11-03 11:48:03 - SyncDeskManager - INFO - Ticket 32126 encontrado directamente
2025-11-03 11:48:03 - SyncDeskManager - DEBUG - Buscando ticket 32128 directamente en Clarity...
2025-11-03 11:48:03 - urllib3.connectionpool - DEBUG - https://pmservice.tdilatam.com:8043 "GET /ppm/rest/v1/tasks?filter=%28code+%3D+%2732128%27%29&limit=1&fields=code%2Cp_tdi_estado_freshdesk%2C_internalId%2C_parentId%2Cname%2Cstatus HTTP/1.1" 200 397
2025-11-03 11:48:03 - SyncDeskManager - INFO - Ticket 32128 encontrado directamente
2025-11-03 11:48:03 - SyncDeskManager - DEBUG - Buscando ticket 32129 directamente en Clarity...
2025-11-03 11:48:03 - urllib3.connectionpool - DEBUG - https://pmservice.tdilatam.com:8043 "GET /ppm/rest/v1/tasks?filter=%28code+%3D+%2732129%27%29&limit=1&fields=code%2Cp_tdi_estado_freshdesk%2C_internalId%2C_parentId%2Cname%2Cstatus HTTP/1.1" 200 394
2025-11-03 11:48:03 - SyncDeskManager - INFO - Ticket 32129 encontrado directamente
2025-11-03 11:48:03 - SyncDeskManager - DEBUG - Buscando ticket 32130 directamente en Clarity...
2025-11-03 11:48:04 - urllib3.connectionpool - DEBUG - https://pmservice.tdilatam.com:8043 "GET /ppm/rest/v1/tasks?filter=%28code+%3D+%2732130%27%29&limit=1&fields=code%2Cp_tdi_estado_freshdesk%2C_internalId%2C_parentId%2Cname%2Cstatus HTTP/1.1" 200 396
2025-11-03 11:48:04 - SyncDeskManager - INFO - Ticket 32130 encontrado directamente
2025-11-03 11:48:04 - SyncDeskManager - DEBUG - Buscando ticket 32144 directamente en Clarity...
2025-11-03 11:48:04 - urllib3.connectionpool - DEBUG - https://pmservice.tdilatam.com:8043 "GET /ppm/rest/v1/tasks?filter=%28code+%3D+%2732144%27%29&limit=1&fields=code%2Cp_tdi_estado_freshdesk%2C_internalId%2C_parentId%2Cname%2Cstatus HTTP/1.1" 200 433
2025-11-03 11:48:04 - SyncDeskManager - INFO - Ticket 32144 encontrado directamente
2025-11-03 11:48:04 - SyncDeskManager - DEBUG - Buscando ticket 32155 directamente en Clarity...
2025-11-03 11:48:04 - urllib3.connectionpool - DEBUG - https://pmservice.tdilatam.com:8043 "GET /ppm/rest/v1/tasks?filter=%28code+%3D+%2732155%27%29&limit=1&fields=code%2Cp_tdi_estado_freshdesk%2C_internalId%2C_parentId%2Cname%2Cstatus HTTP/1.1" 200 406
2025-11-03 11:48:04 - SyncDeskManager - INFO - Ticket 32155 encontrado directamente
2025-11-03 11:48:04 - SyncDeskManager - DEBUG - Buscando ticket 32157 directamente en Clarity...
2025-11-03 11:48:04 - urllib3.connectionpool - DEBUG - https://pmservice.tdilatam.com:8043 "GET /ppm/rest/v1/tasks?filter=%28code+%3D+%2732157%27%29&limit=1&fields=code%2Cp_tdi_estado_freshdesk%2C_internalId%2C_parentId%2Cname%2Cstatus HTTP/1.1" 200 387
2025-11-03 11:48:04 - SyncDeskManager - INFO - Ticket 32157 encontrado directamente
2025-11-03 11:48:04 - SyncDeskManager - DEBUG - Buscando ticket 32158 directamente en Clarity...
2025-11-03 11:48:04 - urllib3.connectionpool - DEBUG - https://pmservice.tdilatam.com:8043 "GET /ppm/rest/v1/tasks?filter=%28code+%3D+%2732158%27%29&limit=1&fields=code%2Cp_tdi_estado_freshdesk%2C_internalId%2C_parentId%2Cname%2Cstatus HTTP/1.1" 200 378
2025-11-03 11:48:04 - SyncDeskManager - INFO - Ticket 32158 encontrado directamente
2025-11-03 11:48:04 - SyncDeskManager - DEBUG - Buscando ticket 32159 directamente en Clarity...
2025-11-03 11:48:04 - urllib3.connectionpool - DEBUG - https://pmservice.tdilatam.com:8043 "GET /ppm/rest/v1/tasks?filter=%28code+%3D+%2732159%27%29&limit=1&fields=code%2Cp_tdi_estado_freshdesk%2C_internalId%2C_parentId%2Cname%2Cstatus HTTP/1.1" 200 406
2025-11-03 11:48:04 - SyncDeskManager - INFO - Ticket 32159 encontrado directamente
2025-11-03 11:48:04 - SyncDeskManager - DEBUG - Buscando ticket 32160 directamente en Clarity...
2025-11-03 11:48:04 - urllib3.connectionpool - DEBUG - https://pmservice.tdilatam.com:8043 "GET /ppm/rest/v1/tasks?filter=%28code+%3D+%2732160%27%29&limit=1&fields=code%2Cp_tdi_estado_freshdesk%2C_internalId%2C_parentId%2Cname%2Cstatus HTTP/1.1" 200 411
2025-11-03 11:48:04 - SyncDeskManager - INFO - Ticket 32160 encontrado directamente
2025-11-03 11:48:04 - SyncDeskManager - DEBUG - Buscando ticket 32161 directamente en Clarity...
2025-11-03 11:48:04 - urllib3.connectionpool - DEBUG - https://pmservice.tdilatam.com:8043 "GET /ppm/rest/v1/tasks?filter=%28code+%3D+%2732161%27%29&limit=1&fields=code%2Cp_tdi_estado_freshdesk%2C_internalId%2C_parentId%2Cname%2Cstatus HTTP/1.1" 200 408
2025-11-03 11:48:04 - SyncDeskManager - INFO - Ticket 32161 encontrado directamente
2025-11-03 11:48:04 - SyncDeskManager - DEBUG - Buscando ticket 32162 directamente en Clarity...
2025-11-03 11:48:04 - urllib3.connectionpool - DEBUG - https://pmservice.tdilatam.com:8043 "GET /ppm/rest/v1/tasks?filter=%28code+%3D+%2732162%27%29&limit=1&fields=code%2Cp_tdi_estado_freshdesk%2C_internalId%2C_parentId%2Cname%2Cstatus HTTP/1.1" 200 398
2025-11-03 11:48:04 - SyncDeskManager - INFO - Ticket 32162 encontrado directamente
2025-11-03 11:48:04 - SyncDeskManager - DEBUG - Buscando ticket 32173 directamente en Clarity...
2025-11-03 11:48:04 - urllib3.connectionpool - DEBUG - https://pmservice.tdilatam.com:8043 "GET /ppm/rest/v1/tasks?filter=%28code+%3D+%2732173%27%29&limit=1&fields=code%2Cp_tdi_estado_freshdesk%2C_internalId%2C_parentId%2Cname%2Cstatus HTTP/1.1" 200 409
2025-11-03 11:48:04 - SyncDeskManager - INFO - Ticket 32173 encontrado directamente
2025-11-03 11:48:04 - SyncDeskManager - DEBUG - Buscando ticket 32174 directamente en Clarity...
2025-11-03 11:48:04 - urllib3.connectionpool - DEBUG - https://pmservice.tdilatam.com:8043 "GET /ppm/rest/v1/tasks?filter=%28code+%3D+%2732174%27%29&limit=1&fields=code%2Cp_tdi_estado_freshdesk%2C_internalId%2C_parentId%2Cname%2Cstatus HTTP/1.1" 200 394
2025-11-03 11:48:04 - SyncDeskManager - INFO - Ticket 32174 encontrado directamente
2025-11-03 11:48:04 - SyncDeskManager - DEBUG - Buscando ticket 32177 directamente en Clarity...
2025-11-03 11:48:04 - urllib3.connectionpool - DEBUG - https://pmservice.tdilatam.com:8043 "GET /ppm/rest/v1/tasks?filter=%28code+%3D+%2732177%27%29&limit=1&fields=code%2Cp_tdi_estado_freshdesk%2C_internalId%2C_parentId%2Cname%2Cstatus HTTP/1.1" 200 395
2025-11-03 11:48:04 - SyncDeskManager - INFO - Ticket 32177 encontrado directamente
2025-11-03 11:48:04 - SyncDeskManager - DEBUG - Buscando ticket 32179 directamente en Clarity...
2025-11-03 11:48:04 - urllib3.connectionpool - DEBUG - https://pmservice.tdilatam.com:8043 "GET /ppm/rest/v1/tasks?filter=%28code+%3D+%2732179%27%29&limit=1&fields=code%2Cp_tdi_estado_freshdesk%2C_internalId%2C_parentId%2Cname%2Cstatus HTTP/1.1" 200 403
2025-11-03 11:48:04 - SyncDeskManager - INFO - Ticket 32179 encontrado directamente
2025-11-03 11:48:04 - SyncDeskManager - DEBUG - Buscando ticket 32183 directamente en Clarity...
2025-11-03 11:48:04 - urllib3.connectionpool - DEBUG - https://pmservice.tdilatam.com:8043 "GET /ppm/rest/v1/tasks?filter=%28code+%3D+%2732183%27%29&limit=1&fields=code%2Cp_tdi_estado_freshdesk%2C_internalId%2C_parentId%2Cname%2Cstatus HTTP/1.1" 200 407
2025-11-03 11:48:04 - SyncDeskManager - INFO - Ticket 32183 encontrado directamente
2025-11-03 11:48:04 - SyncDeskManager - DEBUG - Buscando ticket 32184 directamente en Clarity...
2025-11-03 11:48:04 - urllib3.connectionpool - DEBUG - https://pmservice.tdilatam.com:8043 "GET /ppm/rest/v1/tasks?filter=%28code+%3D+%2732184%27%29&limit=1&fields=code%2Cp_tdi_estado_freshdesk%2C_internalId%2C_parentId%2Cname%2Cstatus HTTP/1.1" 200 392
2025-11-03 11:48:04 - SyncDeskManager - INFO - Ticket 32184 encontrado directamente
2025-11-03 11:48:04 - SyncDeskManager - DEBUG - Buscando ticket 32188 directamente en Clarity...
2025-11-03 11:48:04 - urllib3.connectionpool - DEBUG - https://pmservice.tdilatam.com:8043 "GET /ppm/rest/v1/tasks?filter=%28code+%3D+%2732188%27%29&limit=1&fields=code%2Cp_tdi_estado_freshdesk%2C_internalId%2C_parentId%2Cname%2Cstatus HTTP/1.1" 200 400
2025-11-03 11:48:04 - SyncDeskManager - INFO - Ticket 32188 encontrado directamente
2025-11-03 11:48:04 - SyncDeskManager - DEBUG - Buscando ticket 32192 directamente en Clarity...
2025-11-03 11:48:04 - urllib3.connectionpool - DEBUG - https://pmservice.tdilatam.com:8043 "GET /ppm/rest/v1/tasks?filter=%28code+%3D+%2732192%27%29&limit=1&fields=code%2Cp_tdi_estado_freshdesk%2C_internalId%2C_parentId%2Cname%2Cstatus HTTP/1.1" 200 425
2025-11-03 11:48:04 - SyncDeskManager - INFO - Ticket 32192 encontrado directamente
2025-11-03 11:48:04 - SyncDeskManager - DEBUG - Buscando ticket 32193 directamente en Clarity...
2025-11-03 11:48:04 - urllib3.connectionpool - DEBUG - https://pmservice.tdilatam.com:8043 "GET /ppm/rest/v1/tasks?filter=%28code+%3D+%2732193%27%29&limit=1&fields=code%2Cp_tdi_estado_freshdesk%2C_internalId%2C_parentId%2Cname%2Cstatus HTTP/1.1" 200 395
2025-11-03 11:48:04 - SyncDeskManager - INFO - Ticket 32193 encontrado directamente
2025-11-03 11:48:04 - SyncDeskManager - DEBUG - Buscando ticket 32204 directamente en Clarity...
2025-11-03 11:48:05 - urllib3.connectionpool - DEBUG - https://pmservice.tdilatam.com:8043 "GET /ppm/rest/v1/tasks?filter=%28code+%3D+%2732204%27%29&limit=1&fields=code%2Cp_tdi_estado_freshdesk%2C_internalId%2C_parentId%2Cname%2Cstatus HTTP/1.1" 200 422
2025-11-03 11:48:05 - SyncDeskManager - INFO - Ticket 32204 encontrado directamente
2025-11-03 11:48:05 - SyncDeskManager - DEBUG - Buscando ticket 32213 directamente en Clarity...
2025-11-03 11:48:05 - urllib3.connectionpool - DEBUG - https://pmservice.tdilatam.com:8043 "GET /ppm/rest/v1/tasks?filter=%28code+%3D+%2732213%27%29&limit=1&fields=code%2Cp_tdi_estado_freshdesk%2C_internalId%2C_parentId%2Cname%2Cstatus HTTP/1.1" 200 394
2025-11-03 11:48:05 - SyncDeskManager - INFO - Ticket 32213 encontrado directamente
2025-11-03 11:48:05 - SyncDeskManager - DEBUG - Buscando ticket 32214 directamente en Clarity...
2025-11-03 11:48:05 - urllib3.connectionpool - DEBUG - https://pmservice.tdilatam.com:8043 "GET /ppm/rest/v1/tasks?filter=%28code+%3D+%2732214%27%29&limit=1&fields=code%2Cp_tdi_estado_freshdesk%2C_internalId%2C_parentId%2Cname%2Cstatus HTTP/1.1" 200 451
2025-11-03 11:48:05 - SyncDeskManager - INFO - Ticket 32214 encontrado directamente
2025-11-03 11:48:05 - SyncDeskManager - DEBUG - Buscando ticket 32215 directamente en Clarity...
2025-11-03 11:48:05 - urllib3.connectionpool - DEBUG - https://pmservice.tdilatam.com:8043 "GET /ppm/rest/v1/tasks?filter=%28code+%3D+%2732215%27%29&limit=1&fields=code%2Cp_tdi_estado_freshdesk%2C_internalId%2C_parentId%2Cname%2Cstatus HTTP/1.1" 200 444
2025-11-03 11:48:05 - SyncDeskManager - INFO - Ticket 32215 encontrado directamente
2025-11-03 11:48:05 - SyncDeskManager - DEBUG - Buscando ticket 32216 directamente en Clarity...
2025-11-03 11:48:05 - urllib3.connectionpool - DEBUG - https://pmservice.tdilatam.com:8043 "GET /ppm/rest/v1/tasks?filter=%28code+%3D+%2732216%27%29&limit=1&fields=code%2Cp_tdi_estado_freshdesk%2C_internalId%2C_parentId%2Cname%2Cstatus HTTP/1.1" 200 435
2025-11-03 11:48:05 - SyncDeskManager - INFO - Ticket 32216 encontrado directamente
2025-11-03 11:48:05 - SyncDeskManager - DEBUG - Buscando ticket 32217 directamente en Clarity...
2025-11-03 11:48:05 - urllib3.connectionpool - DEBUG - https://pmservice.tdilatam.com:8043 "GET /ppm/rest/v1/tasks?filter=%28code+%3D+%2732217%27%29&limit=1&fields=code%2Cp_tdi_estado_freshdesk%2C_internalId%2C_parentId%2Cname%2Cstatus HTTP/1.1" 200 440
2025-11-03 11:48:05 - SyncDeskManager - INFO - Ticket 32217 encontrado directamente
2025-11-03 11:48:05 - SyncDeskManager - DEBUG - Buscando ticket 32220 directamente en Clarity...
2025-11-03 11:48:05 - urllib3.connectionpool - DEBUG - https://pmservice.tdilatam.com:8043 "GET /ppm/rest/v1/tasks?filter=%28code+%3D+%2732220%27%29&limit=1&fields=code%2Cp_tdi_estado_freshdesk%2C_internalId%2C_parentId%2Cname%2Cstatus HTTP/1.1" 200 385
2025-11-03 11:48:05 - SyncDeskManager - INFO - Ticket 32220 encontrado directamente
2025-11-03 11:48:05 - SyncDeskManager - DEBUG - Buscando ticket 32221 directamente en Clarity...
2025-11-03 11:48:05 - urllib3.connectionpool - DEBUG - https://pmservice.tdilatam.com:8043 "GET /ppm/rest/v1/tasks?filter=%28code+%3D+%2732221%27%29&limit=1&fields=code%2Cp_tdi_estado_freshdesk%2C_internalId%2C_parentId%2Cname%2Cstatus HTTP/1.1" 200 424
2025-11-03 11:48:05 - SyncDeskManager - INFO - Ticket 32221 encontrado directamente
2025-11-03 11:48:05 - SyncDeskManager - DEBUG - Buscando ticket 32223 directamente en Clarity...
2025-11-03 11:48:05 - urllib3.connectionpool - DEBUG - https://pmservice.tdilatam.com:8043 "GET /ppm/rest/v1/tasks?filter=%28code+%3D+%2732223%27%29&limit=1&fields=code%2Cp_tdi_estado_freshdesk%2C_internalId%2C_parentId%2Cname%2Cstatus HTTP/1.1" 200 441
2025-11-03 11:48:05 - SyncDeskManager - INFO - Ticket 32223 encontrado directamente
2025-11-03 11:48:05 - SyncDeskManager - DEBUG - Buscando ticket 32224 directamente en Clarity...
2025-11-03 11:48:05 - urllib3.connectionpool - DEBUG - https://pmservice.tdilatam.com:8043 "GET /ppm/rest/v1/tasks?filter=%28code+%3D+%2732224%27%29&limit=1&fields=code%2Cp_tdi_estado_freshdesk%2C_internalId%2C_parentId%2Cname%2Cstatus HTTP/1.1" 200 434
2025-11-03 11:48:05 - SyncDeskManager - INFO - Ticket 32224 encontrado directamente
2025-11-03 11:48:05 - SyncDeskManager - DEBUG - Buscando ticket 32225 directamente en Clarity...
2025-11-03 11:48:05 - urllib3.connectionpool - DEBUG - https://pmservice.tdilatam.com:8043 "GET /ppm/rest/v1/tasks?filter=%28code+%3D+%2732225%27%29&limit=1&fields=code%2Cp_tdi_estado_freshdesk%2C_internalId%2C_parentId%2Cname%2Cstatus HTTP/1.1" 200 433
2025-11-03 11:48:05 - SyncDeskManager - INFO - Ticket 32225 encontrado directamente
2025-11-03 11:48:05 - SyncDeskManager - DEBUG - Buscando ticket 32226 directamente en Clarity...
2025-11-03 11:48:05 - urllib3.connectionpool - DEBUG - https://pmservice.tdilatam.com:8043 "GET /ppm/rest/v1/tasks?filter=%28code+%3D+%2732226%27%29&limit=1&fields=code%2Cp_tdi_estado_freshdesk%2C_internalId%2C_parentId%2Cname%2Cstatus HTTP/1.1" 200 462
2025-11-03 11:48:05 - SyncDeskManager - INFO - Ticket 32226 encontrado directamente
2025-11-03 11:48:05 - SyncDeskManager - DEBUG - Buscando ticket 32227 directamente en Clarity...
2025-11-03 11:48:05 - urllib3.connectionpool - DEBUG - https://pmservice.tdilatam.com:8043 "GET /ppm/rest/v1/tasks?filter=%28code+%3D+%2732227%27%29&limit=1&fields=code%2Cp_tdi_estado_freshdesk%2C_internalId%2C_parentId%2Cname%2Cstatus HTTP/1.1" 200 418
2025-11-03 11:48:05 - SyncDeskManager - INFO - Ticket 32227 encontrado directamente
2025-11-03 11:48:05 - SyncDeskManager - DEBUG - Buscando ticket 32230 directamente en Clarity...
2025-11-03 11:48:05 - urllib3.connectionpool - DEBUG - https://pmservice.tdilatam.com:8043 "GET /ppm/rest/v1/tasks?filter=%28code+%3D+%2732230%27%29&limit=1&fields=code%2Cp_tdi_estado_freshdesk%2C_internalId%2C_parentId%2Cname%2Cstatus HTTP/1.1" 200 419
2025-11-03 11:48:05 - SyncDeskManager - INFO - Ticket 32230 encontrado directamente
2025-11-03 11:48:05 - SyncDeskManager - DEBUG - Buscando ticket 32233 directamente en Clarity...
2025-11-03 11:48:05 - urllib3.connectionpool - DEBUG - https://pmservice.tdilatam.com:8043 "GET /ppm/rest/v1/tasks?filter=%28code+%3D+%2732233%27%29&limit=1&fields=code%2Cp_tdi_estado_freshdesk%2C_internalId%2C_parentId%2Cname%2Cstatus HTTP/1.1" 200 411
2025-11-03 11:48:05 - SyncDeskManager - INFO - Ticket 32233 encontrado directamente
2025-11-03 11:48:05 - SyncDeskManager - DEBUG - Buscando ticket 32238 directamente en Clarity...
2025-11-03 11:48:05 - urllib3.connectionpool - DEBUG - https://pmservice.tdilatam.com:8043 "GET /ppm/rest/v1/tasks?filter=%28code+%3D+%2732238%27%29&limit=1&fields=code%2Cp_tdi_estado_freshdesk%2C_internalId%2C_parentId%2Cname%2Cstatus HTTP/1.1" 200 380
2025-11-03 11:48:05 - SyncDeskManager - INFO - Ticket 32238 encontrado directamente
2025-11-03 11:48:05 - SyncDeskManager - DEBUG - Buscando ticket 32239 directamente en Clarity...
2025-11-03 11:48:05 - urllib3.connectionpool - DEBUG - https://pmservice.tdilatam.com:8043 "GET /ppm/rest/v1/tasks?filter=%28code+%3D+%2732239%27%29&limit=1&fields=code%2Cp_tdi_estado_freshdesk%2C_internalId%2C_parentId%2Cname%2Cstatus HTTP/1.1" 200 394
2025-11-03 11:48:05 - SyncDeskManager - INFO - Ticket 32239 encontrado directamente
2025-11-03 11:48:05 - SyncDeskManager - DEBUG - Buscando ticket 32240 directamente en Clarity...
2025-11-03 11:48:06 - urllib3.connectionpool - DEBUG - https://pmservice.tdilatam.com:8043 "GET /ppm/rest/v1/tasks?filter=%28code+%3D+%2732240%27%29&limit=1&fields=code%2Cp_tdi_estado_freshdesk%2C_internalId%2C_parentId%2Cname%2Cstatus HTTP/1.1" 200 395
2025-11-03 11:48:06 - SyncDeskManager - INFO - Ticket 32240 encontrado directamente
2025-11-03 11:48:06 - SyncDeskManager - DEBUG - Buscando ticket 32241 directamente en Clarity...
2025-11-03 11:48:06 - urllib3.connectionpool - DEBUG - https://pmservice.tdilatam.com:8043 "GET /ppm/rest/v1/tasks?filter=%28code+%3D+%2732241%27%29&limit=1&fields=code%2Cp_tdi_estado_freshdesk%2C_internalId%2C_parentId%2Cname%2Cstatus HTTP/1.1" 200 394
2025-11-03 11:48:06 - SyncDeskManager - INFO - Ticket 32241 encontrado directamente
2025-11-03 11:48:06 - SyncDeskManager - DEBUG - Buscando ticket 32242 directamente en Clarity...
2025-11-03 11:48:06 - urllib3.connectionpool - DEBUG - https://pmservice.tdilatam.com:8043 "GET /ppm/rest/v1/tasks?filter=%28code+%3D+%2732242%27%29&limit=1&fields=code%2Cp_tdi_estado_freshdesk%2C_internalId%2C_parentId%2Cname%2Cstatus HTTP/1.1" 200 368
2025-11-03 11:48:06 - SyncDeskManager - INFO - Ticket 32242 encontrado directamente
2025-11-03 11:48:06 - SyncDeskManager - DEBUG - Buscando ticket 32243 directamente en Clarity...
2025-11-03 11:48:06 - urllib3.connectionpool - DEBUG - https://pmservice.tdilatam.com:8043 "GET /ppm/rest/v1/tasks?filter=%28code+%3D+%2732243%27%29&limit=1&fields=code%2Cp_tdi_estado_freshdesk%2C_internalId%2C_parentId%2Cname%2Cstatus HTTP/1.1" 200 422
2025-11-03 11:48:06 - SyncDeskManager - INFO - Ticket 32243 encontrado directamente
2025-11-03 11:48:06 - SyncDeskManager - DEBUG - Buscando ticket 32244 directamente en Clarity...
2025-11-03 11:48:06 - urllib3.connectionpool - DEBUG - Resetting dropped connection: pmservice.tdilatam.com
2025-11-03 11:48:06 - urllib3.connectionpool - DEBUG - https://pmservice.tdilatam.com:8043 "GET /ppm/rest/v1/tasks?filter=%28code+%3D+%2732244%27%29&limit=1&fields=code%2Cp_tdi_estado_freshdesk%2C_internalId%2C_parentId%2Cname%2Cstatus HTTP/1.1" 200 377
2025-11-03 11:48:06 - SyncDeskManager - INFO - Ticket 32244 encontrado directamente
2025-11-03 11:48:06 - SyncDeskManager - DEBUG - Buscando ticket 32245 directamente en Clarity...
2025-11-03 11:48:06 - urllib3.connectionpool - DEBUG - https://pmservice.tdilatam.com:8043 "GET /ppm/rest/v1/tasks?filter=%28code+%3D+%2732245%27%29&limit=1&fields=code%2Cp_tdi_estado_freshdesk%2C_internalId%2C_parentId%2Cname%2Cstatus HTTP/1.1" 200 406
2025-11-03 11:48:06 - SyncDeskManager - INFO - Ticket 32245 encontrado directamente
2025-11-03 11:48:06 - SyncDeskManager - DEBUG - Buscando ticket 32246 directamente en Clarity...
2025-11-03 11:48:06 - urllib3.connectionpool - DEBUG - https://pmservice.tdilatam.com:8043 "GET /ppm/rest/v1/tasks?filter=%28code+%3D+%2732246%27%29&limit=1&fields=code%2Cp_tdi_estado_freshdesk%2C_internalId%2C_parentId%2Cname%2Cstatus HTTP/1.1" 200 403
2025-11-03 11:48:06 - SyncDeskManager - INFO - Ticket 32246 encontrado directamente
2025-11-03 11:48:06 - SyncDeskManager - DEBUG - Buscando ticket 32248 directamente en Clarity...
2025-11-03 11:48:06 - urllib3.connectionpool - DEBUG - https://pmservice.tdilatam.com:8043 "GET /ppm/rest/v1/tasks?filter=%28code+%3D+%2732248%27%29&limit=1&fields=code%2Cp_tdi_estado_freshdesk%2C_internalId%2C_parentId%2Cname%2Cstatus HTTP/1.1" 200 388
2025-11-03 11:48:06 - SyncDeskManager - INFO - Ticket 32248 encontrado directamente
2025-11-03 11:48:06 - SyncDeskManager - DEBUG - Buscando ticket 32251 directamente en Clarity...
2025-11-03 11:48:06 - urllib3.connectionpool - DEBUG - https://pmservice.tdilatam.com:8043 "GET /ppm/rest/v1/tasks?filter=%28code+%3D+%2732251%27%29&limit=1&fields=code%2Cp_tdi_estado_freshdesk%2C_internalId%2C_parentId%2Cname%2Cstatus HTTP/1.1" 200 406
2025-11-03 11:48:06 - SyncDeskManager - INFO - Ticket 32251 encontrado directamente
2025-11-03 11:48:06 - SyncDeskManager - DEBUG - Buscando ticket 32252 directamente en Clarity...
2025-11-03 11:48:06 - urllib3.connectionpool - DEBUG - https://pmservice.tdilatam.com:8043 "GET /ppm/rest/v1/tasks?filter=%28code+%3D+%2732252%27%29&limit=1&fields=code%2Cp_tdi_estado_freshdesk%2C_internalId%2C_parentId%2Cname%2Cstatus HTTP/1.1" 200 379
2025-11-03 11:48:06 - SyncDeskManager - INFO - Ticket 32252 encontrado directamente
2025-11-03 11:48:06 - SyncDeskManager - DEBUG - Buscando ticket 32254 directamente en Clarity...
2025-11-03 11:48:07 - urllib3.connectionpool - DEBUG - https://pmservice.tdilatam.com:8043 "GET /ppm/rest/v1/tasks?filter=%28code+%3D+%2732254%27%29&limit=1&fields=code%2Cp_tdi_estado_freshdesk%2C_internalId%2C_parentId%2Cname%2Cstatus HTTP/1.1" 200 419
2025-11-03 11:48:07 - SyncDeskManager - INFO - Ticket 32254 encontrado directamente
2025-11-03 11:48:07 - SyncDeskManager - DEBUG - Buscando ticket 32255 directamente en Clarity...
2025-11-03 11:48:07 - urllib3.connectionpool - DEBUG - https://pmservice.tdilatam.com:8043 "GET /ppm/rest/v1/tasks?filter=%28code+%3D+%2732255%27%29&limit=1&fields=code%2Cp_tdi_estado_freshdesk%2C_internalId%2C_parentId%2Cname%2Cstatus HTTP/1.1" 200 434
2025-11-03 11:48:07 - SyncDeskManager - INFO - Ticket 32255 encontrado directamente
2025-11-03 11:48:07 - SyncDeskManager - DEBUG - Buscando ticket 32782 directamente en Clarity...
2025-11-03 11:48:07 - urllib3.connectionpool - DEBUG - https://pmservice.tdilatam.com:8043 "GET /ppm/rest/v1/tasks?filter=%28code+%3D+%2732782%27%29&limit=1&fields=code%2Cp_tdi_estado_freshdesk%2C_internalId%2C_parentId%2Cname%2Cstatus HTTP/1.1" 200 392
2025-11-03 11:48:07 - SyncDeskManager - INFO - Ticket 32782 encontrado directamente
2025-11-03 11:48:07 - SyncDeskManager - DEBUG - Buscando ticket 32914 directamente en Clarity...
2025-11-03 11:48:07 - urllib3.connectionpool - DEBUG - https://pmservice.tdilatam.com:8043 "GET /ppm/rest/v1/tasks?filter=%28code+%3D+%2732914%27%29&limit=1&fields=code%2Cp_tdi_estado_freshdesk%2C_internalId%2C_parentId%2Cname%2Cstatus HTTP/1.1" 200 419
2025-11-03 11:48:07 - SyncDeskManager - INFO - Ticket 32914 encontrado directamente
2025-11-03 11:48:07 - SyncDeskManager - DEBUG - Buscando ticket 33082 directamente en Clarity...
2025-11-03 11:48:07 - urllib3.connectionpool - DEBUG - https://pmservice.tdilatam.com:8043 "GET /ppm/rest/v1/tasks?filter=%28code+%3D+%2733082%27%29&limit=1&fields=code%2Cp_tdi_estado_freshdesk%2C_internalId%2C_parentId%2Cname%2Cstatus HTTP/1.1" 200 397
2025-11-03 11:48:07 - SyncDeskManager - INFO - Ticket 33082 encontrado directamente
2025-11-03 11:48:07 - SyncDeskManager - DEBUG - Buscando ticket 33572 directamente en Clarity...
2025-11-03 11:48:07 - urllib3.connectionpool - DEBUG - https://pmservice.tdilatam.com:8043 "GET /ppm/rest/v1/tasks?filter=%28code+%3D+%2733572%27%29&limit=1&fields=code%2Cp_tdi_estado_freshdesk%2C_internalId%2C_parentId%2Cname%2Cstatus HTTP/1.1" 200 395
2025-11-03 11:48:07 - SyncDeskManager - INFO - Ticket 33572 encontrado directamente
2025-11-03 11:48:07 - SyncDeskManager - DEBUG - Buscando ticket 33581 directamente en Clarity...
2025-11-03 11:48:07 - urllib3.connectionpool - DEBUG - https://pmservice.tdilatam.com:8043 "GET /ppm/rest/v1/tasks?filter=%28code+%3D+%2733581%27%29&limit=1&fields=code%2Cp_tdi_estado_freshdesk%2C_internalId%2C_parentId%2Cname%2Cstatus HTTP/1.1" 200 397
2025-11-03 11:48:07 - SyncDeskManager - INFO - Ticket 33581 encontrado directamente
2025-11-03 11:48:07 - SyncDeskManager - DEBUG - Buscando ticket 33583 directamente en Clarity...
2025-11-03 11:48:07 - urllib3.connectionpool - DEBUG - https://pmservice.tdilatam.com:8043 "GET /ppm/rest/v1/tasks?filter=%28code+%3D+%2733583%27%29&limit=1&fields=code%2Cp_tdi_estado_freshdesk%2C_internalId%2C_parentId%2Cname%2Cstatus HTTP/1.1" 200 393
2025-11-03 11:48:07 - SyncDeskManager - INFO - Ticket 33583 encontrado directamente
2025-11-03 11:48:07 - SyncDeskManager - DEBUG - Buscando ticket 33607 directamente en Clarity...
2025-11-03 11:48:07 - urllib3.connectionpool - DEBUG - https://pmservice.tdilatam.com:8043 "GET /ppm/rest/v1/tasks?filter=%28code+%3D+%2733607%27%29&limit=1&fields=code%2Cp_tdi_estado_freshdesk%2C_internalId%2C_parentId%2Cname%2Cstatus HTTP/1.1" 200 406
2025-11-03 11:48:07 - SyncDeskManager - INFO - Ticket 33607 encontrado directamente
2025-11-03 11:48:07 - SyncDeskManager - DEBUG - Buscando ticket 33608 directamente en Clarity...
2025-11-03 11:48:07 - urllib3.connectionpool - DEBUG - https://pmservice.tdilatam.com:8043 "GET /ppm/rest/v1/tasks?filter=%28code+%3D+%2733608%27%29&limit=1&fields=code%2Cp_tdi_estado_freshdesk%2C_internalId%2C_parentId%2Cname%2Cstatus HTTP/1.1" 200 406
2025-11-03 11:48:07 - SyncDeskManager - INFO - Ticket 33608 encontrado directamente
2025-11-03 11:48:07 - SyncDeskManager - DEBUG - Buscando ticket 33612 directamente en Clarity...
2025-11-03 11:48:07 - urllib3.connectionpool - DEBUG - https://pmservice.tdilatam.com:8043 "GET /ppm/rest/v1/tasks?filter=%28code+%3D+%2733612%27%29&limit=1&fields=code%2Cp_tdi_estado_freshdesk%2C_internalId%2C_parentId%2Cname%2Cstatus HTTP/1.1" 200 405
2025-11-03 11:48:07 - SyncDeskManager - INFO - Ticket 33612 encontrado directamente
2025-11-03 11:48:07 - SyncDeskManager - DEBUG - Buscando ticket 33613 directamente en Clarity...
2025-11-03 11:48:07 - urllib3.connectionpool - DEBUG - https://pmservice.tdilatam.com:8043 "GET /ppm/rest/v1/tasks?filter=%28code+%3D+%2733613%27%29&limit=1&fields=code%2Cp_tdi_estado_freshdesk%2C_internalId%2C_parentId%2Cname%2Cstatus HTTP/1.1" 200 405
2025-11-03 11:48:07 - SyncDeskManager - INFO - Ticket 33613 encontrado directamente
2025-11-03 11:48:07 - SyncDeskManager - DEBUG - Buscando ticket 33614 directamente en Clarity...
2025-11-03 11:48:07 - urllib3.connectionpool - DEBUG - https://pmservice.tdilatam.com:8043 "GET /ppm/rest/v1/tasks?filter=%28code+%3D+%2733614%27%29&limit=1&fields=code%2Cp_tdi_estado_freshdesk%2C_internalId%2C_parentId%2Cname%2Cstatus HTTP/1.1" 200 405
2025-11-03 11:48:07 - SyncDeskManager - INFO - Ticket 33614 encontrado directamente
2025-11-03 11:48:07 - SyncDeskManager - DEBUG - Buscando ticket 33615 directamente en Clarity...
2025-11-03 11:48:07 - urllib3.connectionpool - DEBUG - https://pmservice.tdilatam.com:8043 "GET /ppm/rest/v1/tasks?filter=%28code+%3D+%2733615%27%29&limit=1&fields=code%2Cp_tdi_estado_freshdesk%2C_internalId%2C_parentId%2Cname%2Cstatus HTTP/1.1" 200 404
2025-11-03 11:48:07 - SyncDeskManager - INFO - Ticket 33615 encontrado directamente
2025-11-03 11:48:07 - SyncDeskManager - DEBUG - Buscando ticket 33658 directamente en Clarity...
2025-11-03 11:48:07 - urllib3.connectionpool - DEBUG - https://pmservice.tdilatam.com:8043 "GET /ppm/rest/v1/tasks?filter=%28code+%3D+%2733658%27%29&limit=1&fields=code%2Cp_tdi_estado_freshdesk%2C_internalId%2C_parentId%2Cname%2Cstatus HTTP/1.1" 200 416
2025-11-03 11:48:07 - SyncDeskManager - INFO - Ticket 33658 encontrado directamente
2025-11-03 11:48:07 - SyncDeskManager - DEBUG - Buscando ticket 33671 directamente en Clarity...
2025-11-03 11:48:08 - urllib3.connectionpool - DEBUG - https://pmservice.tdilatam.com:8043 "GET /ppm/rest/v1/tasks?filter=%28code+%3D+%2733671%27%29&limit=1&fields=code%2Cp_tdi_estado_freshdesk%2C_internalId%2C_parentId%2Cname%2Cstatus HTTP/1.1" 200 405
2025-11-03 11:48:08 - SyncDeskManager - INFO - Ticket 33671 encontrado directamente
2025-11-03 11:48:08 - SyncDeskManager - DEBUG - Buscando ticket 33672 directamente en Clarity...
2025-11-03 11:48:08 - urllib3.connectionpool - DEBUG - https://pmservice.tdilatam.com:8043 "GET /ppm/rest/v1/tasks?filter=%28code+%3D+%2733672%27%29&limit=1&fields=code%2Cp_tdi_estado_freshdesk%2C_internalId%2C_parentId%2Cname%2Cstatus HTTP/1.1" 200 406
2025-11-03 11:48:08 - SyncDeskManager - INFO - Ticket 33672 encontrado directamente
2025-11-03 11:48:08 - SyncDeskManager - DEBUG - Buscando ticket 33676 directamente en Clarity...
2025-11-03 11:48:08 - urllib3.connectionpool - DEBUG - https://pmservice.tdilatam.com:8043 "GET /ppm/rest/v1/tasks?filter=%28code+%3D+%2733676%27%29&limit=1&fields=code%2Cp_tdi_estado_freshdesk%2C_internalId%2C_parentId%2Cname%2Cstatus HTTP/1.1" 200 405
2025-11-03 11:48:08 - SyncDeskManager - INFO - Ticket 33676 encontrado directamente
2025-11-03 11:48:08 - SyncDeskManager - DEBUG - Buscando ticket 33680 directamente en Clarity...
2025-11-03 11:48:08 - urllib3.connectionpool - DEBUG - https://pmservice.tdilatam.com:8043 "GET /ppm/rest/v1/tasks?filter=%28code+%3D+%2733680%27%29&limit=1&fields=code%2Cp_tdi_estado_freshdesk%2C_internalId%2C_parentId%2Cname%2Cstatus HTTP/1.1" 200 406
2025-11-03 11:48:08 - SyncDeskManager - INFO - Ticket 33680 encontrado directamente
2025-11-03 11:48:08 - SyncDeskManager - DEBUG - Buscando ticket 33684 directamente en Clarity...
2025-11-03 11:48:08 - urllib3.connectionpool - DEBUG - https://pmservice.tdilatam.com:8043 "GET /ppm/rest/v1/tasks?filter=%28code+%3D+%2733684%27%29&limit=1&fields=code%2Cp_tdi_estado_freshdesk%2C_internalId%2C_parentId%2Cname%2Cstatus HTTP/1.1" 200 406
2025-11-03 11:48:08 - SyncDeskManager - INFO - Ticket 33684 encontrado directamente
2025-11-03 11:48:08 - SyncDeskManager - DEBUG - Buscando ticket 33707 directamente en Clarity...
2025-11-03 11:48:08 - urllib3.connectionpool - DEBUG - https://pmservice.tdilatam.com:8043 "GET /ppm/rest/v1/tasks?filter=%28code+%3D+%2733707%27%29&limit=1&fields=code%2Cp_tdi_estado_freshdesk%2C_internalId%2C_parentId%2Cname%2Cstatus HTTP/1.1" 200 371
2025-11-03 11:48:08 - SyncDeskManager - INFO - Ticket 33707 encontrado directamente
2025-11-03 11:48:08 - SyncDeskManager - DEBUG - Buscando ticket 33712 directamente en Clarity...
2025-11-03 11:48:08 - urllib3.connectionpool - DEBUG - https://pmservice.tdilatam.com:8043 "GET /ppm/rest/v1/tasks?filter=%28code+%3D+%2733712%27%29&limit=1&fields=code%2Cp_tdi_estado_freshdesk%2C_internalId%2C_parentId%2Cname%2Cstatus HTTP/1.1" 200 405
2025-11-03 11:48:08 - SyncDeskManager - INFO - Ticket 33712 encontrado directamente
2025-11-03 11:48:08 - SyncDeskManager - DEBUG - Buscando ticket 33720 directamente en Clarity...
2025-11-03 11:48:08 - urllib3.connectionpool - DEBUG - https://pmservice.tdilatam.com:8043 "GET /ppm/rest/v1/tasks?filter=%28code+%3D+%2733720%27%29&limit=1&fields=code%2Cp_tdi_estado_freshdesk%2C_internalId%2C_parentId%2Cname%2Cstatus HTTP/1.1" 200 405
2025-11-03 11:48:08 - SyncDeskManager - INFO - Ticket 33720 encontrado directamente
2025-11-03 11:48:08 - SyncDeskManager - DEBUG - Buscando ticket 33728 directamente en Clarity...
2025-11-03 11:48:08 - urllib3.connectionpool - DEBUG - https://pmservice.tdilatam.com:8043 "GET /ppm/rest/v1/tasks?filter=%28code+%3D+%2733728%27%29&limit=1&fields=code%2Cp_tdi_estado_freshdesk%2C_internalId%2C_parentId%2Cname%2Cstatus HTTP/1.1" 200 405
2025-11-03 11:48:08 - SyncDeskManager - INFO - Ticket 33728 encontrado directamente
2025-11-03 11:48:08 - SyncDeskManager - DEBUG - Buscando ticket 33732 directamente en Clarity...
2025-11-03 11:48:08 - urllib3.connectionpool - DEBUG - https://pmservice.tdilatam.com:8043 "GET /ppm/rest/v1/tasks?filter=%28code+%3D+%2733732%27%29&limit=1&fields=code%2Cp_tdi_estado_freshdesk%2C_internalId%2C_parentId%2Cname%2Cstatus HTTP/1.1" 200 405
2025-11-03 11:48:08 - SyncDeskManager - INFO - Ticket 33732 encontrado directamente
2025-11-03 11:48:08 - SyncDeskManager - DEBUG - Buscando ticket 33743 directamente en Clarity...
2025-11-03 11:48:08 - urllib3.connectionpool - DEBUG - https://pmservice.tdilatam.com:8043 "GET /ppm/rest/v1/tasks?filter=%28code+%3D+%2733743%27%29&limit=1&fields=code%2Cp_tdi_estado_freshdesk%2C_internalId%2C_parentId%2Cname%2Cstatus HTTP/1.1" 200 380
2025-11-03 11:48:08 - SyncDeskManager - INFO - Ticket 33743 encontrado directamente
2025-11-03 11:48:08 - SyncDeskManager - DEBUG - Buscando ticket 33745 directamente en Clarity...
2025-11-03 11:48:08 - urllib3.connectionpool - DEBUG - https://pmservice.tdilatam.com:8043 "GET /ppm/rest/v1/tasks?filter=%28code+%3D+%2733745%27%29&limit=1&fields=code%2Cp_tdi_estado_freshdesk%2C_internalId%2C_parentId%2Cname%2Cstatus HTTP/1.1" 200 373
2025-11-03 11:48:08 - SyncDeskManager - INFO - Ticket 33745 encontrado directamente
2025-11-03 11:48:08 - SyncDeskManager - DEBUG - Buscando ticket 33746 directamente en Clarity...
2025-11-03 11:48:08 - urllib3.connectionpool - DEBUG - https://pmservice.tdilatam.com:8043 "GET /ppm/rest/v1/tasks?filter=%28code+%3D+%2733746%27%29&limit=1&fields=code%2Cp_tdi_estado_freshdesk%2C_internalId%2C_parentId%2Cname%2Cstatus HTTP/1.1" 200 409
2025-11-03 11:48:08 - SyncDeskManager - INFO - Ticket 33746 encontrado directamente
2025-11-03 11:48:08 - SyncDeskManager - DEBUG - Buscando ticket 33747 directamente en Clarity...
2025-11-03 11:48:08 - urllib3.connectionpool - DEBUG - https://pmservice.tdilatam.com:8043 "GET /ppm/rest/v1/tasks?filter=%28code+%3D+%2733747%27%29&limit=1&fields=code%2Cp_tdi_estado_freshdesk%2C_internalId%2C_parentId%2Cname%2Cstatus HTTP/1.1" 200 395
2025-11-03 11:48:08 - SyncDeskManager - INFO - Ticket 33747 encontrado directamente
2025-11-03 11:48:08 - SyncDeskManager - DEBUG - Buscando ticket 33754 directamente en Clarity...
2025-11-03 11:48:08 - urllib3.connectionpool - DEBUG - https://pmservice.tdilatam.com:8043 "GET /ppm/rest/v1/tasks?filter=%28code+%3D+%2733754%27%29&limit=1&fields=code%2Cp_tdi_estado_freshdesk%2C_internalId%2C_parentId%2Cname%2Cstatus HTTP/1.1" 200 383
2025-11-03 11:48:08 - SyncDeskManager - INFO - Ticket 33754 encontrado directamente
2025-11-03 11:48:08 - SyncDeskManager - DEBUG - Buscando ticket 33755 directamente en Clarity...
2025-11-03 11:48:09 - urllib3.connectionpool - DEBUG - https://pmservice.tdilatam.com:8043 "GET /ppm/rest/v1/tasks?filter=%28code+%3D+%2733755%27%29&limit=1&fields=code%2Cp_tdi_estado_freshdesk%2C_internalId%2C_parentId%2Cname%2Cstatus HTTP/1.1" 200 405
2025-11-03 11:48:09 - SyncDeskManager - INFO - Ticket 33755 encontrado directamente
2025-11-03 11:48:09 - SyncDeskManager - DEBUG - Buscando ticket 33756 directamente en Clarity...
2025-11-03 11:48:09 - urllib3.connectionpool - DEBUG - https://pmservice.tdilatam.com:8043 "GET /ppm/rest/v1/tasks?filter=%28code+%3D+%2733756%27%29&limit=1&fields=code%2Cp_tdi_estado_freshdesk%2C_internalId%2C_parentId%2Cname%2Cstatus HTTP/1.1" 200 405
2025-11-03 11:48:09 - SyncDeskManager - INFO - Ticket 33756 encontrado directamente
2025-11-03 11:48:09 - SyncDeskManager - DEBUG - Buscando ticket 33757 directamente en Clarity...
2025-11-03 11:48:09 - urllib3.connectionpool - DEBUG - https://pmservice.tdilatam.com:8043 "GET /ppm/rest/v1/tasks?filter=%28code+%3D+%2733757%27%29&limit=1&fields=code%2Cp_tdi_estado_freshdesk%2C_internalId%2C_parentId%2Cname%2Cstatus HTTP/1.1" 200 405
2025-11-03 11:48:09 - SyncDeskManager - INFO - Ticket 33757 encontrado directamente
2025-11-03 11:48:09 - SyncDeskManager - DEBUG - Buscando ticket 33771 directamente en Clarity...
2025-11-03 11:48:09 - urllib3.connectionpool - DEBUG - https://pmservice.tdilatam.com:8043 "GET /ppm/rest/v1/tasks?filter=%28code+%3D+%2733771%27%29&limit=1&fields=code%2Cp_tdi_estado_freshdesk%2C_internalId%2C_parentId%2Cname%2Cstatus HTTP/1.1" 200 406
2025-11-03 11:48:09 - SyncDeskManager - INFO - Ticket 33771 encontrado directamente
2025-11-03 11:48:09 - SyncDeskManager - DEBUG - Buscando ticket 33772 directamente en Clarity...
2025-11-03 11:48:09 - urllib3.connectionpool - DEBUG - https://pmservice.tdilatam.com:8043 "GET /ppm/rest/v1/tasks?filter=%28code+%3D+%2733772%27%29&limit=1&fields=code%2Cp_tdi_estado_freshdesk%2C_internalId%2C_parentId%2Cname%2Cstatus HTTP/1.1" 200 405
2025-11-03 11:48:09 - SyncDeskManager - INFO - Ticket 33772 encontrado directamente
2025-11-03 11:48:09 - SyncDeskManager - DEBUG - Buscando ticket 33797 directamente en Clarity...
2025-11-03 11:48:09 - urllib3.connectionpool - DEBUG - https://pmservice.tdilatam.com:8043 "GET /ppm/rest/v1/tasks?filter=%28code+%3D+%2733797%27%29&limit=1&fields=code%2Cp_tdi_estado_freshdesk%2C_internalId%2C_parentId%2Cname%2Cstatus HTTP/1.1" 200 405
2025-11-03 11:48:09 - SyncDeskManager - INFO - Ticket 33797 encontrado directamente
2025-11-03 11:48:09 - SyncDeskManager - DEBUG - Buscando ticket 33798 directamente en Clarity...
2025-11-03 11:48:09 - urllib3.connectionpool - DEBUG - https://pmservice.tdilatam.com:8043 "GET /ppm/rest/v1/tasks?filter=%28code+%3D+%2733798%27%29&limit=1&fields=code%2Cp_tdi_estado_freshdesk%2C_internalId%2C_parentId%2Cname%2Cstatus HTTP/1.1" 200 405
2025-11-03 11:48:09 - SyncDeskManager - INFO - Ticket 33798 encontrado directamente
2025-11-03 11:48:09 - SyncDeskManager - DEBUG - Buscando ticket 33811 directamente en Clarity...
2025-11-03 11:48:09 - urllib3.connectionpool - DEBUG - https://pmservice.tdilatam.com:8043 "GET /ppm/rest/v1/tasks?filter=%28code+%3D+%2733811%27%29&limit=1&fields=code%2Cp_tdi_estado_freshdesk%2C_internalId%2C_parentId%2Cname%2Cstatus HTTP/1.1" 200 419
2025-11-03 11:48:09 - SyncDeskManager - INFO - Ticket 33811 encontrado directamente
2025-11-03 11:48:09 - SyncDeskManager - DEBUG - Buscando ticket 33815 directamente en Clarity...
2025-11-03 11:48:09 - urllib3.connectionpool - DEBUG - https://pmservice.tdilatam.com:8043 "GET /ppm/rest/v1/tasks?filter=%28code+%3D+%2733815%27%29&limit=1&fields=code%2Cp_tdi_estado_freshdesk%2C_internalId%2C_parentId%2Cname%2Cstatus HTTP/1.1" 200 405
2025-11-03 11:48:09 - SyncDeskManager - INFO - Ticket 33815 encontrado directamente
2025-11-03 11:48:09 - SyncDeskManager - DEBUG - Buscando ticket 33842 directamente en Clarity...
2025-11-03 11:48:09 - urllib3.connectionpool - DEBUG - https://pmservice.tdilatam.com:8043 "GET /ppm/rest/v1/tasks?filter=%28code+%3D+%2733842%27%29&limit=1&fields=code%2Cp_tdi_estado_freshdesk%2C_internalId%2C_parentId%2Cname%2Cstatus HTTP/1.1" 200 405
2025-11-03 11:48:09 - SyncDeskManager - INFO - Ticket 33842 encontrado directamente
2025-11-03 11:48:09 - SyncDeskManager - DEBUG - Buscando ticket 33856 directamente en Clarity...
2025-11-03 11:48:09 - urllib3.connectionpool - DEBUG - https://pmservice.tdilatam.com:8043 "GET /ppm/rest/v1/tasks?filter=%28code+%3D+%2733856%27%29&limit=1&fields=code%2Cp_tdi_estado_freshdesk%2C_internalId%2C_parentId%2Cname%2Cstatus HTTP/1.1" 200 405
2025-11-03 11:48:09 - SyncDeskManager - INFO - Ticket 33856 encontrado directamente
2025-11-03 11:48:09 - SyncDeskManager - DEBUG - Buscando ticket 33868 directamente en Clarity...
2025-11-03 11:48:09 - urllib3.connectionpool - DEBUG - https://pmservice.tdilatam.com:8043 "GET /ppm/rest/v1/tasks?filter=%28code+%3D+%2733868%27%29&limit=1&fields=code%2Cp_tdi_estado_freshdesk%2C_internalId%2C_parentId%2Cname%2Cstatus HTTP/1.1" 200 405
2025-11-03 11:48:09 - SyncDeskManager - INFO - Ticket 33868 encontrado directamente
2025-11-03 11:48:09 - SyncDeskManager - DEBUG - Buscando ticket 33869 directamente en Clarity...
2025-11-03 11:48:09 - urllib3.connectionpool - DEBUG - https://pmservice.tdilatam.com:8043 "GET /ppm/rest/v1/tasks?filter=%28code+%3D+%2733869%27%29&limit=1&fields=code%2Cp_tdi_estado_freshdesk%2C_internalId%2C_parentId%2Cname%2Cstatus HTTP/1.1" 200 404
2025-11-03 11:48:09 - SyncDeskManager - INFO - Ticket 33869 encontrado directamente
2025-11-03 11:48:09 - SyncDeskManager - DEBUG - Buscando ticket 33887 directamente en Clarity...
2025-11-03 11:48:09 - urllib3.connectionpool - DEBUG - https://pmservice.tdilatam.com:8043 "GET /ppm/rest/v1/tasks?filter=%28code+%3D+%2733887%27%29&limit=1&fields=code%2Cp_tdi_estado_freshdesk%2C_internalId%2C_parentId%2Cname%2Cstatus HTTP/1.1" 200 421
2025-11-03 11:48:09 - SyncDeskManager - INFO - Ticket 33887 encontrado directamente
2025-11-03 11:48:09 - SyncDeskManager - DEBUG - Buscando ticket 33905 directamente en Clarity...
2025-11-03 11:48:09 - urllib3.connectionpool - DEBUG - https://pmservice.tdilatam.com:8043 "GET /ppm/rest/v1/tasks?filter=%28code+%3D+%2733905%27%29&limit=1&fields=code%2Cp_tdi_estado_freshdesk%2C_internalId%2C_parentId%2Cname%2Cstatus HTTP/1.1" 200 441
2025-11-03 11:48:09 - SyncDeskManager - INFO - Ticket 33905 encontrado directamente
2025-11-03 11:48:09 - SyncDeskManager - DEBUG - Buscando ticket 33911 directamente en Clarity...
2025-11-03 11:48:09 - urllib3.connectionpool - DEBUG - https://pmservice.tdilatam.com:8043 "GET /ppm/rest/v1/tasks?filter=%28code+%3D+%2733911%27%29&limit=1&fields=code%2Cp_tdi_estado_freshdesk%2C_internalId%2C_parentId%2Cname%2Cstatus HTTP/1.1" 200 385
2025-11-03 11:48:09 - SyncDeskManager - INFO - Ticket 33911 encontrado directamente
2025-11-03 11:48:09 - SyncDeskManager - DEBUG - Buscando ticket 33936 directamente en Clarity...
2025-11-03 11:48:09 - urllib3.connectionpool - DEBUG - https://pmservice.tdilatam.com:8043 "GET /ppm/rest/v1/tasks?filter=%28code+%3D+%2733936%27%29&limit=1&fields=code%2Cp_tdi_estado_freshdesk%2C_internalId%2C_parentId%2Cname%2Cstatus HTTP/1.1" 200 405
2025-11-03 11:48:09 - SyncDeskManager - INFO - Ticket 33936 encontrado directamente
2025-11-03 11:48:09 - SyncDeskManager - DEBUG - Buscando ticket 33944 directamente en Clarity...
2025-11-03 11:48:09 - urllib3.connectionpool - DEBUG - https://pmservice.tdilatam.com:8043 "GET /ppm/rest/v1/tasks?filter=%28code+%3D+%2733944%27%29&limit=1&fields=code%2Cp_tdi_estado_freshdesk%2C_internalId%2C_parentId%2Cname%2Cstatus HTTP/1.1" 200 406
2025-11-03 11:48:09 - SyncDeskManager - INFO - Ticket 33944 encontrado directamente
2025-11-03 11:48:09 - SyncDeskManager - DEBUG - Buscando ticket 33960 directamente en Clarity...
2025-11-03 11:48:09 - urllib3.connectionpool - DEBUG - https://pmservice.tdilatam.com:8043 "GET /ppm/rest/v1/tasks?filter=%28code+%3D+%2733960%27%29&limit=1&fields=code%2Cp_tdi_estado_freshdesk%2C_internalId%2C_parentId%2Cname%2Cstatus HTTP/1.1" 200 404
2025-11-03 11:48:09 - SyncDeskManager - INFO - Ticket 33960 encontrado directamente
2025-11-03 11:48:09 - SyncDeskManager - DEBUG - Buscando ticket 33963 directamente en Clarity...
2025-11-03 11:48:10 - urllib3.connectionpool - DEBUG - https://pmservice.tdilatam.com:8043 "GET /ppm/rest/v1/tasks?filter=%28code+%3D+%2733963%27%29&limit=1&fields=code%2Cp_tdi_estado_freshdesk%2C_internalId%2C_parentId%2Cname%2Cstatus HTTP/1.1" 200 406
2025-11-03 11:48:10 - SyncDeskManager - INFO - Ticket 33963 encontrado directamente
2025-11-03 11:48:10 - SyncDeskManager - DEBUG - Buscando ticket 33964 directamente en Clarity...
2025-11-03 11:48:10 - urllib3.connectionpool - DEBUG - https://pmservice.tdilatam.com:8043 "GET /ppm/rest/v1/tasks?filter=%28code+%3D+%2733964%27%29&limit=1&fields=code%2Cp_tdi_estado_freshdesk%2C_internalId%2C_parentId%2Cname%2Cstatus HTTP/1.1" 200 405
2025-11-03 11:48:10 - SyncDeskManager - INFO - Ticket 33964 encontrado directamente
2025-11-03 11:48:10 - SyncDeskManager - DEBUG - Buscando ticket 33974 directamente en Clarity...
2025-11-03 11:48:10 - urllib3.connectionpool - DEBUG - https://pmservice.tdilatam.com:8043 "GET /ppm/rest/v1/tasks?filter=%28code+%3D+%2733974%27%29&limit=1&fields=code%2Cp_tdi_estado_freshdesk%2C_internalId%2C_parentId%2Cname%2Cstatus HTTP/1.1" 200 406
2025-11-03 11:48:10 - SyncDeskManager - INFO - Ticket 33974 encontrado directamente
2025-11-03 11:48:10 - SyncDeskManager - DEBUG - Buscando ticket 34038 directamente en Clarity...
2025-11-03 11:48:10 - urllib3.connectionpool - DEBUG - https://pmservice.tdilatam.com:8043 "GET /ppm/rest/v1/tasks?filter=%28code+%3D+%2734038%27%29&limit=1&fields=code%2Cp_tdi_estado_freshdesk%2C_internalId%2C_parentId%2Cname%2Cstatus HTTP/1.1" 200 370
2025-11-03 11:48:10 - SyncDeskManager - INFO - Ticket 34038 encontrado directamente
2025-11-03 11:48:10 - SyncDeskManager - DEBUG - Buscando ticket 34058 directamente en Clarity...
2025-11-03 11:48:10 - urllib3.connectionpool - DEBUG - https://pmservice.tdilatam.com:8043 "GET /ppm/rest/v1/tasks?filter=%28code+%3D+%2734058%27%29&limit=1&fields=code%2Cp_tdi_estado_freshdesk%2C_internalId%2C_parentId%2Cname%2Cstatus HTTP/1.1" 200 367
2025-11-03 11:48:10 - SyncDeskManager - INFO - Ticket 34058 encontrado directamente
2025-11-03 11:48:10 - SyncDeskManager - DEBUG - Buscando ticket 34085 directamente en Clarity...
2025-11-03 11:48:10 - urllib3.connectionpool - DEBUG - https://pmservice.tdilatam.com:8043 "GET /ppm/rest/v1/tasks?filter=%28code+%3D+%2734085%27%29&limit=1&fields=code%2Cp_tdi_estado_freshdesk%2C_internalId%2C_parentId%2Cname%2Cstatus HTTP/1.1" 200 397
2025-11-03 11:48:10 - SyncDeskManager - INFO - Ticket 34085 encontrado directamente
2025-11-03 11:48:10 - SyncDeskManager - DEBUG - Buscando ticket 34117 directamente en Clarity...
2025-11-03 11:48:10 - urllib3.connectionpool - DEBUG - https://pmservice.tdilatam.com:8043 "GET /ppm/rest/v1/tasks?filter=%28code+%3D+%2734117%27%29&limit=1&fields=code%2Cp_tdi_estado_freshdesk%2C_internalId%2C_parentId%2Cname%2Cstatus HTTP/1.1" 200 391
2025-11-03 11:48:10 - SyncDeskManager - INFO - Ticket 34117 encontrado directamente
2025-11-03 11:48:10 - SyncDeskManager - DEBUG - Buscando ticket 34119 directamente en Clarity...
2025-11-03 11:48:10 - urllib3.connectionpool - DEBUG - https://pmservice.tdilatam.com:8043 "GET /ppm/rest/v1/tasks?filter=%28code+%3D+%2734119%27%29&limit=1&fields=code%2Cp_tdi_estado_freshdesk%2C_internalId%2C_parentId%2Cname%2Cstatus HTTP/1.1" 200 427
2025-11-03 11:48:10 - SyncDeskManager - INFO - Ticket 34119 encontrado directamente
2025-11-03 11:48:10 - SyncDeskManager - INFO - IDs obtenidos: 163/163 tickets
2025-11-03 11:48:14 - SyncDeskManager - INFO - Aplicando 163 cambios en Clarity...
2025-11-03 11:48:14 - SyncDeskManager - ERROR - Error en sincronización: 'ProjectLogger' object has no attribute 'log_transaction_change'
Traceback (most recent call last):
  File "c:\xampp\htdocs\TDI_Task_Manager\src\features\sync\sync_orchestrator.py", line 140, in sincronizar_estados
    resultado = self.change_applier.aplicar_cambios_clarity(diferencias_completas, self.transaction_id)
                ^^^^^^^^^^^^^^^^^^^^^^^^^^^^^^^^^^^^^^^^^^^^^^^^^^^^^^^^^^^^^^^^^^^^^^^^^^^^^^^^^^^^^^^
  File "c:\xampp\htdocs\TDI_Task_Manager\src\features\sync\change_applier.py", line 25, in aplicar_cambios_clarity
    self._registrar_cambio_transaccional(transaction_id, diff, 'PENDING')
  File "c:\xampp\htdocs\TDI_Task_Manager\src\features\sync\change_applier.py", line 58, in _registrar_cambio_transaccional
    self.logger.log_transaction_change(transaction_id, change_data)
    ^^^^^^^^^^^^^^^^^^^^^^^^^^^^^^^^^^
AttributeError: 'ProjectLogger' object has no attribute 'log_transaction_change'
2025-11-03 11:48:14 - SyncDeskManager - ERROR - TRANSACTION_FAILED: SYNC_STATES_20251103_114739 - {'estado': 'FAILED', 'error': "Excepción: 'ProjectLogger' object has no attribute 'log_transaction_change'"}
Traceback (most recent call last):
  File "c:\xampp\htdocs\TDI_Task_Manager\src\features\sync\sync_orchestrator.py", line 140, in sincronizar_estados
    resultado = self.change_applier.aplicar_cambios_clarity(diferencias_completas, self.transaction_id)
                ^^^^^^^^^^^^^^^^^^^^^^^^^^^^^^^^^^^^^^^^^^^^^^^^^^^^^^^^^^^^^^^^^^^^^^^^^^^^^^^^^^^^^^^
  File "c:\xampp\htdocs\TDI_Task_Manager\src\features\sync\change_applier.py", line 25, in aplicar_cambios_clarity
    self._registrar_cambio_transaccional(transaction_id, diff, 'PENDING')
  File "c:\xampp\htdocs\TDI_Task_Manager\src\features\sync\change_applier.py", line 58, in _registrar_cambio_transaccional
    self.logger.log_transaction_change(transaction_id, change_data)
    ^^^^^^^^^^^^^^^^^^^^^^^^^^^^^^^^^^
AttributeError: 'ProjectLogger' object has no attribute 'log_transaction_change'
2025-11-03 11:48:14 - SyncDeskManager - ERROR - Transacción fallida: SYNC_STATES_20251103_114739 - Excepción: 'ProjectLogger' object has no attribute 'log_transaction_change'
Traceback (most recent call last):
  File "c:\xampp\htdocs\TDI_Task_Manager\src\features\sync\sync_orchestrator.py", line 140, in sincronizar_estados
    resultado = self.change_applier.aplicar_cambios_clarity(diferencias_completas, self.transaction_id)
                ^^^^^^^^^^^^^^^^^^^^^^^^^^^^^^^^^^^^^^^^^^^^^^^^^^^^^^^^^^^^^^^^^^^^^^^^^^^^^^^^^^^^^^^
  File "c:\xampp\htdocs\TDI_Task_Manager\src\features\sync\change_applier.py", line 25, in aplicar_cambios_clarity
    self._registrar_cambio_transaccional(transaction_id, diff, 'PENDING')
  File "c:\xampp\htdocs\TDI_Task_Manager\src\features\sync\change_applier.py", line 58, in _registrar_cambio_transaccional
    self.logger.log_transaction_change(transaction_id, change_data)
    ^^^^^^^^^^^^^^^^^^^^^^^^^^^^^^^^^^
AttributeError: 'ProjectLogger' object has no attribute 'log_transaction_change'
2025-11-03 11:48:30 - SyncDeskManager - INFO - Datos sensibles limpiados de la memoria
2025-11-03 11:57:50 - SyncDeskManager - INFO - ==================================================
2025-11-03 11:57:50 - SyncDeskManager - INFO - 🚀 INICIANDO SYNC DESK MANAGER
2025-11-03 11:57:50 - SyncDeskManager - INFO - ==================================================
2025-11-03 11:57:50 - SyncDeskManager - INFO - Sistema operativo: Windows 11
2025-11-03 11:57:50 - SyncDeskManager - INFO - Python: 3.12.4
2025-11-03 11:57:50 - SyncDeskManager - INFO - Usuario: usuario
2025-11-03 11:57:50 - SyncDeskManager - INFO - Directorio de trabajo: C:\xampp\htdocs\TDI_Task_Manager
2025-11-03 11:57:50 - SyncDeskManager - INFO - Directorio de logs: c:\xampp\htdocs\TDI_Task_Manager\src\logs
2025-11-03 11:57:50 - SyncDeskManager - INFO - ==================================================
2025-11-03 11:57:51 - SyncDeskManager - INFO - ConfigManager inicializado - Modo volátil en memoria
2025-11-03 11:57:51 - SyncDeskManager - INFO - Iniciando aplicación
2025-11-03 11:57:51 - SyncDeskManager - INFO - Módulos cargados correctamente
2025-11-03 11:57:51 - SyncDeskManager - INFO - ConfigManager inicializado - Modo volátil en memoria
2025-11-03 11:57:51 - SyncDeskManager - INFO - FreshdeskService inicializado
2025-11-03 11:57:51 - SyncDeskManager - INFO - Configuración de clasificación cargada desde: data/classification/classification_config.json
2025-11-03 11:57:51 - SyncDeskManager - INFO - ClassificationConfigManager inicializado
2025-11-03 11:57:51 - SyncDeskManager - INFO - ClassificationLibraryGenerator inicializado
2025-11-03 11:58:02 - SyncDeskManager - INFO - TRANSACTION_START: SYNC_STATES_20251103_115802 - Sincronización estados Freshdesk → Clarity
2025-11-03 11:58:02 - SyncDeskManager - INFO - Transacción iniciada: SYNC_STATES_20251103_115802
2025-11-03 11:58:15 - SyncDeskManager - INFO - Análisis completado: 1549 coincidencias, 128 sin coincidencia
2025-11-03 11:58:19 - SyncDeskManager - INFO - Iniciando comparación de estados...
2025-11-03 11:58:19 - SyncDeskManager - DEBUG - Ticket 31960: Diferencia encontrada Abierta -> Cerrada
2025-11-03 11:58:19 - SyncDeskManager - DEBUG - Ticket 31961: Diferencia encontrada Abierta -> Cerrada
2025-11-03 11:58:19 - SyncDeskManager - DEBUG - Ticket 31962: Diferencia encontrada Resuelto -> Cerrada
2025-11-03 11:58:19 - SyncDeskManager - DEBUG - Ticket 31963: Diferencia encontrada Abierta -> Cerrada
2025-11-03 11:58:19 - SyncDeskManager - DEBUG - Ticket 31964: Diferencia encontrada Resuelto -> Cerrada
2025-11-03 11:58:19 - SyncDeskManager - DEBUG - Ticket 31972: Diferencia encontrada Abierta -> Cerrada
2025-11-03 11:58:19 - SyncDeskManager - DEBUG - Ticket 31973: Diferencia encontrada En progreso -> Cerrada
2025-11-03 11:58:19 - SyncDeskManager - DEBUG - Ticket 31974: Diferencia encontrada En progreso -> Cerrada
2025-11-03 11:58:19 - SyncDeskManager - DEBUG - Ticket 31975: Diferencia encontrada Abierta -> Cerrada
2025-11-03 11:58:19 - SyncDeskManager - DEBUG - Ticket 31977: Diferencia encontrada Resuelto -> Cerrada
2025-11-03 11:58:19 - SyncDeskManager - DEBUG - Ticket 31978: Diferencia encontrada Esperando al cliente -> Cerrada
2025-11-03 11:58:19 - SyncDeskManager - DEBUG - Ticket 31979: Diferencia encontrada En progreso -> Cerrada
2025-11-03 11:58:19 - SyncDeskManager - DEBUG - Ticket 31983: Diferencia encontrada En progreso -> Cerrada
2025-11-03 11:58:19 - SyncDeskManager - DEBUG - Ticket 31984: Diferencia encontrada En progreso -> Cerrada
2025-11-03 11:58:19 - SyncDeskManager - DEBUG - Ticket 31987: Diferencia encontrada Abierta -> Cerrada
2025-11-03 11:58:19 - SyncDeskManager - DEBUG - Ticket 31990: Diferencia encontrada Resuelto -> Cerrada
2025-11-03 11:58:19 - SyncDeskManager - DEBUG - Ticket 31994: Diferencia encontrada Abierta -> Cerrada
2025-11-03 11:58:19 - SyncDeskManager - DEBUG - Ticket 31996: Diferencia encontrada Abierta -> Cerrada
2025-11-03 11:58:19 - SyncDeskManager - DEBUG - Ticket 31997: Diferencia encontrada Abierta -> Cerrada
2025-11-03 11:58:19 - SyncDeskManager - DEBUG - Ticket 31999: Diferencia encontrada Esperando al cliente -> Cerrada
2025-11-03 11:58:19 - SyncDeskManager - DEBUG - Ticket 32001: Diferencia encontrada En progreso -> Cerrada
2025-11-03 11:58:19 - SyncDeskManager - DEBUG - Ticket 32003: Diferencia encontrada Abierta -> Cerrada
2025-11-03 11:58:19 - SyncDeskManager - DEBUG - Ticket 32005: Diferencia encontrada Derivado al Fabricante -> Cerrada
2025-11-03 11:58:19 - SyncDeskManager - DEBUG - Ticket 32008: Diferencia encontrada Resuelto -> Cerrada
2025-11-03 11:58:19 - SyncDeskManager - DEBUG - Ticket 32009: Diferencia encontrada En progreso -> Cerrada
2025-11-03 11:58:19 - SyncDeskManager - DEBUG - Ticket 32010: Diferencia encontrada En progreso -> Cerrada
2025-11-03 11:58:19 - SyncDeskManager - DEBUG - Ticket 32011: Diferencia encontrada En progreso -> Cerrada
2025-11-03 11:58:19 - SyncDeskManager - DEBUG - Ticket 32012: Diferencia encontrada Abierta -> Cerrada
2025-11-03 11:58:19 - SyncDeskManager - DEBUG - Ticket 32013: Diferencia encontrada Resuelto -> Cerrada
2025-11-03 11:58:19 - SyncDeskManager - DEBUG - Ticket 32014: Diferencia encontrada Resuelto -> Cerrada
2025-11-03 11:58:19 - SyncDeskManager - DEBUG - Ticket 32015: Diferencia encontrada Resuelto -> Cerrada
2025-11-03 11:58:19 - SyncDeskManager - DEBUG - Ticket 32020: Diferencia encontrada Abierta -> Cerrada
2025-11-03 11:58:19 - SyncDeskManager - DEBUG - Ticket 32021: Diferencia encontrada Abierta -> Cerrada
2025-11-03 11:58:19 - SyncDeskManager - DEBUG - Ticket 32022: Diferencia encontrada Abierta -> Cerrada
2025-11-03 11:58:19 - SyncDeskManager - DEBUG - Ticket 32025: Diferencia encontrada Esperando al cliente -> Cerrada
2025-11-03 11:58:19 - SyncDeskManager - DEBUG - Ticket 32033: Diferencia encontrada Abierta -> Cerrada
2025-11-03 11:58:19 - SyncDeskManager - DEBUG - Ticket 32035: Diferencia encontrada Abierta -> Cerrada
2025-11-03 11:58:19 - SyncDeskManager - DEBUG - Ticket 32036: Diferencia encontrada En progreso -> Cerrada
2025-11-03 11:58:19 - SyncDeskManager - DEBUG - Ticket 32041: Diferencia encontrada Derivado al Fabricante -> Cerrada
2025-11-03 11:58:19 - SyncDeskManager - DEBUG - Ticket 32042: Diferencia encontrada Abierta -> Cerrada
2025-11-03 11:58:19 - SyncDeskManager - DEBUG - Ticket 32043: Diferencia encontrada En progreso -> Cerrada
2025-11-03 11:58:19 - SyncDeskManager - DEBUG - Ticket 32044: Diferencia encontrada En progreso -> Cerrada
2025-11-03 11:58:19 - SyncDeskManager - DEBUG - Ticket 32067: Diferencia encontrada En progreso -> Cerrada
2025-11-03 11:58:19 - SyncDeskManager - DEBUG - Ticket 32068: Diferencia encontrada Abierta -> Cerrada
2025-11-03 11:58:19 - SyncDeskManager - DEBUG - Ticket 32075: Diferencia encontrada Abierta -> Cerrada
2025-11-03 11:58:20 - SyncDeskManager - DEBUG - Ticket 32088: Diferencia encontrada Resuelto -> Cerrada
2025-11-03 11:58:20 - SyncDeskManager - DEBUG - Ticket 32097: Diferencia encontrada Esperando al cliente -> Cerrada
2025-11-03 11:58:20 - SyncDeskManager - DEBUG - Ticket 32103: Diferencia encontrada Resuelto -> Cerrada
2025-11-03 11:58:20 - SyncDeskManager - DEBUG - Ticket 32110: Diferencia encontrada Resuelto -> Cerrada
2025-11-03 11:58:20 - SyncDeskManager - DEBUG - Ticket 32114: Diferencia encontrada Resuelto -> Cerrada
2025-11-03 11:58:20 - SyncDeskManager - DEBUG - Ticket 32115: Diferencia encontrada Abierta -> Cerrada
2025-11-03 11:58:20 - SyncDeskManager - DEBUG - Ticket 32117: Diferencia encontrada En evaluación -> Esperando al cliente
2025-11-03 11:58:20 - SyncDeskManager - DEBUG - Ticket 32118: Diferencia encontrada Abierta -> Cerrada
2025-11-03 11:58:20 - SyncDeskManager - DEBUG - Ticket 32120: Diferencia encontrada Abierta -> Cerrada
2025-11-03 11:58:20 - SyncDeskManager - DEBUG - Ticket 32121: Diferencia encontrada En evaluación -> Esperando al cliente
2025-11-03 11:58:20 - SyncDeskManager - DEBUG - Ticket 32122: Diferencia encontrada Esperando al cliente -> Cerrada
2025-11-03 11:58:20 - SyncDeskManager - DEBUG - Ticket 32123: Diferencia encontrada En evaluación -> Esperando al cliente
2025-11-03 11:58:20 - SyncDeskManager - DEBUG - Ticket 32125: Diferencia encontrada En evaluación -> Cerrada
2025-11-03 11:58:20 - SyncDeskManager - DEBUG - Ticket 32126: Diferencia encontrada Esperando al cliente -> Cerrada
2025-11-03 11:58:20 - SyncDeskManager - DEBUG - Ticket 32128: Diferencia encontrada Esperando al cliente -> Cerrada
2025-11-03 11:58:20 - SyncDeskManager - DEBUG - Ticket 32129: Diferencia encontrada Resuelto -> Cerrada
2025-11-03 11:58:20 - SyncDeskManager - DEBUG - Ticket 32130: Diferencia encontrada Resuelto -> Cerrada
2025-11-03 11:58:20 - SyncDeskManager - DEBUG - Ticket 32144: Diferencia encontrada En progreso -> Cerrada
2025-11-03 11:58:20 - SyncDeskManager - DEBUG - Ticket 32155: Diferencia encontrada Resuelto -> Cerrada
2025-11-03 11:58:20 - SyncDeskManager - DEBUG - Ticket 32157: Diferencia encontrada En progreso -> Cerrada
2025-11-03 11:58:20 - SyncDeskManager - DEBUG - Ticket 32158: Diferencia encontrada En progreso -> Cerrada
2025-11-03 11:58:20 - SyncDeskManager - DEBUG - Ticket 32159: Diferencia encontrada Resuelto -> Cerrada
2025-11-03 11:58:20 - SyncDeskManager - DEBUG - Ticket 32160: Diferencia encontrada En progreso -> Cerrada
2025-11-03 11:58:20 - SyncDeskManager - DEBUG - Ticket 32161: Diferencia encontrada Abierta -> Cerrada
2025-11-03 11:58:20 - SyncDeskManager - DEBUG - Ticket 32162: Diferencia encontrada Esperando al cliente -> Cerrada
2025-11-03 11:58:20 - SyncDeskManager - DEBUG - Ticket 32165: No encontrado en Clarity
2025-11-03 11:58:20 - SyncDeskManager - DEBUG - Ticket 32173: Diferencia encontrada Esperando al cliente -> Cerrada
2025-11-03 11:58:20 - SyncDeskManager - DEBUG - Ticket 32174: Diferencia encontrada En progreso -> Cerrada
2025-11-03 11:58:20 - SyncDeskManager - DEBUG - Ticket 32177: Diferencia encontrada Derivado al Fabricante -> Cerrada
2025-11-03 11:58:20 - SyncDeskManager - DEBUG - Ticket 32179: Diferencia encontrada Resuelto -> Cerrada
2025-11-03 11:58:20 - SyncDeskManager - DEBUG - Ticket 32183: Diferencia encontrada Abierta -> Cerrada
2025-11-03 11:58:20 - SyncDeskManager - DEBUG - Ticket 32184: Diferencia encontrada Abierta -> Cerrada
2025-11-03 11:58:20 - SyncDeskManager - DEBUG - Ticket 32188: Diferencia encontrada Derivado al Fabricante -> Cerrada
2025-11-03 11:58:20 - SyncDeskManager - DEBUG - Ticket 32192: Diferencia encontrada Abierta -> Cerrada
2025-11-03 11:58:20 - SyncDeskManager - DEBUG - Ticket 32193: Diferencia encontrada Resuelto -> Cerrada
2025-11-03 11:58:20 - SyncDeskManager - DEBUG - Ticket 32204: Diferencia encontrada Abierta -> Cerrada
2025-11-03 11:58:20 - SyncDeskManager - DEBUG - Ticket 32213: Diferencia encontrada Resuelto -> Cerrada
2025-11-03 11:58:20 - SyncDeskManager - DEBUG - Ticket 32214: Diferencia encontrada Abierta -> Cerrada
2025-11-03 11:58:20 - SyncDeskManager - DEBUG - Ticket 32215: Diferencia encontrada Abierta -> Cerrada
2025-11-03 11:58:20 - SyncDeskManager - DEBUG - Ticket 32216: Diferencia encontrada Abierta -> Cerrada
2025-11-03 11:58:20 - SyncDeskManager - DEBUG - Ticket 32217: Diferencia encontrada Abierta -> Cerrada
2025-11-03 11:58:20 - SyncDeskManager - DEBUG - Ticket 32220: Diferencia encontrada Abierta -> Cerrada
2025-11-03 11:58:20 - SyncDeskManager - DEBUG - Ticket 32221: Diferencia encontrada Resuelto -> Cerrada
2025-11-03 11:58:20 - SyncDeskManager - DEBUG - Ticket 32223: Diferencia encontrada Esperando al cliente -> Cerrada
2025-11-03 11:58:20 - SyncDeskManager - DEBUG - Ticket 32224: Diferencia encontrada Abierta -> En progreso
2025-11-03 11:58:20 - SyncDeskManager - DEBUG - Ticket 32225: Diferencia encontrada Abierta -> Cerrada
2025-11-03 11:58:20 - SyncDeskManager - DEBUG - Ticket 32226: Diferencia encontrada Abierta -> Cerrada
2025-11-03 11:58:20 - SyncDeskManager - DEBUG - Ticket 32227: Diferencia encontrada Resuelto -> Cerrada
2025-11-03 11:58:20 - SyncDeskManager - DEBUG - Ticket 32230: Diferencia encontrada Resuelto -> Cerrada
2025-11-03 11:58:20 - SyncDeskManager - DEBUG - Ticket 32233: Diferencia encontrada En progreso -> Cerrada
2025-11-03 11:58:20 - SyncDeskManager - DEBUG - Ticket 32238: Diferencia encontrada En progreso -> Cerrada
2025-11-03 11:58:20 - SyncDeskManager - DEBUG - Ticket 32239: Diferencia encontrada Resuelto -> Cerrada
2025-11-03 11:58:20 - SyncDeskManager - DEBUG - Ticket 32240: Diferencia encontrada Resuelto -> Cerrada
2025-11-03 11:58:20 - SyncDeskManager - DEBUG - Ticket 32241: Diferencia encontrada Resuelto -> Cerrada
2025-11-03 11:58:20 - SyncDeskManager - DEBUG - Ticket 32242: Diferencia encontrada En progreso -> Cerrada
2025-11-03 11:58:20 - SyncDeskManager - DEBUG - Ticket 32243: Diferencia encontrada Abierta -> Cerrada
2025-11-03 11:58:20 - SyncDeskManager - DEBUG - Ticket 32244: Diferencia encontrada Abierta -> Cerrada
2025-11-03 11:58:20 - SyncDeskManager - DEBUG - Ticket 32245: Diferencia encontrada Resuelto -> Cerrada
2025-11-03 11:58:20 - SyncDeskManager - DEBUG - Ticket 32246: Diferencia encontrada Resuelto -> Cerrada
2025-11-03 11:58:20 - SyncDeskManager - DEBUG - Ticket 32248: Diferencia encontrada Abierta -> Cerrada
2025-11-03 11:58:20 - SyncDeskManager - DEBUG - Ticket 32251: Diferencia encontrada En progreso -> Cerrada
2025-11-03 11:58:20 - SyncDeskManager - DEBUG - Ticket 32252: Diferencia encontrada En progreso -> Cerrada
2025-11-03 11:58:20 - SyncDeskManager - DEBUG - Ticket 32254: Diferencia encontrada Abierta -> Cerrada
2025-11-03 11:58:20 - SyncDeskManager - DEBUG - Ticket 32255: Diferencia encontrada Abierta -> Cerrada
2025-11-03 11:58:20 - SyncDeskManager - DEBUG - Ticket 32263: No encontrado en Clarity
2025-11-03 11:58:20 - SyncDeskManager - DEBUG - Ticket 32288: No encontrado en Clarity
2025-11-03 11:58:20 - SyncDeskManager - DEBUG - Ticket 32292: No encontrado en Clarity
2025-11-03 11:58:20 - SyncDeskManager - DEBUG - Ticket 32293: No encontrado en Clarity
2025-11-03 11:58:20 - SyncDeskManager - DEBUG - Ticket 32301: No encontrado en Clarity
2025-11-03 11:58:20 - SyncDeskManager - DEBUG - Ticket 32311: No encontrado en Clarity
2025-11-03 11:58:20 - SyncDeskManager - DEBUG - Ticket 32312: No encontrado en Clarity
2025-11-03 11:58:20 - SyncDeskManager - DEBUG - Ticket 32340: No encontrado en Clarity
2025-11-03 11:58:20 - SyncDeskManager - DEBUG - Ticket 32358: No encontrado en Clarity
2025-11-03 11:58:20 - SyncDeskManager - DEBUG - Ticket 32374: No encontrado en Clarity
2025-11-03 11:58:20 - SyncDeskManager - DEBUG - Ticket 32399: No encontrado en Clarity
2025-11-03 11:58:20 - SyncDeskManager - DEBUG - Ticket 32440: No encontrado en Clarity
2025-11-03 11:58:20 - SyncDeskManager - DEBUG - Ticket 32455: No encontrado en Clarity
2025-11-03 11:58:20 - SyncDeskManager - DEBUG - Ticket 32462: No encontrado en Clarity
2025-11-03 11:58:20 - SyncDeskManager - DEBUG - Ticket 32495: No encontrado en Clarity
2025-11-03 11:58:20 - SyncDeskManager - DEBUG - Ticket 32532: No encontrado en Clarity
2025-11-03 11:58:20 - SyncDeskManager - DEBUG - Ticket 32538: No encontrado en Clarity
2025-11-03 11:58:20 - SyncDeskManager - DEBUG - Ticket 32539: No encontrado en Clarity
2025-11-03 11:58:21 - SyncDeskManager - DEBUG - Ticket 32587: No encontrado en Clarity
2025-11-03 11:58:21 - SyncDeskManager - DEBUG - Ticket 32606: No encontrado en Clarity
2025-11-03 11:58:21 - SyncDeskManager - DEBUG - Ticket 32656: No encontrado en Clarity
2025-11-03 11:58:21 - SyncDeskManager - DEBUG - Ticket 32657: No encontrado en Clarity
2025-11-03 11:58:21 - SyncDeskManager - DEBUG - Ticket 32676: No encontrado en Clarity
2025-11-03 11:58:21 - SyncDeskManager - DEBUG - Ticket 32696: No encontrado en Clarity
2025-11-03 11:58:21 - SyncDeskManager - DEBUG - Ticket 32736: No encontrado en Clarity
2025-11-03 11:58:21 - SyncDeskManager - DEBUG - Ticket 32758: No encontrado en Clarity
2025-11-03 11:58:21 - SyncDeskManager - DEBUG - Ticket 32760: No encontrado en Clarity
2025-11-03 11:58:21 - SyncDeskManager - DEBUG - Ticket 32761: No encontrado en Clarity
2025-11-03 11:58:21 - SyncDeskManager - DEBUG - Ticket 32762: No encontrado en Clarity
2025-11-03 11:58:21 - SyncDeskManager - DEBUG - Ticket 32774: No encontrado en Clarity
2025-11-03 11:58:21 - SyncDeskManager - DEBUG - Ticket 32778: No encontrado en Clarity
2025-11-03 11:58:21 - SyncDeskManager - DEBUG - Ticket 32782: Diferencia encontrada En progreso -> Esperando al cliente
2025-11-03 11:58:21 - SyncDeskManager - DEBUG - Ticket 32811: No encontrado en Clarity
2025-11-03 11:58:21 - SyncDeskManager - DEBUG - Ticket 32830: No encontrado en Clarity
2025-11-03 11:58:21 - SyncDeskManager - DEBUG - Ticket 32836: No encontrado en Clarity
2025-11-03 11:58:21 - SyncDeskManager - DEBUG - Ticket 32838: No encontrado en Clarity
2025-11-03 11:58:21 - SyncDeskManager - DEBUG - Ticket 32841: No encontrado en Clarity
2025-11-03 11:58:21 - SyncDeskManager - DEBUG - Ticket 32842: No encontrado en Clarity
2025-11-03 11:58:21 - SyncDeskManager - DEBUG - Ticket 32843: No encontrado en Clarity
2025-11-03 11:58:21 - SyncDeskManager - DEBUG - Ticket 32844: No encontrado en Clarity
2025-11-03 11:58:21 - SyncDeskManager - DEBUG - Ticket 32848: No encontrado en Clarity
2025-11-03 11:58:21 - SyncDeskManager - DEBUG - Ticket 32850: No encontrado en Clarity
2025-11-03 11:58:21 - SyncDeskManager - DEBUG - Ticket 32856: No encontrado en Clarity
2025-11-03 11:58:21 - SyncDeskManager - DEBUG - Ticket 32879: No encontrado en Clarity
2025-11-03 11:58:21 - SyncDeskManager - DEBUG - Ticket 32912: No encontrado en Clarity
2025-11-03 11:58:21 - SyncDeskManager - DEBUG - Ticket 32914: Diferencia encontrada Resuelto -> Cerrada
2025-11-03 11:58:21 - SyncDeskManager - DEBUG - Ticket 32916: No encontrado en Clarity
2025-11-03 11:58:21 - SyncDeskManager - DEBUG - Ticket 32930: No encontrado en Clarity
2025-11-03 11:58:21 - SyncDeskManager - DEBUG - Ticket 32931: No encontrado en Clarity
2025-11-03 11:58:21 - SyncDeskManager - DEBUG - Ticket 32938: No encontrado en Clarity
2025-11-03 11:58:21 - SyncDeskManager - DEBUG - Ticket 32943: No encontrado en Clarity
2025-11-03 11:58:21 - SyncDeskManager - DEBUG - Ticket 32961: No encontrado en Clarity
2025-11-03 11:58:21 - SyncDeskManager - DEBUG - Ticket 33008: No encontrado en Clarity
2025-11-03 11:58:21 - SyncDeskManager - DEBUG - Ticket 33012: No encontrado en Clarity
2025-11-03 11:58:22 - SyncDeskManager - DEBUG - Ticket 33027: No encontrado en Clarity
2025-11-03 11:58:22 - SyncDeskManager - DEBUG - Ticket 33034: No encontrado en Clarity
2025-11-03 11:58:22 - SyncDeskManager - DEBUG - Ticket 33039: No encontrado en Clarity
2025-11-03 11:58:22 - SyncDeskManager - DEBUG - Ticket 33052: No encontrado en Clarity
2025-11-03 11:58:22 - SyncDeskManager - DEBUG - Ticket 33062: No encontrado en Clarity
2025-11-03 11:58:22 - SyncDeskManager - DEBUG - Ticket 33068: No encontrado en Clarity
2025-11-03 11:58:22 - SyncDeskManager - DEBUG - Ticket 33069: No encontrado en Clarity
2025-11-03 11:58:22 - SyncDeskManager - DEBUG - Ticket 33070: No encontrado en Clarity
2025-11-03 11:58:22 - SyncDeskManager - DEBUG - Ticket 33075: No encontrado en Clarity
2025-11-03 11:58:22 - SyncDeskManager - DEBUG - Ticket 33082: Diferencia encontrada Esperando al cliente -> Derivado al Fabricante
2025-11-03 11:58:22 - SyncDeskManager - DEBUG - Ticket 33083: No encontrado en Clarity
2025-11-03 11:58:22 - SyncDeskManager - DEBUG - Ticket 33088: No encontrado en Clarity
2025-11-03 11:58:22 - SyncDeskManager - DEBUG - Ticket 33127: No encontrado en Clarity
2025-11-03 11:58:22 - SyncDeskManager - DEBUG - Ticket 33128: No encontrado en Clarity
2025-11-03 11:58:22 - SyncDeskManager - DEBUG - Ticket 33129: No encontrado en Clarity
2025-11-03 11:58:22 - SyncDeskManager - DEBUG - Ticket 33139: No encontrado en Clarity
2025-11-03 11:58:22 - SyncDeskManager - DEBUG - Ticket 33225: No encontrado en Clarity
2025-11-03 11:58:22 - SyncDeskManager - DEBUG - Ticket 33226: No encontrado en Clarity
2025-11-03 11:58:22 - SyncDeskManager - DEBUG - Ticket 33247: No encontrado en Clarity
2025-11-03 11:58:22 - SyncDeskManager - DEBUG - Ticket 33310: No encontrado en Clarity
2025-11-03 11:58:22 - SyncDeskManager - DEBUG - Ticket 33314: No encontrado en Clarity
2025-11-03 11:58:22 - SyncDeskManager - DEBUG - Ticket 33334: No encontrado en Clarity
2025-11-03 11:58:22 - SyncDeskManager - DEBUG - Ticket 33346: No encontrado en Clarity
2025-11-03 11:58:22 - SyncDeskManager - DEBUG - Ticket 33357: No encontrado en Clarity
2025-11-03 11:58:22 - SyncDeskManager - DEBUG - Ticket 33361: No encontrado en Clarity
2025-11-03 11:58:22 - SyncDeskManager - DEBUG - Ticket 33364: No encontrado en Clarity
2025-11-03 11:58:22 - SyncDeskManager - DEBUG - Ticket 33384: No encontrado en Clarity
2025-11-03 11:58:22 - SyncDeskManager - DEBUG - Ticket 33395: No encontrado en Clarity
2025-11-03 11:58:22 - SyncDeskManager - DEBUG - Ticket 33432: No encontrado en Clarity
2025-11-03 11:58:22 - SyncDeskManager - DEBUG - Ticket 33448: No encontrado en Clarity
2025-11-03 11:58:22 - SyncDeskManager - DEBUG - Ticket 33451: No encontrado en Clarity
2025-11-03 11:58:22 - SyncDeskManager - DEBUG - Ticket 33461: No encontrado en Clarity
2025-11-03 11:58:22 - SyncDeskManager - DEBUG - Ticket 33474: No encontrado en Clarity
2025-11-03 11:58:22 - SyncDeskManager - DEBUG - Ticket 33476: No encontrado en Clarity
2025-11-03 11:58:22 - SyncDeskManager - DEBUG - Ticket 33478: No encontrado en Clarity
2025-11-03 11:58:22 - SyncDeskManager - DEBUG - Ticket 33489: No encontrado en Clarity
2025-11-03 11:58:22 - SyncDeskManager - DEBUG - Ticket 33490: No encontrado en Clarity
2025-11-03 11:58:22 - SyncDeskManager - DEBUG - Ticket 33496: No encontrado en Clarity
2025-11-03 11:58:23 - SyncDeskManager - DEBUG - Ticket 33513: No encontrado en Clarity
2025-11-03 11:58:23 - SyncDeskManager - DEBUG - Ticket 33529: No encontrado en Clarity
2025-11-03 11:58:23 - SyncDeskManager - DEBUG - Ticket 33540: No encontrado en Clarity
2025-11-03 11:58:23 - SyncDeskManager - DEBUG - Ticket 33541: No encontrado en Clarity
2025-11-03 11:58:23 - SyncDeskManager - DEBUG - Ticket 33558: No encontrado en Clarity
2025-11-03 11:58:23 - SyncDeskManager - DEBUG - Ticket 33566: No encontrado en Clarity
2025-11-03 11:58:23 - SyncDeskManager - DEBUG - Ticket 33572: Diferencia encontrada Resuelto -> Cerrada
2025-11-03 11:58:23 - SyncDeskManager - DEBUG - Ticket 33581: Diferencia encontrada Resuelto -> Cerrada
2025-11-03 11:58:23 - SyncDeskManager - DEBUG - Ticket 33583: Diferencia encontrada Resuelto -> Cerrada
2025-11-03 11:58:23 - SyncDeskManager - DEBUG - Ticket 33585: No encontrado en Clarity
2025-11-03 11:58:23 - SyncDeskManager - DEBUG - Ticket 33607: Diferencia encontrada Resuelto -> Cerrada
2025-11-03 11:58:23 - SyncDeskManager - DEBUG - Ticket 33608: Diferencia encontrada Resuelto -> Cerrada
2025-11-03 11:58:23 - SyncDeskManager - DEBUG - Ticket 33611: No encontrado en Clarity
2025-11-03 11:58:23 - SyncDeskManager - DEBUG - Ticket 33612: Diferencia encontrada Resuelto -> Cerrada
2025-11-03 11:58:23 - SyncDeskManager - DEBUG - Ticket 33613: Diferencia encontrada Resuelto -> Cerrada
2025-11-03 11:58:23 - SyncDeskManager - DEBUG - Ticket 33614: Diferencia encontrada Resuelto -> Cerrada
2025-11-03 11:58:23 - SyncDeskManager - DEBUG - Ticket 33615: Diferencia encontrada Resuelto -> Cerrada
2025-11-03 11:58:23 - SyncDeskManager - DEBUG - Ticket 33621: No encontrado en Clarity
2025-11-03 11:58:23 - SyncDeskManager - DEBUG - Ticket 33655: No encontrado en Clarity
2025-11-03 11:58:23 - SyncDeskManager - DEBUG - Ticket 33658: Diferencia encontrada Resuelto -> Cerrada
2025-11-03 11:58:23 - SyncDeskManager - DEBUG - Ticket 33667: No encontrado en Clarity
2025-11-03 11:58:23 - SyncDeskManager - DEBUG - Ticket 33669: No encontrado en Clarity
2025-11-03 11:58:23 - SyncDeskManager - DEBUG - Ticket 33671: Diferencia encontrada Resuelto -> Cerrada
2025-11-03 11:58:23 - SyncDeskManager - DEBUG - Ticket 33672: Diferencia encontrada Resuelto -> Cerrada
2025-11-03 11:58:23 - SyncDeskManager - DEBUG - Ticket 33676: Diferencia encontrada Resuelto -> Cerrada
2025-11-03 11:58:23 - SyncDeskManager - DEBUG - Ticket 33680: Diferencia encontrada Resuelto -> Cerrada
2025-11-03 11:58:23 - SyncDeskManager - DEBUG - Ticket 33682: No encontrado en Clarity
2025-11-03 11:58:23 - SyncDeskManager - DEBUG - Ticket 33684: Diferencia encontrada Resuelto -> Cerrada
2025-11-03 11:58:23 - SyncDeskManager - DEBUG - Ticket 33702: No encontrado en Clarity
2025-11-03 11:58:23 - SyncDeskManager - DEBUG - Ticket 33707: Diferencia encontrada Resuelto -> Cerrada
2025-11-03 11:58:23 - SyncDeskManager - DEBUG - Ticket 33712: Diferencia encontrada Resuelto -> Cerrada
2025-11-03 11:58:23 - SyncDeskManager - DEBUG - Ticket 33720: Diferencia encontrada Resuelto -> Cerrada
2025-11-03 11:58:23 - SyncDeskManager - DEBUG - Ticket 33728: Diferencia encontrada Resuelto -> Cerrada
2025-11-03 11:58:23 - SyncDeskManager - DEBUG - Ticket 33732: Diferencia encontrada Resuelto -> Cerrada
2025-11-03 11:58:23 - SyncDeskManager - DEBUG - Ticket 33741: No encontrado en Clarity
2025-11-03 11:58:23 - SyncDeskManager - DEBUG - Ticket 33743: Diferencia encontrada Resuelto -> Cerrada
2025-11-03 11:58:23 - SyncDeskManager - DEBUG - Ticket 33745: Diferencia encontrada Resuelto -> Cerrada
2025-11-03 11:58:23 - SyncDeskManager - DEBUG - Ticket 33746: Diferencia encontrada Resuelto -> Cerrada
2025-11-03 11:58:23 - SyncDeskManager - DEBUG - Ticket 33747: Diferencia encontrada Resuelto -> Cerrada
2025-11-03 11:58:23 - SyncDeskManager - DEBUG - Ticket 33754: Diferencia encontrada Resuelto -> Cerrada
2025-11-03 11:58:23 - SyncDeskManager - DEBUG - Ticket 33755: Diferencia encontrada Resuelto -> Cerrada
2025-11-03 11:58:23 - SyncDeskManager - DEBUG - Ticket 33756: Diferencia encontrada Resuelto -> Cerrada
2025-11-03 11:58:23 - SyncDeskManager - DEBUG - Ticket 33757: Diferencia encontrada Resuelto -> Cerrada
2025-11-03 11:58:23 - SyncDeskManager - DEBUG - Ticket 33766: No encontrado en Clarity
2025-11-03 11:58:23 - SyncDeskManager - DEBUG - Ticket 33767: No encontrado en Clarity
2025-11-03 11:58:23 - SyncDeskManager - DEBUG - Ticket 33771: Diferencia encontrada Resuelto -> Cerrada
2025-11-03 11:58:23 - SyncDeskManager - DEBUG - Ticket 33772: Diferencia encontrada Resuelto -> Cerrada
2025-11-03 11:58:23 - SyncDeskManager - DEBUG - Ticket 33797: Diferencia encontrada Resuelto -> Cerrada
2025-11-03 11:58:23 - SyncDeskManager - DEBUG - Ticket 33798: Diferencia encontrada Resuelto -> Cerrada
2025-11-03 11:58:23 - SyncDeskManager - DEBUG - Ticket 33804: No encontrado en Clarity
2025-11-03 11:58:23 - SyncDeskManager - DEBUG - Ticket 33811: Diferencia encontrada Esperando al cliente -> Cerrada
2025-11-03 11:58:23 - SyncDeskManager - DEBUG - Ticket 33815: Diferencia encontrada Resuelto -> Cerrada
2025-11-03 11:58:23 - SyncDeskManager - DEBUG - Ticket 33820: No encontrado en Clarity
2025-11-03 11:58:23 - SyncDeskManager - DEBUG - Ticket 33837: No encontrado en Clarity
2025-11-03 11:58:23 - SyncDeskManager - DEBUG - Ticket 33842: Diferencia encontrada Resuelto -> Cerrada
2025-11-03 11:58:23 - SyncDeskManager - DEBUG - Ticket 33856: Diferencia encontrada Resuelto -> Cerrada
2025-11-03 11:58:23 - SyncDeskManager - DEBUG - Ticket 33861: No encontrado en Clarity
2025-11-03 11:58:23 - SyncDeskManager - DEBUG - Ticket 33868: Diferencia encontrada Resuelto -> Cerrada
2025-11-03 11:58:23 - SyncDeskManager - DEBUG - Ticket 33869: Diferencia encontrada Resuelto -> Cerrada
2025-11-03 11:58:23 - SyncDeskManager - DEBUG - Ticket 33887: Diferencia encontrada Resuelto -> Cerrada
2025-11-03 11:58:23 - SyncDeskManager - DEBUG - Ticket 33901: No encontrado en Clarity
2025-11-03 11:58:23 - SyncDeskManager - DEBUG - Ticket 33905: Diferencia encontrada Abierta -> Cerrada
2025-11-03 11:58:23 - SyncDeskManager - DEBUG - Ticket 33911: Diferencia encontrada En progreso -> Esperando al cliente
2025-11-03 11:58:23 - SyncDeskManager - DEBUG - Ticket 33913: No encontrado en Clarity
2025-11-03 11:58:23 - SyncDeskManager - DEBUG - Ticket 33936: Diferencia encontrada Resuelto -> Cerrada
2025-11-03 11:58:23 - SyncDeskManager - DEBUG - Ticket 33944: Diferencia encontrada Resuelto -> Cerrada
2025-11-03 11:58:23 - SyncDeskManager - DEBUG - Ticket 33960: Diferencia encontrada Resuelto -> Cerrada
2025-11-03 11:58:23 - SyncDeskManager - DEBUG - Ticket 33963: Diferencia encontrada Resuelto -> Cerrada
2025-11-03 11:58:23 - SyncDeskManager - DEBUG - Ticket 33964: Diferencia encontrada Resuelto -> Cerrada
2025-11-03 11:58:23 - SyncDeskManager - DEBUG - Ticket 33974: Diferencia encontrada Resuelto -> Cerrada
2025-11-03 11:58:24 - SyncDeskManager - DEBUG - Ticket 33998: No encontrado en Clarity
2025-11-03 11:58:24 - SyncDeskManager - DEBUG - Ticket 34008: No encontrado en Clarity
2025-11-03 11:58:24 - SyncDeskManager - DEBUG - Ticket 34021: No encontrado en Clarity
2025-11-03 11:58:24 - SyncDeskManager - DEBUG - Ticket 34025: No encontrado en Clarity
2025-11-03 11:58:24 - SyncDeskManager - DEBUG - Ticket 34038: Diferencia encontrada Abierta -> Esperando al cliente
2025-11-03 11:58:24 - SyncDeskManager - DEBUG - Ticket 34058: Diferencia encontrada Abierta -> En progreso
2025-11-03 11:58:24 - SyncDeskManager - DEBUG - Ticket 34085: Diferencia encontrada En progreso -> Derivado al Fabricante
2025-11-03 11:58:24 - SyncDeskManager - DEBUG - Ticket 34110: No encontrado en Clarity
2025-11-03 11:58:24 - SyncDeskManager - DEBUG - Ticket 34117: Diferencia encontrada Abierta -> Cerrada
2025-11-03 11:58:24 - SyncDeskManager - DEBUG - Ticket 34119: Diferencia encontrada Abierta -> Esperando al cliente
2025-11-03 11:58:24 - SyncDeskManager - DEBUG - Ticket 34130: No encontrado en Clarity
2025-11-03 11:58:24 - SyncDeskManager - DEBUG - Ticket 34132: No encontrado en Clarity
2025-11-03 11:58:24 - SyncDeskManager - DEBUG - Ticket 34133: No encontrado en Clarity
2025-11-03 11:58:24 - SyncDeskManager - DEBUG - Ticket 34137: No encontrado en Clarity
2025-11-03 11:58:24 - SyncDeskManager - DEBUG - Ticket 34142: No encontrado en Clarity
2025-11-03 11:58:24 - SyncDeskManager - DEBUG - Ticket 34143: No encontrado en Clarity
2025-11-03 11:58:24 - SyncDeskManager - DEBUG - Ticket 34145: No encontrado en Clarity
2025-11-03 11:58:24 - SyncDeskManager - DEBUG - Ticket 34148: No encontrado en Clarity
2025-11-03 11:58:24 - SyncDeskManager - DEBUG - Ticket 34149: No encontrado en Clarity
2025-11-03 11:58:24 - SyncDeskManager - DEBUG - Ticket 34153: No encontrado en Clarity
2025-11-03 11:58:24 - SyncDeskManager - INFO - Comparación completada: 163 diferencias encontradas
2025-11-03 11:58:24 - SyncDeskManager - INFO - Buscando IDs de Clarity para 163 tickets...
2025-11-03 11:58:24 - SyncDeskManager - DEBUG - Buscando ticket 31960 directamente en Clarity...
2025-11-03 11:58:24 - urllib3.connectionpool - DEBUG - Starting new HTTPS connection (1): pmservice.tdilatam.com:8043
2025-11-03 11:58:25 - urllib3.connectionpool - DEBUG - https://pmservice.tdilatam.com:8043 "GET /ppm/rest/v1/tasks?filter=%28code+%3D+%2731960%27%29&limit=1&fields=code%2Cp_tdi_estado_freshdesk%2C_internalId%2C_parentId%2Cname%2Cstatus HTTP/1.1" 200 407
2025-11-03 11:58:25 - SyncDeskManager - INFO - Ticket 31960 encontrado directamente
2025-11-03 11:58:25 - SyncDeskManager - DEBUG - Buscando ticket 31961 directamente en Clarity...
2025-11-03 11:58:25 - urllib3.connectionpool - DEBUG - https://pmservice.tdilatam.com:8043 "GET /ppm/rest/v1/tasks?filter=%28code+%3D+%2731961%27%29&limit=1&fields=code%2Cp_tdi_estado_freshdesk%2C_internalId%2C_parentId%2Cname%2Cstatus HTTP/1.1" 200 407
2025-11-03 11:58:25 - SyncDeskManager - INFO - Ticket 31961 encontrado directamente
2025-11-03 11:58:25 - SyncDeskManager - DEBUG - Buscando ticket 31962 directamente en Clarity...
2025-11-03 11:58:25 - urllib3.connectionpool - DEBUG - https://pmservice.tdilatam.com:8043 "GET /ppm/rest/v1/tasks?filter=%28code+%3D+%2731962%27%29&limit=1&fields=code%2Cp_tdi_estado_freshdesk%2C_internalId%2C_parentId%2Cname%2Cstatus HTTP/1.1" 200 417
2025-11-03 11:58:25 - SyncDeskManager - INFO - Ticket 31962 encontrado directamente
2025-11-03 11:58:25 - SyncDeskManager - DEBUG - Buscando ticket 31963 directamente en Clarity...
2025-11-03 11:58:25 - urllib3.connectionpool - DEBUG - https://pmservice.tdilatam.com:8043 "GET /ppm/rest/v1/tasks?filter=%28code+%3D+%2731963%27%29&limit=1&fields=code%2Cp_tdi_estado_freshdesk%2C_internalId%2C_parentId%2Cname%2Cstatus HTTP/1.1" 200 405
2025-11-03 11:58:25 - SyncDeskManager - INFO - Ticket 31963 encontrado directamente
2025-11-03 11:58:25 - SyncDeskManager - DEBUG - Buscando ticket 31964 directamente en Clarity...
2025-11-03 11:58:25 - urllib3.connectionpool - DEBUG - https://pmservice.tdilatam.com:8043 "GET /ppm/rest/v1/tasks?filter=%28code+%3D+%2731964%27%29&limit=1&fields=code%2Cp_tdi_estado_freshdesk%2C_internalId%2C_parentId%2Cname%2Cstatus HTTP/1.1" 200 393
2025-11-03 11:58:25 - SyncDeskManager - INFO - Ticket 31964 encontrado directamente
2025-11-03 11:58:25 - SyncDeskManager - DEBUG - Buscando ticket 31972 directamente en Clarity...
2025-11-03 11:58:25 - urllib3.connectionpool - DEBUG - https://pmservice.tdilatam.com:8043 "GET /ppm/rest/v1/tasks?filter=%28code+%3D+%2731972%27%29&limit=1&fields=code%2Cp_tdi_estado_freshdesk%2C_internalId%2C_parentId%2Cname%2Cstatus HTTP/1.1" 200 406
2025-11-03 11:58:25 - SyncDeskManager - INFO - Ticket 31972 encontrado directamente
2025-11-03 11:58:25 - SyncDeskManager - DEBUG - Buscando ticket 31973 directamente en Clarity...
2025-11-03 11:58:25 - urllib3.connectionpool - DEBUG - https://pmservice.tdilatam.com:8043 "GET /ppm/rest/v1/tasks?filter=%28code+%3D+%2731973%27%29&limit=1&fields=code%2Cp_tdi_estado_freshdesk%2C_internalId%2C_parentId%2Cname%2Cstatus HTTP/1.1" 200 373
2025-11-03 11:58:25 - SyncDeskManager - INFO - Ticket 31973 encontrado directamente
2025-11-03 11:58:25 - SyncDeskManager - DEBUG - Buscando ticket 31974 directamente en Clarity...
2025-11-03 11:58:25 - urllib3.connectionpool - DEBUG - https://pmservice.tdilatam.com:8043 "GET /ppm/rest/v1/tasks?filter=%28code+%3D+%2731974%27%29&limit=1&fields=code%2Cp_tdi_estado_freshdesk%2C_internalId%2C_parentId%2Cname%2Cstatus HTTP/1.1" 200 398
2025-11-03 11:58:25 - SyncDeskManager - INFO - Ticket 31974 encontrado directamente
2025-11-03 11:58:25 - SyncDeskManager - DEBUG - Buscando ticket 31975 directamente en Clarity...
2025-11-03 11:58:25 - urllib3.connectionpool - DEBUG - https://pmservice.tdilatam.com:8043 "GET /ppm/rest/v1/tasks?filter=%28code+%3D+%2731975%27%29&limit=1&fields=code%2Cp_tdi_estado_freshdesk%2C_internalId%2C_parentId%2Cname%2Cstatus HTTP/1.1" 200 407
2025-11-03 11:58:25 - SyncDeskManager - INFO - Ticket 31975 encontrado directamente
2025-11-03 11:58:25 - SyncDeskManager - DEBUG - Buscando ticket 31977 directamente en Clarity...
2025-11-03 11:58:25 - urllib3.connectionpool - DEBUG - https://pmservice.tdilatam.com:8043 "GET /ppm/rest/v1/tasks?filter=%28code+%3D+%2731977%27%29&limit=1&fields=code%2Cp_tdi_estado_freshdesk%2C_internalId%2C_parentId%2Cname%2Cstatus HTTP/1.1" 200 404
2025-11-03 11:58:25 - SyncDeskManager - INFO - Ticket 31977 encontrado directamente
2025-11-03 11:58:25 - SyncDeskManager - DEBUG - Buscando ticket 31978 directamente en Clarity...
2025-11-03 11:58:25 - urllib3.connectionpool - DEBUG - https://pmservice.tdilatam.com:8043 "GET /ppm/rest/v1/tasks?filter=%28code+%3D+%2731978%27%29&limit=1&fields=code%2Cp_tdi_estado_freshdesk%2C_internalId%2C_parentId%2Cname%2Cstatus HTTP/1.1" 200 387
2025-11-03 11:58:25 - SyncDeskManager - INFO - Ticket 31978 encontrado directamente
2025-11-03 11:58:25 - SyncDeskManager - DEBUG - Buscando ticket 31979 directamente en Clarity...
2025-11-03 11:58:25 - urllib3.connectionpool - DEBUG - https://pmservice.tdilatam.com:8043 "GET /ppm/rest/v1/tasks?filter=%28code+%3D+%2731979%27%29&limit=1&fields=code%2Cp_tdi_estado_freshdesk%2C_internalId%2C_parentId%2Cname%2Cstatus HTTP/1.1" 200 388
2025-11-03 11:58:25 - SyncDeskManager - INFO - Ticket 31979 encontrado directamente
2025-11-03 11:58:25 - SyncDeskManager - DEBUG - Buscando ticket 31983 directamente en Clarity...
2025-11-03 11:58:25 - urllib3.connectionpool - DEBUG - https://pmservice.tdilatam.com:8043 "GET /ppm/rest/v1/tasks?filter=%28code+%3D+%2731983%27%29&limit=1&fields=code%2Cp_tdi_estado_freshdesk%2C_internalId%2C_parentId%2Cname%2Cstatus HTTP/1.1" 200 413
2025-11-03 11:58:25 - SyncDeskManager - INFO - Ticket 31983 encontrado directamente
2025-11-03 11:58:25 - SyncDeskManager - DEBUG - Buscando ticket 31984 directamente en Clarity...
2025-11-03 11:58:25 - urllib3.connectionpool - DEBUG - https://pmservice.tdilatam.com:8043 "GET /ppm/rest/v1/tasks?filter=%28code+%3D+%2731984%27%29&limit=1&fields=code%2Cp_tdi_estado_freshdesk%2C_internalId%2C_parentId%2Cname%2Cstatus HTTP/1.1" 200 401
2025-11-03 11:58:25 - SyncDeskManager - INFO - Ticket 31984 encontrado directamente
2025-11-03 11:58:25 - SyncDeskManager - DEBUG - Buscando ticket 31987 directamente en Clarity...
2025-11-03 11:58:25 - urllib3.connectionpool - DEBUG - https://pmservice.tdilatam.com:8043 "GET /ppm/rest/v1/tasks?filter=%28code+%3D+%2731987%27%29&limit=1&fields=code%2Cp_tdi_estado_freshdesk%2C_internalId%2C_parentId%2Cname%2Cstatus HTTP/1.1" 200 406
2025-11-03 11:58:25 - SyncDeskManager - INFO - Ticket 31987 encontrado directamente
2025-11-03 11:58:25 - SyncDeskManager - DEBUG - Buscando ticket 31990 directamente en Clarity...
2025-11-03 11:58:25 - urllib3.connectionpool - DEBUG - https://pmservice.tdilatam.com:8043 "GET /ppm/rest/v1/tasks?filter=%28code+%3D+%2731990%27%29&limit=1&fields=code%2Cp_tdi_estado_freshdesk%2C_internalId%2C_parentId%2Cname%2Cstatus HTTP/1.1" 200 392
2025-11-03 11:58:25 - SyncDeskManager - INFO - Ticket 31990 encontrado directamente
2025-11-03 11:58:25 - SyncDeskManager - DEBUG - Buscando ticket 31994 directamente en Clarity...
2025-11-03 11:58:25 - urllib3.connectionpool - DEBUG - https://pmservice.tdilatam.com:8043 "GET /ppm/rest/v1/tasks?filter=%28code+%3D+%2731994%27%29&limit=1&fields=code%2Cp_tdi_estado_freshdesk%2C_internalId%2C_parentId%2Cname%2Cstatus HTTP/1.1" 200 407
2025-11-03 11:58:25 - SyncDeskManager - INFO - Ticket 31994 encontrado directamente
2025-11-03 11:58:25 - SyncDeskManager - DEBUG - Buscando ticket 31996 directamente en Clarity...
2025-11-03 11:58:26 - urllib3.connectionpool - DEBUG - https://pmservice.tdilatam.com:8043 "GET /ppm/rest/v1/tasks?filter=%28code+%3D+%2731996%27%29&limit=1&fields=code%2Cp_tdi_estado_freshdesk%2C_internalId%2C_parentId%2Cname%2Cstatus HTTP/1.1" 200 413
2025-11-03 11:58:26 - SyncDeskManager - INFO - Ticket 31996 encontrado directamente
2025-11-03 11:58:26 - SyncDeskManager - DEBUG - Buscando ticket 31997 directamente en Clarity...
2025-11-03 11:58:26 - urllib3.connectionpool - DEBUG - https://pmservice.tdilatam.com:8043 "GET /ppm/rest/v1/tasks?filter=%28code+%3D+%2731997%27%29&limit=1&fields=code%2Cp_tdi_estado_freshdesk%2C_internalId%2C_parentId%2Cname%2Cstatus HTTP/1.1" 200 416
2025-11-03 11:58:26 - SyncDeskManager - INFO - Ticket 31997 encontrado directamente
2025-11-03 11:58:26 - SyncDeskManager - DEBUG - Buscando ticket 31999 directamente en Clarity...
2025-11-03 11:58:26 - urllib3.connectionpool - DEBUG - https://pmservice.tdilatam.com:8043 "GET /ppm/rest/v1/tasks?filter=%28code+%3D+%2731999%27%29&limit=1&fields=code%2Cp_tdi_estado_freshdesk%2C_internalId%2C_parentId%2Cname%2Cstatus HTTP/1.1" 200 376
2025-11-03 11:58:26 - SyncDeskManager - INFO - Ticket 31999 encontrado directamente
2025-11-03 11:58:26 - SyncDeskManager - DEBUG - Buscando ticket 32001 directamente en Clarity...
2025-11-03 11:58:26 - urllib3.connectionpool - DEBUG - https://pmservice.tdilatam.com:8043 "GET /ppm/rest/v1/tasks?filter=%28code+%3D+%2732001%27%29&limit=1&fields=code%2Cp_tdi_estado_freshdesk%2C_internalId%2C_parentId%2Cname%2Cstatus HTTP/1.1" 200 407
2025-11-03 11:58:26 - SyncDeskManager - INFO - Ticket 32001 encontrado directamente
2025-11-03 11:58:26 - SyncDeskManager - DEBUG - Buscando ticket 32003 directamente en Clarity...
2025-11-03 11:58:26 - urllib3.connectionpool - DEBUG - https://pmservice.tdilatam.com:8043 "GET /ppm/rest/v1/tasks?filter=%28code+%3D+%2732003%27%29&limit=1&fields=code%2Cp_tdi_estado_freshdesk%2C_internalId%2C_parentId%2Cname%2Cstatus HTTP/1.1" 200 368
2025-11-03 11:58:26 - SyncDeskManager - INFO - Ticket 32003 encontrado directamente
2025-11-03 11:58:26 - SyncDeskManager - DEBUG - Buscando ticket 32005 directamente en Clarity...
2025-11-03 11:58:26 - urllib3.connectionpool - DEBUG - https://pmservice.tdilatam.com:8043 "GET /ppm/rest/v1/tasks?filter=%28code+%3D+%2732005%27%29&limit=1&fields=code%2Cp_tdi_estado_freshdesk%2C_internalId%2C_parentId%2Cname%2Cstatus HTTP/1.1" 200 406
2025-11-03 11:58:26 - SyncDeskManager - INFO - Ticket 32005 encontrado directamente
2025-11-03 11:58:26 - SyncDeskManager - DEBUG - Buscando ticket 32008 directamente en Clarity...
2025-11-03 11:58:26 - urllib3.connectionpool - DEBUG - https://pmservice.tdilatam.com:8043 "GET /ppm/rest/v1/tasks?filter=%28code+%3D+%2732008%27%29&limit=1&fields=code%2Cp_tdi_estado_freshdesk%2C_internalId%2C_parentId%2Cname%2Cstatus HTTP/1.1" 200 387
2025-11-03 11:58:26 - SyncDeskManager - INFO - Ticket 32008 encontrado directamente
2025-11-03 11:58:26 - SyncDeskManager - DEBUG - Buscando ticket 32009 directamente en Clarity...
2025-11-03 11:58:26 - urllib3.connectionpool - DEBUG - https://pmservice.tdilatam.com:8043 "GET /ppm/rest/v1/tasks?filter=%28code+%3D+%2732009%27%29&limit=1&fields=code%2Cp_tdi_estado_freshdesk%2C_internalId%2C_parentId%2Cname%2Cstatus HTTP/1.1" 200 372
2025-11-03 11:58:26 - SyncDeskManager - INFO - Ticket 32009 encontrado directamente
2025-11-03 11:58:26 - SyncDeskManager - DEBUG - Buscando ticket 32010 directamente en Clarity...
2025-11-03 11:58:26 - urllib3.connectionpool - DEBUG - https://pmservice.tdilatam.com:8043 "GET /ppm/rest/v1/tasks?filter=%28code+%3D+%2732010%27%29&limit=1&fields=code%2Cp_tdi_estado_freshdesk%2C_internalId%2C_parentId%2Cname%2Cstatus HTTP/1.1" 200 372
2025-11-03 11:58:26 - SyncDeskManager - INFO - Ticket 32010 encontrado directamente
2025-11-03 11:58:26 - SyncDeskManager - DEBUG - Buscando ticket 32011 directamente en Clarity...
2025-11-03 11:58:26 - urllib3.connectionpool - DEBUG - https://pmservice.tdilatam.com:8043 "GET /ppm/rest/v1/tasks?filter=%28code+%3D+%2732011%27%29&limit=1&fields=code%2Cp_tdi_estado_freshdesk%2C_internalId%2C_parentId%2Cname%2Cstatus HTTP/1.1" 200 395
2025-11-03 11:58:26 - SyncDeskManager - INFO - Ticket 32011 encontrado directamente
2025-11-03 11:58:26 - SyncDeskManager - DEBUG - Buscando ticket 32012 directamente en Clarity...
2025-11-03 11:58:26 - urllib3.connectionpool - DEBUG - https://pmservice.tdilatam.com:8043 "GET /ppm/rest/v1/tasks?filter=%28code+%3D+%2732012%27%29&limit=1&fields=code%2Cp_tdi_estado_freshdesk%2C_internalId%2C_parentId%2Cname%2Cstatus HTTP/1.1" 200 368
2025-11-03 11:58:26 - SyncDeskManager - INFO - Ticket 32012 encontrado directamente
2025-11-03 11:58:26 - SyncDeskManager - DEBUG - Buscando ticket 32013 directamente en Clarity...
2025-11-03 11:58:26 - urllib3.connectionpool - DEBUG - https://pmservice.tdilatam.com:8043 "GET /ppm/rest/v1/tasks?filter=%28code+%3D+%2732013%27%29&limit=1&fields=code%2Cp_tdi_estado_freshdesk%2C_internalId%2C_parentId%2Cname%2Cstatus HTTP/1.1" 200 394
2025-11-03 11:58:26 - SyncDeskManager - INFO - Ticket 32013 encontrado directamente
2025-11-03 11:58:26 - SyncDeskManager - DEBUG - Buscando ticket 32014 directamente en Clarity...
2025-11-03 11:58:26 - urllib3.connectionpool - DEBUG - https://pmservice.tdilatam.com:8043 "GET /ppm/rest/v1/tasks?filter=%28code+%3D+%2732014%27%29&limit=1&fields=code%2Cp_tdi_estado_freshdesk%2C_internalId%2C_parentId%2Cname%2Cstatus HTTP/1.1" 200 394
2025-11-03 11:58:26 - SyncDeskManager - INFO - Ticket 32014 encontrado directamente
2025-11-03 11:58:26 - SyncDeskManager - DEBUG - Buscando ticket 32015 directamente en Clarity...
2025-11-03 11:58:26 - urllib3.connectionpool - DEBUG - https://pmservice.tdilatam.com:8043 "GET /ppm/rest/v1/tasks?filter=%28code+%3D+%2732015%27%29&limit=1&fields=code%2Cp_tdi_estado_freshdesk%2C_internalId%2C_parentId%2Cname%2Cstatus HTTP/1.1" 200 394
2025-11-03 11:58:26 - SyncDeskManager - INFO - Ticket 32015 encontrado directamente
2025-11-03 11:58:26 - SyncDeskManager - DEBUG - Buscando ticket 32020 directamente en Clarity...
2025-11-03 11:58:26 - urllib3.connectionpool - DEBUG - https://pmservice.tdilatam.com:8043 "GET /ppm/rest/v1/tasks?filter=%28code+%3D+%2732020%27%29&limit=1&fields=code%2Cp_tdi_estado_freshdesk%2C_internalId%2C_parentId%2Cname%2Cstatus HTTP/1.1" 200 407
2025-11-03 11:58:26 - SyncDeskManager - INFO - Ticket 32020 encontrado directamente
2025-11-03 11:58:26 - SyncDeskManager - DEBUG - Buscando ticket 32021 directamente en Clarity...
2025-11-03 11:58:26 - urllib3.connectionpool - DEBUG - https://pmservice.tdilatam.com:8043 "GET /ppm/rest/v1/tasks?filter=%28code+%3D+%2732021%27%29&limit=1&fields=code%2Cp_tdi_estado_freshdesk%2C_internalId%2C_parentId%2Cname%2Cstatus HTTP/1.1" 200 407
2025-11-03 11:58:26 - SyncDeskManager - INFO - Ticket 32021 encontrado directamente
2025-11-03 11:58:26 - SyncDeskManager - DEBUG - Buscando ticket 32022 directamente en Clarity...
2025-11-03 11:58:26 - urllib3.connectionpool - DEBUG - https://pmservice.tdilatam.com:8043 "GET /ppm/rest/v1/tasks?filter=%28code+%3D+%2732022%27%29&limit=1&fields=code%2Cp_tdi_estado_freshdesk%2C_internalId%2C_parentId%2Cname%2Cstatus HTTP/1.1" 200 407
2025-11-03 11:58:26 - SyncDeskManager - INFO - Ticket 32022 encontrado directamente
2025-11-03 11:58:26 - SyncDeskManager - DEBUG - Buscando ticket 32025 directamente en Clarity...
2025-11-03 11:58:26 - urllib3.connectionpool - DEBUG - https://pmservice.tdilatam.com:8043 "GET /ppm/rest/v1/tasks?filter=%28code+%3D+%2732025%27%29&limit=1&fields=code%2Cp_tdi_estado_freshdesk%2C_internalId%2C_parentId%2Cname%2Cstatus HTTP/1.1" 200 406
2025-11-03 11:58:26 - SyncDeskManager - INFO - Ticket 32025 encontrado directamente
2025-11-03 11:58:26 - SyncDeskManager - DEBUG - Buscando ticket 32033 directamente en Clarity...
2025-11-03 11:58:26 - urllib3.connectionpool - DEBUG - https://pmservice.tdilatam.com:8043 "GET /ppm/rest/v1/tasks?filter=%28code+%3D+%2732033%27%29&limit=1&fields=code%2Cp_tdi_estado_freshdesk%2C_internalId%2C_parentId%2Cname%2Cstatus HTTP/1.1" 200 389
2025-11-03 11:58:26 - SyncDeskManager - INFO - Ticket 32033 encontrado directamente
2025-11-03 11:58:26 - SyncDeskManager - DEBUG - Buscando ticket 32035 directamente en Clarity...
2025-11-03 11:58:27 - urllib3.connectionpool - DEBUG - https://pmservice.tdilatam.com:8043 "GET /ppm/rest/v1/tasks?filter=%28code+%3D+%2732035%27%29&limit=1&fields=code%2Cp_tdi_estado_freshdesk%2C_internalId%2C_parentId%2Cname%2Cstatus HTTP/1.1" 200 407
2025-11-03 11:58:27 - SyncDeskManager - INFO - Ticket 32035 encontrado directamente
2025-11-03 11:58:27 - SyncDeskManager - DEBUG - Buscando ticket 32036 directamente en Clarity...
2025-11-03 11:58:27 - urllib3.connectionpool - DEBUG - https://pmservice.tdilatam.com:8043 "GET /ppm/rest/v1/tasks?filter=%28code+%3D+%2732036%27%29&limit=1&fields=code%2Cp_tdi_estado_freshdesk%2C_internalId%2C_parentId%2Cname%2Cstatus HTTP/1.1" 200 415
2025-11-03 11:58:27 - SyncDeskManager - INFO - Ticket 32036 encontrado directamente
2025-11-03 11:58:27 - SyncDeskManager - DEBUG - Buscando ticket 32041 directamente en Clarity...
2025-11-03 11:58:27 - urllib3.connectionpool - DEBUG - https://pmservice.tdilatam.com:8043 "GET /ppm/rest/v1/tasks?filter=%28code+%3D+%2732041%27%29&limit=1&fields=code%2Cp_tdi_estado_freshdesk%2C_internalId%2C_parentId%2Cname%2Cstatus HTTP/1.1" 200 417
2025-11-03 11:58:27 - SyncDeskManager - INFO - Ticket 32041 encontrado directamente
2025-11-03 11:58:27 - SyncDeskManager - DEBUG - Buscando ticket 32042 directamente en Clarity...
2025-11-03 11:58:27 - urllib3.connectionpool - DEBUG - https://pmservice.tdilatam.com:8043 "GET /ppm/rest/v1/tasks?filter=%28code+%3D+%2732042%27%29&limit=1&fields=code%2Cp_tdi_estado_freshdesk%2C_internalId%2C_parentId%2Cname%2Cstatus HTTP/1.1" 200 368
2025-11-03 11:58:27 - SyncDeskManager - INFO - Ticket 32042 encontrado directamente
2025-11-03 11:58:27 - SyncDeskManager - DEBUG - Buscando ticket 32043 directamente en Clarity...
2025-11-03 11:58:27 - urllib3.connectionpool - DEBUG - https://pmservice.tdilatam.com:8043 "GET /ppm/rest/v1/tasks?filter=%28code+%3D+%2732043%27%29&limit=1&fields=code%2Cp_tdi_estado_freshdesk%2C_internalId%2C_parentId%2Cname%2Cstatus HTTP/1.1" 200 387
2025-11-03 11:58:27 - SyncDeskManager - INFO - Ticket 32043 encontrado directamente
2025-11-03 11:58:27 - SyncDeskManager - DEBUG - Buscando ticket 32044 directamente en Clarity...
2025-11-03 11:58:27 - urllib3.connectionpool - DEBUG - https://pmservice.tdilatam.com:8043 "GET /ppm/rest/v1/tasks?filter=%28code+%3D+%2732044%27%29&limit=1&fields=code%2Cp_tdi_estado_freshdesk%2C_internalId%2C_parentId%2Cname%2Cstatus HTTP/1.1" 200 377
2025-11-03 11:58:27 - SyncDeskManager - INFO - Ticket 32044 encontrado directamente
2025-11-03 11:58:27 - SyncDeskManager - DEBUG - Buscando ticket 32067 directamente en Clarity...
2025-11-03 11:58:27 - urllib3.connectionpool - DEBUG - https://pmservice.tdilatam.com:8043 "GET /ppm/rest/v1/tasks?filter=%28code+%3D+%2732067%27%29&limit=1&fields=code%2Cp_tdi_estado_freshdesk%2C_internalId%2C_parentId%2Cname%2Cstatus HTTP/1.1" 200 414
2025-11-03 11:58:27 - SyncDeskManager - INFO - Ticket 32067 encontrado directamente
2025-11-03 11:58:27 - SyncDeskManager - DEBUG - Buscando ticket 32068 directamente en Clarity...
2025-11-03 11:58:27 - urllib3.connectionpool - DEBUG - https://pmservice.tdilatam.com:8043 "GET /ppm/rest/v1/tasks?filter=%28code+%3D+%2732068%27%29&limit=1&fields=code%2Cp_tdi_estado_freshdesk%2C_internalId%2C_parentId%2Cname%2Cstatus HTTP/1.1" 200 410
2025-11-03 11:58:27 - SyncDeskManager - INFO - Ticket 32068 encontrado directamente
2025-11-03 11:58:27 - SyncDeskManager - DEBUG - Buscando ticket 32075 directamente en Clarity...
2025-11-03 11:58:27 - urllib3.connectionpool - DEBUG - https://pmservice.tdilatam.com:8043 "GET /ppm/rest/v1/tasks?filter=%28code+%3D+%2732075%27%29&limit=1&fields=code%2Cp_tdi_estado_freshdesk%2C_internalId%2C_parentId%2Cname%2Cstatus HTTP/1.1" 200 372
2025-11-03 11:58:27 - SyncDeskManager - INFO - Ticket 32075 encontrado directamente
2025-11-03 11:58:27 - SyncDeskManager - DEBUG - Buscando ticket 32088 directamente en Clarity...
2025-11-03 11:58:27 - urllib3.connectionpool - DEBUG - https://pmservice.tdilatam.com:8043 "GET /ppm/rest/v1/tasks?filter=%28code+%3D+%2732088%27%29&limit=1&fields=code%2Cp_tdi_estado_freshdesk%2C_internalId%2C_parentId%2Cname%2Cstatus HTTP/1.1" 200 424
2025-11-03 11:58:27 - SyncDeskManager - INFO - Ticket 32088 encontrado directamente
2025-11-03 11:58:27 - SyncDeskManager - DEBUG - Buscando ticket 32097 directamente en Clarity...
2025-11-03 11:58:27 - urllib3.connectionpool - DEBUG - https://pmservice.tdilatam.com:8043 "GET /ppm/rest/v1/tasks?filter=%28code+%3D+%2732097%27%29&limit=1&fields=code%2Cp_tdi_estado_freshdesk%2C_internalId%2C_parentId%2Cname%2Cstatus HTTP/1.1" 200 403
2025-11-03 11:58:27 - SyncDeskManager - INFO - Ticket 32097 encontrado directamente
2025-11-03 11:58:27 - SyncDeskManager - DEBUG - Buscando ticket 32103 directamente en Clarity...
2025-11-03 11:58:27 - urllib3.connectionpool - DEBUG - https://pmservice.tdilatam.com:8043 "GET /ppm/rest/v1/tasks?filter=%28code+%3D+%2732103%27%29&limit=1&fields=code%2Cp_tdi_estado_freshdesk%2C_internalId%2C_parentId%2Cname%2Cstatus HTTP/1.1" 200 413
2025-11-03 11:58:27 - SyncDeskManager - INFO - Ticket 32103 encontrado directamente
2025-11-03 11:58:27 - SyncDeskManager - DEBUG - Buscando ticket 32110 directamente en Clarity...
2025-11-03 11:58:27 - urllib3.connectionpool - DEBUG - https://pmservice.tdilatam.com:8043 "GET /ppm/rest/v1/tasks?filter=%28code+%3D+%2732110%27%29&limit=1&fields=code%2Cp_tdi_estado_freshdesk%2C_internalId%2C_parentId%2Cname%2Cstatus HTTP/1.1" 200 387
2025-11-03 11:58:27 - SyncDeskManager - INFO - Ticket 32110 encontrado directamente
2025-11-03 11:58:27 - SyncDeskManager - DEBUG - Buscando ticket 32114 directamente en Clarity...
2025-11-03 11:58:27 - urllib3.connectionpool - DEBUG - https://pmservice.tdilatam.com:8043 "GET /ppm/rest/v1/tasks?filter=%28code+%3D+%2732114%27%29&limit=1&fields=code%2Cp_tdi_estado_freshdesk%2C_internalId%2C_parentId%2Cname%2Cstatus HTTP/1.1" 200 389
2025-11-03 11:58:27 - SyncDeskManager - INFO - Ticket 32114 encontrado directamente
2025-11-03 11:58:27 - SyncDeskManager - DEBUG - Buscando ticket 32115 directamente en Clarity...
2025-11-03 11:58:27 - urllib3.connectionpool - DEBUG - https://pmservice.tdilatam.com:8043 "GET /ppm/rest/v1/tasks?filter=%28code+%3D+%2732115%27%29&limit=1&fields=code%2Cp_tdi_estado_freshdesk%2C_internalId%2C_parentId%2Cname%2Cstatus HTTP/1.1" 200 404
2025-11-03 11:58:27 - SyncDeskManager - INFO - Ticket 32115 encontrado directamente
2025-11-03 11:58:27 - SyncDeskManager - DEBUG - Buscando ticket 32117 directamente en Clarity...
2025-11-03 11:58:27 - urllib3.connectionpool - DEBUG - https://pmservice.tdilatam.com:8043 "GET /ppm/rest/v1/tasks?filter=%28code+%3D+%2732117%27%29&limit=1&fields=code%2Cp_tdi_estado_freshdesk%2C_internalId%2C_parentId%2Cname%2Cstatus HTTP/1.1" 200 388
2025-11-03 11:58:27 - SyncDeskManager - INFO - Ticket 32117 encontrado directamente
2025-11-03 11:58:27 - SyncDeskManager - DEBUG - Buscando ticket 32118 directamente en Clarity...
2025-11-03 11:58:27 - urllib3.connectionpool - DEBUG - https://pmservice.tdilatam.com:8043 "GET /ppm/rest/v1/tasks?filter=%28code+%3D+%2732118%27%29&limit=1&fields=code%2Cp_tdi_estado_freshdesk%2C_internalId%2C_parentId%2Cname%2Cstatus HTTP/1.1" 200 408
2025-11-03 11:58:27 - SyncDeskManager - INFO - Ticket 32118 encontrado directamente
2025-11-03 11:58:27 - SyncDeskManager - DEBUG - Buscando ticket 32120 directamente en Clarity...
2025-11-03 11:58:28 - urllib3.connectionpool - DEBUG - https://pmservice.tdilatam.com:8043 "GET /ppm/rest/v1/tasks?filter=%28code+%3D+%2732120%27%29&limit=1&fields=code%2Cp_tdi_estado_freshdesk%2C_internalId%2C_parentId%2Cname%2Cstatus HTTP/1.1" 200 407
2025-11-03 11:58:28 - SyncDeskManager - INFO - Ticket 32120 encontrado directamente
2025-11-03 11:58:28 - SyncDeskManager - DEBUG - Buscando ticket 32121 directamente en Clarity...
2025-11-03 11:58:28 - urllib3.connectionpool - DEBUG - https://pmservice.tdilatam.com:8043 "GET /ppm/rest/v1/tasks?filter=%28code+%3D+%2732121%27%29&limit=1&fields=code%2Cp_tdi_estado_freshdesk%2C_internalId%2C_parentId%2Cname%2Cstatus HTTP/1.1" 200 385
2025-11-03 11:58:28 - SyncDeskManager - INFO - Ticket 32121 encontrado directamente
2025-11-03 11:58:28 - SyncDeskManager - DEBUG - Buscando ticket 32122 directamente en Clarity...
2025-11-03 11:58:28 - urllib3.connectionpool - DEBUG - https://pmservice.tdilatam.com:8043 "GET /ppm/rest/v1/tasks?filter=%28code+%3D+%2732122%27%29&limit=1&fields=code%2Cp_tdi_estado_freshdesk%2C_internalId%2C_parentId%2Cname%2Cstatus HTTP/1.1" 200 424
2025-11-03 11:58:28 - SyncDeskManager - INFO - Ticket 32122 encontrado directamente
2025-11-03 11:58:28 - SyncDeskManager - DEBUG - Buscando ticket 32123 directamente en Clarity...
2025-11-03 11:58:28 - urllib3.connectionpool - DEBUG - https://pmservice.tdilatam.com:8043 "GET /ppm/rest/v1/tasks?filter=%28code+%3D+%2732123%27%29&limit=1&fields=code%2Cp_tdi_estado_freshdesk%2C_internalId%2C_parentId%2Cname%2Cstatus HTTP/1.1" 200 394
2025-11-03 11:58:28 - SyncDeskManager - INFO - Ticket 32123 encontrado directamente
2025-11-03 11:58:28 - SyncDeskManager - DEBUG - Buscando ticket 32125 directamente en Clarity...
2025-11-03 11:58:28 - urllib3.connectionpool - DEBUG - https://pmservice.tdilatam.com:8043 "GET /ppm/rest/v1/tasks?filter=%28code+%3D+%2732125%27%29&limit=1&fields=code%2Cp_tdi_estado_freshdesk%2C_internalId%2C_parentId%2Cname%2Cstatus HTTP/1.1" 200 398
2025-11-03 11:58:28 - SyncDeskManager - INFO - Ticket 32125 encontrado directamente
2025-11-03 11:58:28 - SyncDeskManager - DEBUG - Buscando ticket 32126 directamente en Clarity...
2025-11-03 11:58:28 - urllib3.connectionpool - DEBUG - https://pmservice.tdilatam.com:8043 "GET /ppm/rest/v1/tasks?filter=%28code+%3D+%2732126%27%29&limit=1&fields=code%2Cp_tdi_estado_freshdesk%2C_internalId%2C_parentId%2Cname%2Cstatus HTTP/1.1" 200 389
2025-11-03 11:58:28 - SyncDeskManager - INFO - Ticket 32126 encontrado directamente
2025-11-03 11:58:28 - SyncDeskManager - DEBUG - Buscando ticket 32128 directamente en Clarity...
2025-11-03 11:58:28 - urllib3.connectionpool - DEBUG - https://pmservice.tdilatam.com:8043 "GET /ppm/rest/v1/tasks?filter=%28code+%3D+%2732128%27%29&limit=1&fields=code%2Cp_tdi_estado_freshdesk%2C_internalId%2C_parentId%2Cname%2Cstatus HTTP/1.1" 200 397
2025-11-03 11:58:28 - SyncDeskManager - INFO - Ticket 32128 encontrado directamente
2025-11-03 11:58:28 - SyncDeskManager - DEBUG - Buscando ticket 32129 directamente en Clarity...
2025-11-03 11:58:28 - urllib3.connectionpool - DEBUG - https://pmservice.tdilatam.com:8043 "GET /ppm/rest/v1/tasks?filter=%28code+%3D+%2732129%27%29&limit=1&fields=code%2Cp_tdi_estado_freshdesk%2C_internalId%2C_parentId%2Cname%2Cstatus HTTP/1.1" 200 394
2025-11-03 11:58:28 - SyncDeskManager - INFO - Ticket 32129 encontrado directamente
2025-11-03 11:58:28 - SyncDeskManager - DEBUG - Buscando ticket 32130 directamente en Clarity...
2025-11-03 11:58:28 - urllib3.connectionpool - DEBUG - https://pmservice.tdilatam.com:8043 "GET /ppm/rest/v1/tasks?filter=%28code+%3D+%2732130%27%29&limit=1&fields=code%2Cp_tdi_estado_freshdesk%2C_internalId%2C_parentId%2Cname%2Cstatus HTTP/1.1" 200 396
2025-11-03 11:58:28 - SyncDeskManager - INFO - Ticket 32130 encontrado directamente
2025-11-03 11:58:28 - SyncDeskManager - DEBUG - Buscando ticket 32144 directamente en Clarity...
2025-11-03 11:58:28 - urllib3.connectionpool - DEBUG - https://pmservice.tdilatam.com:8043 "GET /ppm/rest/v1/tasks?filter=%28code+%3D+%2732144%27%29&limit=1&fields=code%2Cp_tdi_estado_freshdesk%2C_internalId%2C_parentId%2Cname%2Cstatus HTTP/1.1" 200 433
2025-11-03 11:58:28 - SyncDeskManager - INFO - Ticket 32144 encontrado directamente
2025-11-03 11:58:28 - SyncDeskManager - DEBUG - Buscando ticket 32155 directamente en Clarity...
2025-11-03 11:58:28 - urllib3.connectionpool - DEBUG - https://pmservice.tdilatam.com:8043 "GET /ppm/rest/v1/tasks?filter=%28code+%3D+%2732155%27%29&limit=1&fields=code%2Cp_tdi_estado_freshdesk%2C_internalId%2C_parentId%2Cname%2Cstatus HTTP/1.1" 200 406
2025-11-03 11:58:28 - SyncDeskManager - INFO - Ticket 32155 encontrado directamente
2025-11-03 11:58:28 - SyncDeskManager - DEBUG - Buscando ticket 32157 directamente en Clarity...
2025-11-03 11:58:28 - urllib3.connectionpool - DEBUG - https://pmservice.tdilatam.com:8043 "GET /ppm/rest/v1/tasks?filter=%28code+%3D+%2732157%27%29&limit=1&fields=code%2Cp_tdi_estado_freshdesk%2C_internalId%2C_parentId%2Cname%2Cstatus HTTP/1.1" 200 387
2025-11-03 11:58:28 - SyncDeskManager - INFO - Ticket 32157 encontrado directamente
2025-11-03 11:58:28 - SyncDeskManager - DEBUG - Buscando ticket 32158 directamente en Clarity...
2025-11-03 11:58:28 - urllib3.connectionpool - DEBUG - https://pmservice.tdilatam.com:8043 "GET /ppm/rest/v1/tasks?filter=%28code+%3D+%2732158%27%29&limit=1&fields=code%2Cp_tdi_estado_freshdesk%2C_internalId%2C_parentId%2Cname%2Cstatus HTTP/1.1" 200 378
2025-11-03 11:58:28 - SyncDeskManager - INFO - Ticket 32158 encontrado directamente
2025-11-03 11:58:28 - SyncDeskManager - DEBUG - Buscando ticket 32159 directamente en Clarity...
2025-11-03 11:58:29 - urllib3.connectionpool - DEBUG - https://pmservice.tdilatam.com:8043 "GET /ppm/rest/v1/tasks?filter=%28code+%3D+%2732159%27%29&limit=1&fields=code%2Cp_tdi_estado_freshdesk%2C_internalId%2C_parentId%2Cname%2Cstatus HTTP/1.1" 200 406
2025-11-03 11:58:29 - SyncDeskManager - INFO - Ticket 32159 encontrado directamente
2025-11-03 11:58:29 - SyncDeskManager - DEBUG - Buscando ticket 32160 directamente en Clarity...
2025-11-03 11:58:29 - urllib3.connectionpool - DEBUG - https://pmservice.tdilatam.com:8043 "GET /ppm/rest/v1/tasks?filter=%28code+%3D+%2732160%27%29&limit=1&fields=code%2Cp_tdi_estado_freshdesk%2C_internalId%2C_parentId%2Cname%2Cstatus HTTP/1.1" 200 411
2025-11-03 11:58:29 - SyncDeskManager - INFO - Ticket 32160 encontrado directamente
2025-11-03 11:58:29 - SyncDeskManager - DEBUG - Buscando ticket 32161 directamente en Clarity...
2025-11-03 11:58:29 - urllib3.connectionpool - DEBUG - https://pmservice.tdilatam.com:8043 "GET /ppm/rest/v1/tasks?filter=%28code+%3D+%2732161%27%29&limit=1&fields=code%2Cp_tdi_estado_freshdesk%2C_internalId%2C_parentId%2Cname%2Cstatus HTTP/1.1" 200 408
2025-11-03 11:58:29 - SyncDeskManager - INFO - Ticket 32161 encontrado directamente
2025-11-03 11:58:29 - SyncDeskManager - DEBUG - Buscando ticket 32162 directamente en Clarity...
2025-11-03 11:58:29 - urllib3.connectionpool - DEBUG - https://pmservice.tdilatam.com:8043 "GET /ppm/rest/v1/tasks?filter=%28code+%3D+%2732162%27%29&limit=1&fields=code%2Cp_tdi_estado_freshdesk%2C_internalId%2C_parentId%2Cname%2Cstatus HTTP/1.1" 200 398
2025-11-03 11:58:29 - SyncDeskManager - INFO - Ticket 32162 encontrado directamente
2025-11-03 11:58:29 - SyncDeskManager - DEBUG - Buscando ticket 32173 directamente en Clarity...
2025-11-03 11:58:29 - urllib3.connectionpool - DEBUG - https://pmservice.tdilatam.com:8043 "GET /ppm/rest/v1/tasks?filter=%28code+%3D+%2732173%27%29&limit=1&fields=code%2Cp_tdi_estado_freshdesk%2C_internalId%2C_parentId%2Cname%2Cstatus HTTP/1.1" 200 409
2025-11-03 11:58:29 - SyncDeskManager - INFO - Ticket 32173 encontrado directamente
2025-11-03 11:58:29 - SyncDeskManager - DEBUG - Buscando ticket 32174 directamente en Clarity...
2025-11-03 11:58:29 - urllib3.connectionpool - DEBUG - https://pmservice.tdilatam.com:8043 "GET /ppm/rest/v1/tasks?filter=%28code+%3D+%2732174%27%29&limit=1&fields=code%2Cp_tdi_estado_freshdesk%2C_internalId%2C_parentId%2Cname%2Cstatus HTTP/1.1" 200 394
2025-11-03 11:58:29 - SyncDeskManager - INFO - Ticket 32174 encontrado directamente
2025-11-03 11:58:29 - SyncDeskManager - DEBUG - Buscando ticket 32177 directamente en Clarity...
2025-11-03 11:58:29 - urllib3.connectionpool - DEBUG - https://pmservice.tdilatam.com:8043 "GET /ppm/rest/v1/tasks?filter=%28code+%3D+%2732177%27%29&limit=1&fields=code%2Cp_tdi_estado_freshdesk%2C_internalId%2C_parentId%2Cname%2Cstatus HTTP/1.1" 200 395
2025-11-03 11:58:29 - SyncDeskManager - INFO - Ticket 32177 encontrado directamente
2025-11-03 11:58:29 - SyncDeskManager - DEBUG - Buscando ticket 32179 directamente en Clarity...
2025-11-03 11:58:29 - urllib3.connectionpool - DEBUG - https://pmservice.tdilatam.com:8043 "GET /ppm/rest/v1/tasks?filter=%28code+%3D+%2732179%27%29&limit=1&fields=code%2Cp_tdi_estado_freshdesk%2C_internalId%2C_parentId%2Cname%2Cstatus HTTP/1.1" 200 403
2025-11-03 11:58:29 - SyncDeskManager - INFO - Ticket 32179 encontrado directamente
2025-11-03 11:58:29 - SyncDeskManager - DEBUG - Buscando ticket 32183 directamente en Clarity...
2025-11-03 11:58:29 - urllib3.connectionpool - DEBUG - https://pmservice.tdilatam.com:8043 "GET /ppm/rest/v1/tasks?filter=%28code+%3D+%2732183%27%29&limit=1&fields=code%2Cp_tdi_estado_freshdesk%2C_internalId%2C_parentId%2Cname%2Cstatus HTTP/1.1" 200 407
2025-11-03 11:58:29 - SyncDeskManager - INFO - Ticket 32183 encontrado directamente
2025-11-03 11:58:29 - SyncDeskManager - DEBUG - Buscando ticket 32184 directamente en Clarity...
2025-11-03 11:58:29 - urllib3.connectionpool - DEBUG - https://pmservice.tdilatam.com:8043 "GET /ppm/rest/v1/tasks?filter=%28code+%3D+%2732184%27%29&limit=1&fields=code%2Cp_tdi_estado_freshdesk%2C_internalId%2C_parentId%2Cname%2Cstatus HTTP/1.1" 200 392
2025-11-03 11:58:29 - SyncDeskManager - INFO - Ticket 32184 encontrado directamente
2025-11-03 11:58:29 - SyncDeskManager - DEBUG - Buscando ticket 32188 directamente en Clarity...
2025-11-03 11:58:29 - urllib3.connectionpool - DEBUG - https://pmservice.tdilatam.com:8043 "GET /ppm/rest/v1/tasks?filter=%28code+%3D+%2732188%27%29&limit=1&fields=code%2Cp_tdi_estado_freshdesk%2C_internalId%2C_parentId%2Cname%2Cstatus HTTP/1.1" 200 400
2025-11-03 11:58:29 - SyncDeskManager - INFO - Ticket 32188 encontrado directamente
2025-11-03 11:58:29 - SyncDeskManager - DEBUG - Buscando ticket 32192 directamente en Clarity...
2025-11-03 11:58:29 - urllib3.connectionpool - DEBUG - https://pmservice.tdilatam.com:8043 "GET /ppm/rest/v1/tasks?filter=%28code+%3D+%2732192%27%29&limit=1&fields=code%2Cp_tdi_estado_freshdesk%2C_internalId%2C_parentId%2Cname%2Cstatus HTTP/1.1" 200 425
2025-11-03 11:58:29 - SyncDeskManager - INFO - Ticket 32192 encontrado directamente
2025-11-03 11:58:29 - SyncDeskManager - DEBUG - Buscando ticket 32193 directamente en Clarity...
2025-11-03 11:58:29 - urllib3.connectionpool - DEBUG - https://pmservice.tdilatam.com:8043 "GET /ppm/rest/v1/tasks?filter=%28code+%3D+%2732193%27%29&limit=1&fields=code%2Cp_tdi_estado_freshdesk%2C_internalId%2C_parentId%2Cname%2Cstatus HTTP/1.1" 200 395
2025-11-03 11:58:29 - SyncDeskManager - INFO - Ticket 32193 encontrado directamente
2025-11-03 11:58:29 - SyncDeskManager - DEBUG - Buscando ticket 32204 directamente en Clarity...
2025-11-03 11:58:29 - urllib3.connectionpool - DEBUG - https://pmservice.tdilatam.com:8043 "GET /ppm/rest/v1/tasks?filter=%28code+%3D+%2732204%27%29&limit=1&fields=code%2Cp_tdi_estado_freshdesk%2C_internalId%2C_parentId%2Cname%2Cstatus HTTP/1.1" 200 422
2025-11-03 11:58:29 - SyncDeskManager - INFO - Ticket 32204 encontrado directamente
2025-11-03 11:58:29 - SyncDeskManager - DEBUG - Buscando ticket 32213 directamente en Clarity...
2025-11-03 11:58:29 - urllib3.connectionpool - DEBUG - https://pmservice.tdilatam.com:8043 "GET /ppm/rest/v1/tasks?filter=%28code+%3D+%2732213%27%29&limit=1&fields=code%2Cp_tdi_estado_freshdesk%2C_internalId%2C_parentId%2Cname%2Cstatus HTTP/1.1" 200 394
2025-11-03 11:58:29 - SyncDeskManager - INFO - Ticket 32213 encontrado directamente
2025-11-03 11:58:29 - SyncDeskManager - DEBUG - Buscando ticket 32214 directamente en Clarity...
2025-11-03 11:58:29 - urllib3.connectionpool - DEBUG - https://pmservice.tdilatam.com:8043 "GET /ppm/rest/v1/tasks?filter=%28code+%3D+%2732214%27%29&limit=1&fields=code%2Cp_tdi_estado_freshdesk%2C_internalId%2C_parentId%2Cname%2Cstatus HTTP/1.1" 200 451
2025-11-03 11:58:29 - SyncDeskManager - INFO - Ticket 32214 encontrado directamente
2025-11-03 11:58:29 - SyncDeskManager - DEBUG - Buscando ticket 32215 directamente en Clarity...
2025-11-03 11:58:29 - urllib3.connectionpool - DEBUG - https://pmservice.tdilatam.com:8043 "GET /ppm/rest/v1/tasks?filter=%28code+%3D+%2732215%27%29&limit=1&fields=code%2Cp_tdi_estado_freshdesk%2C_internalId%2C_parentId%2Cname%2Cstatus HTTP/1.1" 200 444
2025-11-03 11:58:29 - SyncDeskManager - INFO - Ticket 32215 encontrado directamente
2025-11-03 11:58:29 - SyncDeskManager - DEBUG - Buscando ticket 32216 directamente en Clarity...
2025-11-03 11:58:29 - urllib3.connectionpool - DEBUG - https://pmservice.tdilatam.com:8043 "GET /ppm/rest/v1/tasks?filter=%28code+%3D+%2732216%27%29&limit=1&fields=code%2Cp_tdi_estado_freshdesk%2C_internalId%2C_parentId%2Cname%2Cstatus HTTP/1.1" 200 435
2025-11-03 11:58:29 - SyncDeskManager - INFO - Ticket 32216 encontrado directamente
2025-11-03 11:58:29 - SyncDeskManager - DEBUG - Buscando ticket 32217 directamente en Clarity...
2025-11-03 11:58:30 - urllib3.connectionpool - DEBUG - https://pmservice.tdilatam.com:8043 "GET /ppm/rest/v1/tasks?filter=%28code+%3D+%2732217%27%29&limit=1&fields=code%2Cp_tdi_estado_freshdesk%2C_internalId%2C_parentId%2Cname%2Cstatus HTTP/1.1" 200 440
2025-11-03 11:58:30 - SyncDeskManager - INFO - Ticket 32217 encontrado directamente
2025-11-03 11:58:30 - SyncDeskManager - DEBUG - Buscando ticket 32220 directamente en Clarity...
2025-11-03 11:58:30 - urllib3.connectionpool - DEBUG - https://pmservice.tdilatam.com:8043 "GET /ppm/rest/v1/tasks?filter=%28code+%3D+%2732220%27%29&limit=1&fields=code%2Cp_tdi_estado_freshdesk%2C_internalId%2C_parentId%2Cname%2Cstatus HTTP/1.1" 200 385
2025-11-03 11:58:30 - SyncDeskManager - INFO - Ticket 32220 encontrado directamente
2025-11-03 11:58:30 - SyncDeskManager - DEBUG - Buscando ticket 32221 directamente en Clarity...
2025-11-03 11:58:30 - urllib3.connectionpool - DEBUG - https://pmservice.tdilatam.com:8043 "GET /ppm/rest/v1/tasks?filter=%28code+%3D+%2732221%27%29&limit=1&fields=code%2Cp_tdi_estado_freshdesk%2C_internalId%2C_parentId%2Cname%2Cstatus HTTP/1.1" 200 424
2025-11-03 11:58:30 - SyncDeskManager - INFO - Ticket 32221 encontrado directamente
2025-11-03 11:58:30 - SyncDeskManager - DEBUG - Buscando ticket 32223 directamente en Clarity...
2025-11-03 11:58:30 - urllib3.connectionpool - DEBUG - https://pmservice.tdilatam.com:8043 "GET /ppm/rest/v1/tasks?filter=%28code+%3D+%2732223%27%29&limit=1&fields=code%2Cp_tdi_estado_freshdesk%2C_internalId%2C_parentId%2Cname%2Cstatus HTTP/1.1" 200 441
2025-11-03 11:58:30 - SyncDeskManager - INFO - Ticket 32223 encontrado directamente
2025-11-03 11:58:30 - SyncDeskManager - DEBUG - Buscando ticket 32224 directamente en Clarity...
2025-11-03 11:58:30 - urllib3.connectionpool - DEBUG - https://pmservice.tdilatam.com:8043 "GET /ppm/rest/v1/tasks?filter=%28code+%3D+%2732224%27%29&limit=1&fields=code%2Cp_tdi_estado_freshdesk%2C_internalId%2C_parentId%2Cname%2Cstatus HTTP/1.1" 200 434
2025-11-03 11:58:30 - SyncDeskManager - INFO - Ticket 32224 encontrado directamente
2025-11-03 11:58:30 - SyncDeskManager - DEBUG - Buscando ticket 32225 directamente en Clarity...
2025-11-03 11:58:30 - urllib3.connectionpool - DEBUG - https://pmservice.tdilatam.com:8043 "GET /ppm/rest/v1/tasks?filter=%28code+%3D+%2732225%27%29&limit=1&fields=code%2Cp_tdi_estado_freshdesk%2C_internalId%2C_parentId%2Cname%2Cstatus HTTP/1.1" 200 433
2025-11-03 11:58:30 - SyncDeskManager - INFO - Ticket 32225 encontrado directamente
2025-11-03 11:58:30 - SyncDeskManager - DEBUG - Buscando ticket 32226 directamente en Clarity...
2025-11-03 11:58:30 - urllib3.connectionpool - DEBUG - https://pmservice.tdilatam.com:8043 "GET /ppm/rest/v1/tasks?filter=%28code+%3D+%2732226%27%29&limit=1&fields=code%2Cp_tdi_estado_freshdesk%2C_internalId%2C_parentId%2Cname%2Cstatus HTTP/1.1" 200 462
2025-11-03 11:58:30 - SyncDeskManager - INFO - Ticket 32226 encontrado directamente
2025-11-03 11:58:30 - SyncDeskManager - DEBUG - Buscando ticket 32227 directamente en Clarity...
2025-11-03 11:58:30 - urllib3.connectionpool - DEBUG - https://pmservice.tdilatam.com:8043 "GET /ppm/rest/v1/tasks?filter=%28code+%3D+%2732227%27%29&limit=1&fields=code%2Cp_tdi_estado_freshdesk%2C_internalId%2C_parentId%2Cname%2Cstatus HTTP/1.1" 200 418
2025-11-03 11:58:30 - SyncDeskManager - INFO - Ticket 32227 encontrado directamente
2025-11-03 11:58:30 - SyncDeskManager - DEBUG - Buscando ticket 32230 directamente en Clarity...
2025-11-03 11:58:30 - urllib3.connectionpool - DEBUG - https://pmservice.tdilatam.com:8043 "GET /ppm/rest/v1/tasks?filter=%28code+%3D+%2732230%27%29&limit=1&fields=code%2Cp_tdi_estado_freshdesk%2C_internalId%2C_parentId%2Cname%2Cstatus HTTP/1.1" 200 419
2025-11-03 11:58:30 - SyncDeskManager - INFO - Ticket 32230 encontrado directamente
2025-11-03 11:58:30 - SyncDeskManager - DEBUG - Buscando ticket 32233 directamente en Clarity...
2025-11-03 11:58:30 - urllib3.connectionpool - DEBUG - https://pmservice.tdilatam.com:8043 "GET /ppm/rest/v1/tasks?filter=%28code+%3D+%2732233%27%29&limit=1&fields=code%2Cp_tdi_estado_freshdesk%2C_internalId%2C_parentId%2Cname%2Cstatus HTTP/1.1" 200 411
2025-11-03 11:58:30 - SyncDeskManager - INFO - Ticket 32233 encontrado directamente
2025-11-03 11:58:30 - SyncDeskManager - DEBUG - Buscando ticket 32238 directamente en Clarity...
2025-11-03 11:58:30 - urllib3.connectionpool - DEBUG - https://pmservice.tdilatam.com:8043 "GET /ppm/rest/v1/tasks?filter=%28code+%3D+%2732238%27%29&limit=1&fields=code%2Cp_tdi_estado_freshdesk%2C_internalId%2C_parentId%2Cname%2Cstatus HTTP/1.1" 200 380
2025-11-03 11:58:30 - SyncDeskManager - INFO - Ticket 32238 encontrado directamente
2025-11-03 11:58:30 - SyncDeskManager - DEBUG - Buscando ticket 32239 directamente en Clarity...
2025-11-03 11:58:30 - urllib3.connectionpool - DEBUG - https://pmservice.tdilatam.com:8043 "GET /ppm/rest/v1/tasks?filter=%28code+%3D+%2732239%27%29&limit=1&fields=code%2Cp_tdi_estado_freshdesk%2C_internalId%2C_parentId%2Cname%2Cstatus HTTP/1.1" 200 394
2025-11-03 11:58:30 - SyncDeskManager - INFO - Ticket 32239 encontrado directamente
2025-11-03 11:58:30 - SyncDeskManager - DEBUG - Buscando ticket 32240 directamente en Clarity...
2025-11-03 11:58:30 - urllib3.connectionpool - DEBUG - https://pmservice.tdilatam.com:8043 "GET /ppm/rest/v1/tasks?filter=%28code+%3D+%2732240%27%29&limit=1&fields=code%2Cp_tdi_estado_freshdesk%2C_internalId%2C_parentId%2Cname%2Cstatus HTTP/1.1" 200 395
2025-11-03 11:58:30 - SyncDeskManager - INFO - Ticket 32240 encontrado directamente
2025-11-03 11:58:30 - SyncDeskManager - DEBUG - Buscando ticket 32241 directamente en Clarity...
2025-11-03 11:58:30 - urllib3.connectionpool - DEBUG - https://pmservice.tdilatam.com:8043 "GET /ppm/rest/v1/tasks?filter=%28code+%3D+%2732241%27%29&limit=1&fields=code%2Cp_tdi_estado_freshdesk%2C_internalId%2C_parentId%2Cname%2Cstatus HTTP/1.1" 200 394
2025-11-03 11:58:30 - SyncDeskManager - INFO - Ticket 32241 encontrado directamente
2025-11-03 11:58:30 - SyncDeskManager - DEBUG - Buscando ticket 32242 directamente en Clarity...
2025-11-03 11:58:30 - urllib3.connectionpool - DEBUG - https://pmservice.tdilatam.com:8043 "GET /ppm/rest/v1/tasks?filter=%28code+%3D+%2732242%27%29&limit=1&fields=code%2Cp_tdi_estado_freshdesk%2C_internalId%2C_parentId%2Cname%2Cstatus HTTP/1.1" 200 368
2025-11-03 11:58:30 - SyncDeskManager - INFO - Ticket 32242 encontrado directamente
2025-11-03 11:58:30 - SyncDeskManager - DEBUG - Buscando ticket 32243 directamente en Clarity...
2025-11-03 11:58:30 - urllib3.connectionpool - DEBUG - https://pmservice.tdilatam.com:8043 "GET /ppm/rest/v1/tasks?filter=%28code+%3D+%2732243%27%29&limit=1&fields=code%2Cp_tdi_estado_freshdesk%2C_internalId%2C_parentId%2Cname%2Cstatus HTTP/1.1" 200 422
2025-11-03 11:58:30 - SyncDeskManager - INFO - Ticket 32243 encontrado directamente
2025-11-03 11:58:30 - SyncDeskManager - DEBUG - Buscando ticket 32244 directamente en Clarity...
2025-11-03 11:58:30 - urllib3.connectionpool - DEBUG - Resetting dropped connection: pmservice.tdilatam.com
2025-11-03 11:58:31 - urllib3.connectionpool - DEBUG - https://pmservice.tdilatam.com:8043 "GET /ppm/rest/v1/tasks?filter=%28code+%3D+%2732244%27%29&limit=1&fields=code%2Cp_tdi_estado_freshdesk%2C_internalId%2C_parentId%2Cname%2Cstatus HTTP/1.1" 200 377
2025-11-03 11:58:31 - SyncDeskManager - INFO - Ticket 32244 encontrado directamente
2025-11-03 11:58:31 - SyncDeskManager - DEBUG - Buscando ticket 32245 directamente en Clarity...
2025-11-03 11:58:31 - urllib3.connectionpool - DEBUG - https://pmservice.tdilatam.com:8043 "GET /ppm/rest/v1/tasks?filter=%28code+%3D+%2732245%27%29&limit=1&fields=code%2Cp_tdi_estado_freshdesk%2C_internalId%2C_parentId%2Cname%2Cstatus HTTP/1.1" 200 406
2025-11-03 11:58:31 - SyncDeskManager - INFO - Ticket 32245 encontrado directamente
2025-11-03 11:58:31 - SyncDeskManager - DEBUG - Buscando ticket 32246 directamente en Clarity...
2025-11-03 11:58:31 - urllib3.connectionpool - DEBUG - https://pmservice.tdilatam.com:8043 "GET /ppm/rest/v1/tasks?filter=%28code+%3D+%2732246%27%29&limit=1&fields=code%2Cp_tdi_estado_freshdesk%2C_internalId%2C_parentId%2Cname%2Cstatus HTTP/1.1" 200 403
2025-11-03 11:58:31 - SyncDeskManager - INFO - Ticket 32246 encontrado directamente
2025-11-03 11:58:31 - SyncDeskManager - DEBUG - Buscando ticket 32248 directamente en Clarity...
2025-11-03 11:58:31 - urllib3.connectionpool - DEBUG - https://pmservice.tdilatam.com:8043 "GET /ppm/rest/v1/tasks?filter=%28code+%3D+%2732248%27%29&limit=1&fields=code%2Cp_tdi_estado_freshdesk%2C_internalId%2C_parentId%2Cname%2Cstatus HTTP/1.1" 200 388
2025-11-03 11:58:31 - SyncDeskManager - INFO - Ticket 32248 encontrado directamente
2025-11-03 11:58:31 - SyncDeskManager - DEBUG - Buscando ticket 32251 directamente en Clarity...
2025-11-03 11:58:31 - urllib3.connectionpool - DEBUG - https://pmservice.tdilatam.com:8043 "GET /ppm/rest/v1/tasks?filter=%28code+%3D+%2732251%27%29&limit=1&fields=code%2Cp_tdi_estado_freshdesk%2C_internalId%2C_parentId%2Cname%2Cstatus HTTP/1.1" 200 406
2025-11-03 11:58:31 - SyncDeskManager - INFO - Ticket 32251 encontrado directamente
2025-11-03 11:58:31 - SyncDeskManager - DEBUG - Buscando ticket 32252 directamente en Clarity...
2025-11-03 11:58:31 - urllib3.connectionpool - DEBUG - https://pmservice.tdilatam.com:8043 "GET /ppm/rest/v1/tasks?filter=%28code+%3D+%2732252%27%29&limit=1&fields=code%2Cp_tdi_estado_freshdesk%2C_internalId%2C_parentId%2Cname%2Cstatus HTTP/1.1" 200 379
2025-11-03 11:58:31 - SyncDeskManager - INFO - Ticket 32252 encontrado directamente
2025-11-03 11:58:31 - SyncDeskManager - DEBUG - Buscando ticket 32254 directamente en Clarity...
2025-11-03 11:58:31 - urllib3.connectionpool - DEBUG - https://pmservice.tdilatam.com:8043 "GET /ppm/rest/v1/tasks?filter=%28code+%3D+%2732254%27%29&limit=1&fields=code%2Cp_tdi_estado_freshdesk%2C_internalId%2C_parentId%2Cname%2Cstatus HTTP/1.1" 200 419
2025-11-03 11:58:31 - SyncDeskManager - INFO - Ticket 32254 encontrado directamente
2025-11-03 11:58:31 - SyncDeskManager - DEBUG - Buscando ticket 32255 directamente en Clarity...
2025-11-03 11:58:31 - urllib3.connectionpool - DEBUG - https://pmservice.tdilatam.com:8043 "GET /ppm/rest/v1/tasks?filter=%28code+%3D+%2732255%27%29&limit=1&fields=code%2Cp_tdi_estado_freshdesk%2C_internalId%2C_parentId%2Cname%2Cstatus HTTP/1.1" 200 434
2025-11-03 11:58:31 - SyncDeskManager - INFO - Ticket 32255 encontrado directamente
2025-11-03 11:58:31 - SyncDeskManager - DEBUG - Buscando ticket 32782 directamente en Clarity...
2025-11-03 11:58:31 - urllib3.connectionpool - DEBUG - https://pmservice.tdilatam.com:8043 "GET /ppm/rest/v1/tasks?filter=%28code+%3D+%2732782%27%29&limit=1&fields=code%2Cp_tdi_estado_freshdesk%2C_internalId%2C_parentId%2Cname%2Cstatus HTTP/1.1" 200 392
2025-11-03 11:58:31 - SyncDeskManager - INFO - Ticket 32782 encontrado directamente
2025-11-03 11:58:31 - SyncDeskManager - DEBUG - Buscando ticket 32914 directamente en Clarity...
2025-11-03 11:58:31 - urllib3.connectionpool - DEBUG - https://pmservice.tdilatam.com:8043 "GET /ppm/rest/v1/tasks?filter=%28code+%3D+%2732914%27%29&limit=1&fields=code%2Cp_tdi_estado_freshdesk%2C_internalId%2C_parentId%2Cname%2Cstatus HTTP/1.1" 200 419
2025-11-03 11:58:31 - SyncDeskManager - INFO - Ticket 32914 encontrado directamente
2025-11-03 11:58:31 - SyncDeskManager - DEBUG - Buscando ticket 33082 directamente en Clarity...
2025-11-03 11:58:31 - urllib3.connectionpool - DEBUG - https://pmservice.tdilatam.com:8043 "GET /ppm/rest/v1/tasks?filter=%28code+%3D+%2733082%27%29&limit=1&fields=code%2Cp_tdi_estado_freshdesk%2C_internalId%2C_parentId%2Cname%2Cstatus HTTP/1.1" 200 397
2025-11-03 11:58:31 - SyncDeskManager - INFO - Ticket 33082 encontrado directamente
2025-11-03 11:58:31 - SyncDeskManager - DEBUG - Buscando ticket 33572 directamente en Clarity...
2025-11-03 11:58:31 - urllib3.connectionpool - DEBUG - https://pmservice.tdilatam.com:8043 "GET /ppm/rest/v1/tasks?filter=%28code+%3D+%2733572%27%29&limit=1&fields=code%2Cp_tdi_estado_freshdesk%2C_internalId%2C_parentId%2Cname%2Cstatus HTTP/1.1" 200 395
2025-11-03 11:58:31 - SyncDeskManager - INFO - Ticket 33572 encontrado directamente
2025-11-03 11:58:31 - SyncDeskManager - DEBUG - Buscando ticket 33581 directamente en Clarity...
2025-11-03 11:58:31 - urllib3.connectionpool - DEBUG - https://pmservice.tdilatam.com:8043 "GET /ppm/rest/v1/tasks?filter=%28code+%3D+%2733581%27%29&limit=1&fields=code%2Cp_tdi_estado_freshdesk%2C_internalId%2C_parentId%2Cname%2Cstatus HTTP/1.1" 200 397
2025-11-03 11:58:31 - SyncDeskManager - INFO - Ticket 33581 encontrado directamente
2025-11-03 11:58:31 - SyncDeskManager - DEBUG - Buscando ticket 33583 directamente en Clarity...
2025-11-03 11:58:32 - urllib3.connectionpool - DEBUG - https://pmservice.tdilatam.com:8043 "GET /ppm/rest/v1/tasks?filter=%28code+%3D+%2733583%27%29&limit=1&fields=code%2Cp_tdi_estado_freshdesk%2C_internalId%2C_parentId%2Cname%2Cstatus HTTP/1.1" 200 393
2025-11-03 11:58:32 - SyncDeskManager - INFO - Ticket 33583 encontrado directamente
2025-11-03 11:58:32 - SyncDeskManager - DEBUG - Buscando ticket 33607 directamente en Clarity...
2025-11-03 11:58:32 - urllib3.connectionpool - DEBUG - https://pmservice.tdilatam.com:8043 "GET /ppm/rest/v1/tasks?filter=%28code+%3D+%2733607%27%29&limit=1&fields=code%2Cp_tdi_estado_freshdesk%2C_internalId%2C_parentId%2Cname%2Cstatus HTTP/1.1" 200 406
2025-11-03 11:58:32 - SyncDeskManager - INFO - Ticket 33607 encontrado directamente
2025-11-03 11:58:32 - SyncDeskManager - DEBUG - Buscando ticket 33608 directamente en Clarity...
2025-11-03 11:58:32 - urllib3.connectionpool - DEBUG - https://pmservice.tdilatam.com:8043 "GET /ppm/rest/v1/tasks?filter=%28code+%3D+%2733608%27%29&limit=1&fields=code%2Cp_tdi_estado_freshdesk%2C_internalId%2C_parentId%2Cname%2Cstatus HTTP/1.1" 200 406
2025-11-03 11:58:32 - SyncDeskManager - INFO - Ticket 33608 encontrado directamente
2025-11-03 11:58:32 - SyncDeskManager - DEBUG - Buscando ticket 33612 directamente en Clarity...
2025-11-03 11:58:32 - urllib3.connectionpool - DEBUG - https://pmservice.tdilatam.com:8043 "GET /ppm/rest/v1/tasks?filter=%28code+%3D+%2733612%27%29&limit=1&fields=code%2Cp_tdi_estado_freshdesk%2C_internalId%2C_parentId%2Cname%2Cstatus HTTP/1.1" 200 405
2025-11-03 11:58:32 - SyncDeskManager - INFO - Ticket 33612 encontrado directamente
2025-11-03 11:58:32 - SyncDeskManager - DEBUG - Buscando ticket 33613 directamente en Clarity...
2025-11-03 11:58:32 - urllib3.connectionpool - DEBUG - https://pmservice.tdilatam.com:8043 "GET /ppm/rest/v1/tasks?filter=%28code+%3D+%2733613%27%29&limit=1&fields=code%2Cp_tdi_estado_freshdesk%2C_internalId%2C_parentId%2Cname%2Cstatus HTTP/1.1" 200 405
2025-11-03 11:58:32 - SyncDeskManager - INFO - Ticket 33613 encontrado directamente
2025-11-03 11:58:32 - SyncDeskManager - DEBUG - Buscando ticket 33614 directamente en Clarity...
2025-11-03 11:58:32 - urllib3.connectionpool - DEBUG - https://pmservice.tdilatam.com:8043 "GET /ppm/rest/v1/tasks?filter=%28code+%3D+%2733614%27%29&limit=1&fields=code%2Cp_tdi_estado_freshdesk%2C_internalId%2C_parentId%2Cname%2Cstatus HTTP/1.1" 200 405
2025-11-03 11:58:32 - SyncDeskManager - INFO - Ticket 33614 encontrado directamente
2025-11-03 11:58:32 - SyncDeskManager - DEBUG - Buscando ticket 33615 directamente en Clarity...
2025-11-03 11:58:32 - urllib3.connectionpool - DEBUG - https://pmservice.tdilatam.com:8043 "GET /ppm/rest/v1/tasks?filter=%28code+%3D+%2733615%27%29&limit=1&fields=code%2Cp_tdi_estado_freshdesk%2C_internalId%2C_parentId%2Cname%2Cstatus HTTP/1.1" 200 404
2025-11-03 11:58:32 - SyncDeskManager - INFO - Ticket 33615 encontrado directamente
2025-11-03 11:58:32 - SyncDeskManager - DEBUG - Buscando ticket 33658 directamente en Clarity...
2025-11-03 11:58:32 - urllib3.connectionpool - DEBUG - https://pmservice.tdilatam.com:8043 "GET /ppm/rest/v1/tasks?filter=%28code+%3D+%2733658%27%29&limit=1&fields=code%2Cp_tdi_estado_freshdesk%2C_internalId%2C_parentId%2Cname%2Cstatus HTTP/1.1" 200 416
2025-11-03 11:58:32 - SyncDeskManager - INFO - Ticket 33658 encontrado directamente
2025-11-03 11:58:32 - SyncDeskManager - DEBUG - Buscando ticket 33671 directamente en Clarity...
2025-11-03 11:58:32 - urllib3.connectionpool - DEBUG - https://pmservice.tdilatam.com:8043 "GET /ppm/rest/v1/tasks?filter=%28code+%3D+%2733671%27%29&limit=1&fields=code%2Cp_tdi_estado_freshdesk%2C_internalId%2C_parentId%2Cname%2Cstatus HTTP/1.1" 200 405
2025-11-03 11:58:32 - SyncDeskManager - INFO - Ticket 33671 encontrado directamente
2025-11-03 11:58:32 - SyncDeskManager - DEBUG - Buscando ticket 33672 directamente en Clarity...
2025-11-03 11:58:32 - urllib3.connectionpool - DEBUG - https://pmservice.tdilatam.com:8043 "GET /ppm/rest/v1/tasks?filter=%28code+%3D+%2733672%27%29&limit=1&fields=code%2Cp_tdi_estado_freshdesk%2C_internalId%2C_parentId%2Cname%2Cstatus HTTP/1.1" 200 406
2025-11-03 11:58:32 - SyncDeskManager - INFO - Ticket 33672 encontrado directamente
2025-11-03 11:58:32 - SyncDeskManager - DEBUG - Buscando ticket 33676 directamente en Clarity...
2025-11-03 11:58:32 - urllib3.connectionpool - DEBUG - https://pmservice.tdilatam.com:8043 "GET /ppm/rest/v1/tasks?filter=%28code+%3D+%2733676%27%29&limit=1&fields=code%2Cp_tdi_estado_freshdesk%2C_internalId%2C_parentId%2Cname%2Cstatus HTTP/1.1" 200 405
2025-11-03 11:58:32 - SyncDeskManager - INFO - Ticket 33676 encontrado directamente
2025-11-03 11:58:32 - SyncDeskManager - DEBUG - Buscando ticket 33680 directamente en Clarity...
2025-11-03 11:58:32 - urllib3.connectionpool - DEBUG - https://pmservice.tdilatam.com:8043 "GET /ppm/rest/v1/tasks?filter=%28code+%3D+%2733680%27%29&limit=1&fields=code%2Cp_tdi_estado_freshdesk%2C_internalId%2C_parentId%2Cname%2Cstatus HTTP/1.1" 200 406
2025-11-03 11:58:32 - SyncDeskManager - INFO - Ticket 33680 encontrado directamente
2025-11-03 11:58:32 - SyncDeskManager - DEBUG - Buscando ticket 33684 directamente en Clarity...
2025-11-03 11:58:32 - urllib3.connectionpool - DEBUG - https://pmservice.tdilatam.com:8043 "GET /ppm/rest/v1/tasks?filter=%28code+%3D+%2733684%27%29&limit=1&fields=code%2Cp_tdi_estado_freshdesk%2C_internalId%2C_parentId%2Cname%2Cstatus HTTP/1.1" 200 406
2025-11-03 11:58:32 - SyncDeskManager - INFO - Ticket 33684 encontrado directamente
2025-11-03 11:58:32 - SyncDeskManager - DEBUG - Buscando ticket 33707 directamente en Clarity...
2025-11-03 11:58:32 - urllib3.connectionpool - DEBUG - https://pmservice.tdilatam.com:8043 "GET /ppm/rest/v1/tasks?filter=%28code+%3D+%2733707%27%29&limit=1&fields=code%2Cp_tdi_estado_freshdesk%2C_internalId%2C_parentId%2Cname%2Cstatus HTTP/1.1" 200 371
2025-11-03 11:58:32 - SyncDeskManager - INFO - Ticket 33707 encontrado directamente
2025-11-03 11:58:32 - SyncDeskManager - DEBUG - Buscando ticket 33712 directamente en Clarity...
2025-11-03 11:58:32 - urllib3.connectionpool - DEBUG - https://pmservice.tdilatam.com:8043 "GET /ppm/rest/v1/tasks?filter=%28code+%3D+%2733712%27%29&limit=1&fields=code%2Cp_tdi_estado_freshdesk%2C_internalId%2C_parentId%2Cname%2Cstatus HTTP/1.1" 200 405
2025-11-03 11:58:32 - SyncDeskManager - INFO - Ticket 33712 encontrado directamente
2025-11-03 11:58:32 - SyncDeskManager - DEBUG - Buscando ticket 33720 directamente en Clarity...
2025-11-03 11:58:32 - urllib3.connectionpool - DEBUG - https://pmservice.tdilatam.com:8043 "GET /ppm/rest/v1/tasks?filter=%28code+%3D+%2733720%27%29&limit=1&fields=code%2Cp_tdi_estado_freshdesk%2C_internalId%2C_parentId%2Cname%2Cstatus HTTP/1.1" 200 405
2025-11-03 11:58:32 - SyncDeskManager - INFO - Ticket 33720 encontrado directamente
2025-11-03 11:58:32 - SyncDeskManager - DEBUG - Buscando ticket 33728 directamente en Clarity...
2025-11-03 11:58:33 - urllib3.connectionpool - DEBUG - https://pmservice.tdilatam.com:8043 "GET /ppm/rest/v1/tasks?filter=%28code+%3D+%2733728%27%29&limit=1&fields=code%2Cp_tdi_estado_freshdesk%2C_internalId%2C_parentId%2Cname%2Cstatus HTTP/1.1" 200 405
2025-11-03 11:58:33 - SyncDeskManager - INFO - Ticket 33728 encontrado directamente
2025-11-03 11:58:33 - SyncDeskManager - DEBUG - Buscando ticket 33732 directamente en Clarity...
2025-11-03 11:58:33 - urllib3.connectionpool - DEBUG - https://pmservice.tdilatam.com:8043 "GET /ppm/rest/v1/tasks?filter=%28code+%3D+%2733732%27%29&limit=1&fields=code%2Cp_tdi_estado_freshdesk%2C_internalId%2C_parentId%2Cname%2Cstatus HTTP/1.1" 200 405
2025-11-03 11:58:33 - SyncDeskManager - INFO - Ticket 33732 encontrado directamente
2025-11-03 11:58:33 - SyncDeskManager - DEBUG - Buscando ticket 33743 directamente en Clarity...
2025-11-03 11:58:33 - urllib3.connectionpool - DEBUG - https://pmservice.tdilatam.com:8043 "GET /ppm/rest/v1/tasks?filter=%28code+%3D+%2733743%27%29&limit=1&fields=code%2Cp_tdi_estado_freshdesk%2C_internalId%2C_parentId%2Cname%2Cstatus HTTP/1.1" 200 380
2025-11-03 11:58:33 - SyncDeskManager - INFO - Ticket 33743 encontrado directamente
2025-11-03 11:58:33 - SyncDeskManager - DEBUG - Buscando ticket 33745 directamente en Clarity...
2025-11-03 11:58:33 - urllib3.connectionpool - DEBUG - https://pmservice.tdilatam.com:8043 "GET /ppm/rest/v1/tasks?filter=%28code+%3D+%2733745%27%29&limit=1&fields=code%2Cp_tdi_estado_freshdesk%2C_internalId%2C_parentId%2Cname%2Cstatus HTTP/1.1" 200 373
2025-11-03 11:58:33 - SyncDeskManager - INFO - Ticket 33745 encontrado directamente
2025-11-03 11:58:33 - SyncDeskManager - DEBUG - Buscando ticket 33746 directamente en Clarity...
2025-11-03 11:58:33 - urllib3.connectionpool - DEBUG - https://pmservice.tdilatam.com:8043 "GET /ppm/rest/v1/tasks?filter=%28code+%3D+%2733746%27%29&limit=1&fields=code%2Cp_tdi_estado_freshdesk%2C_internalId%2C_parentId%2Cname%2Cstatus HTTP/1.1" 200 409
2025-11-03 11:58:33 - SyncDeskManager - INFO - Ticket 33746 encontrado directamente
2025-11-03 11:58:33 - SyncDeskManager - DEBUG - Buscando ticket 33747 directamente en Clarity...
2025-11-03 11:58:33 - urllib3.connectionpool - DEBUG - https://pmservice.tdilatam.com:8043 "GET /ppm/rest/v1/tasks?filter=%28code+%3D+%2733747%27%29&limit=1&fields=code%2Cp_tdi_estado_freshdesk%2C_internalId%2C_parentId%2Cname%2Cstatus HTTP/1.1" 200 395
2025-11-03 11:58:33 - SyncDeskManager - INFO - Ticket 33747 encontrado directamente
2025-11-03 11:58:33 - SyncDeskManager - DEBUG - Buscando ticket 33754 directamente en Clarity...
2025-11-03 11:58:33 - urllib3.connectionpool - DEBUG - https://pmservice.tdilatam.com:8043 "GET /ppm/rest/v1/tasks?filter=%28code+%3D+%2733754%27%29&limit=1&fields=code%2Cp_tdi_estado_freshdesk%2C_internalId%2C_parentId%2Cname%2Cstatus HTTP/1.1" 200 383
2025-11-03 11:58:33 - SyncDeskManager - INFO - Ticket 33754 encontrado directamente
2025-11-03 11:58:33 - SyncDeskManager - DEBUG - Buscando ticket 33755 directamente en Clarity...
2025-11-03 11:58:33 - urllib3.connectionpool - DEBUG - https://pmservice.tdilatam.com:8043 "GET /ppm/rest/v1/tasks?filter=%28code+%3D+%2733755%27%29&limit=1&fields=code%2Cp_tdi_estado_freshdesk%2C_internalId%2C_parentId%2Cname%2Cstatus HTTP/1.1" 200 405
2025-11-03 11:58:33 - SyncDeskManager - INFO - Ticket 33755 encontrado directamente
2025-11-03 11:58:33 - SyncDeskManager - DEBUG - Buscando ticket 33756 directamente en Clarity...
2025-11-03 11:58:33 - urllib3.connectionpool - DEBUG - https://pmservice.tdilatam.com:8043 "GET /ppm/rest/v1/tasks?filter=%28code+%3D+%2733756%27%29&limit=1&fields=code%2Cp_tdi_estado_freshdesk%2C_internalId%2C_parentId%2Cname%2Cstatus HTTP/1.1" 200 405
2025-11-03 11:58:33 - SyncDeskManager - INFO - Ticket 33756 encontrado directamente
2025-11-03 11:58:33 - SyncDeskManager - DEBUG - Buscando ticket 33757 directamente en Clarity...
2025-11-03 11:58:33 - urllib3.connectionpool - DEBUG - https://pmservice.tdilatam.com:8043 "GET /ppm/rest/v1/tasks?filter=%28code+%3D+%2733757%27%29&limit=1&fields=code%2Cp_tdi_estado_freshdesk%2C_internalId%2C_parentId%2Cname%2Cstatus HTTP/1.1" 200 405
2025-11-03 11:58:33 - SyncDeskManager - INFO - Ticket 33757 encontrado directamente
2025-11-03 11:58:33 - SyncDeskManager - DEBUG - Buscando ticket 33771 directamente en Clarity...
2025-11-03 11:58:33 - urllib3.connectionpool - DEBUG - https://pmservice.tdilatam.com:8043 "GET /ppm/rest/v1/tasks?filter=%28code+%3D+%2733771%27%29&limit=1&fields=code%2Cp_tdi_estado_freshdesk%2C_internalId%2C_parentId%2Cname%2Cstatus HTTP/1.1" 200 406
2025-11-03 11:58:33 - SyncDeskManager - INFO - Ticket 33771 encontrado directamente
2025-11-03 11:58:33 - SyncDeskManager - DEBUG - Buscando ticket 33772 directamente en Clarity...
2025-11-03 11:58:33 - urllib3.connectionpool - DEBUG - https://pmservice.tdilatam.com:8043 "GET /ppm/rest/v1/tasks?filter=%28code+%3D+%2733772%27%29&limit=1&fields=code%2Cp_tdi_estado_freshdesk%2C_internalId%2C_parentId%2Cname%2Cstatus HTTP/1.1" 200 405
2025-11-03 11:58:33 - SyncDeskManager - INFO - Ticket 33772 encontrado directamente
2025-11-03 11:58:33 - SyncDeskManager - DEBUG - Buscando ticket 33797 directamente en Clarity...
2025-11-03 11:58:33 - urllib3.connectionpool - DEBUG - https://pmservice.tdilatam.com:8043 "GET /ppm/rest/v1/tasks?filter=%28code+%3D+%2733797%27%29&limit=1&fields=code%2Cp_tdi_estado_freshdesk%2C_internalId%2C_parentId%2Cname%2Cstatus HTTP/1.1" 200 405
2025-11-03 11:58:33 - SyncDeskManager - INFO - Ticket 33797 encontrado directamente
2025-11-03 11:58:33 - SyncDeskManager - DEBUG - Buscando ticket 33798 directamente en Clarity...
2025-11-03 11:58:33 - urllib3.connectionpool - DEBUG - https://pmservice.tdilatam.com:8043 "GET /ppm/rest/v1/tasks?filter=%28code+%3D+%2733798%27%29&limit=1&fields=code%2Cp_tdi_estado_freshdesk%2C_internalId%2C_parentId%2Cname%2Cstatus HTTP/1.1" 200 405
2025-11-03 11:58:33 - SyncDeskManager - INFO - Ticket 33798 encontrado directamente
2025-11-03 11:58:33 - SyncDeskManager - DEBUG - Buscando ticket 33811 directamente en Clarity...
2025-11-03 11:58:34 - urllib3.connectionpool - DEBUG - https://pmservice.tdilatam.com:8043 "GET /ppm/rest/v1/tasks?filter=%28code+%3D+%2733811%27%29&limit=1&fields=code%2Cp_tdi_estado_freshdesk%2C_internalId%2C_parentId%2Cname%2Cstatus HTTP/1.1" 200 419
2025-11-03 11:58:34 - SyncDeskManager - INFO - Ticket 33811 encontrado directamente
2025-11-03 11:58:34 - SyncDeskManager - DEBUG - Buscando ticket 33815 directamente en Clarity...
2025-11-03 11:58:34 - urllib3.connectionpool - DEBUG - https://pmservice.tdilatam.com:8043 "GET /ppm/rest/v1/tasks?filter=%28code+%3D+%2733815%27%29&limit=1&fields=code%2Cp_tdi_estado_freshdesk%2C_internalId%2C_parentId%2Cname%2Cstatus HTTP/1.1" 200 405
2025-11-03 11:58:34 - SyncDeskManager - INFO - Ticket 33815 encontrado directamente
2025-11-03 11:58:34 - SyncDeskManager - DEBUG - Buscando ticket 33842 directamente en Clarity...
2025-11-03 11:58:34 - urllib3.connectionpool - DEBUG - https://pmservice.tdilatam.com:8043 "GET /ppm/rest/v1/tasks?filter=%28code+%3D+%2733842%27%29&limit=1&fields=code%2Cp_tdi_estado_freshdesk%2C_internalId%2C_parentId%2Cname%2Cstatus HTTP/1.1" 200 405
2025-11-03 11:58:34 - SyncDeskManager - INFO - Ticket 33842 encontrado directamente
2025-11-03 11:58:34 - SyncDeskManager - DEBUG - Buscando ticket 33856 directamente en Clarity...
2025-11-03 11:58:34 - urllib3.connectionpool - DEBUG - https://pmservice.tdilatam.com:8043 "GET /ppm/rest/v1/tasks?filter=%28code+%3D+%2733856%27%29&limit=1&fields=code%2Cp_tdi_estado_freshdesk%2C_internalId%2C_parentId%2Cname%2Cstatus HTTP/1.1" 200 405
2025-11-03 11:58:34 - SyncDeskManager - INFO - Ticket 33856 encontrado directamente
2025-11-03 11:58:34 - SyncDeskManager - DEBUG - Buscando ticket 33868 directamente en Clarity...
2025-11-03 11:58:34 - urllib3.connectionpool - DEBUG - https://pmservice.tdilatam.com:8043 "GET /ppm/rest/v1/tasks?filter=%28code+%3D+%2733868%27%29&limit=1&fields=code%2Cp_tdi_estado_freshdesk%2C_internalId%2C_parentId%2Cname%2Cstatus HTTP/1.1" 200 405
2025-11-03 11:58:34 - SyncDeskManager - INFO - Ticket 33868 encontrado directamente
2025-11-03 11:58:34 - SyncDeskManager - DEBUG - Buscando ticket 33869 directamente en Clarity...
2025-11-03 11:58:34 - urllib3.connectionpool - DEBUG - https://pmservice.tdilatam.com:8043 "GET /ppm/rest/v1/tasks?filter=%28code+%3D+%2733869%27%29&limit=1&fields=code%2Cp_tdi_estado_freshdesk%2C_internalId%2C_parentId%2Cname%2Cstatus HTTP/1.1" 200 404
2025-11-03 11:58:34 - SyncDeskManager - INFO - Ticket 33869 encontrado directamente
2025-11-03 11:58:34 - SyncDeskManager - DEBUG - Buscando ticket 33887 directamente en Clarity...
2025-11-03 11:58:34 - urllib3.connectionpool - DEBUG - https://pmservice.tdilatam.com:8043 "GET /ppm/rest/v1/tasks?filter=%28code+%3D+%2733887%27%29&limit=1&fields=code%2Cp_tdi_estado_freshdesk%2C_internalId%2C_parentId%2Cname%2Cstatus HTTP/1.1" 200 421
2025-11-03 11:58:34 - SyncDeskManager - INFO - Ticket 33887 encontrado directamente
2025-11-03 11:58:34 - SyncDeskManager - DEBUG - Buscando ticket 33905 directamente en Clarity...
2025-11-03 11:58:34 - urllib3.connectionpool - DEBUG - https://pmservice.tdilatam.com:8043 "GET /ppm/rest/v1/tasks?filter=%28code+%3D+%2733905%27%29&limit=1&fields=code%2Cp_tdi_estado_freshdesk%2C_internalId%2C_parentId%2Cname%2Cstatus HTTP/1.1" 200 441
2025-11-03 11:58:34 - SyncDeskManager - INFO - Ticket 33905 encontrado directamente
2025-11-03 11:58:34 - SyncDeskManager - DEBUG - Buscando ticket 33911 directamente en Clarity...
2025-11-03 11:58:34 - urllib3.connectionpool - DEBUG - https://pmservice.tdilatam.com:8043 "GET /ppm/rest/v1/tasks?filter=%28code+%3D+%2733911%27%29&limit=1&fields=code%2Cp_tdi_estado_freshdesk%2C_internalId%2C_parentId%2Cname%2Cstatus HTTP/1.1" 200 385
2025-11-03 11:58:34 - SyncDeskManager - INFO - Ticket 33911 encontrado directamente
2025-11-03 11:58:34 - SyncDeskManager - DEBUG - Buscando ticket 33936 directamente en Clarity...
2025-11-03 11:58:34 - urllib3.connectionpool - DEBUG - https://pmservice.tdilatam.com:8043 "GET /ppm/rest/v1/tasks?filter=%28code+%3D+%2733936%27%29&limit=1&fields=code%2Cp_tdi_estado_freshdesk%2C_internalId%2C_parentId%2Cname%2Cstatus HTTP/1.1" 200 405
2025-11-03 11:58:34 - SyncDeskManager - INFO - Ticket 33936 encontrado directamente
2025-11-03 11:58:34 - SyncDeskManager - DEBUG - Buscando ticket 33944 directamente en Clarity...
2025-11-03 11:58:34 - urllib3.connectionpool - DEBUG - https://pmservice.tdilatam.com:8043 "GET /ppm/rest/v1/tasks?filter=%28code+%3D+%2733944%27%29&limit=1&fields=code%2Cp_tdi_estado_freshdesk%2C_internalId%2C_parentId%2Cname%2Cstatus HTTP/1.1" 200 406
2025-11-03 11:58:34 - SyncDeskManager - INFO - Ticket 33944 encontrado directamente
2025-11-03 11:58:34 - SyncDeskManager - DEBUG - Buscando ticket 33960 directamente en Clarity...
2025-11-03 11:58:34 - urllib3.connectionpool - DEBUG - https://pmservice.tdilatam.com:8043 "GET /ppm/rest/v1/tasks?filter=%28code+%3D+%2733960%27%29&limit=1&fields=code%2Cp_tdi_estado_freshdesk%2C_internalId%2C_parentId%2Cname%2Cstatus HTTP/1.1" 200 404
2025-11-03 11:58:34 - SyncDeskManager - INFO - Ticket 33960 encontrado directamente
2025-11-03 11:58:34 - SyncDeskManager - DEBUG - Buscando ticket 33963 directamente en Clarity...
2025-11-03 11:58:34 - urllib3.connectionpool - DEBUG - https://pmservice.tdilatam.com:8043 "GET /ppm/rest/v1/tasks?filter=%28code+%3D+%2733963%27%29&limit=1&fields=code%2Cp_tdi_estado_freshdesk%2C_internalId%2C_parentId%2Cname%2Cstatus HTTP/1.1" 200 406
2025-11-03 11:58:34 - SyncDeskManager - INFO - Ticket 33963 encontrado directamente
2025-11-03 11:58:34 - SyncDeskManager - DEBUG - Buscando ticket 33964 directamente en Clarity...
2025-11-03 11:58:34 - urllib3.connectionpool - DEBUG - https://pmservice.tdilatam.com:8043 "GET /ppm/rest/v1/tasks?filter=%28code+%3D+%2733964%27%29&limit=1&fields=code%2Cp_tdi_estado_freshdesk%2C_internalId%2C_parentId%2Cname%2Cstatus HTTP/1.1" 200 405
2025-11-03 11:58:34 - SyncDeskManager - INFO - Ticket 33964 encontrado directamente
2025-11-03 11:58:34 - SyncDeskManager - DEBUG - Buscando ticket 33974 directamente en Clarity...
2025-11-03 11:58:35 - urllib3.connectionpool - DEBUG - https://pmservice.tdilatam.com:8043 "GET /ppm/rest/v1/tasks?filter=%28code+%3D+%2733974%27%29&limit=1&fields=code%2Cp_tdi_estado_freshdesk%2C_internalId%2C_parentId%2Cname%2Cstatus HTTP/1.1" 200 406
2025-11-03 11:58:35 - SyncDeskManager - INFO - Ticket 33974 encontrado directamente
2025-11-03 11:58:35 - SyncDeskManager - DEBUG - Buscando ticket 34038 directamente en Clarity...
2025-11-03 11:58:35 - urllib3.connectionpool - DEBUG - https://pmservice.tdilatam.com:8043 "GET /ppm/rest/v1/tasks?filter=%28code+%3D+%2734038%27%29&limit=1&fields=code%2Cp_tdi_estado_freshdesk%2C_internalId%2C_parentId%2Cname%2Cstatus HTTP/1.1" 200 370
2025-11-03 11:58:35 - SyncDeskManager - INFO - Ticket 34038 encontrado directamente
2025-11-03 11:58:35 - SyncDeskManager - DEBUG - Buscando ticket 34058 directamente en Clarity...
2025-11-03 11:58:35 - urllib3.connectionpool - DEBUG - https://pmservice.tdilatam.com:8043 "GET /ppm/rest/v1/tasks?filter=%28code+%3D+%2734058%27%29&limit=1&fields=code%2Cp_tdi_estado_freshdesk%2C_internalId%2C_parentId%2Cname%2Cstatus HTTP/1.1" 200 367
2025-11-03 11:58:35 - SyncDeskManager - INFO - Ticket 34058 encontrado directamente
2025-11-03 11:58:35 - SyncDeskManager - DEBUG - Buscando ticket 34085 directamente en Clarity...
2025-11-03 11:58:35 - urllib3.connectionpool - DEBUG - https://pmservice.tdilatam.com:8043 "GET /ppm/rest/v1/tasks?filter=%28code+%3D+%2734085%27%29&limit=1&fields=code%2Cp_tdi_estado_freshdesk%2C_internalId%2C_parentId%2Cname%2Cstatus HTTP/1.1" 200 397
2025-11-03 11:58:35 - SyncDeskManager - INFO - Ticket 34085 encontrado directamente
2025-11-03 11:58:35 - SyncDeskManager - DEBUG - Buscando ticket 34117 directamente en Clarity...
2025-11-03 11:58:35 - urllib3.connectionpool - DEBUG - https://pmservice.tdilatam.com:8043 "GET /ppm/rest/v1/tasks?filter=%28code+%3D+%2734117%27%29&limit=1&fields=code%2Cp_tdi_estado_freshdesk%2C_internalId%2C_parentId%2Cname%2Cstatus HTTP/1.1" 200 391
2025-11-03 11:58:35 - SyncDeskManager - INFO - Ticket 34117 encontrado directamente
2025-11-03 11:58:35 - SyncDeskManager - DEBUG - Buscando ticket 34119 directamente en Clarity...
2025-11-03 11:58:35 - urllib3.connectionpool - DEBUG - https://pmservice.tdilatam.com:8043 "GET /ppm/rest/v1/tasks?filter=%28code+%3D+%2734119%27%29&limit=1&fields=code%2Cp_tdi_estado_freshdesk%2C_internalId%2C_parentId%2Cname%2Cstatus HTTP/1.1" 200 427
2025-11-03 11:58:35 - SyncDeskManager - INFO - Ticket 34119 encontrado directamente
2025-11-03 11:58:35 - SyncDeskManager - INFO - IDs obtenidos: 163/163 tickets
2025-11-03 11:58:39 - SyncDeskManager - INFO - Aplicando 163 cambios en Clarity...
2025-11-03 11:58:39 - SyncDeskManager - ERROR - Error en sincronización: 'ProjectLogger' object has no attribute 'info'
Traceback (most recent call last):
  File "c:\xampp\htdocs\TDI_Task_Manager\src\features\sync\sync_orchestrator.py", line 140, in sincronizar_estados
    resultado = self.change_applier.aplicar_cambios_clarity(diferencias_completas, self.transaction_id)
                ^^^^^^^^^^^^^^^^^^^^^^^^^^^^^^^^^^^^^^^^^^^^^^^^^^^^^^^^^^^^^^^^^^^^^^^^^^^^^^^^^^^^^^^
  File "c:\xampp\htdocs\TDI_Task_Manager\src\features\sync\change_applier.py", line 26, in aplicar_cambios_clarity
    self._registrar_cambio_transaccional(transaction_id, diff, 'PENDING')
  File "c:\xampp\htdocs\TDI_Task_Manager\src\features\sync\change_applier.py", line 59, in _registrar_cambio_transaccional
    self.logger.log_transaction_change(transaction_id, change_data)
  File "c:\xampp\htdocs\TDI_Task_Manager\src\utils\logging\base_logger.py", line 79, in log_transaction_change
    self.info(f"TRANSACTION_CHANGE - {transaction_id}: {json.dumps(change_data)}")
    ^^^^^^^^^
AttributeError: 'ProjectLogger' object has no attribute 'info'
2025-11-03 11:58:39 - SyncDeskManager - ERROR - TRANSACTION_FAILED: SYNC_STATES_20251103_115802 - {'estado': 'FAILED', 'error': "Excepción: 'ProjectLogger' object has no attribute 'info'"}
Traceback (most recent call last):
  File "c:\xampp\htdocs\TDI_Task_Manager\src\features\sync\sync_orchestrator.py", line 140, in sincronizar_estados
    resultado = self.change_applier.aplicar_cambios_clarity(diferencias_completas, self.transaction_id)
                ^^^^^^^^^^^^^^^^^^^^^^^^^^^^^^^^^^^^^^^^^^^^^^^^^^^^^^^^^^^^^^^^^^^^^^^^^^^^^^^^^^^^^^^
  File "c:\xampp\htdocs\TDI_Task_Manager\src\features\sync\change_applier.py", line 26, in aplicar_cambios_clarity
    self._registrar_cambio_transaccional(transaction_id, diff, 'PENDING')
  File "c:\xampp\htdocs\TDI_Task_Manager\src\features\sync\change_applier.py", line 59, in _registrar_cambio_transaccional
    self.logger.log_transaction_change(transaction_id, change_data)
  File "c:\xampp\htdocs\TDI_Task_Manager\src\utils\logging\base_logger.py", line 79, in log_transaction_change
    self.info(f"TRANSACTION_CHANGE - {transaction_id}: {json.dumps(change_data)}")
    ^^^^^^^^^
AttributeError: 'ProjectLogger' object has no attribute 'info'
2025-11-03 11:58:39 - SyncDeskManager - ERROR - Transacción fallida: SYNC_STATES_20251103_115802 - Excepción: 'ProjectLogger' object has no attribute 'info'
Traceback (most recent call last):
  File "c:\xampp\htdocs\TDI_Task_Manager\src\features\sync\sync_orchestrator.py", line 140, in sincronizar_estados
    resultado = self.change_applier.aplicar_cambios_clarity(diferencias_completas, self.transaction_id)
                ^^^^^^^^^^^^^^^^^^^^^^^^^^^^^^^^^^^^^^^^^^^^^^^^^^^^^^^^^^^^^^^^^^^^^^^^^^^^^^^^^^^^^^^
  File "c:\xampp\htdocs\TDI_Task_Manager\src\features\sync\change_applier.py", line 26, in aplicar_cambios_clarity
    self._registrar_cambio_transaccional(transaction_id, diff, 'PENDING')
  File "c:\xampp\htdocs\TDI_Task_Manager\src\features\sync\change_applier.py", line 59, in _registrar_cambio_transaccional
    self.logger.log_transaction_change(transaction_id, change_data)
  File "c:\xampp\htdocs\TDI_Task_Manager\src\utils\logging\base_logger.py", line 79, in log_transaction_change
    self.info(f"TRANSACTION_CHANGE - {transaction_id}: {json.dumps(change_data)}")
    ^^^^^^^^^
AttributeError: 'ProjectLogger' object has no attribute 'info'
2025-11-03 11:58:48 - SyncDeskManager - INFO - Datos sensibles limpiados de la memoria
2025-11-03 12:16:50 - SyncDeskManager - INFO - ==================================================
2025-11-03 12:16:50 - SyncDeskManager - INFO - 🚀 INICIANDO SYNC DESK MANAGER
2025-11-03 12:16:50 - SyncDeskManager - INFO - ==================================================
2025-11-03 12:16:50 - SyncDeskManager - INFO - Sistema operativo: Windows 11
2025-11-03 12:16:50 - SyncDeskManager - INFO - Python: 3.12.4
2025-11-03 12:16:50 - SyncDeskManager - INFO - Usuario: usuario
2025-11-03 12:16:50 - SyncDeskManager - INFO - Directorio de trabajo: C:\xampp\htdocs\TDI_Task_Manager
2025-11-03 12:16:50 - SyncDeskManager - INFO - Directorio de logs: c:\xampp\htdocs\TDI_Task_Manager\src\logs
2025-11-03 12:16:50 - SyncDeskManager - INFO - ==================================================
2025-11-03 12:16:51 - SyncDeskManager - INFO - ConfigManager inicializado - Modo volátil en memoria
2025-11-03 12:16:51 - SyncDeskManager - INFO - Iniciando aplicación
2025-11-03 12:16:51 - SyncDeskManager - INFO - Módulos cargados correctamente
2025-11-03 12:16:51 - SyncDeskManager - INFO - ConfigManager inicializado - Modo volátil en memoria
2025-11-03 12:16:51 - SyncDeskManager - INFO - FreshdeskService inicializado
2025-11-03 12:16:51 - SyncDeskManager - INFO - Configuración de clasificación cargada desde: data/classification/classification_config.json
2025-11-03 12:16:51 - SyncDeskManager - INFO - ClassificationConfigManager inicializado
2025-11-03 12:16:51 - SyncDeskManager - INFO - ClassificationLibraryGenerator inicializado
2025-11-03 12:17:06 - SyncDeskManager - INFO - TRANSACTION_START: SYNC_STATES_20251103_121706 - Sincronización estados Freshdesk → Clarity
2025-11-03 12:17:06 - SyncDeskManager - INFO - Transacción iniciada: SYNC_STATES_20251103_121706
2025-11-03 12:17:18 - SyncDeskManager - INFO - Análisis completado: 1549 coincidencias, 128 sin coincidencia
2025-11-03 12:17:20 - SyncDeskManager - INFO - Iniciando comparación de estados...
2025-11-03 12:17:20 - SyncDeskManager - DEBUG - Ticket 31960: Diferencia encontrada Abierta -> Cerrada
2025-11-03 12:17:20 - SyncDeskManager - DEBUG - Ticket 31961: Diferencia encontrada Abierta -> Cerrada
2025-11-03 12:17:20 - SyncDeskManager - DEBUG - Ticket 31962: Diferencia encontrada Resuelto -> Cerrada
2025-11-03 12:17:20 - SyncDeskManager - DEBUG - Ticket 31963: Diferencia encontrada Abierta -> Cerrada
2025-11-03 12:17:20 - SyncDeskManager - DEBUG - Ticket 31964: Diferencia encontrada Resuelto -> Cerrada
2025-11-03 12:17:20 - SyncDeskManager - DEBUG - Ticket 31972: Diferencia encontrada Abierta -> Cerrada
2025-11-03 12:17:20 - SyncDeskManager - DEBUG - Ticket 31973: Diferencia encontrada En progreso -> Cerrada
2025-11-03 12:17:20 - SyncDeskManager - DEBUG - Ticket 31974: Diferencia encontrada En progreso -> Cerrada
2025-11-03 12:17:20 - SyncDeskManager - DEBUG - Ticket 31975: Diferencia encontrada Abierta -> Cerrada
2025-11-03 12:17:20 - SyncDeskManager - DEBUG - Ticket 31977: Diferencia encontrada Resuelto -> Cerrada
2025-11-03 12:17:20 - SyncDeskManager - DEBUG - Ticket 31978: Diferencia encontrada Esperando al cliente -> Cerrada
2025-11-03 12:17:20 - SyncDeskManager - DEBUG - Ticket 31979: Diferencia encontrada En progreso -> Cerrada
2025-11-03 12:17:20 - SyncDeskManager - DEBUG - Ticket 31983: Diferencia encontrada En progreso -> Cerrada
2025-11-03 12:17:20 - SyncDeskManager - DEBUG - Ticket 31984: Diferencia encontrada En progreso -> Cerrada
2025-11-03 12:17:20 - SyncDeskManager - DEBUG - Ticket 31987: Diferencia encontrada Abierta -> Cerrada
2025-11-03 12:17:20 - SyncDeskManager - DEBUG - Ticket 31990: Diferencia encontrada Resuelto -> Cerrada
2025-11-03 12:17:20 - SyncDeskManager - DEBUG - Ticket 31994: Diferencia encontrada Abierta -> Cerrada
2025-11-03 12:17:20 - SyncDeskManager - DEBUG - Ticket 31996: Diferencia encontrada Abierta -> Cerrada
2025-11-03 12:17:20 - SyncDeskManager - DEBUG - Ticket 31997: Diferencia encontrada Abierta -> Cerrada
2025-11-03 12:17:20 - SyncDeskManager - DEBUG - Ticket 31999: Diferencia encontrada Esperando al cliente -> Cerrada
2025-11-03 12:17:20 - SyncDeskManager - DEBUG - Ticket 32001: Diferencia encontrada En progreso -> Cerrada
2025-11-03 12:17:20 - SyncDeskManager - DEBUG - Ticket 32003: Diferencia encontrada Abierta -> Cerrada
2025-11-03 12:17:20 - SyncDeskManager - DEBUG - Ticket 32005: Diferencia encontrada Derivado al Fabricante -> Cerrada
2025-11-03 12:17:20 - SyncDeskManager - DEBUG - Ticket 32008: Diferencia encontrada Resuelto -> Cerrada
2025-11-03 12:17:20 - SyncDeskManager - DEBUG - Ticket 32009: Diferencia encontrada En progreso -> Cerrada
2025-11-03 12:17:20 - SyncDeskManager - DEBUG - Ticket 32010: Diferencia encontrada En progreso -> Cerrada
2025-11-03 12:17:20 - SyncDeskManager - DEBUG - Ticket 32011: Diferencia encontrada En progreso -> Cerrada
2025-11-03 12:17:20 - SyncDeskManager - DEBUG - Ticket 32012: Diferencia encontrada Abierta -> Cerrada
2025-11-03 12:17:20 - SyncDeskManager - DEBUG - Ticket 32013: Diferencia encontrada Resuelto -> Cerrada
2025-11-03 12:17:20 - SyncDeskManager - DEBUG - Ticket 32014: Diferencia encontrada Resuelto -> Cerrada
2025-11-03 12:17:20 - SyncDeskManager - DEBUG - Ticket 32015: Diferencia encontrada Resuelto -> Cerrada
2025-11-03 12:17:20 - SyncDeskManager - DEBUG - Ticket 32020: Diferencia encontrada Abierta -> Cerrada
2025-11-03 12:17:20 - SyncDeskManager - DEBUG - Ticket 32021: Diferencia encontrada Abierta -> Cerrada
2025-11-03 12:17:20 - SyncDeskManager - DEBUG - Ticket 32022: Diferencia encontrada Abierta -> Cerrada
2025-11-03 12:17:20 - SyncDeskManager - DEBUG - Ticket 32025: Diferencia encontrada Esperando al cliente -> Cerrada
2025-11-03 12:17:20 - SyncDeskManager - DEBUG - Ticket 32033: Diferencia encontrada Abierta -> Cerrada
2025-11-03 12:17:20 - SyncDeskManager - DEBUG - Ticket 32035: Diferencia encontrada Abierta -> Cerrada
2025-11-03 12:17:20 - SyncDeskManager - DEBUG - Ticket 32036: Diferencia encontrada En progreso -> Cerrada
2025-11-03 12:17:20 - SyncDeskManager - DEBUG - Ticket 32041: Diferencia encontrada Derivado al Fabricante -> Cerrada
2025-11-03 12:17:20 - SyncDeskManager - DEBUG - Ticket 32042: Diferencia encontrada Abierta -> Cerrada
2025-11-03 12:17:20 - SyncDeskManager - DEBUG - Ticket 32043: Diferencia encontrada En progreso -> Cerrada
2025-11-03 12:17:20 - SyncDeskManager - DEBUG - Ticket 32044: Diferencia encontrada En progreso -> Cerrada
2025-11-03 12:17:20 - SyncDeskManager - DEBUG - Ticket 32067: Diferencia encontrada En progreso -> Cerrada
2025-11-03 12:17:20 - SyncDeskManager - DEBUG - Ticket 32068: Diferencia encontrada Abierta -> Cerrada
2025-11-03 12:17:20 - SyncDeskManager - DEBUG - Ticket 32075: Diferencia encontrada Abierta -> Cerrada
2025-11-03 12:17:20 - SyncDeskManager - DEBUG - Ticket 32088: Diferencia encontrada Resuelto -> Cerrada
2025-11-03 12:17:20 - SyncDeskManager - DEBUG - Ticket 32097: Diferencia encontrada Esperando al cliente -> Cerrada
2025-11-03 12:17:20 - SyncDeskManager - DEBUG - Ticket 32103: Diferencia encontrada Resuelto -> Cerrada
2025-11-03 12:17:20 - SyncDeskManager - DEBUG - Ticket 32110: Diferencia encontrada Resuelto -> Cerrada
2025-11-03 12:17:20 - SyncDeskManager - DEBUG - Ticket 32114: Diferencia encontrada Resuelto -> Cerrada
2025-11-03 12:17:20 - SyncDeskManager - DEBUG - Ticket 32115: Diferencia encontrada Abierta -> Cerrada
2025-11-03 12:17:20 - SyncDeskManager - DEBUG - Ticket 32117: Diferencia encontrada En evaluación -> Esperando al cliente
2025-11-03 12:17:20 - SyncDeskManager - DEBUG - Ticket 32118: Diferencia encontrada Abierta -> Cerrada
2025-11-03 12:17:20 - SyncDeskManager - DEBUG - Ticket 32120: Diferencia encontrada Abierta -> Cerrada
2025-11-03 12:17:20 - SyncDeskManager - DEBUG - Ticket 32121: Diferencia encontrada En evaluación -> Esperando al cliente
2025-11-03 12:17:20 - SyncDeskManager - DEBUG - Ticket 32122: Diferencia encontrada Esperando al cliente -> Cerrada
2025-11-03 12:17:20 - SyncDeskManager - DEBUG - Ticket 32123: Diferencia encontrada En evaluación -> Esperando al cliente
2025-11-03 12:17:20 - SyncDeskManager - DEBUG - Ticket 32125: Diferencia encontrada En evaluación -> Cerrada
2025-11-03 12:17:20 - SyncDeskManager - DEBUG - Ticket 32126: Diferencia encontrada Esperando al cliente -> Cerrada
2025-11-03 12:17:20 - SyncDeskManager - DEBUG - Ticket 32128: Diferencia encontrada Esperando al cliente -> Cerrada
2025-11-03 12:17:20 - SyncDeskManager - DEBUG - Ticket 32129: Diferencia encontrada Resuelto -> Cerrada
2025-11-03 12:17:20 - SyncDeskManager - DEBUG - Ticket 32130: Diferencia encontrada Resuelto -> Cerrada
2025-11-03 12:17:20 - SyncDeskManager - DEBUG - Ticket 32144: Diferencia encontrada En progreso -> Cerrada
2025-11-03 12:17:20 - SyncDeskManager - DEBUG - Ticket 32155: Diferencia encontrada Resuelto -> Cerrada
2025-11-03 12:17:20 - SyncDeskManager - DEBUG - Ticket 32157: Diferencia encontrada En progreso -> Cerrada
2025-11-03 12:17:20 - SyncDeskManager - DEBUG - Ticket 32158: Diferencia encontrada En progreso -> Cerrada
2025-11-03 12:17:20 - SyncDeskManager - DEBUG - Ticket 32159: Diferencia encontrada Resuelto -> Cerrada
2025-11-03 12:17:20 - SyncDeskManager - DEBUG - Ticket 32160: Diferencia encontrada En progreso -> Cerrada
2025-11-03 12:17:21 - SyncDeskManager - DEBUG - Ticket 32161: Diferencia encontrada Abierta -> Cerrada
2025-11-03 12:17:21 - SyncDeskManager - DEBUG - Ticket 32162: Diferencia encontrada Esperando al cliente -> Cerrada
2025-11-03 12:17:21 - SyncDeskManager - DEBUG - Ticket 32165: No encontrado en Clarity
2025-11-03 12:17:21 - SyncDeskManager - DEBUG - Ticket 32173: Diferencia encontrada Esperando al cliente -> Cerrada
2025-11-03 12:17:21 - SyncDeskManager - DEBUG - Ticket 32174: Diferencia encontrada En progreso -> Cerrada
2025-11-03 12:17:21 - SyncDeskManager - DEBUG - Ticket 32177: Diferencia encontrada Derivado al Fabricante -> Cerrada
2025-11-03 12:17:21 - SyncDeskManager - DEBUG - Ticket 32179: Diferencia encontrada Resuelto -> Cerrada
2025-11-03 12:17:21 - SyncDeskManager - DEBUG - Ticket 32183: Diferencia encontrada Abierta -> Cerrada
2025-11-03 12:17:21 - SyncDeskManager - DEBUG - Ticket 32184: Diferencia encontrada Abierta -> Cerrada
2025-11-03 12:17:21 - SyncDeskManager - DEBUG - Ticket 32188: Diferencia encontrada Derivado al Fabricante -> Cerrada
2025-11-03 12:17:21 - SyncDeskManager - DEBUG - Ticket 32192: Diferencia encontrada Abierta -> Cerrada
2025-11-03 12:17:21 - SyncDeskManager - DEBUG - Ticket 32193: Diferencia encontrada Resuelto -> Cerrada
2025-11-03 12:17:21 - SyncDeskManager - DEBUG - Ticket 32204: Diferencia encontrada Abierta -> Cerrada
2025-11-03 12:17:21 - SyncDeskManager - DEBUG - Ticket 32213: Diferencia encontrada Resuelto -> Cerrada
2025-11-03 12:17:21 - SyncDeskManager - DEBUG - Ticket 32214: Diferencia encontrada Abierta -> Cerrada
2025-11-03 12:17:21 - SyncDeskManager - DEBUG - Ticket 32215: Diferencia encontrada Abierta -> Cerrada
2025-11-03 12:17:21 - SyncDeskManager - DEBUG - Ticket 32216: Diferencia encontrada Abierta -> Cerrada
2025-11-03 12:17:21 - SyncDeskManager - DEBUG - Ticket 32217: Diferencia encontrada Abierta -> Cerrada
2025-11-03 12:17:21 - SyncDeskManager - DEBUG - Ticket 32220: Diferencia encontrada Abierta -> Cerrada
2025-11-03 12:17:21 - SyncDeskManager - DEBUG - Ticket 32221: Diferencia encontrada Resuelto -> Cerrada
2025-11-03 12:17:21 - SyncDeskManager - DEBUG - Ticket 32223: Diferencia encontrada Esperando al cliente -> Cerrada
2025-11-03 12:17:21 - SyncDeskManager - DEBUG - Ticket 32224: Diferencia encontrada Abierta -> En progreso
2025-11-03 12:17:21 - SyncDeskManager - DEBUG - Ticket 32225: Diferencia encontrada Abierta -> Cerrada
2025-11-03 12:17:21 - SyncDeskManager - DEBUG - Ticket 32226: Diferencia encontrada Abierta -> Cerrada
2025-11-03 12:17:21 - SyncDeskManager - DEBUG - Ticket 32227: Diferencia encontrada Resuelto -> Cerrada
2025-11-03 12:17:21 - SyncDeskManager - DEBUG - Ticket 32230: Diferencia encontrada Resuelto -> Cerrada
2025-11-03 12:17:21 - SyncDeskManager - DEBUG - Ticket 32233: Diferencia encontrada En progreso -> Cerrada
2025-11-03 12:17:21 - SyncDeskManager - DEBUG - Ticket 32238: Diferencia encontrada En progreso -> Cerrada
2025-11-03 12:17:21 - SyncDeskManager - DEBUG - Ticket 32239: Diferencia encontrada Resuelto -> Cerrada
2025-11-03 12:17:21 - SyncDeskManager - DEBUG - Ticket 32240: Diferencia encontrada Resuelto -> Cerrada
2025-11-03 12:17:21 - SyncDeskManager - DEBUG - Ticket 32241: Diferencia encontrada Resuelto -> Cerrada
2025-11-03 12:17:21 - SyncDeskManager - DEBUG - Ticket 32242: Diferencia encontrada En progreso -> Cerrada
2025-11-03 12:17:21 - SyncDeskManager - DEBUG - Ticket 32243: Diferencia encontrada Abierta -> Cerrada
2025-11-03 12:17:21 - SyncDeskManager - DEBUG - Ticket 32244: Diferencia encontrada Abierta -> Cerrada
2025-11-03 12:17:21 - SyncDeskManager - DEBUG - Ticket 32245: Diferencia encontrada Resuelto -> Cerrada
2025-11-03 12:17:21 - SyncDeskManager - DEBUG - Ticket 32246: Diferencia encontrada Resuelto -> Cerrada
2025-11-03 12:17:21 - SyncDeskManager - DEBUG - Ticket 32248: Diferencia encontrada Abierta -> Cerrada
2025-11-03 12:17:21 - SyncDeskManager - DEBUG - Ticket 32251: Diferencia encontrada En progreso -> Cerrada
2025-11-03 12:17:21 - SyncDeskManager - DEBUG - Ticket 32252: Diferencia encontrada En progreso -> Cerrada
2025-11-03 12:17:21 - SyncDeskManager - DEBUG - Ticket 32254: Diferencia encontrada Abierta -> Cerrada
2025-11-03 12:17:21 - SyncDeskManager - DEBUG - Ticket 32255: Diferencia encontrada Abierta -> Cerrada
2025-11-03 12:17:21 - SyncDeskManager - DEBUG - Ticket 32263: No encontrado en Clarity
2025-11-03 12:17:21 - SyncDeskManager - DEBUG - Ticket 32288: No encontrado en Clarity
2025-11-03 12:17:21 - SyncDeskManager - DEBUG - Ticket 32292: No encontrado en Clarity
2025-11-03 12:17:21 - SyncDeskManager - DEBUG - Ticket 32293: No encontrado en Clarity
2025-11-03 12:17:21 - SyncDeskManager - DEBUG - Ticket 32301: No encontrado en Clarity
2025-11-03 12:17:21 - SyncDeskManager - DEBUG - Ticket 32311: No encontrado en Clarity
2025-11-03 12:17:21 - SyncDeskManager - DEBUG - Ticket 32312: No encontrado en Clarity
2025-11-03 12:17:21 - SyncDeskManager - DEBUG - Ticket 32340: No encontrado en Clarity
2025-11-03 12:17:21 - SyncDeskManager - DEBUG - Ticket 32358: No encontrado en Clarity
2025-11-03 12:17:21 - SyncDeskManager - DEBUG - Ticket 32374: No encontrado en Clarity
2025-11-03 12:17:21 - SyncDeskManager - DEBUG - Ticket 32399: No encontrado en Clarity
2025-11-03 12:17:21 - SyncDeskManager - DEBUG - Ticket 32440: No encontrado en Clarity
2025-11-03 12:17:21 - SyncDeskManager - DEBUG - Ticket 32455: No encontrado en Clarity
2025-11-03 12:17:21 - SyncDeskManager - DEBUG - Ticket 32462: No encontrado en Clarity
2025-11-03 12:17:21 - SyncDeskManager - DEBUG - Ticket 32495: No encontrado en Clarity
2025-11-03 12:17:22 - SyncDeskManager - DEBUG - Ticket 32532: No encontrado en Clarity
2025-11-03 12:17:22 - SyncDeskManager - DEBUG - Ticket 32538: No encontrado en Clarity
2025-11-03 12:17:22 - SyncDeskManager - DEBUG - Ticket 32539: No encontrado en Clarity
2025-11-03 12:17:22 - SyncDeskManager - DEBUG - Ticket 32587: No encontrado en Clarity
2025-11-03 12:17:22 - SyncDeskManager - DEBUG - Ticket 32606: No encontrado en Clarity
2025-11-03 12:17:22 - SyncDeskManager - DEBUG - Ticket 32656: No encontrado en Clarity
2025-11-03 12:17:22 - SyncDeskManager - DEBUG - Ticket 32657: No encontrado en Clarity
2025-11-03 12:17:22 - SyncDeskManager - DEBUG - Ticket 32676: No encontrado en Clarity
2025-11-03 12:17:22 - SyncDeskManager - DEBUG - Ticket 32696: No encontrado en Clarity
2025-11-03 12:17:22 - SyncDeskManager - DEBUG - Ticket 32736: No encontrado en Clarity
2025-11-03 12:17:22 - SyncDeskManager - DEBUG - Ticket 32758: No encontrado en Clarity
2025-11-03 12:17:22 - SyncDeskManager - DEBUG - Ticket 32760: No encontrado en Clarity
2025-11-03 12:17:22 - SyncDeskManager - DEBUG - Ticket 32761: No encontrado en Clarity
2025-11-03 12:17:22 - SyncDeskManager - DEBUG - Ticket 32762: No encontrado en Clarity
2025-11-03 12:17:22 - SyncDeskManager - DEBUG - Ticket 32774: No encontrado en Clarity
2025-11-03 12:17:22 - SyncDeskManager - DEBUG - Ticket 32778: No encontrado en Clarity
2025-11-03 12:17:22 - SyncDeskManager - DEBUG - Ticket 32782: Diferencia encontrada En progreso -> Esperando al cliente
2025-11-03 12:17:22 - SyncDeskManager - DEBUG - Ticket 32811: No encontrado en Clarity
2025-11-03 12:17:22 - SyncDeskManager - DEBUG - Ticket 32830: No encontrado en Clarity
2025-11-03 12:17:22 - SyncDeskManager - DEBUG - Ticket 32836: No encontrado en Clarity
2025-11-03 12:17:22 - SyncDeskManager - DEBUG - Ticket 32838: No encontrado en Clarity
2025-11-03 12:17:22 - SyncDeskManager - DEBUG - Ticket 32841: No encontrado en Clarity
2025-11-03 12:17:22 - SyncDeskManager - DEBUG - Ticket 32842: No encontrado en Clarity
2025-11-03 12:17:22 - SyncDeskManager - DEBUG - Ticket 32843: No encontrado en Clarity
2025-11-03 12:17:22 - SyncDeskManager - DEBUG - Ticket 32844: No encontrado en Clarity
2025-11-03 12:17:22 - SyncDeskManager - DEBUG - Ticket 32848: No encontrado en Clarity
2025-11-03 12:17:22 - SyncDeskManager - DEBUG - Ticket 32850: No encontrado en Clarity
2025-11-03 12:17:22 - SyncDeskManager - DEBUG - Ticket 32856: No encontrado en Clarity
2025-11-03 12:17:23 - SyncDeskManager - DEBUG - Ticket 32879: No encontrado en Clarity
2025-11-03 12:17:23 - SyncDeskManager - DEBUG - Ticket 32912: No encontrado en Clarity
2025-11-03 12:17:23 - SyncDeskManager - DEBUG - Ticket 32914: Diferencia encontrada Resuelto -> Cerrada
2025-11-03 12:17:23 - SyncDeskManager - DEBUG - Ticket 32916: No encontrado en Clarity
2025-11-03 12:17:23 - SyncDeskManager - DEBUG - Ticket 32930: No encontrado en Clarity
2025-11-03 12:17:23 - SyncDeskManager - DEBUG - Ticket 32931: No encontrado en Clarity
2025-11-03 12:17:23 - SyncDeskManager - DEBUG - Ticket 32938: No encontrado en Clarity
2025-11-03 12:17:23 - SyncDeskManager - DEBUG - Ticket 32943: No encontrado en Clarity
2025-11-03 12:17:23 - SyncDeskManager - DEBUG - Ticket 32961: No encontrado en Clarity
2025-11-03 12:17:23 - SyncDeskManager - DEBUG - Ticket 33008: No encontrado en Clarity
2025-11-03 12:17:23 - SyncDeskManager - DEBUG - Ticket 33012: No encontrado en Clarity
2025-11-03 12:17:23 - SyncDeskManager - DEBUG - Ticket 33027: No encontrado en Clarity
2025-11-03 12:17:23 - SyncDeskManager - DEBUG - Ticket 33034: No encontrado en Clarity
2025-11-03 12:17:23 - SyncDeskManager - DEBUG - Ticket 33039: No encontrado en Clarity
2025-11-03 12:17:23 - SyncDeskManager - DEBUG - Ticket 33052: No encontrado en Clarity
2025-11-03 12:17:23 - SyncDeskManager - DEBUG - Ticket 33062: No encontrado en Clarity
2025-11-03 12:17:23 - SyncDeskManager - DEBUG - Ticket 33068: No encontrado en Clarity
2025-11-03 12:17:23 - SyncDeskManager - DEBUG - Ticket 33069: No encontrado en Clarity
2025-11-03 12:17:23 - SyncDeskManager - DEBUG - Ticket 33070: No encontrado en Clarity
2025-11-03 12:17:23 - SyncDeskManager - DEBUG - Ticket 33075: No encontrado en Clarity
2025-11-03 12:17:23 - SyncDeskManager - DEBUG - Ticket 33082: Diferencia encontrada Esperando al cliente -> Derivado al Fabricante
2025-11-03 12:17:23 - SyncDeskManager - DEBUG - Ticket 33083: No encontrado en Clarity
2025-11-03 12:17:23 - SyncDeskManager - DEBUG - Ticket 33088: No encontrado en Clarity
2025-11-03 12:17:23 - SyncDeskManager - DEBUG - Ticket 33127: No encontrado en Clarity
2025-11-03 12:17:23 - SyncDeskManager - DEBUG - Ticket 33128: No encontrado en Clarity
2025-11-03 12:17:23 - SyncDeskManager - DEBUG - Ticket 33129: No encontrado en Clarity
2025-11-03 12:17:23 - SyncDeskManager - DEBUG - Ticket 33139: No encontrado en Clarity
2025-11-03 12:17:24 - SyncDeskManager - DEBUG - Ticket 33225: No encontrado en Clarity
2025-11-03 12:17:24 - SyncDeskManager - DEBUG - Ticket 33226: No encontrado en Clarity
2025-11-03 12:17:24 - SyncDeskManager - DEBUG - Ticket 33247: No encontrado en Clarity
2025-11-03 12:17:24 - SyncDeskManager - DEBUG - Ticket 33310: No encontrado en Clarity
2025-11-03 12:17:24 - SyncDeskManager - DEBUG - Ticket 33314: No encontrado en Clarity
2025-11-03 12:17:24 - SyncDeskManager - DEBUG - Ticket 33334: No encontrado en Clarity
2025-11-03 12:17:24 - SyncDeskManager - DEBUG - Ticket 33346: No encontrado en Clarity
2025-11-03 12:17:24 - SyncDeskManager - DEBUG - Ticket 33357: No encontrado en Clarity
2025-11-03 12:17:24 - SyncDeskManager - DEBUG - Ticket 33361: No encontrado en Clarity
2025-11-03 12:17:24 - SyncDeskManager - DEBUG - Ticket 33364: No encontrado en Clarity
2025-11-03 12:17:24 - SyncDeskManager - DEBUG - Ticket 33384: No encontrado en Clarity
2025-11-03 12:17:24 - SyncDeskManager - DEBUG - Ticket 33395: No encontrado en Clarity
2025-11-03 12:17:24 - SyncDeskManager - DEBUG - Ticket 33432: No encontrado en Clarity
2025-11-03 12:17:24 - SyncDeskManager - DEBUG - Ticket 33448: No encontrado en Clarity
2025-11-03 12:17:24 - SyncDeskManager - DEBUG - Ticket 33451: No encontrado en Clarity
2025-11-03 12:17:24 - SyncDeskManager - DEBUG - Ticket 33461: No encontrado en Clarity
2025-11-03 12:17:24 - SyncDeskManager - DEBUG - Ticket 33474: No encontrado en Clarity
2025-11-03 12:17:24 - SyncDeskManager - DEBUG - Ticket 33476: No encontrado en Clarity
2025-11-03 12:17:24 - SyncDeskManager - DEBUG - Ticket 33478: No encontrado en Clarity
2025-11-03 12:17:24 - SyncDeskManager - DEBUG - Ticket 33489: No encontrado en Clarity
2025-11-03 12:17:24 - SyncDeskManager - DEBUG - Ticket 33490: No encontrado en Clarity
2025-11-03 12:17:24 - SyncDeskManager - DEBUG - Ticket 33496: No encontrado en Clarity
2025-11-03 12:17:24 - SyncDeskManager - DEBUG - Ticket 33513: No encontrado en Clarity
2025-11-03 12:17:24 - SyncDeskManager - DEBUG - Ticket 33529: No encontrado en Clarity
2025-11-03 12:17:24 - SyncDeskManager - DEBUG - Ticket 33540: No encontrado en Clarity
2025-11-03 12:17:24 - SyncDeskManager - DEBUG - Ticket 33541: No encontrado en Clarity
2025-11-03 12:17:24 - SyncDeskManager - DEBUG - Ticket 33558: No encontrado en Clarity
2025-11-03 12:17:24 - SyncDeskManager - DEBUG - Ticket 33566: No encontrado en Clarity
2025-11-03 12:17:25 - SyncDeskManager - DEBUG - Ticket 33572: Diferencia encontrada Resuelto -> Cerrada
2025-11-03 12:17:25 - SyncDeskManager - DEBUG - Ticket 33581: Diferencia encontrada Resuelto -> Cerrada
2025-11-03 12:17:25 - SyncDeskManager - DEBUG - Ticket 33583: Diferencia encontrada Resuelto -> Cerrada
2025-11-03 12:17:25 - SyncDeskManager - DEBUG - Ticket 33585: No encontrado en Clarity
2025-11-03 12:17:25 - SyncDeskManager - DEBUG - Ticket 33607: Diferencia encontrada Resuelto -> Cerrada
2025-11-03 12:17:25 - SyncDeskManager - DEBUG - Ticket 33608: Diferencia encontrada Resuelto -> Cerrada
2025-11-03 12:17:25 - SyncDeskManager - DEBUG - Ticket 33611: No encontrado en Clarity
2025-11-03 12:17:25 - SyncDeskManager - DEBUG - Ticket 33612: Diferencia encontrada Resuelto -> Cerrada
2025-11-03 12:17:25 - SyncDeskManager - DEBUG - Ticket 33613: Diferencia encontrada Resuelto -> Cerrada
2025-11-03 12:17:25 - SyncDeskManager - DEBUG - Ticket 33614: Diferencia encontrada Resuelto -> Cerrada
2025-11-03 12:17:25 - SyncDeskManager - DEBUG - Ticket 33615: Diferencia encontrada Resuelto -> Cerrada
2025-11-03 12:17:25 - SyncDeskManager - DEBUG - Ticket 33621: No encontrado en Clarity
2025-11-03 12:17:25 - SyncDeskManager - DEBUG - Ticket 33655: No encontrado en Clarity
2025-11-03 12:17:25 - SyncDeskManager - DEBUG - Ticket 33658: Diferencia encontrada Resuelto -> Cerrada
2025-11-03 12:17:25 - SyncDeskManager - DEBUG - Ticket 33667: No encontrado en Clarity
2025-11-03 12:17:25 - SyncDeskManager - DEBUG - Ticket 33669: No encontrado en Clarity
2025-11-03 12:17:25 - SyncDeskManager - DEBUG - Ticket 33671: Diferencia encontrada Resuelto -> Cerrada
2025-11-03 12:17:25 - SyncDeskManager - DEBUG - Ticket 33672: Diferencia encontrada Resuelto -> Cerrada
2025-11-03 12:17:25 - SyncDeskManager - DEBUG - Ticket 33676: Diferencia encontrada Resuelto -> Cerrada
2025-11-03 12:17:25 - SyncDeskManager - DEBUG - Ticket 33680: Diferencia encontrada Resuelto -> Cerrada
2025-11-03 12:17:25 - SyncDeskManager - DEBUG - Ticket 33682: No encontrado en Clarity
2025-11-03 12:17:25 - SyncDeskManager - DEBUG - Ticket 33684: Diferencia encontrada Resuelto -> Cerrada
2025-11-03 12:17:25 - SyncDeskManager - DEBUG - Ticket 33702: No encontrado en Clarity
2025-11-03 12:17:25 - SyncDeskManager - DEBUG - Ticket 33707: Diferencia encontrada Resuelto -> Cerrada
2025-11-03 12:17:25 - SyncDeskManager - DEBUG - Ticket 33712: Diferencia encontrada Resuelto -> Cerrada
2025-11-03 12:17:25 - SyncDeskManager - DEBUG - Ticket 33720: Diferencia encontrada Resuelto -> Cerrada
2025-11-03 12:17:25 - SyncDeskManager - DEBUG - Ticket 33728: Diferencia encontrada Resuelto -> Cerrada
2025-11-03 12:17:25 - SyncDeskManager - DEBUG - Ticket 33732: Diferencia encontrada Resuelto -> Cerrada
2025-11-03 12:17:25 - SyncDeskManager - DEBUG - Ticket 33741: No encontrado en Clarity
2025-11-03 12:17:25 - SyncDeskManager - DEBUG - Ticket 33743: Diferencia encontrada Resuelto -> Cerrada
2025-11-03 12:17:25 - SyncDeskManager - DEBUG - Ticket 33745: Diferencia encontrada Resuelto -> Cerrada
2025-11-03 12:17:25 - SyncDeskManager - DEBUG - Ticket 33746: Diferencia encontrada Resuelto -> Cerrada
2025-11-03 12:17:25 - SyncDeskManager - DEBUG - Ticket 33747: Diferencia encontrada Resuelto -> Cerrada
2025-11-03 12:17:25 - SyncDeskManager - DEBUG - Ticket 33754: Diferencia encontrada Resuelto -> Cerrada
2025-11-03 12:17:25 - SyncDeskManager - DEBUG - Ticket 33755: Diferencia encontrada Resuelto -> Cerrada
2025-11-03 12:17:25 - SyncDeskManager - DEBUG - Ticket 33756: Diferencia encontrada Resuelto -> Cerrada
2025-11-03 12:17:25 - SyncDeskManager - DEBUG - Ticket 33757: Diferencia encontrada Resuelto -> Cerrada
2025-11-03 12:17:25 - SyncDeskManager - DEBUG - Ticket 33766: No encontrado en Clarity
2025-11-03 12:17:25 - SyncDeskManager - DEBUG - Ticket 33767: No encontrado en Clarity
2025-11-03 12:17:25 - SyncDeskManager - DEBUG - Ticket 33771: Diferencia encontrada Resuelto -> Cerrada
2025-11-03 12:17:25 - SyncDeskManager - DEBUG - Ticket 33772: Diferencia encontrada Resuelto -> Cerrada
2025-11-03 12:17:25 - SyncDeskManager - DEBUG - Ticket 33797: Diferencia encontrada Resuelto -> Cerrada
2025-11-03 12:17:25 - SyncDeskManager - DEBUG - Ticket 33798: Diferencia encontrada Resuelto -> Cerrada
2025-11-03 12:17:25 - SyncDeskManager - DEBUG - Ticket 33804: No encontrado en Clarity
2025-11-03 12:17:25 - SyncDeskManager - DEBUG - Ticket 33811: Diferencia encontrada Esperando al cliente -> Cerrada
2025-11-03 12:17:25 - SyncDeskManager - DEBUG - Ticket 33815: Diferencia encontrada Resuelto -> Cerrada
2025-11-03 12:17:25 - SyncDeskManager - DEBUG - Ticket 33820: No encontrado en Clarity
2025-11-03 12:17:25 - SyncDeskManager - DEBUG - Ticket 33837: No encontrado en Clarity
2025-11-03 12:17:25 - SyncDeskManager - DEBUG - Ticket 33842: Diferencia encontrada Resuelto -> Cerrada
2025-11-03 12:17:25 - SyncDeskManager - DEBUG - Ticket 33856: Diferencia encontrada Resuelto -> Cerrada
2025-11-03 12:17:25 - SyncDeskManager - DEBUG - Ticket 33861: No encontrado en Clarity
2025-11-03 12:17:25 - SyncDeskManager - DEBUG - Ticket 33868: Diferencia encontrada Resuelto -> Cerrada
2025-11-03 12:17:25 - SyncDeskManager - DEBUG - Ticket 33869: Diferencia encontrada Resuelto -> Cerrada
2025-11-03 12:17:26 - SyncDeskManager - DEBUG - Ticket 33887: Diferencia encontrada Resuelto -> Cerrada
2025-11-03 12:17:26 - SyncDeskManager - DEBUG - Ticket 33901: No encontrado en Clarity
2025-11-03 12:17:26 - SyncDeskManager - DEBUG - Ticket 33905: Diferencia encontrada Abierta -> Cerrada
2025-11-03 12:17:26 - SyncDeskManager - DEBUG - Ticket 33911: Diferencia encontrada En progreso -> Esperando al cliente
2025-11-03 12:17:26 - SyncDeskManager - DEBUG - Ticket 33913: No encontrado en Clarity
2025-11-03 12:17:26 - SyncDeskManager - DEBUG - Ticket 33936: Diferencia encontrada Resuelto -> Cerrada
2025-11-03 12:17:26 - SyncDeskManager - DEBUG - Ticket 33944: Diferencia encontrada Resuelto -> Cerrada
2025-11-03 12:17:26 - SyncDeskManager - DEBUG - Ticket 33960: Diferencia encontrada Resuelto -> Cerrada
2025-11-03 12:17:26 - SyncDeskManager - DEBUG - Ticket 33963: Diferencia encontrada Resuelto -> Cerrada
2025-11-03 12:17:26 - SyncDeskManager - DEBUG - Ticket 33964: Diferencia encontrada Resuelto -> Cerrada
2025-11-03 12:17:26 - SyncDeskManager - DEBUG - Ticket 33974: Diferencia encontrada Resuelto -> Cerrada
2025-11-03 12:17:26 - SyncDeskManager - DEBUG - Ticket 33998: No encontrado en Clarity
2025-11-03 12:17:26 - SyncDeskManager - DEBUG - Ticket 34008: No encontrado en Clarity
2025-11-03 12:17:26 - SyncDeskManager - DEBUG - Ticket 34021: No encontrado en Clarity
2025-11-03 12:17:26 - SyncDeskManager - DEBUG - Ticket 34025: No encontrado en Clarity
2025-11-03 12:17:26 - SyncDeskManager - DEBUG - Ticket 34038: Diferencia encontrada Abierta -> Esperando al cliente
2025-11-03 12:17:26 - SyncDeskManager - DEBUG - Ticket 34058: Diferencia encontrada Abierta -> En progreso
2025-11-03 12:17:26 - SyncDeskManager - DEBUG - Ticket 34085: Diferencia encontrada En progreso -> Derivado al Fabricante
2025-11-03 12:17:26 - SyncDeskManager - DEBUG - Ticket 34110: No encontrado en Clarity
2025-11-03 12:17:26 - SyncDeskManager - DEBUG - Ticket 34117: Diferencia encontrada Abierta -> Cerrada
2025-11-03 12:17:26 - SyncDeskManager - DEBUG - Ticket 34119: Diferencia encontrada Abierta -> Esperando al cliente
2025-11-03 12:17:26 - SyncDeskManager - DEBUG - Ticket 34130: No encontrado en Clarity
2025-11-03 12:17:26 - SyncDeskManager - DEBUG - Ticket 34132: No encontrado en Clarity
2025-11-03 12:17:26 - SyncDeskManager - DEBUG - Ticket 34133: No encontrado en Clarity
2025-11-03 12:17:26 - SyncDeskManager - DEBUG - Ticket 34137: No encontrado en Clarity
2025-11-03 12:17:26 - SyncDeskManager - DEBUG - Ticket 34142: No encontrado en Clarity
2025-11-03 12:17:26 - SyncDeskManager - DEBUG - Ticket 34143: No encontrado en Clarity
2025-11-03 12:17:26 - SyncDeskManager - DEBUG - Ticket 34145: No encontrado en Clarity
2025-11-03 12:17:26 - SyncDeskManager - DEBUG - Ticket 34148: No encontrado en Clarity
2025-11-03 12:17:26 - SyncDeskManager - DEBUG - Ticket 34149: No encontrado en Clarity
2025-11-03 12:17:26 - SyncDeskManager - DEBUG - Ticket 34153: No encontrado en Clarity
2025-11-03 12:17:26 - SyncDeskManager - INFO - Comparación completada: 163 diferencias encontradas
2025-11-03 12:17:26 - SyncDeskManager - INFO - Buscando IDs de Clarity para 163 tickets...
2025-11-03 12:17:26 - SyncDeskManager - DEBUG - Buscando ticket 31960 directamente en Clarity...
2025-11-03 12:17:26 - urllib3.connectionpool - DEBUG - Starting new HTTPS connection (1): pmservice.tdilatam.com:8043
2025-11-03 12:17:27 - urllib3.connectionpool - DEBUG - https://pmservice.tdilatam.com:8043 "GET /ppm/rest/v1/tasks?filter=%28code+%3D+%2731960%27%29&limit=1&fields=code%2Cp_tdi_estado_freshdesk%2C_internalId%2C_parentId%2Cname%2Cstatus HTTP/1.1" 200 407
2025-11-03 12:17:27 - SyncDeskManager - INFO - Ticket 31960 encontrado directamente
2025-11-03 12:17:27 - SyncDeskManager - DEBUG - Buscando ticket 31961 directamente en Clarity...
2025-11-03 12:17:27 - urllib3.connectionpool - DEBUG - https://pmservice.tdilatam.com:8043 "GET /ppm/rest/v1/tasks?filter=%28code+%3D+%2731961%27%29&limit=1&fields=code%2Cp_tdi_estado_freshdesk%2C_internalId%2C_parentId%2Cname%2Cstatus HTTP/1.1" 200 407
2025-11-03 12:17:27 - SyncDeskManager - INFO - Ticket 31961 encontrado directamente
2025-11-03 12:17:27 - SyncDeskManager - DEBUG - Buscando ticket 31962 directamente en Clarity...
2025-11-03 12:17:27 - urllib3.connectionpool - DEBUG - https://pmservice.tdilatam.com:8043 "GET /ppm/rest/v1/tasks?filter=%28code+%3D+%2731962%27%29&limit=1&fields=code%2Cp_tdi_estado_freshdesk%2C_internalId%2C_parentId%2Cname%2Cstatus HTTP/1.1" 200 417
2025-11-03 12:17:27 - SyncDeskManager - INFO - Ticket 31962 encontrado directamente
2025-11-03 12:17:27 - SyncDeskManager - DEBUG - Buscando ticket 31963 directamente en Clarity...
2025-11-03 12:17:27 - urllib3.connectionpool - DEBUG - https://pmservice.tdilatam.com:8043 "GET /ppm/rest/v1/tasks?filter=%28code+%3D+%2731963%27%29&limit=1&fields=code%2Cp_tdi_estado_freshdesk%2C_internalId%2C_parentId%2Cname%2Cstatus HTTP/1.1" 200 405
2025-11-03 12:17:27 - SyncDeskManager - INFO - Ticket 31963 encontrado directamente
2025-11-03 12:17:27 - SyncDeskManager - DEBUG - Buscando ticket 31964 directamente en Clarity...
2025-11-03 12:17:27 - urllib3.connectionpool - DEBUG - https://pmservice.tdilatam.com:8043 "GET /ppm/rest/v1/tasks?filter=%28code+%3D+%2731964%27%29&limit=1&fields=code%2Cp_tdi_estado_freshdesk%2C_internalId%2C_parentId%2Cname%2Cstatus HTTP/1.1" 200 393
2025-11-03 12:17:27 - SyncDeskManager - INFO - Ticket 31964 encontrado directamente
2025-11-03 12:17:27 - SyncDeskManager - DEBUG - Buscando ticket 31972 directamente en Clarity...
2025-11-03 12:17:27 - urllib3.connectionpool - DEBUG - https://pmservice.tdilatam.com:8043 "GET /ppm/rest/v1/tasks?filter=%28code+%3D+%2731972%27%29&limit=1&fields=code%2Cp_tdi_estado_freshdesk%2C_internalId%2C_parentId%2Cname%2Cstatus HTTP/1.1" 200 406
2025-11-03 12:17:27 - SyncDeskManager - INFO - Ticket 31972 encontrado directamente
2025-11-03 12:17:27 - SyncDeskManager - DEBUG - Buscando ticket 31973 directamente en Clarity...
2025-11-03 12:17:27 - urllib3.connectionpool - DEBUG - https://pmservice.tdilatam.com:8043 "GET /ppm/rest/v1/tasks?filter=%28code+%3D+%2731973%27%29&limit=1&fields=code%2Cp_tdi_estado_freshdesk%2C_internalId%2C_parentId%2Cname%2Cstatus HTTP/1.1" 200 373
2025-11-03 12:17:27 - SyncDeskManager - INFO - Ticket 31973 encontrado directamente
2025-11-03 12:17:27 - SyncDeskManager - DEBUG - Buscando ticket 31974 directamente en Clarity...
2025-11-03 12:17:28 - urllib3.connectionpool - DEBUG - https://pmservice.tdilatam.com:8043 "GET /ppm/rest/v1/tasks?filter=%28code+%3D+%2731974%27%29&limit=1&fields=code%2Cp_tdi_estado_freshdesk%2C_internalId%2C_parentId%2Cname%2Cstatus HTTP/1.1" 200 398
2025-11-03 12:17:28 - SyncDeskManager - INFO - Ticket 31974 encontrado directamente
2025-11-03 12:17:28 - SyncDeskManager - DEBUG - Buscando ticket 31975 directamente en Clarity...
2025-11-03 12:17:28 - urllib3.connectionpool - DEBUG - https://pmservice.tdilatam.com:8043 "GET /ppm/rest/v1/tasks?filter=%28code+%3D+%2731975%27%29&limit=1&fields=code%2Cp_tdi_estado_freshdesk%2C_internalId%2C_parentId%2Cname%2Cstatus HTTP/1.1" 200 407
2025-11-03 12:17:28 - SyncDeskManager - INFO - Ticket 31975 encontrado directamente
2025-11-03 12:17:28 - SyncDeskManager - DEBUG - Buscando ticket 31977 directamente en Clarity...
2025-11-03 12:17:28 - urllib3.connectionpool - DEBUG - https://pmservice.tdilatam.com:8043 "GET /ppm/rest/v1/tasks?filter=%28code+%3D+%2731977%27%29&limit=1&fields=code%2Cp_tdi_estado_freshdesk%2C_internalId%2C_parentId%2Cname%2Cstatus HTTP/1.1" 200 404
2025-11-03 12:17:28 - SyncDeskManager - INFO - Ticket 31977 encontrado directamente
2025-11-03 12:17:28 - SyncDeskManager - DEBUG - Buscando ticket 31978 directamente en Clarity...
2025-11-03 12:17:28 - urllib3.connectionpool - DEBUG - https://pmservice.tdilatam.com:8043 "GET /ppm/rest/v1/tasks?filter=%28code+%3D+%2731978%27%29&limit=1&fields=code%2Cp_tdi_estado_freshdesk%2C_internalId%2C_parentId%2Cname%2Cstatus HTTP/1.1" 200 387
2025-11-03 12:17:28 - SyncDeskManager - INFO - Ticket 31978 encontrado directamente
2025-11-03 12:17:28 - SyncDeskManager - DEBUG - Buscando ticket 31979 directamente en Clarity...
2025-11-03 12:17:28 - urllib3.connectionpool - DEBUG - https://pmservice.tdilatam.com:8043 "GET /ppm/rest/v1/tasks?filter=%28code+%3D+%2731979%27%29&limit=1&fields=code%2Cp_tdi_estado_freshdesk%2C_internalId%2C_parentId%2Cname%2Cstatus HTTP/1.1" 200 388
2025-11-03 12:17:28 - SyncDeskManager - INFO - Ticket 31979 encontrado directamente
2025-11-03 12:17:28 - SyncDeskManager - DEBUG - Buscando ticket 31983 directamente en Clarity...
2025-11-03 12:17:28 - urllib3.connectionpool - DEBUG - https://pmservice.tdilatam.com:8043 "GET /ppm/rest/v1/tasks?filter=%28code+%3D+%2731983%27%29&limit=1&fields=code%2Cp_tdi_estado_freshdesk%2C_internalId%2C_parentId%2Cname%2Cstatus HTTP/1.1" 200 413
2025-11-03 12:17:28 - SyncDeskManager - INFO - Ticket 31983 encontrado directamente
2025-11-03 12:17:28 - SyncDeskManager - DEBUG - Buscando ticket 31984 directamente en Clarity...
2025-11-03 12:17:28 - urllib3.connectionpool - DEBUG - https://pmservice.tdilatam.com:8043 "GET /ppm/rest/v1/tasks?filter=%28code+%3D+%2731984%27%29&limit=1&fields=code%2Cp_tdi_estado_freshdesk%2C_internalId%2C_parentId%2Cname%2Cstatus HTTP/1.1" 200 401
2025-11-03 12:17:28 - SyncDeskManager - INFO - Ticket 31984 encontrado directamente
2025-11-03 12:17:28 - SyncDeskManager - DEBUG - Buscando ticket 31987 directamente en Clarity...
2025-11-03 12:17:28 - urllib3.connectionpool - DEBUG - https://pmservice.tdilatam.com:8043 "GET /ppm/rest/v1/tasks?filter=%28code+%3D+%2731987%27%29&limit=1&fields=code%2Cp_tdi_estado_freshdesk%2C_internalId%2C_parentId%2Cname%2Cstatus HTTP/1.1" 200 406
2025-11-03 12:17:28 - SyncDeskManager - INFO - Ticket 31987 encontrado directamente
2025-11-03 12:17:28 - SyncDeskManager - DEBUG - Buscando ticket 31990 directamente en Clarity...
2025-11-03 12:17:28 - urllib3.connectionpool - DEBUG - https://pmservice.tdilatam.com:8043 "GET /ppm/rest/v1/tasks?filter=%28code+%3D+%2731990%27%29&limit=1&fields=code%2Cp_tdi_estado_freshdesk%2C_internalId%2C_parentId%2Cname%2Cstatus HTTP/1.1" 200 392
2025-11-03 12:17:28 - SyncDeskManager - INFO - Ticket 31990 encontrado directamente
2025-11-03 12:17:28 - SyncDeskManager - DEBUG - Buscando ticket 31994 directamente en Clarity...
2025-11-03 12:17:28 - urllib3.connectionpool - DEBUG - https://pmservice.tdilatam.com:8043 "GET /ppm/rest/v1/tasks?filter=%28code+%3D+%2731994%27%29&limit=1&fields=code%2Cp_tdi_estado_freshdesk%2C_internalId%2C_parentId%2Cname%2Cstatus HTTP/1.1" 200 407
2025-11-03 12:17:28 - SyncDeskManager - INFO - Ticket 31994 encontrado directamente
2025-11-03 12:17:28 - SyncDeskManager - DEBUG - Buscando ticket 31996 directamente en Clarity...
2025-11-03 12:17:28 - urllib3.connectionpool - DEBUG - https://pmservice.tdilatam.com:8043 "GET /ppm/rest/v1/tasks?filter=%28code+%3D+%2731996%27%29&limit=1&fields=code%2Cp_tdi_estado_freshdesk%2C_internalId%2C_parentId%2Cname%2Cstatus HTTP/1.1" 200 413
2025-11-03 12:17:28 - SyncDeskManager - INFO - Ticket 31996 encontrado directamente
2025-11-03 12:17:28 - SyncDeskManager - DEBUG - Buscando ticket 31997 directamente en Clarity...
2025-11-03 12:17:28 - urllib3.connectionpool - DEBUG - https://pmservice.tdilatam.com:8043 "GET /ppm/rest/v1/tasks?filter=%28code+%3D+%2731997%27%29&limit=1&fields=code%2Cp_tdi_estado_freshdesk%2C_internalId%2C_parentId%2Cname%2Cstatus HTTP/1.1" 200 416
2025-11-03 12:17:28 - SyncDeskManager - INFO - Ticket 31997 encontrado directamente
2025-11-03 12:17:28 - SyncDeskManager - DEBUG - Buscando ticket 31999 directamente en Clarity...
2025-11-03 12:17:28 - urllib3.connectionpool - DEBUG - https://pmservice.tdilatam.com:8043 "GET /ppm/rest/v1/tasks?filter=%28code+%3D+%2731999%27%29&limit=1&fields=code%2Cp_tdi_estado_freshdesk%2C_internalId%2C_parentId%2Cname%2Cstatus HTTP/1.1" 200 376
2025-11-03 12:17:28 - SyncDeskManager - INFO - Ticket 31999 encontrado directamente
2025-11-03 12:17:28 - SyncDeskManager - DEBUG - Buscando ticket 32001 directamente en Clarity...
2025-11-03 12:17:28 - urllib3.connectionpool - DEBUG - https://pmservice.tdilatam.com:8043 "GET /ppm/rest/v1/tasks?filter=%28code+%3D+%2732001%27%29&limit=1&fields=code%2Cp_tdi_estado_freshdesk%2C_internalId%2C_parentId%2Cname%2Cstatus HTTP/1.1" 200 407
2025-11-03 12:17:28 - SyncDeskManager - INFO - Ticket 32001 encontrado directamente
2025-11-03 12:17:28 - SyncDeskManager - DEBUG - Buscando ticket 32003 directamente en Clarity...
2025-11-03 12:17:29 - urllib3.connectionpool - DEBUG - https://pmservice.tdilatam.com:8043 "GET /ppm/rest/v1/tasks?filter=%28code+%3D+%2732003%27%29&limit=1&fields=code%2Cp_tdi_estado_freshdesk%2C_internalId%2C_parentId%2Cname%2Cstatus HTTP/1.1" 200 368
2025-11-03 12:17:29 - SyncDeskManager - INFO - Ticket 32003 encontrado directamente
2025-11-03 12:17:29 - SyncDeskManager - DEBUG - Buscando ticket 32005 directamente en Clarity...
2025-11-03 12:17:29 - urllib3.connectionpool - DEBUG - https://pmservice.tdilatam.com:8043 "GET /ppm/rest/v1/tasks?filter=%28code+%3D+%2732005%27%29&limit=1&fields=code%2Cp_tdi_estado_freshdesk%2C_internalId%2C_parentId%2Cname%2Cstatus HTTP/1.1" 200 406
2025-11-03 12:17:29 - SyncDeskManager - INFO - Ticket 32005 encontrado directamente
2025-11-03 12:17:29 - SyncDeskManager - DEBUG - Buscando ticket 32008 directamente en Clarity...
2025-11-03 12:17:29 - urllib3.connectionpool - DEBUG - https://pmservice.tdilatam.com:8043 "GET /ppm/rest/v1/tasks?filter=%28code+%3D+%2732008%27%29&limit=1&fields=code%2Cp_tdi_estado_freshdesk%2C_internalId%2C_parentId%2Cname%2Cstatus HTTP/1.1" 200 387
2025-11-03 12:17:29 - SyncDeskManager - INFO - Ticket 32008 encontrado directamente
2025-11-03 12:17:29 - SyncDeskManager - DEBUG - Buscando ticket 32009 directamente en Clarity...
2025-11-03 12:17:29 - urllib3.connectionpool - DEBUG - https://pmservice.tdilatam.com:8043 "GET /ppm/rest/v1/tasks?filter=%28code+%3D+%2732009%27%29&limit=1&fields=code%2Cp_tdi_estado_freshdesk%2C_internalId%2C_parentId%2Cname%2Cstatus HTTP/1.1" 200 372
2025-11-03 12:17:29 - SyncDeskManager - INFO - Ticket 32009 encontrado directamente
2025-11-03 12:17:29 - SyncDeskManager - DEBUG - Buscando ticket 32010 directamente en Clarity...
2025-11-03 12:17:29 - urllib3.connectionpool - DEBUG - https://pmservice.tdilatam.com:8043 "GET /ppm/rest/v1/tasks?filter=%28code+%3D+%2732010%27%29&limit=1&fields=code%2Cp_tdi_estado_freshdesk%2C_internalId%2C_parentId%2Cname%2Cstatus HTTP/1.1" 200 372
2025-11-03 12:17:29 - SyncDeskManager - INFO - Ticket 32010 encontrado directamente
2025-11-03 12:17:29 - SyncDeskManager - DEBUG - Buscando ticket 32011 directamente en Clarity...
2025-11-03 12:17:29 - urllib3.connectionpool - DEBUG - https://pmservice.tdilatam.com:8043 "GET /ppm/rest/v1/tasks?filter=%28code+%3D+%2732011%27%29&limit=1&fields=code%2Cp_tdi_estado_freshdesk%2C_internalId%2C_parentId%2Cname%2Cstatus HTTP/1.1" 200 395
2025-11-03 12:17:29 - SyncDeskManager - INFO - Ticket 32011 encontrado directamente
2025-11-03 12:17:29 - SyncDeskManager - DEBUG - Buscando ticket 32012 directamente en Clarity...
2025-11-03 12:17:29 - urllib3.connectionpool - DEBUG - https://pmservice.tdilatam.com:8043 "GET /ppm/rest/v1/tasks?filter=%28code+%3D+%2732012%27%29&limit=1&fields=code%2Cp_tdi_estado_freshdesk%2C_internalId%2C_parentId%2Cname%2Cstatus HTTP/1.1" 200 368
2025-11-03 12:17:29 - SyncDeskManager - INFO - Ticket 32012 encontrado directamente
2025-11-03 12:17:29 - SyncDeskManager - DEBUG - Buscando ticket 32013 directamente en Clarity...
2025-11-03 12:17:29 - urllib3.connectionpool - DEBUG - https://pmservice.tdilatam.com:8043 "GET /ppm/rest/v1/tasks?filter=%28code+%3D+%2732013%27%29&limit=1&fields=code%2Cp_tdi_estado_freshdesk%2C_internalId%2C_parentId%2Cname%2Cstatus HTTP/1.1" 200 394
2025-11-03 12:17:29 - SyncDeskManager - INFO - Ticket 32013 encontrado directamente
2025-11-03 12:17:29 - SyncDeskManager - DEBUG - Buscando ticket 32014 directamente en Clarity...
2025-11-03 12:17:29 - urllib3.connectionpool - DEBUG - https://pmservice.tdilatam.com:8043 "GET /ppm/rest/v1/tasks?filter=%28code+%3D+%2732014%27%29&limit=1&fields=code%2Cp_tdi_estado_freshdesk%2C_internalId%2C_parentId%2Cname%2Cstatus HTTP/1.1" 200 394
2025-11-03 12:17:29 - SyncDeskManager - INFO - Ticket 32014 encontrado directamente
2025-11-03 12:17:29 - SyncDeskManager - DEBUG - Buscando ticket 32015 directamente en Clarity...
2025-11-03 12:17:29 - urllib3.connectionpool - DEBUG - https://pmservice.tdilatam.com:8043 "GET /ppm/rest/v1/tasks?filter=%28code+%3D+%2732015%27%29&limit=1&fields=code%2Cp_tdi_estado_freshdesk%2C_internalId%2C_parentId%2Cname%2Cstatus HTTP/1.1" 200 394
2025-11-03 12:17:29 - SyncDeskManager - INFO - Ticket 32015 encontrado directamente
2025-11-03 12:17:29 - SyncDeskManager - DEBUG - Buscando ticket 32020 directamente en Clarity...
2025-11-03 12:17:29 - urllib3.connectionpool - DEBUG - https://pmservice.tdilatam.com:8043 "GET /ppm/rest/v1/tasks?filter=%28code+%3D+%2732020%27%29&limit=1&fields=code%2Cp_tdi_estado_freshdesk%2C_internalId%2C_parentId%2Cname%2Cstatus HTTP/1.1" 200 407
2025-11-03 12:17:29 - SyncDeskManager - INFO - Ticket 32020 encontrado directamente
2025-11-03 12:17:29 - SyncDeskManager - DEBUG - Buscando ticket 32021 directamente en Clarity...
2025-11-03 12:17:29 - urllib3.connectionpool - DEBUG - https://pmservice.tdilatam.com:8043 "GET /ppm/rest/v1/tasks?filter=%28code+%3D+%2732021%27%29&limit=1&fields=code%2Cp_tdi_estado_freshdesk%2C_internalId%2C_parentId%2Cname%2Cstatus HTTP/1.1" 200 407
2025-11-03 12:17:29 - SyncDeskManager - INFO - Ticket 32021 encontrado directamente
2025-11-03 12:17:29 - SyncDeskManager - DEBUG - Buscando ticket 32022 directamente en Clarity...
2025-11-03 12:17:29 - urllib3.connectionpool - DEBUG - https://pmservice.tdilatam.com:8043 "GET /ppm/rest/v1/tasks?filter=%28code+%3D+%2732022%27%29&limit=1&fields=code%2Cp_tdi_estado_freshdesk%2C_internalId%2C_parentId%2Cname%2Cstatus HTTP/1.1" 200 407
2025-11-03 12:17:29 - SyncDeskManager - INFO - Ticket 32022 encontrado directamente
2025-11-03 12:17:29 - SyncDeskManager - DEBUG - Buscando ticket 32025 directamente en Clarity...
2025-11-03 12:17:30 - urllib3.connectionpool - DEBUG - https://pmservice.tdilatam.com:8043 "GET /ppm/rest/v1/tasks?filter=%28code+%3D+%2732025%27%29&limit=1&fields=code%2Cp_tdi_estado_freshdesk%2C_internalId%2C_parentId%2Cname%2Cstatus HTTP/1.1" 200 406
2025-11-03 12:17:30 - SyncDeskManager - INFO - Ticket 32025 encontrado directamente
2025-11-03 12:17:30 - SyncDeskManager - DEBUG - Buscando ticket 32033 directamente en Clarity...
2025-11-03 12:17:30 - urllib3.connectionpool - DEBUG - https://pmservice.tdilatam.com:8043 "GET /ppm/rest/v1/tasks?filter=%28code+%3D+%2732033%27%29&limit=1&fields=code%2Cp_tdi_estado_freshdesk%2C_internalId%2C_parentId%2Cname%2Cstatus HTTP/1.1" 200 389
2025-11-03 12:17:30 - SyncDeskManager - INFO - Ticket 32033 encontrado directamente
2025-11-03 12:17:30 - SyncDeskManager - DEBUG - Buscando ticket 32035 directamente en Clarity...
2025-11-03 12:17:30 - urllib3.connectionpool - DEBUG - https://pmservice.tdilatam.com:8043 "GET /ppm/rest/v1/tasks?filter=%28code+%3D+%2732035%27%29&limit=1&fields=code%2Cp_tdi_estado_freshdesk%2C_internalId%2C_parentId%2Cname%2Cstatus HTTP/1.1" 200 407
2025-11-03 12:17:30 - SyncDeskManager - INFO - Ticket 32035 encontrado directamente
2025-11-03 12:17:30 - SyncDeskManager - DEBUG - Buscando ticket 32036 directamente en Clarity...
2025-11-03 12:17:30 - urllib3.connectionpool - DEBUG - https://pmservice.tdilatam.com:8043 "GET /ppm/rest/v1/tasks?filter=%28code+%3D+%2732036%27%29&limit=1&fields=code%2Cp_tdi_estado_freshdesk%2C_internalId%2C_parentId%2Cname%2Cstatus HTTP/1.1" 200 415
2025-11-03 12:17:30 - SyncDeskManager - INFO - Ticket 32036 encontrado directamente
2025-11-03 12:17:30 - SyncDeskManager - DEBUG - Buscando ticket 32041 directamente en Clarity...
2025-11-03 12:17:30 - urllib3.connectionpool - DEBUG - https://pmservice.tdilatam.com:8043 "GET /ppm/rest/v1/tasks?filter=%28code+%3D+%2732041%27%29&limit=1&fields=code%2Cp_tdi_estado_freshdesk%2C_internalId%2C_parentId%2Cname%2Cstatus HTTP/1.1" 200 417
2025-11-03 12:17:30 - SyncDeskManager - INFO - Ticket 32041 encontrado directamente
2025-11-03 12:17:30 - SyncDeskManager - DEBUG - Buscando ticket 32042 directamente en Clarity...
2025-11-03 12:17:30 - urllib3.connectionpool - DEBUG - https://pmservice.tdilatam.com:8043 "GET /ppm/rest/v1/tasks?filter=%28code+%3D+%2732042%27%29&limit=1&fields=code%2Cp_tdi_estado_freshdesk%2C_internalId%2C_parentId%2Cname%2Cstatus HTTP/1.1" 200 368
2025-11-03 12:17:30 - SyncDeskManager - INFO - Ticket 32042 encontrado directamente
2025-11-03 12:17:30 - SyncDeskManager - DEBUG - Buscando ticket 32043 directamente en Clarity...
2025-11-03 12:17:30 - urllib3.connectionpool - DEBUG - https://pmservice.tdilatam.com:8043 "GET /ppm/rest/v1/tasks?filter=%28code+%3D+%2732043%27%29&limit=1&fields=code%2Cp_tdi_estado_freshdesk%2C_internalId%2C_parentId%2Cname%2Cstatus HTTP/1.1" 200 387
2025-11-03 12:17:30 - SyncDeskManager - INFO - Ticket 32043 encontrado directamente
2025-11-03 12:17:30 - SyncDeskManager - DEBUG - Buscando ticket 32044 directamente en Clarity...
2025-11-03 12:17:30 - urllib3.connectionpool - DEBUG - https://pmservice.tdilatam.com:8043 "GET /ppm/rest/v1/tasks?filter=%28code+%3D+%2732044%27%29&limit=1&fields=code%2Cp_tdi_estado_freshdesk%2C_internalId%2C_parentId%2Cname%2Cstatus HTTP/1.1" 200 377
2025-11-03 12:17:30 - SyncDeskManager - INFO - Ticket 32044 encontrado directamente
2025-11-03 12:17:30 - SyncDeskManager - DEBUG - Buscando ticket 32067 directamente en Clarity...
2025-11-03 12:17:30 - urllib3.connectionpool - DEBUG - https://pmservice.tdilatam.com:8043 "GET /ppm/rest/v1/tasks?filter=%28code+%3D+%2732067%27%29&limit=1&fields=code%2Cp_tdi_estado_freshdesk%2C_internalId%2C_parentId%2Cname%2Cstatus HTTP/1.1" 200 414
2025-11-03 12:17:30 - SyncDeskManager - INFO - Ticket 32067 encontrado directamente
2025-11-03 12:17:30 - SyncDeskManager - DEBUG - Buscando ticket 32068 directamente en Clarity...
2025-11-03 12:17:30 - urllib3.connectionpool - DEBUG - https://pmservice.tdilatam.com:8043 "GET /ppm/rest/v1/tasks?filter=%28code+%3D+%2732068%27%29&limit=1&fields=code%2Cp_tdi_estado_freshdesk%2C_internalId%2C_parentId%2Cname%2Cstatus HTTP/1.1" 200 410
2025-11-03 12:17:30 - SyncDeskManager - INFO - Ticket 32068 encontrado directamente
2025-11-03 12:17:30 - SyncDeskManager - DEBUG - Buscando ticket 32075 directamente en Clarity...
2025-11-03 12:17:30 - urllib3.connectionpool - DEBUG - https://pmservice.tdilatam.com:8043 "GET /ppm/rest/v1/tasks?filter=%28code+%3D+%2732075%27%29&limit=1&fields=code%2Cp_tdi_estado_freshdesk%2C_internalId%2C_parentId%2Cname%2Cstatus HTTP/1.1" 200 372
2025-11-03 12:17:30 - SyncDeskManager - INFO - Ticket 32075 encontrado directamente
2025-11-03 12:17:30 - SyncDeskManager - DEBUG - Buscando ticket 32088 directamente en Clarity...
2025-11-03 12:17:30 - urllib3.connectionpool - DEBUG - https://pmservice.tdilatam.com:8043 "GET /ppm/rest/v1/tasks?filter=%28code+%3D+%2732088%27%29&limit=1&fields=code%2Cp_tdi_estado_freshdesk%2C_internalId%2C_parentId%2Cname%2Cstatus HTTP/1.1" 200 424
2025-11-03 12:17:30 - SyncDeskManager - INFO - Ticket 32088 encontrado directamente
2025-11-03 12:17:30 - SyncDeskManager - DEBUG - Buscando ticket 32097 directamente en Clarity...
2025-11-03 12:17:30 - urllib3.connectionpool - DEBUG - https://pmservice.tdilatam.com:8043 "GET /ppm/rest/v1/tasks?filter=%28code+%3D+%2732097%27%29&limit=1&fields=code%2Cp_tdi_estado_freshdesk%2C_internalId%2C_parentId%2Cname%2Cstatus HTTP/1.1" 200 403
2025-11-03 12:17:30 - SyncDeskManager - INFO - Ticket 32097 encontrado directamente
2025-11-03 12:17:30 - SyncDeskManager - DEBUG - Buscando ticket 32103 directamente en Clarity...
2025-11-03 12:17:30 - urllib3.connectionpool - DEBUG - https://pmservice.tdilatam.com:8043 "GET /ppm/rest/v1/tasks?filter=%28code+%3D+%2732103%27%29&limit=1&fields=code%2Cp_tdi_estado_freshdesk%2C_internalId%2C_parentId%2Cname%2Cstatus HTTP/1.1" 200 413
2025-11-03 12:17:30 - SyncDeskManager - INFO - Ticket 32103 encontrado directamente
2025-11-03 12:17:30 - SyncDeskManager - DEBUG - Buscando ticket 32110 directamente en Clarity...
2025-11-03 12:17:30 - urllib3.connectionpool - DEBUG - https://pmservice.tdilatam.com:8043 "GET /ppm/rest/v1/tasks?filter=%28code+%3D+%2732110%27%29&limit=1&fields=code%2Cp_tdi_estado_freshdesk%2C_internalId%2C_parentId%2Cname%2Cstatus HTTP/1.1" 200 387
2025-11-03 12:17:30 - SyncDeskManager - INFO - Ticket 32110 encontrado directamente
2025-11-03 12:17:30 - SyncDeskManager - DEBUG - Buscando ticket 32114 directamente en Clarity...
2025-11-03 12:17:30 - urllib3.connectionpool - DEBUG - https://pmservice.tdilatam.com:8043 "GET /ppm/rest/v1/tasks?filter=%28code+%3D+%2732114%27%29&limit=1&fields=code%2Cp_tdi_estado_freshdesk%2C_internalId%2C_parentId%2Cname%2Cstatus HTTP/1.1" 200 389
2025-11-03 12:17:30 - SyncDeskManager - INFO - Ticket 32114 encontrado directamente
2025-11-03 12:17:30 - SyncDeskManager - DEBUG - Buscando ticket 32115 directamente en Clarity...
2025-11-03 12:17:30 - urllib3.connectionpool - DEBUG - https://pmservice.tdilatam.com:8043 "GET /ppm/rest/v1/tasks?filter=%28code+%3D+%2732115%27%29&limit=1&fields=code%2Cp_tdi_estado_freshdesk%2C_internalId%2C_parentId%2Cname%2Cstatus HTTP/1.1" 200 404
2025-11-03 12:17:30 - SyncDeskManager - INFO - Ticket 32115 encontrado directamente
2025-11-03 12:17:30 - SyncDeskManager - DEBUG - Buscando ticket 32117 directamente en Clarity...
2025-11-03 12:17:31 - urllib3.connectionpool - DEBUG - https://pmservice.tdilatam.com:8043 "GET /ppm/rest/v1/tasks?filter=%28code+%3D+%2732117%27%29&limit=1&fields=code%2Cp_tdi_estado_freshdesk%2C_internalId%2C_parentId%2Cname%2Cstatus HTTP/1.1" 200 388
2025-11-03 12:17:31 - SyncDeskManager - INFO - Ticket 32117 encontrado directamente
2025-11-03 12:17:31 - SyncDeskManager - DEBUG - Buscando ticket 32118 directamente en Clarity...
2025-11-03 12:17:31 - urllib3.connectionpool - DEBUG - https://pmservice.tdilatam.com:8043 "GET /ppm/rest/v1/tasks?filter=%28code+%3D+%2732118%27%29&limit=1&fields=code%2Cp_tdi_estado_freshdesk%2C_internalId%2C_parentId%2Cname%2Cstatus HTTP/1.1" 200 408
2025-11-03 12:17:31 - SyncDeskManager - INFO - Ticket 32118 encontrado directamente
2025-11-03 12:17:31 - SyncDeskManager - DEBUG - Buscando ticket 32120 directamente en Clarity...
2025-11-03 12:17:31 - urllib3.connectionpool - DEBUG - https://pmservice.tdilatam.com:8043 "GET /ppm/rest/v1/tasks?filter=%28code+%3D+%2732120%27%29&limit=1&fields=code%2Cp_tdi_estado_freshdesk%2C_internalId%2C_parentId%2Cname%2Cstatus HTTP/1.1" 200 407
2025-11-03 12:17:31 - SyncDeskManager - INFO - Ticket 32120 encontrado directamente
2025-11-03 12:17:31 - SyncDeskManager - DEBUG - Buscando ticket 32121 directamente en Clarity...
2025-11-03 12:17:31 - urllib3.connectionpool - DEBUG - https://pmservice.tdilatam.com:8043 "GET /ppm/rest/v1/tasks?filter=%28code+%3D+%2732121%27%29&limit=1&fields=code%2Cp_tdi_estado_freshdesk%2C_internalId%2C_parentId%2Cname%2Cstatus HTTP/1.1" 200 385
2025-11-03 12:17:31 - SyncDeskManager - INFO - Ticket 32121 encontrado directamente
2025-11-03 12:17:31 - SyncDeskManager - DEBUG - Buscando ticket 32122 directamente en Clarity...
2025-11-03 12:17:31 - urllib3.connectionpool - DEBUG - https://pmservice.tdilatam.com:8043 "GET /ppm/rest/v1/tasks?filter=%28code+%3D+%2732122%27%29&limit=1&fields=code%2Cp_tdi_estado_freshdesk%2C_internalId%2C_parentId%2Cname%2Cstatus HTTP/1.1" 200 424
2025-11-03 12:17:31 - SyncDeskManager - INFO - Ticket 32122 encontrado directamente
2025-11-03 12:17:31 - SyncDeskManager - DEBUG - Buscando ticket 32123 directamente en Clarity...
2025-11-03 12:17:31 - urllib3.connectionpool - DEBUG - https://pmservice.tdilatam.com:8043 "GET /ppm/rest/v1/tasks?filter=%28code+%3D+%2732123%27%29&limit=1&fields=code%2Cp_tdi_estado_freshdesk%2C_internalId%2C_parentId%2Cname%2Cstatus HTTP/1.1" 200 394
2025-11-03 12:17:31 - SyncDeskManager - INFO - Ticket 32123 encontrado directamente
2025-11-03 12:17:31 - SyncDeskManager - DEBUG - Buscando ticket 32125 directamente en Clarity...
2025-11-03 12:17:31 - urllib3.connectionpool - DEBUG - https://pmservice.tdilatam.com:8043 "GET /ppm/rest/v1/tasks?filter=%28code+%3D+%2732125%27%29&limit=1&fields=code%2Cp_tdi_estado_freshdesk%2C_internalId%2C_parentId%2Cname%2Cstatus HTTP/1.1" 200 398
2025-11-03 12:17:31 - SyncDeskManager - INFO - Ticket 32125 encontrado directamente
2025-11-03 12:17:31 - SyncDeskManager - DEBUG - Buscando ticket 32126 directamente en Clarity...
2025-11-03 12:17:31 - urllib3.connectionpool - DEBUG - https://pmservice.tdilatam.com:8043 "GET /ppm/rest/v1/tasks?filter=%28code+%3D+%2732126%27%29&limit=1&fields=code%2Cp_tdi_estado_freshdesk%2C_internalId%2C_parentId%2Cname%2Cstatus HTTP/1.1" 200 389
2025-11-03 12:17:31 - SyncDeskManager - INFO - Ticket 32126 encontrado directamente
2025-11-03 12:17:31 - SyncDeskManager - DEBUG - Buscando ticket 32128 directamente en Clarity...
2025-11-03 12:17:31 - urllib3.connectionpool - DEBUG - https://pmservice.tdilatam.com:8043 "GET /ppm/rest/v1/tasks?filter=%28code+%3D+%2732128%27%29&limit=1&fields=code%2Cp_tdi_estado_freshdesk%2C_internalId%2C_parentId%2Cname%2Cstatus HTTP/1.1" 200 397
2025-11-03 12:17:31 - SyncDeskManager - INFO - Ticket 32128 encontrado directamente
2025-11-03 12:17:31 - SyncDeskManager - DEBUG - Buscando ticket 32129 directamente en Clarity...
2025-11-03 12:17:31 - urllib3.connectionpool - DEBUG - https://pmservice.tdilatam.com:8043 "GET /ppm/rest/v1/tasks?filter=%28code+%3D+%2732129%27%29&limit=1&fields=code%2Cp_tdi_estado_freshdesk%2C_internalId%2C_parentId%2Cname%2Cstatus HTTP/1.1" 200 394
2025-11-03 12:17:31 - SyncDeskManager - INFO - Ticket 32129 encontrado directamente
2025-11-03 12:17:31 - SyncDeskManager - DEBUG - Buscando ticket 32130 directamente en Clarity...
2025-11-03 12:17:31 - urllib3.connectionpool - DEBUG - https://pmservice.tdilatam.com:8043 "GET /ppm/rest/v1/tasks?filter=%28code+%3D+%2732130%27%29&limit=1&fields=code%2Cp_tdi_estado_freshdesk%2C_internalId%2C_parentId%2Cname%2Cstatus HTTP/1.1" 200 396
2025-11-03 12:17:31 - SyncDeskManager - INFO - Ticket 32130 encontrado directamente
2025-11-03 12:17:31 - SyncDeskManager - DEBUG - Buscando ticket 32144 directamente en Clarity...
2025-11-03 12:17:31 - urllib3.connectionpool - DEBUG - https://pmservice.tdilatam.com:8043 "GET /ppm/rest/v1/tasks?filter=%28code+%3D+%2732144%27%29&limit=1&fields=code%2Cp_tdi_estado_freshdesk%2C_internalId%2C_parentId%2Cname%2Cstatus HTTP/1.1" 200 433
2025-11-03 12:17:31 - SyncDeskManager - INFO - Ticket 32144 encontrado directamente
2025-11-03 12:17:31 - SyncDeskManager - DEBUG - Buscando ticket 32155 directamente en Clarity...
2025-11-03 12:17:31 - urllib3.connectionpool - DEBUG - https://pmservice.tdilatam.com:8043 "GET /ppm/rest/v1/tasks?filter=%28code+%3D+%2732155%27%29&limit=1&fields=code%2Cp_tdi_estado_freshdesk%2C_internalId%2C_parentId%2Cname%2Cstatus HTTP/1.1" 200 406
2025-11-03 12:17:31 - SyncDeskManager - INFO - Ticket 32155 encontrado directamente
2025-11-03 12:17:31 - SyncDeskManager - DEBUG - Buscando ticket 32157 directamente en Clarity...
2025-11-03 12:17:31 - urllib3.connectionpool - DEBUG - https://pmservice.tdilatam.com:8043 "GET /ppm/rest/v1/tasks?filter=%28code+%3D+%2732157%27%29&limit=1&fields=code%2Cp_tdi_estado_freshdesk%2C_internalId%2C_parentId%2Cname%2Cstatus HTTP/1.1" 200 387
2025-11-03 12:17:31 - SyncDeskManager - INFO - Ticket 32157 encontrado directamente
2025-11-03 12:17:31 - SyncDeskManager - DEBUG - Buscando ticket 32158 directamente en Clarity...
2025-11-03 12:17:31 - urllib3.connectionpool - DEBUG - https://pmservice.tdilatam.com:8043 "GET /ppm/rest/v1/tasks?filter=%28code+%3D+%2732158%27%29&limit=1&fields=code%2Cp_tdi_estado_freshdesk%2C_internalId%2C_parentId%2Cname%2Cstatus HTTP/1.1" 200 378
2025-11-03 12:17:31 - SyncDeskManager - INFO - Ticket 32158 encontrado directamente
2025-11-03 12:17:31 - SyncDeskManager - DEBUG - Buscando ticket 32159 directamente en Clarity...
2025-11-03 12:17:31 - urllib3.connectionpool - DEBUG - https://pmservice.tdilatam.com:8043 "GET /ppm/rest/v1/tasks?filter=%28code+%3D+%2732159%27%29&limit=1&fields=code%2Cp_tdi_estado_freshdesk%2C_internalId%2C_parentId%2Cname%2Cstatus HTTP/1.1" 200 406
2025-11-03 12:17:31 - SyncDeskManager - INFO - Ticket 32159 encontrado directamente
2025-11-03 12:17:31 - SyncDeskManager - DEBUG - Buscando ticket 32160 directamente en Clarity...
2025-11-03 12:17:31 - urllib3.connectionpool - DEBUG - https://pmservice.tdilatam.com:8043 "GET /ppm/rest/v1/tasks?filter=%28code+%3D+%2732160%27%29&limit=1&fields=code%2Cp_tdi_estado_freshdesk%2C_internalId%2C_parentId%2Cname%2Cstatus HTTP/1.1" 200 411
2025-11-03 12:17:31 - SyncDeskManager - INFO - Ticket 32160 encontrado directamente
2025-11-03 12:17:31 - SyncDeskManager - DEBUG - Buscando ticket 32161 directamente en Clarity...
2025-11-03 12:17:32 - urllib3.connectionpool - DEBUG - https://pmservice.tdilatam.com:8043 "GET /ppm/rest/v1/tasks?filter=%28code+%3D+%2732161%27%29&limit=1&fields=code%2Cp_tdi_estado_freshdesk%2C_internalId%2C_parentId%2Cname%2Cstatus HTTP/1.1" 200 408
2025-11-03 12:17:32 - SyncDeskManager - INFO - Ticket 32161 encontrado directamente
2025-11-03 12:17:32 - SyncDeskManager - DEBUG - Buscando ticket 32162 directamente en Clarity...
2025-11-03 12:17:32 - urllib3.connectionpool - DEBUG - https://pmservice.tdilatam.com:8043 "GET /ppm/rest/v1/tasks?filter=%28code+%3D+%2732162%27%29&limit=1&fields=code%2Cp_tdi_estado_freshdesk%2C_internalId%2C_parentId%2Cname%2Cstatus HTTP/1.1" 200 398
2025-11-03 12:17:32 - SyncDeskManager - INFO - Ticket 32162 encontrado directamente
2025-11-03 12:17:32 - SyncDeskManager - DEBUG - Buscando ticket 32173 directamente en Clarity...
2025-11-03 12:17:32 - urllib3.connectionpool - DEBUG - https://pmservice.tdilatam.com:8043 "GET /ppm/rest/v1/tasks?filter=%28code+%3D+%2732173%27%29&limit=1&fields=code%2Cp_tdi_estado_freshdesk%2C_internalId%2C_parentId%2Cname%2Cstatus HTTP/1.1" 200 409
2025-11-03 12:17:32 - SyncDeskManager - INFO - Ticket 32173 encontrado directamente
2025-11-03 12:17:32 - SyncDeskManager - DEBUG - Buscando ticket 32174 directamente en Clarity...
2025-11-03 12:17:32 - urllib3.connectionpool - DEBUG - https://pmservice.tdilatam.com:8043 "GET /ppm/rest/v1/tasks?filter=%28code+%3D+%2732174%27%29&limit=1&fields=code%2Cp_tdi_estado_freshdesk%2C_internalId%2C_parentId%2Cname%2Cstatus HTTP/1.1" 200 394
2025-11-03 12:17:32 - SyncDeskManager - INFO - Ticket 32174 encontrado directamente
2025-11-03 12:17:32 - SyncDeskManager - DEBUG - Buscando ticket 32177 directamente en Clarity...
2025-11-03 12:17:32 - urllib3.connectionpool - DEBUG - https://pmservice.tdilatam.com:8043 "GET /ppm/rest/v1/tasks?filter=%28code+%3D+%2732177%27%29&limit=1&fields=code%2Cp_tdi_estado_freshdesk%2C_internalId%2C_parentId%2Cname%2Cstatus HTTP/1.1" 200 395
2025-11-03 12:17:32 - SyncDeskManager - INFO - Ticket 32177 encontrado directamente
2025-11-03 12:17:32 - SyncDeskManager - DEBUG - Buscando ticket 32179 directamente en Clarity...
2025-11-03 12:17:32 - urllib3.connectionpool - DEBUG - https://pmservice.tdilatam.com:8043 "GET /ppm/rest/v1/tasks?filter=%28code+%3D+%2732179%27%29&limit=1&fields=code%2Cp_tdi_estado_freshdesk%2C_internalId%2C_parentId%2Cname%2Cstatus HTTP/1.1" 200 403
2025-11-03 12:17:32 - SyncDeskManager - INFO - Ticket 32179 encontrado directamente
2025-11-03 12:17:32 - SyncDeskManager - DEBUG - Buscando ticket 32183 directamente en Clarity...
2025-11-03 12:17:32 - urllib3.connectionpool - DEBUG - https://pmservice.tdilatam.com:8043 "GET /ppm/rest/v1/tasks?filter=%28code+%3D+%2732183%27%29&limit=1&fields=code%2Cp_tdi_estado_freshdesk%2C_internalId%2C_parentId%2Cname%2Cstatus HTTP/1.1" 200 407
2025-11-03 12:17:32 - SyncDeskManager - INFO - Ticket 32183 encontrado directamente
2025-11-03 12:17:32 - SyncDeskManager - DEBUG - Buscando ticket 32184 directamente en Clarity...
2025-11-03 12:17:32 - urllib3.connectionpool - DEBUG - https://pmservice.tdilatam.com:8043 "GET /ppm/rest/v1/tasks?filter=%28code+%3D+%2732184%27%29&limit=1&fields=code%2Cp_tdi_estado_freshdesk%2C_internalId%2C_parentId%2Cname%2Cstatus HTTP/1.1" 200 392
2025-11-03 12:17:32 - SyncDeskManager - INFO - Ticket 32184 encontrado directamente
2025-11-03 12:17:32 - SyncDeskManager - DEBUG - Buscando ticket 32188 directamente en Clarity...
2025-11-03 12:17:32 - urllib3.connectionpool - DEBUG - https://pmservice.tdilatam.com:8043 "GET /ppm/rest/v1/tasks?filter=%28code+%3D+%2732188%27%29&limit=1&fields=code%2Cp_tdi_estado_freshdesk%2C_internalId%2C_parentId%2Cname%2Cstatus HTTP/1.1" 200 400
2025-11-03 12:17:32 - SyncDeskManager - INFO - Ticket 32188 encontrado directamente
2025-11-03 12:17:32 - SyncDeskManager - DEBUG - Buscando ticket 32192 directamente en Clarity...
2025-11-03 12:17:32 - urllib3.connectionpool - DEBUG - https://pmservice.tdilatam.com:8043 "GET /ppm/rest/v1/tasks?filter=%28code+%3D+%2732192%27%29&limit=1&fields=code%2Cp_tdi_estado_freshdesk%2C_internalId%2C_parentId%2Cname%2Cstatus HTTP/1.1" 200 425
2025-11-03 12:17:32 - SyncDeskManager - INFO - Ticket 32192 encontrado directamente
2025-11-03 12:17:32 - SyncDeskManager - DEBUG - Buscando ticket 32193 directamente en Clarity...
2025-11-03 12:17:32 - urllib3.connectionpool - DEBUG - https://pmservice.tdilatam.com:8043 "GET /ppm/rest/v1/tasks?filter=%28code+%3D+%2732193%27%29&limit=1&fields=code%2Cp_tdi_estado_freshdesk%2C_internalId%2C_parentId%2Cname%2Cstatus HTTP/1.1" 200 395
2025-11-03 12:17:32 - SyncDeskManager - INFO - Ticket 32193 encontrado directamente
2025-11-03 12:17:32 - SyncDeskManager - DEBUG - Buscando ticket 32204 directamente en Clarity...
2025-11-03 12:17:32 - urllib3.connectionpool - DEBUG - https://pmservice.tdilatam.com:8043 "GET /ppm/rest/v1/tasks?filter=%28code+%3D+%2732204%27%29&limit=1&fields=code%2Cp_tdi_estado_freshdesk%2C_internalId%2C_parentId%2Cname%2Cstatus HTTP/1.1" 200 422
2025-11-03 12:17:32 - SyncDeskManager - INFO - Ticket 32204 encontrado directamente
2025-11-03 12:17:32 - SyncDeskManager - DEBUG - Buscando ticket 32213 directamente en Clarity...
2025-11-03 12:17:32 - urllib3.connectionpool - DEBUG - https://pmservice.tdilatam.com:8043 "GET /ppm/rest/v1/tasks?filter=%28code+%3D+%2732213%27%29&limit=1&fields=code%2Cp_tdi_estado_freshdesk%2C_internalId%2C_parentId%2Cname%2Cstatus HTTP/1.1" 200 394
2025-11-03 12:17:32 - SyncDeskManager - INFO - Ticket 32213 encontrado directamente
2025-11-03 12:17:32 - SyncDeskManager - DEBUG - Buscando ticket 32214 directamente en Clarity...
2025-11-03 12:17:32 - urllib3.connectionpool - DEBUG - https://pmservice.tdilatam.com:8043 "GET /ppm/rest/v1/tasks?filter=%28code+%3D+%2732214%27%29&limit=1&fields=code%2Cp_tdi_estado_freshdesk%2C_internalId%2C_parentId%2Cname%2Cstatus HTTP/1.1" 200 451
2025-11-03 12:17:32 - SyncDeskManager - INFO - Ticket 32214 encontrado directamente
2025-11-03 12:17:32 - SyncDeskManager - DEBUG - Buscando ticket 32215 directamente en Clarity...
2025-11-03 12:17:32 - urllib3.connectionpool - DEBUG - https://pmservice.tdilatam.com:8043 "GET /ppm/rest/v1/tasks?filter=%28code+%3D+%2732215%27%29&limit=1&fields=code%2Cp_tdi_estado_freshdesk%2C_internalId%2C_parentId%2Cname%2Cstatus HTTP/1.1" 200 444
2025-11-03 12:17:32 - SyncDeskManager - INFO - Ticket 32215 encontrado directamente
2025-11-03 12:17:32 - SyncDeskManager - DEBUG - Buscando ticket 32216 directamente en Clarity...
2025-11-03 12:17:32 - urllib3.connectionpool - DEBUG - https://pmservice.tdilatam.com:8043 "GET /ppm/rest/v1/tasks?filter=%28code+%3D+%2732216%27%29&limit=1&fields=code%2Cp_tdi_estado_freshdesk%2C_internalId%2C_parentId%2Cname%2Cstatus HTTP/1.1" 200 435
2025-11-03 12:17:32 - SyncDeskManager - INFO - Ticket 32216 encontrado directamente
2025-11-03 12:17:32 - SyncDeskManager - DEBUG - Buscando ticket 32217 directamente en Clarity...
2025-11-03 12:17:32 - urllib3.connectionpool - DEBUG - https://pmservice.tdilatam.com:8043 "GET /ppm/rest/v1/tasks?filter=%28code+%3D+%2732217%27%29&limit=1&fields=code%2Cp_tdi_estado_freshdesk%2C_internalId%2C_parentId%2Cname%2Cstatus HTTP/1.1" 200 440
2025-11-03 12:17:32 - SyncDeskManager - INFO - Ticket 32217 encontrado directamente
2025-11-03 12:17:32 - SyncDeskManager - DEBUG - Buscando ticket 32220 directamente en Clarity...
2025-11-03 12:17:32 - urllib3.connectionpool - DEBUG - https://pmservice.tdilatam.com:8043 "GET /ppm/rest/v1/tasks?filter=%28code+%3D+%2732220%27%29&limit=1&fields=code%2Cp_tdi_estado_freshdesk%2C_internalId%2C_parentId%2Cname%2Cstatus HTTP/1.1" 200 385
2025-11-03 12:17:32 - SyncDeskManager - INFO - Ticket 32220 encontrado directamente
2025-11-03 12:17:32 - SyncDeskManager - DEBUG - Buscando ticket 32221 directamente en Clarity...
2025-11-03 12:17:33 - urllib3.connectionpool - DEBUG - https://pmservice.tdilatam.com:8043 "GET /ppm/rest/v1/tasks?filter=%28code+%3D+%2732221%27%29&limit=1&fields=code%2Cp_tdi_estado_freshdesk%2C_internalId%2C_parentId%2Cname%2Cstatus HTTP/1.1" 200 424
2025-11-03 12:17:33 - SyncDeskManager - INFO - Ticket 32221 encontrado directamente
2025-11-03 12:17:33 - SyncDeskManager - DEBUG - Buscando ticket 32223 directamente en Clarity...
2025-11-03 12:17:33 - urllib3.connectionpool - DEBUG - https://pmservice.tdilatam.com:8043 "GET /ppm/rest/v1/tasks?filter=%28code+%3D+%2732223%27%29&limit=1&fields=code%2Cp_tdi_estado_freshdesk%2C_internalId%2C_parentId%2Cname%2Cstatus HTTP/1.1" 200 441
2025-11-03 12:17:33 - SyncDeskManager - INFO - Ticket 32223 encontrado directamente
2025-11-03 12:17:33 - SyncDeskManager - DEBUG - Buscando ticket 32224 directamente en Clarity...
2025-11-03 12:17:33 - urllib3.connectionpool - DEBUG - https://pmservice.tdilatam.com:8043 "GET /ppm/rest/v1/tasks?filter=%28code+%3D+%2732224%27%29&limit=1&fields=code%2Cp_tdi_estado_freshdesk%2C_internalId%2C_parentId%2Cname%2Cstatus HTTP/1.1" 200 434
2025-11-03 12:17:33 - SyncDeskManager - INFO - Ticket 32224 encontrado directamente
2025-11-03 12:17:33 - SyncDeskManager - DEBUG - Buscando ticket 32225 directamente en Clarity...
2025-11-03 12:17:33 - urllib3.connectionpool - DEBUG - https://pmservice.tdilatam.com:8043 "GET /ppm/rest/v1/tasks?filter=%28code+%3D+%2732225%27%29&limit=1&fields=code%2Cp_tdi_estado_freshdesk%2C_internalId%2C_parentId%2Cname%2Cstatus HTTP/1.1" 200 433
2025-11-03 12:17:33 - SyncDeskManager - INFO - Ticket 32225 encontrado directamente
2025-11-03 12:17:33 - SyncDeskManager - DEBUG - Buscando ticket 32226 directamente en Clarity...
2025-11-03 12:17:33 - urllib3.connectionpool - DEBUG - https://pmservice.tdilatam.com:8043 "GET /ppm/rest/v1/tasks?filter=%28code+%3D+%2732226%27%29&limit=1&fields=code%2Cp_tdi_estado_freshdesk%2C_internalId%2C_parentId%2Cname%2Cstatus HTTP/1.1" 200 462
2025-11-03 12:17:33 - SyncDeskManager - INFO - Ticket 32226 encontrado directamente
2025-11-03 12:17:33 - SyncDeskManager - DEBUG - Buscando ticket 32227 directamente en Clarity...
2025-11-03 12:17:33 - urllib3.connectionpool - DEBUG - https://pmservice.tdilatam.com:8043 "GET /ppm/rest/v1/tasks?filter=%28code+%3D+%2732227%27%29&limit=1&fields=code%2Cp_tdi_estado_freshdesk%2C_internalId%2C_parentId%2Cname%2Cstatus HTTP/1.1" 200 418
2025-11-03 12:17:33 - SyncDeskManager - INFO - Ticket 32227 encontrado directamente
2025-11-03 12:17:33 - SyncDeskManager - DEBUG - Buscando ticket 32230 directamente en Clarity...
2025-11-03 12:17:33 - urllib3.connectionpool - DEBUG - https://pmservice.tdilatam.com:8043 "GET /ppm/rest/v1/tasks?filter=%28code+%3D+%2732230%27%29&limit=1&fields=code%2Cp_tdi_estado_freshdesk%2C_internalId%2C_parentId%2Cname%2Cstatus HTTP/1.1" 200 419
2025-11-03 12:17:33 - SyncDeskManager - INFO - Ticket 32230 encontrado directamente
2025-11-03 12:17:33 - SyncDeskManager - DEBUG - Buscando ticket 32233 directamente en Clarity...
2025-11-03 12:17:33 - urllib3.connectionpool - DEBUG - https://pmservice.tdilatam.com:8043 "GET /ppm/rest/v1/tasks?filter=%28code+%3D+%2732233%27%29&limit=1&fields=code%2Cp_tdi_estado_freshdesk%2C_internalId%2C_parentId%2Cname%2Cstatus HTTP/1.1" 200 411
2025-11-03 12:17:33 - SyncDeskManager - INFO - Ticket 32233 encontrado directamente
2025-11-03 12:17:33 - SyncDeskManager - DEBUG - Buscando ticket 32238 directamente en Clarity...
2025-11-03 12:17:33 - urllib3.connectionpool - DEBUG - https://pmservice.tdilatam.com:8043 "GET /ppm/rest/v1/tasks?filter=%28code+%3D+%2732238%27%29&limit=1&fields=code%2Cp_tdi_estado_freshdesk%2C_internalId%2C_parentId%2Cname%2Cstatus HTTP/1.1" 200 380
2025-11-03 12:17:33 - SyncDeskManager - INFO - Ticket 32238 encontrado directamente
2025-11-03 12:17:33 - SyncDeskManager - DEBUG - Buscando ticket 32239 directamente en Clarity...
2025-11-03 12:17:33 - urllib3.connectionpool - DEBUG - https://pmservice.tdilatam.com:8043 "GET /ppm/rest/v1/tasks?filter=%28code+%3D+%2732239%27%29&limit=1&fields=code%2Cp_tdi_estado_freshdesk%2C_internalId%2C_parentId%2Cname%2Cstatus HTTP/1.1" 200 394
2025-11-03 12:17:33 - SyncDeskManager - INFO - Ticket 32239 encontrado directamente
2025-11-03 12:17:33 - SyncDeskManager - DEBUG - Buscando ticket 32240 directamente en Clarity...
2025-11-03 12:17:33 - urllib3.connectionpool - DEBUG - https://pmservice.tdilatam.com:8043 "GET /ppm/rest/v1/tasks?filter=%28code+%3D+%2732240%27%29&limit=1&fields=code%2Cp_tdi_estado_freshdesk%2C_internalId%2C_parentId%2Cname%2Cstatus HTTP/1.1" 200 395
2025-11-03 12:17:33 - SyncDeskManager - INFO - Ticket 32240 encontrado directamente
2025-11-03 12:17:33 - SyncDeskManager - DEBUG - Buscando ticket 32241 directamente en Clarity...
2025-11-03 12:17:33 - urllib3.connectionpool - DEBUG - https://pmservice.tdilatam.com:8043 "GET /ppm/rest/v1/tasks?filter=%28code+%3D+%2732241%27%29&limit=1&fields=code%2Cp_tdi_estado_freshdesk%2C_internalId%2C_parentId%2Cname%2Cstatus HTTP/1.1" 200 394
2025-11-03 12:17:33 - SyncDeskManager - INFO - Ticket 32241 encontrado directamente
2025-11-03 12:17:33 - SyncDeskManager - DEBUG - Buscando ticket 32242 directamente en Clarity...
2025-11-03 12:17:33 - urllib3.connectionpool - DEBUG - https://pmservice.tdilatam.com:8043 "GET /ppm/rest/v1/tasks?filter=%28code+%3D+%2732242%27%29&limit=1&fields=code%2Cp_tdi_estado_freshdesk%2C_internalId%2C_parentId%2Cname%2Cstatus HTTP/1.1" 200 368
2025-11-03 12:17:33 - SyncDeskManager - INFO - Ticket 32242 encontrado directamente
2025-11-03 12:17:33 - SyncDeskManager - DEBUG - Buscando ticket 32243 directamente en Clarity...
2025-11-03 12:17:33 - urllib3.connectionpool - DEBUG - https://pmservice.tdilatam.com:8043 "GET /ppm/rest/v1/tasks?filter=%28code+%3D+%2732243%27%29&limit=1&fields=code%2Cp_tdi_estado_freshdesk%2C_internalId%2C_parentId%2Cname%2Cstatus HTTP/1.1" 200 422
2025-11-03 12:17:33 - SyncDeskManager - INFO - Ticket 32243 encontrado directamente
2025-11-03 12:17:33 - SyncDeskManager - DEBUG - Buscando ticket 32244 directamente en Clarity...
2025-11-03 12:17:33 - urllib3.connectionpool - DEBUG - Resetting dropped connection: pmservice.tdilatam.com
2025-11-03 12:17:34 - urllib3.connectionpool - DEBUG - https://pmservice.tdilatam.com:8043 "GET /ppm/rest/v1/tasks?filter=%28code+%3D+%2732244%27%29&limit=1&fields=code%2Cp_tdi_estado_freshdesk%2C_internalId%2C_parentId%2Cname%2Cstatus HTTP/1.1" 200 377
2025-11-03 12:17:34 - SyncDeskManager - INFO - Ticket 32244 encontrado directamente
2025-11-03 12:17:34 - SyncDeskManager - DEBUG - Buscando ticket 32245 directamente en Clarity...
2025-11-03 12:17:34 - urllib3.connectionpool - DEBUG - https://pmservice.tdilatam.com:8043 "GET /ppm/rest/v1/tasks?filter=%28code+%3D+%2732245%27%29&limit=1&fields=code%2Cp_tdi_estado_freshdesk%2C_internalId%2C_parentId%2Cname%2Cstatus HTTP/1.1" 200 406
2025-11-03 12:17:34 - SyncDeskManager - INFO - Ticket 32245 encontrado directamente
2025-11-03 12:17:34 - SyncDeskManager - DEBUG - Buscando ticket 32246 directamente en Clarity...
2025-11-03 12:17:34 - urllib3.connectionpool - DEBUG - https://pmservice.tdilatam.com:8043 "GET /ppm/rest/v1/tasks?filter=%28code+%3D+%2732246%27%29&limit=1&fields=code%2Cp_tdi_estado_freshdesk%2C_internalId%2C_parentId%2Cname%2Cstatus HTTP/1.1" 200 403
2025-11-03 12:17:34 - SyncDeskManager - INFO - Ticket 32246 encontrado directamente
2025-11-03 12:17:34 - SyncDeskManager - DEBUG - Buscando ticket 32248 directamente en Clarity...
2025-11-03 12:17:34 - urllib3.connectionpool - DEBUG - https://pmservice.tdilatam.com:8043 "GET /ppm/rest/v1/tasks?filter=%28code+%3D+%2732248%27%29&limit=1&fields=code%2Cp_tdi_estado_freshdesk%2C_internalId%2C_parentId%2Cname%2Cstatus HTTP/1.1" 200 388
2025-11-03 12:17:34 - SyncDeskManager - INFO - Ticket 32248 encontrado directamente
2025-11-03 12:17:34 - SyncDeskManager - DEBUG - Buscando ticket 32251 directamente en Clarity...
2025-11-03 12:17:34 - urllib3.connectionpool - DEBUG - https://pmservice.tdilatam.com:8043 "GET /ppm/rest/v1/tasks?filter=%28code+%3D+%2732251%27%29&limit=1&fields=code%2Cp_tdi_estado_freshdesk%2C_internalId%2C_parentId%2Cname%2Cstatus HTTP/1.1" 200 406
2025-11-03 12:17:34 - SyncDeskManager - INFO - Ticket 32251 encontrado directamente
2025-11-03 12:17:34 - SyncDeskManager - DEBUG - Buscando ticket 32252 directamente en Clarity...
2025-11-03 12:17:34 - urllib3.connectionpool - DEBUG - https://pmservice.tdilatam.com:8043 "GET /ppm/rest/v1/tasks?filter=%28code+%3D+%2732252%27%29&limit=1&fields=code%2Cp_tdi_estado_freshdesk%2C_internalId%2C_parentId%2Cname%2Cstatus HTTP/1.1" 200 379
2025-11-03 12:17:34 - SyncDeskManager - INFO - Ticket 32252 encontrado directamente
2025-11-03 12:17:34 - SyncDeskManager - DEBUG - Buscando ticket 32254 directamente en Clarity...
2025-11-03 12:17:34 - urllib3.connectionpool - DEBUG - https://pmservice.tdilatam.com:8043 "GET /ppm/rest/v1/tasks?filter=%28code+%3D+%2732254%27%29&limit=1&fields=code%2Cp_tdi_estado_freshdesk%2C_internalId%2C_parentId%2Cname%2Cstatus HTTP/1.1" 200 419
2025-11-03 12:17:34 - SyncDeskManager - INFO - Ticket 32254 encontrado directamente
2025-11-03 12:17:34 - SyncDeskManager - DEBUG - Buscando ticket 32255 directamente en Clarity...
2025-11-03 12:17:34 - urllib3.connectionpool - DEBUG - https://pmservice.tdilatam.com:8043 "GET /ppm/rest/v1/tasks?filter=%28code+%3D+%2732255%27%29&limit=1&fields=code%2Cp_tdi_estado_freshdesk%2C_internalId%2C_parentId%2Cname%2Cstatus HTTP/1.1" 200 434
2025-11-03 12:17:34 - SyncDeskManager - INFO - Ticket 32255 encontrado directamente
2025-11-03 12:17:34 - SyncDeskManager - DEBUG - Buscando ticket 32782 directamente en Clarity...
2025-11-03 12:17:34 - urllib3.connectionpool - DEBUG - https://pmservice.tdilatam.com:8043 "GET /ppm/rest/v1/tasks?filter=%28code+%3D+%2732782%27%29&limit=1&fields=code%2Cp_tdi_estado_freshdesk%2C_internalId%2C_parentId%2Cname%2Cstatus HTTP/1.1" 200 392
2025-11-03 12:17:34 - SyncDeskManager - INFO - Ticket 32782 encontrado directamente
2025-11-03 12:17:34 - SyncDeskManager - DEBUG - Buscando ticket 32914 directamente en Clarity...
2025-11-03 12:17:34 - urllib3.connectionpool - DEBUG - https://pmservice.tdilatam.com:8043 "GET /ppm/rest/v1/tasks?filter=%28code+%3D+%2732914%27%29&limit=1&fields=code%2Cp_tdi_estado_freshdesk%2C_internalId%2C_parentId%2Cname%2Cstatus HTTP/1.1" 200 419
2025-11-03 12:17:34 - SyncDeskManager - INFO - Ticket 32914 encontrado directamente
2025-11-03 12:17:34 - SyncDeskManager - DEBUG - Buscando ticket 33082 directamente en Clarity...
2025-11-03 12:17:34 - urllib3.connectionpool - DEBUG - https://pmservice.tdilatam.com:8043 "GET /ppm/rest/v1/tasks?filter=%28code+%3D+%2733082%27%29&limit=1&fields=code%2Cp_tdi_estado_freshdesk%2C_internalId%2C_parentId%2Cname%2Cstatus HTTP/1.1" 200 397
2025-11-03 12:17:34 - SyncDeskManager - INFO - Ticket 33082 encontrado directamente
2025-11-03 12:17:34 - SyncDeskManager - DEBUG - Buscando ticket 33572 directamente en Clarity...
2025-11-03 12:17:34 - urllib3.connectionpool - DEBUG - https://pmservice.tdilatam.com:8043 "GET /ppm/rest/v1/tasks?filter=%28code+%3D+%2733572%27%29&limit=1&fields=code%2Cp_tdi_estado_freshdesk%2C_internalId%2C_parentId%2Cname%2Cstatus HTTP/1.1" 200 395
2025-11-03 12:17:34 - SyncDeskManager - INFO - Ticket 33572 encontrado directamente
2025-11-03 12:17:34 - SyncDeskManager - DEBUG - Buscando ticket 33581 directamente en Clarity...
2025-11-03 12:17:34 - urllib3.connectionpool - DEBUG - https://pmservice.tdilatam.com:8043 "GET /ppm/rest/v1/tasks?filter=%28code+%3D+%2733581%27%29&limit=1&fields=code%2Cp_tdi_estado_freshdesk%2C_internalId%2C_parentId%2Cname%2Cstatus HTTP/1.1" 200 397
2025-11-03 12:17:34 - SyncDeskManager - INFO - Ticket 33581 encontrado directamente
2025-11-03 12:17:34 - SyncDeskManager - DEBUG - Buscando ticket 33583 directamente en Clarity...
2025-11-03 12:17:35 - urllib3.connectionpool - DEBUG - https://pmservice.tdilatam.com:8043 "GET /ppm/rest/v1/tasks?filter=%28code+%3D+%2733583%27%29&limit=1&fields=code%2Cp_tdi_estado_freshdesk%2C_internalId%2C_parentId%2Cname%2Cstatus HTTP/1.1" 200 393
2025-11-03 12:17:35 - SyncDeskManager - INFO - Ticket 33583 encontrado directamente
2025-11-03 12:17:35 - SyncDeskManager - DEBUG - Buscando ticket 33607 directamente en Clarity...
2025-11-03 12:17:35 - urllib3.connectionpool - DEBUG - https://pmservice.tdilatam.com:8043 "GET /ppm/rest/v1/tasks?filter=%28code+%3D+%2733607%27%29&limit=1&fields=code%2Cp_tdi_estado_freshdesk%2C_internalId%2C_parentId%2Cname%2Cstatus HTTP/1.1" 200 406
2025-11-03 12:17:35 - SyncDeskManager - INFO - Ticket 33607 encontrado directamente
2025-11-03 12:17:35 - SyncDeskManager - DEBUG - Buscando ticket 33608 directamente en Clarity...
2025-11-03 12:17:35 - urllib3.connectionpool - DEBUG - https://pmservice.tdilatam.com:8043 "GET /ppm/rest/v1/tasks?filter=%28code+%3D+%2733608%27%29&limit=1&fields=code%2Cp_tdi_estado_freshdesk%2C_internalId%2C_parentId%2Cname%2Cstatus HTTP/1.1" 200 406
2025-11-03 12:17:35 - SyncDeskManager - INFO - Ticket 33608 encontrado directamente
2025-11-03 12:17:35 - SyncDeskManager - DEBUG - Buscando ticket 33612 directamente en Clarity...
2025-11-03 12:17:35 - urllib3.connectionpool - DEBUG - https://pmservice.tdilatam.com:8043 "GET /ppm/rest/v1/tasks?filter=%28code+%3D+%2733612%27%29&limit=1&fields=code%2Cp_tdi_estado_freshdesk%2C_internalId%2C_parentId%2Cname%2Cstatus HTTP/1.1" 200 405
2025-11-03 12:17:35 - SyncDeskManager - INFO - Ticket 33612 encontrado directamente
2025-11-03 12:17:35 - SyncDeskManager - DEBUG - Buscando ticket 33613 directamente en Clarity...
2025-11-03 12:17:35 - urllib3.connectionpool - DEBUG - https://pmservice.tdilatam.com:8043 "GET /ppm/rest/v1/tasks?filter=%28code+%3D+%2733613%27%29&limit=1&fields=code%2Cp_tdi_estado_freshdesk%2C_internalId%2C_parentId%2Cname%2Cstatus HTTP/1.1" 200 405
2025-11-03 12:17:35 - SyncDeskManager - INFO - Ticket 33613 encontrado directamente
2025-11-03 12:17:35 - SyncDeskManager - DEBUG - Buscando ticket 33614 directamente en Clarity...
2025-11-03 12:17:35 - urllib3.connectionpool - DEBUG - https://pmservice.tdilatam.com:8043 "GET /ppm/rest/v1/tasks?filter=%28code+%3D+%2733614%27%29&limit=1&fields=code%2Cp_tdi_estado_freshdesk%2C_internalId%2C_parentId%2Cname%2Cstatus HTTP/1.1" 200 405
2025-11-03 12:17:35 - SyncDeskManager - INFO - Ticket 33614 encontrado directamente
2025-11-03 12:17:35 - SyncDeskManager - DEBUG - Buscando ticket 33615 directamente en Clarity...
2025-11-03 12:17:35 - urllib3.connectionpool - DEBUG - https://pmservice.tdilatam.com:8043 "GET /ppm/rest/v1/tasks?filter=%28code+%3D+%2733615%27%29&limit=1&fields=code%2Cp_tdi_estado_freshdesk%2C_internalId%2C_parentId%2Cname%2Cstatus HTTP/1.1" 200 404
2025-11-03 12:17:35 - SyncDeskManager - INFO - Ticket 33615 encontrado directamente
2025-11-03 12:17:35 - SyncDeskManager - DEBUG - Buscando ticket 33658 directamente en Clarity...
2025-11-03 12:17:35 - urllib3.connectionpool - DEBUG - https://pmservice.tdilatam.com:8043 "GET /ppm/rest/v1/tasks?filter=%28code+%3D+%2733658%27%29&limit=1&fields=code%2Cp_tdi_estado_freshdesk%2C_internalId%2C_parentId%2Cname%2Cstatus HTTP/1.1" 200 416
2025-11-03 12:17:35 - SyncDeskManager - INFO - Ticket 33658 encontrado directamente
2025-11-03 12:17:35 - SyncDeskManager - DEBUG - Buscando ticket 33671 directamente en Clarity...
2025-11-03 12:17:35 - urllib3.connectionpool - DEBUG - https://pmservice.tdilatam.com:8043 "GET /ppm/rest/v1/tasks?filter=%28code+%3D+%2733671%27%29&limit=1&fields=code%2Cp_tdi_estado_freshdesk%2C_internalId%2C_parentId%2Cname%2Cstatus HTTP/1.1" 200 405
2025-11-03 12:17:35 - SyncDeskManager - INFO - Ticket 33671 encontrado directamente
2025-11-03 12:17:35 - SyncDeskManager - DEBUG - Buscando ticket 33672 directamente en Clarity...
2025-11-03 12:17:35 - urllib3.connectionpool - DEBUG - https://pmservice.tdilatam.com:8043 "GET /ppm/rest/v1/tasks?filter=%28code+%3D+%2733672%27%29&limit=1&fields=code%2Cp_tdi_estado_freshdesk%2C_internalId%2C_parentId%2Cname%2Cstatus HTTP/1.1" 200 406
2025-11-03 12:17:35 - SyncDeskManager - INFO - Ticket 33672 encontrado directamente
2025-11-03 12:17:35 - SyncDeskManager - DEBUG - Buscando ticket 33676 directamente en Clarity...
2025-11-03 12:17:35 - urllib3.connectionpool - DEBUG - https://pmservice.tdilatam.com:8043 "GET /ppm/rest/v1/tasks?filter=%28code+%3D+%2733676%27%29&limit=1&fields=code%2Cp_tdi_estado_freshdesk%2C_internalId%2C_parentId%2Cname%2Cstatus HTTP/1.1" 200 405
2025-11-03 12:17:35 - SyncDeskManager - INFO - Ticket 33676 encontrado directamente
2025-11-03 12:17:35 - SyncDeskManager - DEBUG - Buscando ticket 33680 directamente en Clarity...
2025-11-03 12:17:35 - urllib3.connectionpool - DEBUG - https://pmservice.tdilatam.com:8043 "GET /ppm/rest/v1/tasks?filter=%28code+%3D+%2733680%27%29&limit=1&fields=code%2Cp_tdi_estado_freshdesk%2C_internalId%2C_parentId%2Cname%2Cstatus HTTP/1.1" 200 406
2025-11-03 12:17:35 - SyncDeskManager - INFO - Ticket 33680 encontrado directamente
2025-11-03 12:17:35 - SyncDeskManager - DEBUG - Buscando ticket 33684 directamente en Clarity...
2025-11-03 12:17:35 - urllib3.connectionpool - DEBUG - https://pmservice.tdilatam.com:8043 "GET /ppm/rest/v1/tasks?filter=%28code+%3D+%2733684%27%29&limit=1&fields=code%2Cp_tdi_estado_freshdesk%2C_internalId%2C_parentId%2Cname%2Cstatus HTTP/1.1" 200 406
2025-11-03 12:17:35 - SyncDeskManager - INFO - Ticket 33684 encontrado directamente
2025-11-03 12:17:35 - SyncDeskManager - DEBUG - Buscando ticket 33707 directamente en Clarity...
2025-11-03 12:17:35 - urllib3.connectionpool - DEBUG - https://pmservice.tdilatam.com:8043 "GET /ppm/rest/v1/tasks?filter=%28code+%3D+%2733707%27%29&limit=1&fields=code%2Cp_tdi_estado_freshdesk%2C_internalId%2C_parentId%2Cname%2Cstatus HTTP/1.1" 200 371
2025-11-03 12:17:35 - SyncDeskManager - INFO - Ticket 33707 encontrado directamente
2025-11-03 12:17:35 - SyncDeskManager - DEBUG - Buscando ticket 33712 directamente en Clarity...
2025-11-03 12:17:35 - urllib3.connectionpool - DEBUG - https://pmservice.tdilatam.com:8043 "GET /ppm/rest/v1/tasks?filter=%28code+%3D+%2733712%27%29&limit=1&fields=code%2Cp_tdi_estado_freshdesk%2C_internalId%2C_parentId%2Cname%2Cstatus HTTP/1.1" 200 405
2025-11-03 12:17:35 - SyncDeskManager - INFO - Ticket 33712 encontrado directamente
2025-11-03 12:17:35 - SyncDeskManager - DEBUG - Buscando ticket 33720 directamente en Clarity...
2025-11-03 12:17:35 - urllib3.connectionpool - DEBUG - https://pmservice.tdilatam.com:8043 "GET /ppm/rest/v1/tasks?filter=%28code+%3D+%2733720%27%29&limit=1&fields=code%2Cp_tdi_estado_freshdesk%2C_internalId%2C_parentId%2Cname%2Cstatus HTTP/1.1" 200 405
2025-11-03 12:17:35 - SyncDeskManager - INFO - Ticket 33720 encontrado directamente
2025-11-03 12:17:35 - SyncDeskManager - DEBUG - Buscando ticket 33728 directamente en Clarity...
2025-11-03 12:17:35 - urllib3.connectionpool - DEBUG - https://pmservice.tdilatam.com:8043 "GET /ppm/rest/v1/tasks?filter=%28code+%3D+%2733728%27%29&limit=1&fields=code%2Cp_tdi_estado_freshdesk%2C_internalId%2C_parentId%2Cname%2Cstatus HTTP/1.1" 200 405
2025-11-03 12:17:35 - SyncDeskManager - INFO - Ticket 33728 encontrado directamente
2025-11-03 12:17:35 - SyncDeskManager - DEBUG - Buscando ticket 33732 directamente en Clarity...
2025-11-03 12:17:36 - urllib3.connectionpool - DEBUG - https://pmservice.tdilatam.com:8043 "GET /ppm/rest/v1/tasks?filter=%28code+%3D+%2733732%27%29&limit=1&fields=code%2Cp_tdi_estado_freshdesk%2C_internalId%2C_parentId%2Cname%2Cstatus HTTP/1.1" 200 405
2025-11-03 12:17:36 - SyncDeskManager - INFO - Ticket 33732 encontrado directamente
2025-11-03 12:17:36 - SyncDeskManager - DEBUG - Buscando ticket 33743 directamente en Clarity...
2025-11-03 12:17:36 - urllib3.connectionpool - DEBUG - https://pmservice.tdilatam.com:8043 "GET /ppm/rest/v1/tasks?filter=%28code+%3D+%2733743%27%29&limit=1&fields=code%2Cp_tdi_estado_freshdesk%2C_internalId%2C_parentId%2Cname%2Cstatus HTTP/1.1" 200 380
2025-11-03 12:17:36 - SyncDeskManager - INFO - Ticket 33743 encontrado directamente
2025-11-03 12:17:36 - SyncDeskManager - DEBUG - Buscando ticket 33745 directamente en Clarity...
2025-11-03 12:17:36 - urllib3.connectionpool - DEBUG - https://pmservice.tdilatam.com:8043 "GET /ppm/rest/v1/tasks?filter=%28code+%3D+%2733745%27%29&limit=1&fields=code%2Cp_tdi_estado_freshdesk%2C_internalId%2C_parentId%2Cname%2Cstatus HTTP/1.1" 200 373
2025-11-03 12:17:36 - SyncDeskManager - INFO - Ticket 33745 encontrado directamente
2025-11-03 12:17:36 - SyncDeskManager - DEBUG - Buscando ticket 33746 directamente en Clarity...
2025-11-03 12:17:36 - urllib3.connectionpool - DEBUG - https://pmservice.tdilatam.com:8043 "GET /ppm/rest/v1/tasks?filter=%28code+%3D+%2733746%27%29&limit=1&fields=code%2Cp_tdi_estado_freshdesk%2C_internalId%2C_parentId%2Cname%2Cstatus HTTP/1.1" 200 409
2025-11-03 12:17:36 - SyncDeskManager - INFO - Ticket 33746 encontrado directamente
2025-11-03 12:17:36 - SyncDeskManager - DEBUG - Buscando ticket 33747 directamente en Clarity...
2025-11-03 12:17:36 - urllib3.connectionpool - DEBUG - https://pmservice.tdilatam.com:8043 "GET /ppm/rest/v1/tasks?filter=%28code+%3D+%2733747%27%29&limit=1&fields=code%2Cp_tdi_estado_freshdesk%2C_internalId%2C_parentId%2Cname%2Cstatus HTTP/1.1" 200 395
2025-11-03 12:17:36 - SyncDeskManager - INFO - Ticket 33747 encontrado directamente
2025-11-03 12:17:36 - SyncDeskManager - DEBUG - Buscando ticket 33754 directamente en Clarity...
2025-11-03 12:17:36 - urllib3.connectionpool - DEBUG - https://pmservice.tdilatam.com:8043 "GET /ppm/rest/v1/tasks?filter=%28code+%3D+%2733754%27%29&limit=1&fields=code%2Cp_tdi_estado_freshdesk%2C_internalId%2C_parentId%2Cname%2Cstatus HTTP/1.1" 200 383
2025-11-03 12:17:36 - SyncDeskManager - INFO - Ticket 33754 encontrado directamente
2025-11-03 12:17:36 - SyncDeskManager - DEBUG - Buscando ticket 33755 directamente en Clarity...
2025-11-03 12:17:36 - urllib3.connectionpool - DEBUG - https://pmservice.tdilatam.com:8043 "GET /ppm/rest/v1/tasks?filter=%28code+%3D+%2733755%27%29&limit=1&fields=code%2Cp_tdi_estado_freshdesk%2C_internalId%2C_parentId%2Cname%2Cstatus HTTP/1.1" 200 405
2025-11-03 12:17:36 - SyncDeskManager - INFO - Ticket 33755 encontrado directamente
2025-11-03 12:17:36 - SyncDeskManager - DEBUG - Buscando ticket 33756 directamente en Clarity...
2025-11-03 12:17:36 - urllib3.connectionpool - DEBUG - https://pmservice.tdilatam.com:8043 "GET /ppm/rest/v1/tasks?filter=%28code+%3D+%2733756%27%29&limit=1&fields=code%2Cp_tdi_estado_freshdesk%2C_internalId%2C_parentId%2Cname%2Cstatus HTTP/1.1" 200 405
2025-11-03 12:17:36 - SyncDeskManager - INFO - Ticket 33756 encontrado directamente
2025-11-03 12:17:36 - SyncDeskManager - DEBUG - Buscando ticket 33757 directamente en Clarity...
2025-11-03 12:17:36 - urllib3.connectionpool - DEBUG - https://pmservice.tdilatam.com:8043 "GET /ppm/rest/v1/tasks?filter=%28code+%3D+%2733757%27%29&limit=1&fields=code%2Cp_tdi_estado_freshdesk%2C_internalId%2C_parentId%2Cname%2Cstatus HTTP/1.1" 200 405
2025-11-03 12:17:36 - SyncDeskManager - INFO - Ticket 33757 encontrado directamente
2025-11-03 12:17:36 - SyncDeskManager - DEBUG - Buscando ticket 33771 directamente en Clarity...
2025-11-03 12:17:36 - urllib3.connectionpool - DEBUG - https://pmservice.tdilatam.com:8043 "GET /ppm/rest/v1/tasks?filter=%28code+%3D+%2733771%27%29&limit=1&fields=code%2Cp_tdi_estado_freshdesk%2C_internalId%2C_parentId%2Cname%2Cstatus HTTP/1.1" 200 406
2025-11-03 12:17:36 - SyncDeskManager - INFO - Ticket 33771 encontrado directamente
2025-11-03 12:17:36 - SyncDeskManager - DEBUG - Buscando ticket 33772 directamente en Clarity...
2025-11-03 12:17:36 - urllib3.connectionpool - DEBUG - https://pmservice.tdilatam.com:8043 "GET /ppm/rest/v1/tasks?filter=%28code+%3D+%2733772%27%29&limit=1&fields=code%2Cp_tdi_estado_freshdesk%2C_internalId%2C_parentId%2Cname%2Cstatus HTTP/1.1" 200 405
2025-11-03 12:17:36 - SyncDeskManager - INFO - Ticket 33772 encontrado directamente
2025-11-03 12:17:36 - SyncDeskManager - DEBUG - Buscando ticket 33797 directamente en Clarity...
2025-11-03 12:17:36 - urllib3.connectionpool - DEBUG - https://pmservice.tdilatam.com:8043 "GET /ppm/rest/v1/tasks?filter=%28code+%3D+%2733797%27%29&limit=1&fields=code%2Cp_tdi_estado_freshdesk%2C_internalId%2C_parentId%2Cname%2Cstatus HTTP/1.1" 200 405
2025-11-03 12:17:36 - SyncDeskManager - INFO - Ticket 33797 encontrado directamente
2025-11-03 12:17:36 - SyncDeskManager - DEBUG - Buscando ticket 33798 directamente en Clarity...
2025-11-03 12:17:36 - urllib3.connectionpool - DEBUG - https://pmservice.tdilatam.com:8043 "GET /ppm/rest/v1/tasks?filter=%28code+%3D+%2733798%27%29&limit=1&fields=code%2Cp_tdi_estado_freshdesk%2C_internalId%2C_parentId%2Cname%2Cstatus HTTP/1.1" 200 405
2025-11-03 12:17:36 - SyncDeskManager - INFO - Ticket 33798 encontrado directamente
2025-11-03 12:17:36 - SyncDeskManager - DEBUG - Buscando ticket 33811 directamente en Clarity...
2025-11-03 12:17:36 - urllib3.connectionpool - DEBUG - https://pmservice.tdilatam.com:8043 "GET /ppm/rest/v1/tasks?filter=%28code+%3D+%2733811%27%29&limit=1&fields=code%2Cp_tdi_estado_freshdesk%2C_internalId%2C_parentId%2Cname%2Cstatus HTTP/1.1" 200 419
2025-11-03 12:17:36 - SyncDeskManager - INFO - Ticket 33811 encontrado directamente
2025-11-03 12:17:36 - SyncDeskManager - DEBUG - Buscando ticket 33815 directamente en Clarity...
2025-11-03 12:17:37 - urllib3.connectionpool - DEBUG - https://pmservice.tdilatam.com:8043 "GET /ppm/rest/v1/tasks?filter=%28code+%3D+%2733815%27%29&limit=1&fields=code%2Cp_tdi_estado_freshdesk%2C_internalId%2C_parentId%2Cname%2Cstatus HTTP/1.1" 200 405
2025-11-03 12:17:37 - SyncDeskManager - INFO - Ticket 33815 encontrado directamente
2025-11-03 12:17:37 - SyncDeskManager - DEBUG - Buscando ticket 33842 directamente en Clarity...
2025-11-03 12:17:37 - urllib3.connectionpool - DEBUG - https://pmservice.tdilatam.com:8043 "GET /ppm/rest/v1/tasks?filter=%28code+%3D+%2733842%27%29&limit=1&fields=code%2Cp_tdi_estado_freshdesk%2C_internalId%2C_parentId%2Cname%2Cstatus HTTP/1.1" 200 405
2025-11-03 12:17:37 - SyncDeskManager - INFO - Ticket 33842 encontrado directamente
2025-11-03 12:17:37 - SyncDeskManager - DEBUG - Buscando ticket 33856 directamente en Clarity...
2025-11-03 12:17:37 - urllib3.connectionpool - DEBUG - https://pmservice.tdilatam.com:8043 "GET /ppm/rest/v1/tasks?filter=%28code+%3D+%2733856%27%29&limit=1&fields=code%2Cp_tdi_estado_freshdesk%2C_internalId%2C_parentId%2Cname%2Cstatus HTTP/1.1" 200 405
2025-11-03 12:17:37 - SyncDeskManager - INFO - Ticket 33856 encontrado directamente
2025-11-03 12:17:37 - SyncDeskManager - DEBUG - Buscando ticket 33868 directamente en Clarity...
2025-11-03 12:17:37 - urllib3.connectionpool - DEBUG - https://pmservice.tdilatam.com:8043 "GET /ppm/rest/v1/tasks?filter=%28code+%3D+%2733868%27%29&limit=1&fields=code%2Cp_tdi_estado_freshdesk%2C_internalId%2C_parentId%2Cname%2Cstatus HTTP/1.1" 200 405
2025-11-03 12:17:37 - SyncDeskManager - INFO - Ticket 33868 encontrado directamente
2025-11-03 12:17:37 - SyncDeskManager - DEBUG - Buscando ticket 33869 directamente en Clarity...
2025-11-03 12:17:37 - urllib3.connectionpool - DEBUG - https://pmservice.tdilatam.com:8043 "GET /ppm/rest/v1/tasks?filter=%28code+%3D+%2733869%27%29&limit=1&fields=code%2Cp_tdi_estado_freshdesk%2C_internalId%2C_parentId%2Cname%2Cstatus HTTP/1.1" 200 404
2025-11-03 12:17:37 - SyncDeskManager - INFO - Ticket 33869 encontrado directamente
2025-11-03 12:17:37 - SyncDeskManager - DEBUG - Buscando ticket 33887 directamente en Clarity...
2025-11-03 12:17:37 - urllib3.connectionpool - DEBUG - https://pmservice.tdilatam.com:8043 "GET /ppm/rest/v1/tasks?filter=%28code+%3D+%2733887%27%29&limit=1&fields=code%2Cp_tdi_estado_freshdesk%2C_internalId%2C_parentId%2Cname%2Cstatus HTTP/1.1" 200 421
2025-11-03 12:17:37 - SyncDeskManager - INFO - Ticket 33887 encontrado directamente
2025-11-03 12:17:37 - SyncDeskManager - DEBUG - Buscando ticket 33905 directamente en Clarity...
2025-11-03 12:17:37 - urllib3.connectionpool - DEBUG - https://pmservice.tdilatam.com:8043 "GET /ppm/rest/v1/tasks?filter=%28code+%3D+%2733905%27%29&limit=1&fields=code%2Cp_tdi_estado_freshdesk%2C_internalId%2C_parentId%2Cname%2Cstatus HTTP/1.1" 200 441
2025-11-03 12:17:37 - SyncDeskManager - INFO - Ticket 33905 encontrado directamente
2025-11-03 12:17:37 - SyncDeskManager - DEBUG - Buscando ticket 33911 directamente en Clarity...
2025-11-03 12:17:37 - urllib3.connectionpool - DEBUG - https://pmservice.tdilatam.com:8043 "GET /ppm/rest/v1/tasks?filter=%28code+%3D+%2733911%27%29&limit=1&fields=code%2Cp_tdi_estado_freshdesk%2C_internalId%2C_parentId%2Cname%2Cstatus HTTP/1.1" 200 385
2025-11-03 12:17:37 - SyncDeskManager - INFO - Ticket 33911 encontrado directamente
2025-11-03 12:17:37 - SyncDeskManager - DEBUG - Buscando ticket 33936 directamente en Clarity...
2025-11-03 12:17:37 - urllib3.connectionpool - DEBUG - https://pmservice.tdilatam.com:8043 "GET /ppm/rest/v1/tasks?filter=%28code+%3D+%2733936%27%29&limit=1&fields=code%2Cp_tdi_estado_freshdesk%2C_internalId%2C_parentId%2Cname%2Cstatus HTTP/1.1" 200 405
2025-11-03 12:17:37 - SyncDeskManager - INFO - Ticket 33936 encontrado directamente
2025-11-03 12:17:37 - SyncDeskManager - DEBUG - Buscando ticket 33944 directamente en Clarity...
2025-11-03 12:17:37 - urllib3.connectionpool - DEBUG - https://pmservice.tdilatam.com:8043 "GET /ppm/rest/v1/tasks?filter=%28code+%3D+%2733944%27%29&limit=1&fields=code%2Cp_tdi_estado_freshdesk%2C_internalId%2C_parentId%2Cname%2Cstatus HTTP/1.1" 200 406
2025-11-03 12:17:37 - SyncDeskManager - INFO - Ticket 33944 encontrado directamente
2025-11-03 12:17:37 - SyncDeskManager - DEBUG - Buscando ticket 33960 directamente en Clarity...
2025-11-03 12:17:37 - urllib3.connectionpool - DEBUG - https://pmservice.tdilatam.com:8043 "GET /ppm/rest/v1/tasks?filter=%28code+%3D+%2733960%27%29&limit=1&fields=code%2Cp_tdi_estado_freshdesk%2C_internalId%2C_parentId%2Cname%2Cstatus HTTP/1.1" 200 404
2025-11-03 12:17:37 - SyncDeskManager - INFO - Ticket 33960 encontrado directamente
2025-11-03 12:17:37 - SyncDeskManager - DEBUG - Buscando ticket 33963 directamente en Clarity...
2025-11-03 12:17:37 - urllib3.connectionpool - DEBUG - https://pmservice.tdilatam.com:8043 "GET /ppm/rest/v1/tasks?filter=%28code+%3D+%2733963%27%29&limit=1&fields=code%2Cp_tdi_estado_freshdesk%2C_internalId%2C_parentId%2Cname%2Cstatus HTTP/1.1" 200 406
2025-11-03 12:17:37 - SyncDeskManager - INFO - Ticket 33963 encontrado directamente
2025-11-03 12:17:37 - SyncDeskManager - DEBUG - Buscando ticket 33964 directamente en Clarity...
2025-11-03 12:17:37 - urllib3.connectionpool - DEBUG - https://pmservice.tdilatam.com:8043 "GET /ppm/rest/v1/tasks?filter=%28code+%3D+%2733964%27%29&limit=1&fields=code%2Cp_tdi_estado_freshdesk%2C_internalId%2C_parentId%2Cname%2Cstatus HTTP/1.1" 200 405
2025-11-03 12:17:37 - SyncDeskManager - INFO - Ticket 33964 encontrado directamente
2025-11-03 12:17:37 - SyncDeskManager - DEBUG - Buscando ticket 33974 directamente en Clarity...
2025-11-03 12:17:37 - urllib3.connectionpool - DEBUG - https://pmservice.tdilatam.com:8043 "GET /ppm/rest/v1/tasks?filter=%28code+%3D+%2733974%27%29&limit=1&fields=code%2Cp_tdi_estado_freshdesk%2C_internalId%2C_parentId%2Cname%2Cstatus HTTP/1.1" 200 406
2025-11-03 12:17:37 - SyncDeskManager - INFO - Ticket 33974 encontrado directamente
2025-11-03 12:17:37 - SyncDeskManager - DEBUG - Buscando ticket 34038 directamente en Clarity...
2025-11-03 12:17:37 - urllib3.connectionpool - DEBUG - https://pmservice.tdilatam.com:8043 "GET /ppm/rest/v1/tasks?filter=%28code+%3D+%2734038%27%29&limit=1&fields=code%2Cp_tdi_estado_freshdesk%2C_internalId%2C_parentId%2Cname%2Cstatus HTTP/1.1" 200 370
2025-11-03 12:17:37 - SyncDeskManager - INFO - Ticket 34038 encontrado directamente
2025-11-03 12:17:37 - SyncDeskManager - DEBUG - Buscando ticket 34058 directamente en Clarity...
2025-11-03 12:17:37 - urllib3.connectionpool - DEBUG - https://pmservice.tdilatam.com:8043 "GET /ppm/rest/v1/tasks?filter=%28code+%3D+%2734058%27%29&limit=1&fields=code%2Cp_tdi_estado_freshdesk%2C_internalId%2C_parentId%2Cname%2Cstatus HTTP/1.1" 200 367
2025-11-03 12:17:37 - SyncDeskManager - INFO - Ticket 34058 encontrado directamente
2025-11-03 12:17:37 - SyncDeskManager - DEBUG - Buscando ticket 34085 directamente en Clarity...
2025-11-03 12:17:37 - urllib3.connectionpool - DEBUG - https://pmservice.tdilatam.com:8043 "GET /ppm/rest/v1/tasks?filter=%28code+%3D+%2734085%27%29&limit=1&fields=code%2Cp_tdi_estado_freshdesk%2C_internalId%2C_parentId%2Cname%2Cstatus HTTP/1.1" 200 397
2025-11-03 12:17:37 - SyncDeskManager - INFO - Ticket 34085 encontrado directamente
2025-11-03 12:17:37 - SyncDeskManager - DEBUG - Buscando ticket 34117 directamente en Clarity...
2025-11-03 12:17:38 - urllib3.connectionpool - DEBUG - https://pmservice.tdilatam.com:8043 "GET /ppm/rest/v1/tasks?filter=%28code+%3D+%2734117%27%29&limit=1&fields=code%2Cp_tdi_estado_freshdesk%2C_internalId%2C_parentId%2Cname%2Cstatus HTTP/1.1" 200 391
2025-11-03 12:17:38 - SyncDeskManager - INFO - Ticket 34117 encontrado directamente
2025-11-03 12:17:38 - SyncDeskManager - DEBUG - Buscando ticket 34119 directamente en Clarity...
2025-11-03 12:17:38 - urllib3.connectionpool - DEBUG - https://pmservice.tdilatam.com:8043 "GET /ppm/rest/v1/tasks?filter=%28code+%3D+%2734119%27%29&limit=1&fields=code%2Cp_tdi_estado_freshdesk%2C_internalId%2C_parentId%2Cname%2Cstatus HTTP/1.1" 200 427
2025-11-03 12:17:38 - SyncDeskManager - INFO - Ticket 34119 encontrado directamente
2025-11-03 12:17:38 - SyncDeskManager - INFO - IDs obtenidos: 163/163 tickets
2025-11-03 12:17:43 - SyncDeskManager - INFO - Aplicando 163 cambios en Clarity...
2025-11-03 12:17:43 - SyncDeskManager - INFO - TRANSACTION_CHANGE - SYNC_STATES_20251103_121706: {"ticket_id": "31960", "system": "CLARITY", "field": "p_tdi_estado_freshdesk", "old_value": "Abierta", "new_value": "Cerrada", "freshdesk_estado_original": "Closed", "estado": "PENDING", "rollback_data": {"investment_id": 5073108, "internal_id": 5240498}, "timestamp": "2025-11-03 12:17:43"}
2025-11-03 12:17:43 - urllib3.connectionpool - DEBUG - https://pmservice.tdilatam.com:8043 "PATCH /ppm/rest/v1/custTdiInvBacklogs/5073108/tasks/5240498 HTTP/1.1" 200 140
2025-11-03 12:17:43 - SyncDeskManager - INFO - ✅ Ticket 31960 actualizado exitosamente
2025-11-03 12:17:43 - SyncDeskManager - ERROR - Error en sincronización: 'ProjectLogger' object has no attribute 'info'
Traceback (most recent call last):
  File "c:\xampp\htdocs\TDI_Task_Manager\src\features\sync\sync_orchestrator.py", line 140, in sincronizar_estados
    resultado = self.change_applier.aplicar_cambios_clarity(diferencias_completas, self.transaction_id)
                ^^^^^^^^^^^^^^^^^^^^^^^^^^^^^^^^^^^^^^^^^^^^^^^^^^^^^^^^^^^^^^^^^^^^^^^^^^^^^^^^^^^^^^^
  File "c:\xampp\htdocs\TDI_Task_Manager\src\features\sync\change_applier.py", line 34, in aplicar_cambios_clarity
    self._actualizar_estado_cambio(transaction_id, diff.ticket_id, 'SUCCESS')
  File "c:\xampp\htdocs\TDI_Task_Manager\src\features\sync\change_applier.py", line 73, in _actualizar_estado_cambio
    self.logger._update_specific_change(transaction_id, ticket_id, update_data)
  File "c:\xampp\htdocs\TDI_Task_Manager\src\utils\logging\base_logger.py", line 90, in _update_specific_change
    self.info(f"TRANSACTION_UPDATE - {transaction_id} - Ticket {ticket_id}: {json.dumps(update_data)}")
    ^^^^^^^^^
AttributeError: 'ProjectLogger' object has no attribute 'info'
2025-11-03 12:17:43 - SyncDeskManager - ERROR - TRANSACTION_FAILED: SYNC_STATES_20251103_121706 - {'estado': 'FAILED', 'error': "Excepción: 'ProjectLogger' object has no attribute 'info'"}
Traceback (most recent call last):
  File "c:\xampp\htdocs\TDI_Task_Manager\src\features\sync\sync_orchestrator.py", line 140, in sincronizar_estados
    resultado = self.change_applier.aplicar_cambios_clarity(diferencias_completas, self.transaction_id)
                ^^^^^^^^^^^^^^^^^^^^^^^^^^^^^^^^^^^^^^^^^^^^^^^^^^^^^^^^^^^^^^^^^^^^^^^^^^^^^^^^^^^^^^^
  File "c:\xampp\htdocs\TDI_Task_Manager\src\features\sync\change_applier.py", line 34, in aplicar_cambios_clarity
    self._actualizar_estado_cambio(transaction_id, diff.ticket_id, 'SUCCESS')
  File "c:\xampp\htdocs\TDI_Task_Manager\src\features\sync\change_applier.py", line 73, in _actualizar_estado_cambio
    self.logger._update_specific_change(transaction_id, ticket_id, update_data)
  File "c:\xampp\htdocs\TDI_Task_Manager\src\utils\logging\base_logger.py", line 90, in _update_specific_change
    self.info(f"TRANSACTION_UPDATE - {transaction_id} - Ticket {ticket_id}: {json.dumps(update_data)}")
    ^^^^^^^^^
AttributeError: 'ProjectLogger' object has no attribute 'info'
2025-11-03 12:17:43 - SyncDeskManager - ERROR - Transacción fallida: SYNC_STATES_20251103_121706 - Excepción: 'ProjectLogger' object has no attribute 'info'
Traceback (most recent call last):
  File "c:\xampp\htdocs\TDI_Task_Manager\src\features\sync\sync_orchestrator.py", line 140, in sincronizar_estados
    resultado = self.change_applier.aplicar_cambios_clarity(diferencias_completas, self.transaction_id)
                ^^^^^^^^^^^^^^^^^^^^^^^^^^^^^^^^^^^^^^^^^^^^^^^^^^^^^^^^^^^^^^^^^^^^^^^^^^^^^^^^^^^^^^^
  File "c:\xampp\htdocs\TDI_Task_Manager\src\features\sync\change_applier.py", line 34, in aplicar_cambios_clarity
    self._actualizar_estado_cambio(transaction_id, diff.ticket_id, 'SUCCESS')
  File "c:\xampp\htdocs\TDI_Task_Manager\src\features\sync\change_applier.py", line 73, in _actualizar_estado_cambio
    self.logger._update_specific_change(transaction_id, ticket_id, update_data)
  File "c:\xampp\htdocs\TDI_Task_Manager\src\utils\logging\base_logger.py", line 90, in _update_specific_change
    self.info(f"TRANSACTION_UPDATE - {transaction_id} - Ticket {ticket_id}: {json.dumps(update_data)}")
    ^^^^^^^^^
AttributeError: 'ProjectLogger' object has no attribute 'info'
2025-11-03 12:20:00 - SyncDeskManager - INFO - Datos sensibles limpiados de la memoria
2025-11-03 12:29:33 - SyncDeskManager - INFO - ==================================================
2025-11-03 12:29:33 - SyncDeskManager - INFO - 🚀 INICIANDO SYNC DESK MANAGER
2025-11-03 12:29:33 - SyncDeskManager - INFO - ==================================================
2025-11-03 12:29:33 - SyncDeskManager - INFO - Sistema operativo: Windows 11
2025-11-03 12:29:33 - SyncDeskManager - INFO - Python: 3.12.4
2025-11-03 12:29:33 - SyncDeskManager - INFO - Usuario: usuario
2025-11-03 12:29:33 - SyncDeskManager - INFO - Directorio de trabajo: C:\xampp\htdocs\TDI_Task_Manager
2025-11-03 12:29:33 - SyncDeskManager - INFO - Directorio de logs: c:\xampp\htdocs\TDI_Task_Manager\src\logs
2025-11-03 12:29:33 - SyncDeskManager - INFO - ==================================================
2025-11-03 12:29:35 - SyncDeskManager - INFO - ConfigManager inicializado - Modo volátil en memoria
2025-11-03 12:29:35 - SyncDeskManager - INFO - Iniciando aplicación
2025-11-03 12:29:35 - SyncDeskManager - INFO - Módulos cargados correctamente
2025-11-03 12:29:35 - SyncDeskManager - INFO - ConfigManager inicializado - Modo volátil en memoria
2025-11-03 12:29:35 - SyncDeskManager - INFO - FreshdeskService inicializado
2025-11-03 12:29:35 - SyncDeskManager - INFO - Configuración de clasificación cargada desde: data/classification/classification_config.json
2025-11-03 12:29:35 - SyncDeskManager - INFO - ClassificationConfigManager inicializado
2025-11-03 12:29:35 - SyncDeskManager - INFO - ClassificationLibraryGenerator inicializado
2025-11-03 12:29:46 - SyncDeskManager - INFO - TRANSACTION_START: SYNC_STATES_20251103_122946 - Sincronización estados Freshdesk → Clarity
2025-11-03 12:29:46 - SyncDeskManager - INFO - Transacción iniciada: SYNC_STATES_20251103_122946
2025-11-03 12:29:56 - SyncDeskManager - INFO - Análisis completado: 1549 coincidencias, 128 sin coincidencia
2025-11-03 12:29:58 - SyncDeskManager - INFO - Iniciando comparación de estados...
2025-11-03 12:29:58 - SyncDeskManager - DEBUG - Ticket 31960: Diferencia encontrada Abierta -> Cerrada
2025-11-03 12:29:58 - SyncDeskManager - DEBUG - Ticket 31961: Diferencia encontrada Abierta -> Cerrada
2025-11-03 12:29:58 - SyncDeskManager - DEBUG - Ticket 31962: Diferencia encontrada Resuelto -> Cerrada
2025-11-03 12:29:58 - SyncDeskManager - DEBUG - Ticket 31963: Diferencia encontrada Abierta -> Cerrada
2025-11-03 12:29:58 - SyncDeskManager - DEBUG - Ticket 31964: Diferencia encontrada Resuelto -> Cerrada
2025-11-03 12:29:58 - SyncDeskManager - DEBUG - Ticket 31972: Diferencia encontrada Abierta -> Cerrada
2025-11-03 12:29:58 - SyncDeskManager - DEBUG - Ticket 31973: Diferencia encontrada En progreso -> Cerrada
2025-11-03 12:29:58 - SyncDeskManager - DEBUG - Ticket 31974: Diferencia encontrada En progreso -> Cerrada
2025-11-03 12:29:58 - SyncDeskManager - DEBUG - Ticket 31975: Diferencia encontrada Abierta -> Cerrada
2025-11-03 12:29:58 - SyncDeskManager - DEBUG - Ticket 31977: Diferencia encontrada Resuelto -> Cerrada
2025-11-03 12:29:58 - SyncDeskManager - DEBUG - Ticket 31978: Diferencia encontrada Esperando al cliente -> Cerrada
2025-11-03 12:29:58 - SyncDeskManager - DEBUG - Ticket 31979: Diferencia encontrada En progreso -> Cerrada
2025-11-03 12:29:58 - SyncDeskManager - DEBUG - Ticket 31983: Diferencia encontrada En progreso -> Cerrada
2025-11-03 12:29:58 - SyncDeskManager - DEBUG - Ticket 31984: Diferencia encontrada En progreso -> Cerrada
2025-11-03 12:29:58 - SyncDeskManager - DEBUG - Ticket 31987: Diferencia encontrada Abierta -> Cerrada
2025-11-03 12:29:58 - SyncDeskManager - DEBUG - Ticket 31990: Diferencia encontrada Resuelto -> Cerrada
2025-11-03 12:29:58 - SyncDeskManager - DEBUG - Ticket 31994: Diferencia encontrada Abierta -> Cerrada
2025-11-03 12:29:58 - SyncDeskManager - DEBUG - Ticket 31996: Diferencia encontrada Abierta -> Cerrada
2025-11-03 12:29:58 - SyncDeskManager - DEBUG - Ticket 31997: Diferencia encontrada Abierta -> Cerrada
2025-11-03 12:29:58 - SyncDeskManager - DEBUG - Ticket 31999: Diferencia encontrada Esperando al cliente -> Cerrada
2025-11-03 12:29:58 - SyncDeskManager - DEBUG - Ticket 32001: Diferencia encontrada En progreso -> Cerrada
2025-11-03 12:29:58 - SyncDeskManager - DEBUG - Ticket 32003: Diferencia encontrada Abierta -> Cerrada
2025-11-03 12:29:58 - SyncDeskManager - DEBUG - Ticket 32005: Diferencia encontrada Derivado al Fabricante -> Cerrada
2025-11-03 12:29:58 - SyncDeskManager - DEBUG - Ticket 32008: Diferencia encontrada Resuelto -> Cerrada
2025-11-03 12:29:58 - SyncDeskManager - DEBUG - Ticket 32009: Diferencia encontrada En progreso -> Cerrada
2025-11-03 12:29:58 - SyncDeskManager - DEBUG - Ticket 32010: Diferencia encontrada En progreso -> Cerrada
2025-11-03 12:29:58 - SyncDeskManager - DEBUG - Ticket 32011: Diferencia encontrada En progreso -> Cerrada
2025-11-03 12:29:58 - SyncDeskManager - DEBUG - Ticket 32012: Diferencia encontrada Abierta -> Cerrada
2025-11-03 12:29:58 - SyncDeskManager - DEBUG - Ticket 32013: Diferencia encontrada Resuelto -> Cerrada
2025-11-03 12:29:58 - SyncDeskManager - DEBUG - Ticket 32014: Diferencia encontrada Resuelto -> Cerrada
2025-11-03 12:29:58 - SyncDeskManager - DEBUG - Ticket 32015: Diferencia encontrada Resuelto -> Cerrada
2025-11-03 12:29:58 - SyncDeskManager - DEBUG - Ticket 32020: Diferencia encontrada Abierta -> Cerrada
2025-11-03 12:29:58 - SyncDeskManager - DEBUG - Ticket 32021: Diferencia encontrada Abierta -> Cerrada
2025-11-03 12:29:58 - SyncDeskManager - DEBUG - Ticket 32022: Diferencia encontrada Abierta -> Cerrada
2025-11-03 12:29:58 - SyncDeskManager - DEBUG - Ticket 32025: Diferencia encontrada Esperando al cliente -> Cerrada
2025-11-03 12:29:58 - SyncDeskManager - DEBUG - Ticket 32033: Diferencia encontrada Abierta -> Cerrada
2025-11-03 12:29:58 - SyncDeskManager - DEBUG - Ticket 32035: Diferencia encontrada Abierta -> Cerrada
2025-11-03 12:29:58 - SyncDeskManager - DEBUG - Ticket 32036: Diferencia encontrada En progreso -> Cerrada
2025-11-03 12:29:58 - SyncDeskManager - DEBUG - Ticket 32041: Diferencia encontrada Derivado al Fabricante -> Cerrada
2025-11-03 12:29:58 - SyncDeskManager - DEBUG - Ticket 32042: Diferencia encontrada Abierta -> Cerrada
2025-11-03 12:29:58 - SyncDeskManager - DEBUG - Ticket 32043: Diferencia encontrada En progreso -> Cerrada
2025-11-03 12:29:58 - SyncDeskManager - DEBUG - Ticket 32044: Diferencia encontrada En progreso -> Cerrada
2025-11-03 12:29:58 - SyncDeskManager - DEBUG - Ticket 32067: Diferencia encontrada En progreso -> Cerrada
2025-11-03 12:29:58 - SyncDeskManager - DEBUG - Ticket 32068: Diferencia encontrada Abierta -> Cerrada
2025-11-03 12:29:58 - SyncDeskManager - DEBUG - Ticket 32075: Diferencia encontrada Abierta -> Cerrada
2025-11-03 12:29:58 - SyncDeskManager - DEBUG - Ticket 32088: Diferencia encontrada Resuelto -> Cerrada
2025-11-03 12:29:58 - SyncDeskManager - DEBUG - Ticket 32097: Diferencia encontrada Esperando al cliente -> Cerrada
2025-11-03 12:29:58 - SyncDeskManager - DEBUG - Ticket 32103: Diferencia encontrada Resuelto -> Cerrada
2025-11-03 12:29:58 - SyncDeskManager - DEBUG - Ticket 32110: Diferencia encontrada Resuelto -> Cerrada
2025-11-03 12:29:58 - SyncDeskManager - DEBUG - Ticket 32114: Diferencia encontrada Resuelto -> Cerrada
2025-11-03 12:29:58 - SyncDeskManager - DEBUG - Ticket 32115: Diferencia encontrada Abierta -> Cerrada
2025-11-03 12:29:58 - SyncDeskManager - DEBUG - Ticket 32117: Diferencia encontrada En evaluación -> Esperando al cliente
2025-11-03 12:29:58 - SyncDeskManager - DEBUG - Ticket 32118: Diferencia encontrada Abierta -> Cerrada
2025-11-03 12:29:58 - SyncDeskManager - DEBUG - Ticket 32120: Diferencia encontrada Abierta -> Cerrada
2025-11-03 12:29:58 - SyncDeskManager - DEBUG - Ticket 32121: Diferencia encontrada En evaluación -> Esperando al cliente
2025-11-03 12:29:58 - SyncDeskManager - DEBUG - Ticket 32122: Diferencia encontrada Esperando al cliente -> Cerrada
2025-11-03 12:29:58 - SyncDeskManager - DEBUG - Ticket 32123: Diferencia encontrada En evaluación -> Esperando al cliente
2025-11-03 12:29:58 - SyncDeskManager - DEBUG - Ticket 32125: Diferencia encontrada En evaluación -> Cerrada
2025-11-03 12:29:58 - SyncDeskManager - DEBUG - Ticket 32126: Diferencia encontrada Esperando al cliente -> Cerrada
2025-11-03 12:29:58 - SyncDeskManager - DEBUG - Ticket 32128: Diferencia encontrada Esperando al cliente -> Cerrada
2025-11-03 12:29:58 - SyncDeskManager - DEBUG - Ticket 32129: Diferencia encontrada Resuelto -> Cerrada
2025-11-03 12:29:58 - SyncDeskManager - DEBUG - Ticket 32130: Diferencia encontrada Resuelto -> Cerrada
2025-11-03 12:29:58 - SyncDeskManager - DEBUG - Ticket 32144: Diferencia encontrada En progreso -> Cerrada
2025-11-03 12:29:58 - SyncDeskManager - DEBUG - Ticket 32155: Diferencia encontrada Resuelto -> Cerrada
2025-11-03 12:29:58 - SyncDeskManager - DEBUG - Ticket 32157: Diferencia encontrada En progreso -> Cerrada
2025-11-03 12:29:58 - SyncDeskManager - DEBUG - Ticket 32158: Diferencia encontrada En progreso -> Cerrada
2025-11-03 12:29:58 - SyncDeskManager - DEBUG - Ticket 32159: Diferencia encontrada Resuelto -> Cerrada
2025-11-03 12:29:58 - SyncDeskManager - DEBUG - Ticket 32160: Diferencia encontrada En progreso -> Cerrada
2025-11-03 12:29:58 - SyncDeskManager - DEBUG - Ticket 32161: Diferencia encontrada Abierta -> Cerrada
2025-11-03 12:29:58 - SyncDeskManager - DEBUG - Ticket 32162: Diferencia encontrada Esperando al cliente -> Cerrada
2025-11-03 12:29:58 - SyncDeskManager - DEBUG - Ticket 32165: No encontrado en Clarity
2025-11-03 12:29:58 - SyncDeskManager - DEBUG - Ticket 32173: Diferencia encontrada Esperando al cliente -> Cerrada
2025-11-03 12:29:58 - SyncDeskManager - DEBUG - Ticket 32174: Diferencia encontrada En progreso -> Cerrada
2025-11-03 12:29:58 - SyncDeskManager - DEBUG - Ticket 32177: Diferencia encontrada Derivado al Fabricante -> Cerrada
2025-11-03 12:29:58 - SyncDeskManager - DEBUG - Ticket 32179: Diferencia encontrada Resuelto -> Cerrada
2025-11-03 12:29:58 - SyncDeskManager - DEBUG - Ticket 32183: Diferencia encontrada Abierta -> Cerrada
2025-11-03 12:29:58 - SyncDeskManager - DEBUG - Ticket 32184: Diferencia encontrada Abierta -> Cerrada
2025-11-03 12:29:58 - SyncDeskManager - DEBUG - Ticket 32188: Diferencia encontrada Derivado al Fabricante -> Cerrada
2025-11-03 12:29:58 - SyncDeskManager - DEBUG - Ticket 32192: Diferencia encontrada Abierta -> Cerrada
2025-11-03 12:29:58 - SyncDeskManager - DEBUG - Ticket 32193: Diferencia encontrada Resuelto -> Cerrada
2025-11-03 12:29:58 - SyncDeskManager - DEBUG - Ticket 32204: Diferencia encontrada Abierta -> Cerrada
2025-11-03 12:29:58 - SyncDeskManager - DEBUG - Ticket 32213: Diferencia encontrada Resuelto -> Cerrada
2025-11-03 12:29:58 - SyncDeskManager - DEBUG - Ticket 32214: Diferencia encontrada Abierta -> Cerrada
2025-11-03 12:29:58 - SyncDeskManager - DEBUG - Ticket 32215: Diferencia encontrada Abierta -> Cerrada
2025-11-03 12:29:58 - SyncDeskManager - DEBUG - Ticket 32216: Diferencia encontrada Abierta -> Cerrada
2025-11-03 12:29:58 - SyncDeskManager - DEBUG - Ticket 32217: Diferencia encontrada Abierta -> Cerrada
2025-11-03 12:29:58 - SyncDeskManager - DEBUG - Ticket 32220: Diferencia encontrada Abierta -> Cerrada
2025-11-03 12:29:58 - SyncDeskManager - DEBUG - Ticket 32221: Diferencia encontrada Resuelto -> Cerrada
2025-11-03 12:29:58 - SyncDeskManager - DEBUG - Ticket 32223: Diferencia encontrada Esperando al cliente -> Cerrada
2025-11-03 12:29:58 - SyncDeskManager - DEBUG - Ticket 32224: Diferencia encontrada Abierta -> En progreso
2025-11-03 12:29:58 - SyncDeskManager - DEBUG - Ticket 32225: Diferencia encontrada Abierta -> Cerrada
2025-11-03 12:29:58 - SyncDeskManager - DEBUG - Ticket 32226: Diferencia encontrada Abierta -> Cerrada
2025-11-03 12:29:58 - SyncDeskManager - DEBUG - Ticket 32227: Diferencia encontrada Resuelto -> Cerrada
2025-11-03 12:29:58 - SyncDeskManager - DEBUG - Ticket 32230: Diferencia encontrada Resuelto -> Cerrada
2025-11-03 12:29:58 - SyncDeskManager - DEBUG - Ticket 32233: Diferencia encontrada En progreso -> Cerrada
2025-11-03 12:29:58 - SyncDeskManager - DEBUG - Ticket 32238: Diferencia encontrada En progreso -> Cerrada
2025-11-03 12:29:58 - SyncDeskManager - DEBUG - Ticket 32239: Diferencia encontrada Resuelto -> Cerrada
2025-11-03 12:29:58 - SyncDeskManager - DEBUG - Ticket 32240: Diferencia encontrada Resuelto -> Cerrada
2025-11-03 12:29:58 - SyncDeskManager - DEBUG - Ticket 32241: Diferencia encontrada Resuelto -> Cerrada
2025-11-03 12:29:58 - SyncDeskManager - DEBUG - Ticket 32242: Diferencia encontrada En progreso -> Cerrada
2025-11-03 12:29:58 - SyncDeskManager - DEBUG - Ticket 32243: Diferencia encontrada Abierta -> Cerrada
2025-11-03 12:29:58 - SyncDeskManager - DEBUG - Ticket 32244: Diferencia encontrada Abierta -> Cerrada
2025-11-03 12:29:58 - SyncDeskManager - DEBUG - Ticket 32245: Diferencia encontrada Resuelto -> Cerrada
2025-11-03 12:29:58 - SyncDeskManager - DEBUG - Ticket 32246: Diferencia encontrada Resuelto -> Cerrada
2025-11-03 12:29:58 - SyncDeskManager - DEBUG - Ticket 32248: Diferencia encontrada Abierta -> Cerrada
2025-11-03 12:29:58 - SyncDeskManager - DEBUG - Ticket 32251: Diferencia encontrada En progreso -> Cerrada
2025-11-03 12:29:58 - SyncDeskManager - DEBUG - Ticket 32252: Diferencia encontrada En progreso -> Cerrada
2025-11-03 12:29:58 - SyncDeskManager - DEBUG - Ticket 32254: Diferencia encontrada Abierta -> Cerrada
2025-11-03 12:29:58 - SyncDeskManager - DEBUG - Ticket 32255: Diferencia encontrada Abierta -> Cerrada
2025-11-03 12:29:58 - SyncDeskManager - DEBUG - Ticket 32263: No encontrado en Clarity
2025-11-03 12:29:58 - SyncDeskManager - DEBUG - Ticket 32288: No encontrado en Clarity
2025-11-03 12:29:58 - SyncDeskManager - DEBUG - Ticket 32292: No encontrado en Clarity
2025-11-03 12:29:58 - SyncDeskManager - DEBUG - Ticket 32293: No encontrado en Clarity
2025-11-03 12:29:58 - SyncDeskManager - DEBUG - Ticket 32301: No encontrado en Clarity
2025-11-03 12:29:59 - SyncDeskManager - DEBUG - Ticket 32311: No encontrado en Clarity
2025-11-03 12:29:59 - SyncDeskManager - DEBUG - Ticket 32312: No encontrado en Clarity
2025-11-03 12:29:59 - SyncDeskManager - DEBUG - Ticket 32340: No encontrado en Clarity
2025-11-03 12:29:59 - SyncDeskManager - DEBUG - Ticket 32358: No encontrado en Clarity
2025-11-03 12:29:59 - SyncDeskManager - DEBUG - Ticket 32374: No encontrado en Clarity
2025-11-03 12:29:59 - SyncDeskManager - DEBUG - Ticket 32399: No encontrado en Clarity
2025-11-03 12:29:59 - SyncDeskManager - DEBUG - Ticket 32440: No encontrado en Clarity
2025-11-03 12:29:59 - SyncDeskManager - DEBUG - Ticket 32455: No encontrado en Clarity
2025-11-03 12:29:59 - SyncDeskManager - DEBUG - Ticket 32462: No encontrado en Clarity
2025-11-03 12:29:59 - SyncDeskManager - DEBUG - Ticket 32495: No encontrado en Clarity
2025-11-03 12:29:59 - SyncDeskManager - DEBUG - Ticket 32532: No encontrado en Clarity
2025-11-03 12:29:59 - SyncDeskManager - DEBUG - Ticket 32538: No encontrado en Clarity
2025-11-03 12:29:59 - SyncDeskManager - DEBUG - Ticket 32539: No encontrado en Clarity
2025-11-03 12:29:59 - SyncDeskManager - DEBUG - Ticket 32587: No encontrado en Clarity
2025-11-03 12:29:59 - SyncDeskManager - DEBUG - Ticket 32606: No encontrado en Clarity
2025-11-03 12:29:59 - SyncDeskManager - DEBUG - Ticket 32656: No encontrado en Clarity
2025-11-03 12:29:59 - SyncDeskManager - DEBUG - Ticket 32657: No encontrado en Clarity
2025-11-03 12:30:00 - SyncDeskManager - DEBUG - Ticket 32676: No encontrado en Clarity
2025-11-03 12:30:00 - SyncDeskManager - DEBUG - Ticket 32696: No encontrado en Clarity
2025-11-03 12:30:00 - SyncDeskManager - DEBUG - Ticket 32736: No encontrado en Clarity
2025-11-03 12:30:00 - SyncDeskManager - DEBUG - Ticket 32758: No encontrado en Clarity
2025-11-03 12:30:00 - SyncDeskManager - DEBUG - Ticket 32760: No encontrado en Clarity
2025-11-03 12:30:00 - SyncDeskManager - DEBUG - Ticket 32761: No encontrado en Clarity
2025-11-03 12:30:00 - SyncDeskManager - DEBUG - Ticket 32762: No encontrado en Clarity
2025-11-03 12:30:00 - SyncDeskManager - DEBUG - Ticket 32774: No encontrado en Clarity
2025-11-03 12:30:00 - SyncDeskManager - DEBUG - Ticket 32778: No encontrado en Clarity
2025-11-03 12:30:00 - SyncDeskManager - DEBUG - Ticket 32782: Diferencia encontrada En progreso -> Esperando al cliente
2025-11-03 12:30:00 - SyncDeskManager - DEBUG - Ticket 32811: No encontrado en Clarity
2025-11-03 12:30:00 - SyncDeskManager - DEBUG - Ticket 32830: No encontrado en Clarity
2025-11-03 12:30:00 - SyncDeskManager - DEBUG - Ticket 32836: No encontrado en Clarity
2025-11-03 12:30:00 - SyncDeskManager - DEBUG - Ticket 32838: No encontrado en Clarity
2025-11-03 12:30:00 - SyncDeskManager - DEBUG - Ticket 32841: No encontrado en Clarity
2025-11-03 12:30:00 - SyncDeskManager - DEBUG - Ticket 32842: No encontrado en Clarity
2025-11-03 12:30:00 - SyncDeskManager - DEBUG - Ticket 32843: No encontrado en Clarity
2025-11-03 12:30:00 - SyncDeskManager - DEBUG - Ticket 32844: No encontrado en Clarity
2025-11-03 12:30:00 - SyncDeskManager - DEBUG - Ticket 32848: No encontrado en Clarity
2025-11-03 12:30:00 - SyncDeskManager - DEBUG - Ticket 32850: No encontrado en Clarity
2025-11-03 12:30:00 - SyncDeskManager - DEBUG - Ticket 32856: No encontrado en Clarity
2025-11-03 12:30:00 - SyncDeskManager - DEBUG - Ticket 32879: No encontrado en Clarity
2025-11-03 12:30:00 - SyncDeskManager - DEBUG - Ticket 32912: No encontrado en Clarity
2025-11-03 12:30:00 - SyncDeskManager - DEBUG - Ticket 32914: Diferencia encontrada Resuelto -> Cerrada
2025-11-03 12:30:00 - SyncDeskManager - DEBUG - Ticket 32916: No encontrado en Clarity
2025-11-03 12:30:00 - SyncDeskManager - DEBUG - Ticket 32930: No encontrado en Clarity
2025-11-03 12:30:00 - SyncDeskManager - DEBUG - Ticket 32931: No encontrado en Clarity
2025-11-03 12:30:00 - SyncDeskManager - DEBUG - Ticket 32938: No encontrado en Clarity
2025-11-03 12:30:00 - SyncDeskManager - DEBUG - Ticket 32943: No encontrado en Clarity
2025-11-03 12:30:00 - SyncDeskManager - DEBUG - Ticket 32961: No encontrado en Clarity
2025-11-03 12:30:00 - SyncDeskManager - DEBUG - Ticket 33008: No encontrado en Clarity
2025-11-03 12:30:00 - SyncDeskManager - DEBUG - Ticket 33012: No encontrado en Clarity
2025-11-03 12:30:00 - SyncDeskManager - DEBUG - Ticket 33027: No encontrado en Clarity
2025-11-03 12:30:00 - SyncDeskManager - DEBUG - Ticket 33034: No encontrado en Clarity
2025-11-03 12:30:00 - SyncDeskManager - DEBUG - Ticket 33039: No encontrado en Clarity
2025-11-03 12:30:00 - SyncDeskManager - DEBUG - Ticket 33052: No encontrado en Clarity
2025-11-03 12:30:00 - SyncDeskManager - DEBUG - Ticket 33062: No encontrado en Clarity
2025-11-03 12:30:01 - SyncDeskManager - DEBUG - Ticket 33068: No encontrado en Clarity
2025-11-03 12:30:01 - SyncDeskManager - DEBUG - Ticket 33069: No encontrado en Clarity
2025-11-03 12:30:01 - SyncDeskManager - DEBUG - Ticket 33070: No encontrado en Clarity
2025-11-03 12:30:01 - SyncDeskManager - DEBUG - Ticket 33075: No encontrado en Clarity
2025-11-03 12:30:01 - SyncDeskManager - DEBUG - Ticket 33082: Diferencia encontrada Esperando al cliente -> Derivado al Fabricante
2025-11-03 12:30:01 - SyncDeskManager - DEBUG - Ticket 33083: No encontrado en Clarity
2025-11-03 12:30:01 - SyncDeskManager - DEBUG - Ticket 33088: No encontrado en Clarity
2025-11-03 12:30:01 - SyncDeskManager - DEBUG - Ticket 33127: No encontrado en Clarity
2025-11-03 12:30:01 - SyncDeskManager - DEBUG - Ticket 33128: No encontrado en Clarity
2025-11-03 12:30:01 - SyncDeskManager - DEBUG - Ticket 33129: No encontrado en Clarity
2025-11-03 12:30:01 - SyncDeskManager - DEBUG - Ticket 33139: No encontrado en Clarity
2025-11-03 12:30:01 - SyncDeskManager - DEBUG - Ticket 33225: No encontrado en Clarity
2025-11-03 12:30:01 - SyncDeskManager - DEBUG - Ticket 33226: No encontrado en Clarity
2025-11-03 12:30:01 - SyncDeskManager - DEBUG - Ticket 33247: No encontrado en Clarity
2025-11-03 12:30:01 - SyncDeskManager - DEBUG - Ticket 33310: No encontrado en Clarity
2025-11-03 12:30:01 - SyncDeskManager - DEBUG - Ticket 33314: No encontrado en Clarity
2025-11-03 12:30:01 - SyncDeskManager - DEBUG - Ticket 33334: No encontrado en Clarity
2025-11-03 12:30:01 - SyncDeskManager - DEBUG - Ticket 33346: No encontrado en Clarity
2025-11-03 12:30:01 - SyncDeskManager - DEBUG - Ticket 33357: No encontrado en Clarity
2025-11-03 12:30:01 - SyncDeskManager - DEBUG - Ticket 33361: No encontrado en Clarity
2025-11-03 12:30:01 - SyncDeskManager - DEBUG - Ticket 33364: No encontrado en Clarity
2025-11-03 12:30:01 - SyncDeskManager - DEBUG - Ticket 33384: No encontrado en Clarity
2025-11-03 12:30:01 - SyncDeskManager - DEBUG - Ticket 33395: No encontrado en Clarity
2025-11-03 12:30:01 - SyncDeskManager - DEBUG - Ticket 33432: No encontrado en Clarity
2025-11-03 12:30:02 - SyncDeskManager - DEBUG - Ticket 33448: No encontrado en Clarity
2025-11-03 12:30:02 - SyncDeskManager - DEBUG - Ticket 33451: No encontrado en Clarity
2025-11-03 12:30:02 - SyncDeskManager - DEBUG - Ticket 33461: No encontrado en Clarity
2025-11-03 12:30:02 - SyncDeskManager - DEBUG - Ticket 33474: No encontrado en Clarity
2025-11-03 12:30:02 - SyncDeskManager - DEBUG - Ticket 33476: No encontrado en Clarity
2025-11-03 12:30:02 - SyncDeskManager - DEBUG - Ticket 33478: No encontrado en Clarity
2025-11-03 12:30:02 - SyncDeskManager - DEBUG - Ticket 33489: No encontrado en Clarity
2025-11-03 12:30:02 - SyncDeskManager - DEBUG - Ticket 33490: No encontrado en Clarity
2025-11-03 12:30:02 - SyncDeskManager - DEBUG - Ticket 33496: No encontrado en Clarity
2025-11-03 12:30:02 - SyncDeskManager - DEBUG - Ticket 33513: No encontrado en Clarity
2025-11-03 12:30:02 - SyncDeskManager - DEBUG - Ticket 33529: No encontrado en Clarity
2025-11-03 12:30:02 - SyncDeskManager - DEBUG - Ticket 33540: No encontrado en Clarity
2025-11-03 12:30:02 - SyncDeskManager - DEBUG - Ticket 33541: No encontrado en Clarity
2025-11-03 12:30:02 - SyncDeskManager - DEBUG - Ticket 33558: No encontrado en Clarity
2025-11-03 12:30:02 - SyncDeskManager - DEBUG - Ticket 33566: No encontrado en Clarity
2025-11-03 12:30:02 - SyncDeskManager - DEBUG - Ticket 33572: Diferencia encontrada Resuelto -> Cerrada
2025-11-03 12:30:02 - SyncDeskManager - DEBUG - Ticket 33581: Diferencia encontrada Resuelto -> Cerrada
2025-11-03 12:30:02 - SyncDeskManager - DEBUG - Ticket 33583: Diferencia encontrada Resuelto -> Cerrada
2025-11-03 12:30:02 - SyncDeskManager - DEBUG - Ticket 33585: No encontrado en Clarity
2025-11-03 12:30:02 - SyncDeskManager - DEBUG - Ticket 33607: Diferencia encontrada Resuelto -> Cerrada
2025-11-03 12:30:02 - SyncDeskManager - DEBUG - Ticket 33608: Diferencia encontrada Resuelto -> Cerrada
2025-11-03 12:30:02 - SyncDeskManager - DEBUG - Ticket 33611: No encontrado en Clarity
2025-11-03 12:30:02 - SyncDeskManager - DEBUG - Ticket 33612: Diferencia encontrada Resuelto -> Cerrada
2025-11-03 12:30:02 - SyncDeskManager - DEBUG - Ticket 33613: Diferencia encontrada Resuelto -> Cerrada
2025-11-03 12:30:02 - SyncDeskManager - DEBUG - Ticket 33614: Diferencia encontrada Resuelto -> Cerrada
2025-11-03 12:30:02 - SyncDeskManager - DEBUG - Ticket 33615: Diferencia encontrada Resuelto -> Cerrada
2025-11-03 12:30:02 - SyncDeskManager - DEBUG - Ticket 33621: No encontrado en Clarity
2025-11-03 12:30:02 - SyncDeskManager - DEBUG - Ticket 33655: No encontrado en Clarity
2025-11-03 12:30:02 - SyncDeskManager - DEBUG - Ticket 33658: Diferencia encontrada Resuelto -> Cerrada
2025-11-03 12:30:02 - SyncDeskManager - DEBUG - Ticket 33667: No encontrado en Clarity
2025-11-03 12:30:02 - SyncDeskManager - DEBUG - Ticket 33669: No encontrado en Clarity
2025-11-03 12:30:02 - SyncDeskManager - DEBUG - Ticket 33671: Diferencia encontrada Resuelto -> Cerrada
2025-11-03 12:30:02 - SyncDeskManager - DEBUG - Ticket 33672: Diferencia encontrada Resuelto -> Cerrada
2025-11-03 12:30:02 - SyncDeskManager - DEBUG - Ticket 33676: Diferencia encontrada Resuelto -> Cerrada
2025-11-03 12:30:02 - SyncDeskManager - DEBUG - Ticket 33680: Diferencia encontrada Resuelto -> Cerrada
2025-11-03 12:30:02 - SyncDeskManager - DEBUG - Ticket 33682: No encontrado en Clarity
2025-11-03 12:30:02 - SyncDeskManager - DEBUG - Ticket 33684: Diferencia encontrada Resuelto -> Cerrada
2025-11-03 12:30:02 - SyncDeskManager - DEBUG - Ticket 33702: No encontrado en Clarity
2025-11-03 12:30:02 - SyncDeskManager - DEBUG - Ticket 33707: Diferencia encontrada Resuelto -> Cerrada
2025-11-03 12:30:02 - SyncDeskManager - DEBUG - Ticket 33712: Diferencia encontrada Resuelto -> Cerrada
2025-11-03 12:30:02 - SyncDeskManager - DEBUG - Ticket 33720: Diferencia encontrada Resuelto -> Cerrada
2025-11-03 12:30:02 - SyncDeskManager - DEBUG - Ticket 33728: Diferencia encontrada Resuelto -> Cerrada
2025-11-03 12:30:02 - SyncDeskManager - DEBUG - Ticket 33732: Diferencia encontrada Resuelto -> Cerrada
2025-11-03 12:30:02 - SyncDeskManager - DEBUG - Ticket 33741: No encontrado en Clarity
2025-11-03 12:30:02 - SyncDeskManager - DEBUG - Ticket 33743: Diferencia encontrada Resuelto -> Cerrada
2025-11-03 12:30:02 - SyncDeskManager - DEBUG - Ticket 33745: Diferencia encontrada Resuelto -> Cerrada
2025-11-03 12:30:02 - SyncDeskManager - DEBUG - Ticket 33746: Diferencia encontrada Resuelto -> Cerrada
2025-11-03 12:30:02 - SyncDeskManager - DEBUG - Ticket 33747: Diferencia encontrada Resuelto -> Cerrada
2025-11-03 12:30:02 - SyncDeskManager - DEBUG - Ticket 33754: Diferencia encontrada Resuelto -> Cerrada
2025-11-03 12:30:02 - SyncDeskManager - DEBUG - Ticket 33755: Diferencia encontrada Resuelto -> Cerrada
2025-11-03 12:30:02 - SyncDeskManager - DEBUG - Ticket 33756: Diferencia encontrada Resuelto -> Cerrada
2025-11-03 12:30:02 - SyncDeskManager - DEBUG - Ticket 33757: Diferencia encontrada Resuelto -> Cerrada
2025-11-03 12:30:02 - SyncDeskManager - DEBUG - Ticket 33766: No encontrado en Clarity
2025-11-03 12:30:02 - SyncDeskManager - DEBUG - Ticket 33767: No encontrado en Clarity
2025-11-03 12:30:02 - SyncDeskManager - DEBUG - Ticket 33771: Diferencia encontrada Resuelto -> Cerrada
2025-11-03 12:30:02 - SyncDeskManager - DEBUG - Ticket 33772: Diferencia encontrada Resuelto -> Cerrada
2025-11-03 12:30:02 - SyncDeskManager - DEBUG - Ticket 33797: Diferencia encontrada Resuelto -> Cerrada
2025-11-03 12:30:02 - SyncDeskManager - DEBUG - Ticket 33798: Diferencia encontrada Resuelto -> Cerrada
2025-11-03 12:30:02 - SyncDeskManager - DEBUG - Ticket 33804: No encontrado en Clarity
2025-11-03 12:30:03 - SyncDeskManager - DEBUG - Ticket 33811: Diferencia encontrada Esperando al cliente -> Cerrada
2025-11-03 12:30:03 - SyncDeskManager - DEBUG - Ticket 33815: Diferencia encontrada Resuelto -> Cerrada
2025-11-03 12:30:03 - SyncDeskManager - DEBUG - Ticket 33820: No encontrado en Clarity
2025-11-03 12:30:03 - SyncDeskManager - DEBUG - Ticket 33837: No encontrado en Clarity
2025-11-03 12:30:03 - SyncDeskManager - DEBUG - Ticket 33842: Diferencia encontrada Resuelto -> Cerrada
2025-11-03 12:30:03 - SyncDeskManager - DEBUG - Ticket 33856: Diferencia encontrada Resuelto -> Cerrada
2025-11-03 12:30:03 - SyncDeskManager - DEBUG - Ticket 33861: No encontrado en Clarity
2025-11-03 12:30:03 - SyncDeskManager - DEBUG - Ticket 33868: Diferencia encontrada Resuelto -> Cerrada
2025-11-03 12:30:03 - SyncDeskManager - DEBUG - Ticket 33869: Diferencia encontrada Resuelto -> Cerrada
2025-11-03 12:30:03 - SyncDeskManager - DEBUG - Ticket 33887: Diferencia encontrada Resuelto -> Cerrada
2025-11-03 12:30:03 - SyncDeskManager - DEBUG - Ticket 33901: No encontrado en Clarity
2025-11-03 12:30:03 - SyncDeskManager - DEBUG - Ticket 33905: Diferencia encontrada Abierta -> Cerrada
2025-11-03 12:30:03 - SyncDeskManager - DEBUG - Ticket 33911: Diferencia encontrada En progreso -> Esperando al cliente
2025-11-03 12:30:03 - SyncDeskManager - DEBUG - Ticket 33913: No encontrado en Clarity
2025-11-03 12:30:03 - SyncDeskManager - DEBUG - Ticket 33936: Diferencia encontrada Resuelto -> Cerrada
2025-11-03 12:30:03 - SyncDeskManager - DEBUG - Ticket 33944: Diferencia encontrada Resuelto -> Cerrada
2025-11-03 12:30:03 - SyncDeskManager - DEBUG - Ticket 33960: Diferencia encontrada Resuelto -> Cerrada
2025-11-03 12:30:03 - SyncDeskManager - DEBUG - Ticket 33963: Diferencia encontrada Resuelto -> Cerrada
2025-11-03 12:30:03 - SyncDeskManager - DEBUG - Ticket 33964: Diferencia encontrada Resuelto -> Cerrada
2025-11-03 12:30:03 - SyncDeskManager - DEBUG - Ticket 33974: Diferencia encontrada Resuelto -> Cerrada
2025-11-03 12:30:03 - SyncDeskManager - DEBUG - Ticket 33998: No encontrado en Clarity
2025-11-03 12:30:03 - SyncDeskManager - DEBUG - Ticket 34008: No encontrado en Clarity
2025-11-03 12:30:03 - SyncDeskManager - DEBUG - Ticket 34021: No encontrado en Clarity
2025-11-03 12:30:03 - SyncDeskManager - DEBUG - Ticket 34025: No encontrado en Clarity
2025-11-03 12:30:03 - SyncDeskManager - DEBUG - Ticket 34038: Diferencia encontrada Abierta -> Esperando al cliente
2025-11-03 12:30:03 - SyncDeskManager - DEBUG - Ticket 34058: Diferencia encontrada Abierta -> En progreso
2025-11-03 12:30:03 - SyncDeskManager - DEBUG - Ticket 34085: Diferencia encontrada En progreso -> Derivado al Fabricante
2025-11-03 12:30:03 - SyncDeskManager - DEBUG - Ticket 34110: No encontrado en Clarity
2025-11-03 12:30:03 - SyncDeskManager - DEBUG - Ticket 34117: Diferencia encontrada Abierta -> Cerrada
2025-11-03 12:30:03 - SyncDeskManager - DEBUG - Ticket 34119: Diferencia encontrada Abierta -> Esperando al cliente
2025-11-03 12:30:03 - SyncDeskManager - DEBUG - Ticket 34130: No encontrado en Clarity
2025-11-03 12:30:03 - SyncDeskManager - DEBUG - Ticket 34132: No encontrado en Clarity
2025-11-03 12:30:03 - SyncDeskManager - DEBUG - Ticket 34133: No encontrado en Clarity
2025-11-03 12:30:03 - SyncDeskManager - DEBUG - Ticket 34137: No encontrado en Clarity
2025-11-03 12:30:03 - SyncDeskManager - DEBUG - Ticket 34142: No encontrado en Clarity
2025-11-03 12:30:03 - SyncDeskManager - DEBUG - Ticket 34143: No encontrado en Clarity
2025-11-03 12:30:03 - SyncDeskManager - DEBUG - Ticket 34145: No encontrado en Clarity
2025-11-03 12:30:03 - SyncDeskManager - DEBUG - Ticket 34148: No encontrado en Clarity
2025-11-03 12:30:03 - SyncDeskManager - DEBUG - Ticket 34149: No encontrado en Clarity
2025-11-03 12:30:03 - SyncDeskManager - DEBUG - Ticket 34153: No encontrado en Clarity
2025-11-03 12:30:03 - SyncDeskManager - INFO - Comparación completada: 163 diferencias encontradas
2025-11-03 12:30:03 - SyncDeskManager - INFO - Buscando IDs de Clarity para 163 tickets...
2025-11-03 12:30:03 - SyncDeskManager - DEBUG - Buscando ticket 31960 directamente en Clarity...
2025-11-03 12:30:03 - urllib3.connectionpool - DEBUG - Starting new HTTPS connection (1): pmservice.tdilatam.com:8043
2025-11-03 12:30:04 - urllib3.connectionpool - DEBUG - https://pmservice.tdilatam.com:8043 "GET /ppm/rest/v1/tasks?filter=%28code+%3D+%2731960%27%29&limit=1&fields=code%2Cp_tdi_estado_freshdesk%2C_internalId%2C_parentId%2Cname%2Cstatus HTTP/1.1" 200 404
2025-11-03 12:30:04 - SyncDeskManager - INFO - Ticket 31960 encontrado directamente
2025-11-03 12:30:04 - SyncDeskManager - DEBUG - Buscando ticket 31961 directamente en Clarity...
2025-11-03 12:30:05 - urllib3.connectionpool - DEBUG - https://pmservice.tdilatam.com:8043 "GET /ppm/rest/v1/tasks?filter=%28code+%3D+%2731961%27%29&limit=1&fields=code%2Cp_tdi_estado_freshdesk%2C_internalId%2C_parentId%2Cname%2Cstatus HTTP/1.1" 200 407
2025-11-03 12:30:05 - SyncDeskManager - INFO - Ticket 31961 encontrado directamente
2025-11-03 12:30:05 - SyncDeskManager - DEBUG - Buscando ticket 31962 directamente en Clarity...
2025-11-03 12:30:05 - urllib3.connectionpool - DEBUG - https://pmservice.tdilatam.com:8043 "GET /ppm/rest/v1/tasks?filter=%28code+%3D+%2731962%27%29&limit=1&fields=code%2Cp_tdi_estado_freshdesk%2C_internalId%2C_parentId%2Cname%2Cstatus HTTP/1.1" 200 417
2025-11-03 12:30:05 - SyncDeskManager - INFO - Ticket 31962 encontrado directamente
2025-11-03 12:30:05 - SyncDeskManager - DEBUG - Buscando ticket 31963 directamente en Clarity...
2025-11-03 12:30:05 - urllib3.connectionpool - DEBUG - https://pmservice.tdilatam.com:8043 "GET /ppm/rest/v1/tasks?filter=%28code+%3D+%2731963%27%29&limit=1&fields=code%2Cp_tdi_estado_freshdesk%2C_internalId%2C_parentId%2Cname%2Cstatus HTTP/1.1" 200 405
2025-11-03 12:30:05 - SyncDeskManager - INFO - Ticket 31963 encontrado directamente
2025-11-03 12:30:05 - SyncDeskManager - DEBUG - Buscando ticket 31964 directamente en Clarity...
2025-11-03 12:30:05 - urllib3.connectionpool - DEBUG - https://pmservice.tdilatam.com:8043 "GET /ppm/rest/v1/tasks?filter=%28code+%3D+%2731964%27%29&limit=1&fields=code%2Cp_tdi_estado_freshdesk%2C_internalId%2C_parentId%2Cname%2Cstatus HTTP/1.1" 200 393
2025-11-03 12:30:05 - SyncDeskManager - INFO - Ticket 31964 encontrado directamente
2025-11-03 12:30:05 - SyncDeskManager - DEBUG - Buscando ticket 31972 directamente en Clarity...
2025-11-03 12:30:05 - urllib3.connectionpool - DEBUG - https://pmservice.tdilatam.com:8043 "GET /ppm/rest/v1/tasks?filter=%28code+%3D+%2731972%27%29&limit=1&fields=code%2Cp_tdi_estado_freshdesk%2C_internalId%2C_parentId%2Cname%2Cstatus HTTP/1.1" 200 406
2025-11-03 12:30:05 - SyncDeskManager - INFO - Ticket 31972 encontrado directamente
2025-11-03 12:30:05 - SyncDeskManager - DEBUG - Buscando ticket 31973 directamente en Clarity...
2025-11-03 12:30:05 - urllib3.connectionpool - DEBUG - https://pmservice.tdilatam.com:8043 "GET /ppm/rest/v1/tasks?filter=%28code+%3D+%2731973%27%29&limit=1&fields=code%2Cp_tdi_estado_freshdesk%2C_internalId%2C_parentId%2Cname%2Cstatus HTTP/1.1" 200 373
2025-11-03 12:30:05 - SyncDeskManager - INFO - Ticket 31973 encontrado directamente
2025-11-03 12:30:05 - SyncDeskManager - DEBUG - Buscando ticket 31974 directamente en Clarity...
2025-11-03 12:30:05 - urllib3.connectionpool - DEBUG - https://pmservice.tdilatam.com:8043 "GET /ppm/rest/v1/tasks?filter=%28code+%3D+%2731974%27%29&limit=1&fields=code%2Cp_tdi_estado_freshdesk%2C_internalId%2C_parentId%2Cname%2Cstatus HTTP/1.1" 200 398
2025-11-03 12:30:05 - SyncDeskManager - INFO - Ticket 31974 encontrado directamente
2025-11-03 12:30:05 - SyncDeskManager - DEBUG - Buscando ticket 31975 directamente en Clarity...
2025-11-03 12:30:05 - urllib3.connectionpool - DEBUG - https://pmservice.tdilatam.com:8043 "GET /ppm/rest/v1/tasks?filter=%28code+%3D+%2731975%27%29&limit=1&fields=code%2Cp_tdi_estado_freshdesk%2C_internalId%2C_parentId%2Cname%2Cstatus HTTP/1.1" 200 407
2025-11-03 12:30:05 - SyncDeskManager - INFO - Ticket 31975 encontrado directamente
2025-11-03 12:30:05 - SyncDeskManager - DEBUG - Buscando ticket 31977 directamente en Clarity...
2025-11-03 12:30:05 - urllib3.connectionpool - DEBUG - https://pmservice.tdilatam.com:8043 "GET /ppm/rest/v1/tasks?filter=%28code+%3D+%2731977%27%29&limit=1&fields=code%2Cp_tdi_estado_freshdesk%2C_internalId%2C_parentId%2Cname%2Cstatus HTTP/1.1" 200 404
2025-11-03 12:30:05 - SyncDeskManager - INFO - Ticket 31977 encontrado directamente
2025-11-03 12:30:05 - SyncDeskManager - DEBUG - Buscando ticket 31978 directamente en Clarity...
2025-11-03 12:30:05 - urllib3.connectionpool - DEBUG - https://pmservice.tdilatam.com:8043 "GET /ppm/rest/v1/tasks?filter=%28code+%3D+%2731978%27%29&limit=1&fields=code%2Cp_tdi_estado_freshdesk%2C_internalId%2C_parentId%2Cname%2Cstatus HTTP/1.1" 200 387
2025-11-03 12:30:05 - SyncDeskManager - INFO - Ticket 31978 encontrado directamente
2025-11-03 12:30:05 - SyncDeskManager - DEBUG - Buscando ticket 31979 directamente en Clarity...
2025-11-03 12:30:05 - urllib3.connectionpool - DEBUG - https://pmservice.tdilatam.com:8043 "GET /ppm/rest/v1/tasks?filter=%28code+%3D+%2731979%27%29&limit=1&fields=code%2Cp_tdi_estado_freshdesk%2C_internalId%2C_parentId%2Cname%2Cstatus HTTP/1.1" 200 388
2025-11-03 12:30:05 - SyncDeskManager - INFO - Ticket 31979 encontrado directamente
2025-11-03 12:30:05 - SyncDeskManager - DEBUG - Buscando ticket 31983 directamente en Clarity...
2025-11-03 12:30:05 - urllib3.connectionpool - DEBUG - https://pmservice.tdilatam.com:8043 "GET /ppm/rest/v1/tasks?filter=%28code+%3D+%2731983%27%29&limit=1&fields=code%2Cp_tdi_estado_freshdesk%2C_internalId%2C_parentId%2Cname%2Cstatus HTTP/1.1" 200 413
2025-11-03 12:30:05 - SyncDeskManager - INFO - Ticket 31983 encontrado directamente
2025-11-03 12:30:05 - SyncDeskManager - DEBUG - Buscando ticket 31984 directamente en Clarity...
2025-11-03 12:30:05 - urllib3.connectionpool - DEBUG - https://pmservice.tdilatam.com:8043 "GET /ppm/rest/v1/tasks?filter=%28code+%3D+%2731984%27%29&limit=1&fields=code%2Cp_tdi_estado_freshdesk%2C_internalId%2C_parentId%2Cname%2Cstatus HTTP/1.1" 200 401
2025-11-03 12:30:05 - SyncDeskManager - INFO - Ticket 31984 encontrado directamente
2025-11-03 12:30:05 - SyncDeskManager - DEBUG - Buscando ticket 31987 directamente en Clarity...
2025-11-03 12:30:06 - urllib3.connectionpool - DEBUG - https://pmservice.tdilatam.com:8043 "GET /ppm/rest/v1/tasks?filter=%28code+%3D+%2731987%27%29&limit=1&fields=code%2Cp_tdi_estado_freshdesk%2C_internalId%2C_parentId%2Cname%2Cstatus HTTP/1.1" 200 406
2025-11-03 12:30:06 - SyncDeskManager - INFO - Ticket 31987 encontrado directamente
2025-11-03 12:30:06 - SyncDeskManager - DEBUG - Buscando ticket 31990 directamente en Clarity...
2025-11-03 12:30:06 - urllib3.connectionpool - DEBUG - https://pmservice.tdilatam.com:8043 "GET /ppm/rest/v1/tasks?filter=%28code+%3D+%2731990%27%29&limit=1&fields=code%2Cp_tdi_estado_freshdesk%2C_internalId%2C_parentId%2Cname%2Cstatus HTTP/1.1" 200 392
2025-11-03 12:30:06 - SyncDeskManager - INFO - Ticket 31990 encontrado directamente
2025-11-03 12:30:06 - SyncDeskManager - DEBUG - Buscando ticket 31994 directamente en Clarity...
2025-11-03 12:30:06 - urllib3.connectionpool - DEBUG - https://pmservice.tdilatam.com:8043 "GET /ppm/rest/v1/tasks?filter=%28code+%3D+%2731994%27%29&limit=1&fields=code%2Cp_tdi_estado_freshdesk%2C_internalId%2C_parentId%2Cname%2Cstatus HTTP/1.1" 200 407
2025-11-03 12:30:06 - SyncDeskManager - INFO - Ticket 31994 encontrado directamente
2025-11-03 12:30:06 - SyncDeskManager - DEBUG - Buscando ticket 31996 directamente en Clarity...
2025-11-03 12:30:06 - urllib3.connectionpool - DEBUG - https://pmservice.tdilatam.com:8043 "GET /ppm/rest/v1/tasks?filter=%28code+%3D+%2731996%27%29&limit=1&fields=code%2Cp_tdi_estado_freshdesk%2C_internalId%2C_parentId%2Cname%2Cstatus HTTP/1.1" 200 413
2025-11-03 12:30:06 - SyncDeskManager - INFO - Ticket 31996 encontrado directamente
2025-11-03 12:30:06 - SyncDeskManager - DEBUG - Buscando ticket 31997 directamente en Clarity...
2025-11-03 12:30:06 - urllib3.connectionpool - DEBUG - https://pmservice.tdilatam.com:8043 "GET /ppm/rest/v1/tasks?filter=%28code+%3D+%2731997%27%29&limit=1&fields=code%2Cp_tdi_estado_freshdesk%2C_internalId%2C_parentId%2Cname%2Cstatus HTTP/1.1" 200 416
2025-11-03 12:30:06 - SyncDeskManager - INFO - Ticket 31997 encontrado directamente
2025-11-03 12:30:06 - SyncDeskManager - DEBUG - Buscando ticket 31999 directamente en Clarity...
2025-11-03 12:30:06 - urllib3.connectionpool - DEBUG - https://pmservice.tdilatam.com:8043 "GET /ppm/rest/v1/tasks?filter=%28code+%3D+%2731999%27%29&limit=1&fields=code%2Cp_tdi_estado_freshdesk%2C_internalId%2C_parentId%2Cname%2Cstatus HTTP/1.1" 200 376
2025-11-03 12:30:06 - SyncDeskManager - INFO - Ticket 31999 encontrado directamente
2025-11-03 12:30:06 - SyncDeskManager - DEBUG - Buscando ticket 32001 directamente en Clarity...
2025-11-03 12:30:06 - urllib3.connectionpool - DEBUG - https://pmservice.tdilatam.com:8043 "GET /ppm/rest/v1/tasks?filter=%28code+%3D+%2732001%27%29&limit=1&fields=code%2Cp_tdi_estado_freshdesk%2C_internalId%2C_parentId%2Cname%2Cstatus HTTP/1.1" 200 407
2025-11-03 12:30:06 - SyncDeskManager - INFO - Ticket 32001 encontrado directamente
2025-11-03 12:30:06 - SyncDeskManager - DEBUG - Buscando ticket 32003 directamente en Clarity...
2025-11-03 12:30:06 - urllib3.connectionpool - DEBUG - https://pmservice.tdilatam.com:8043 "GET /ppm/rest/v1/tasks?filter=%28code+%3D+%2732003%27%29&limit=1&fields=code%2Cp_tdi_estado_freshdesk%2C_internalId%2C_parentId%2Cname%2Cstatus HTTP/1.1" 200 368
2025-11-03 12:30:06 - SyncDeskManager - INFO - Ticket 32003 encontrado directamente
2025-11-03 12:30:06 - SyncDeskManager - DEBUG - Buscando ticket 32005 directamente en Clarity...
2025-11-03 12:30:06 - urllib3.connectionpool - DEBUG - https://pmservice.tdilatam.com:8043 "GET /ppm/rest/v1/tasks?filter=%28code+%3D+%2732005%27%29&limit=1&fields=code%2Cp_tdi_estado_freshdesk%2C_internalId%2C_parentId%2Cname%2Cstatus HTTP/1.1" 200 406
2025-11-03 12:30:06 - SyncDeskManager - INFO - Ticket 32005 encontrado directamente
2025-11-03 12:30:06 - SyncDeskManager - DEBUG - Buscando ticket 32008 directamente en Clarity...
2025-11-03 12:30:06 - urllib3.connectionpool - DEBUG - https://pmservice.tdilatam.com:8043 "GET /ppm/rest/v1/tasks?filter=%28code+%3D+%2732008%27%29&limit=1&fields=code%2Cp_tdi_estado_freshdesk%2C_internalId%2C_parentId%2Cname%2Cstatus HTTP/1.1" 200 387
2025-11-03 12:30:06 - SyncDeskManager - INFO - Ticket 32008 encontrado directamente
2025-11-03 12:30:06 - SyncDeskManager - DEBUG - Buscando ticket 32009 directamente en Clarity...
2025-11-03 12:30:06 - urllib3.connectionpool - DEBUG - https://pmservice.tdilatam.com:8043 "GET /ppm/rest/v1/tasks?filter=%28code+%3D+%2732009%27%29&limit=1&fields=code%2Cp_tdi_estado_freshdesk%2C_internalId%2C_parentId%2Cname%2Cstatus HTTP/1.1" 200 372
2025-11-03 12:30:06 - SyncDeskManager - INFO - Ticket 32009 encontrado directamente
2025-11-03 12:30:06 - SyncDeskManager - DEBUG - Buscando ticket 32010 directamente en Clarity...
2025-11-03 12:30:06 - urllib3.connectionpool - DEBUG - https://pmservice.tdilatam.com:8043 "GET /ppm/rest/v1/tasks?filter=%28code+%3D+%2732010%27%29&limit=1&fields=code%2Cp_tdi_estado_freshdesk%2C_internalId%2C_parentId%2Cname%2Cstatus HTTP/1.1" 200 372
2025-11-03 12:30:06 - SyncDeskManager - INFO - Ticket 32010 encontrado directamente
2025-11-03 12:30:06 - SyncDeskManager - DEBUG - Buscando ticket 32011 directamente en Clarity...
2025-11-03 12:30:06 - urllib3.connectionpool - DEBUG - https://pmservice.tdilatam.com:8043 "GET /ppm/rest/v1/tasks?filter=%28code+%3D+%2732011%27%29&limit=1&fields=code%2Cp_tdi_estado_freshdesk%2C_internalId%2C_parentId%2Cname%2Cstatus HTTP/1.1" 200 395
2025-11-03 12:30:06 - SyncDeskManager - INFO - Ticket 32011 encontrado directamente
2025-11-03 12:30:06 - SyncDeskManager - DEBUG - Buscando ticket 32012 directamente en Clarity...
2025-11-03 12:30:06 - urllib3.connectionpool - DEBUG - https://pmservice.tdilatam.com:8043 "GET /ppm/rest/v1/tasks?filter=%28code+%3D+%2732012%27%29&limit=1&fields=code%2Cp_tdi_estado_freshdesk%2C_internalId%2C_parentId%2Cname%2Cstatus HTTP/1.1" 200 368
2025-11-03 12:30:06 - SyncDeskManager - INFO - Ticket 32012 encontrado directamente
2025-11-03 12:30:06 - SyncDeskManager - DEBUG - Buscando ticket 32013 directamente en Clarity...
2025-11-03 12:30:06 - urllib3.connectionpool - DEBUG - https://pmservice.tdilatam.com:8043 "GET /ppm/rest/v1/tasks?filter=%28code+%3D+%2732013%27%29&limit=1&fields=code%2Cp_tdi_estado_freshdesk%2C_internalId%2C_parentId%2Cname%2Cstatus HTTP/1.1" 200 394
2025-11-03 12:30:06 - SyncDeskManager - INFO - Ticket 32013 encontrado directamente
2025-11-03 12:30:06 - SyncDeskManager - DEBUG - Buscando ticket 32014 directamente en Clarity...
2025-11-03 12:30:06 - urllib3.connectionpool - DEBUG - https://pmservice.tdilatam.com:8043 "GET /ppm/rest/v1/tasks?filter=%28code+%3D+%2732014%27%29&limit=1&fields=code%2Cp_tdi_estado_freshdesk%2C_internalId%2C_parentId%2Cname%2Cstatus HTTP/1.1" 200 394
2025-11-03 12:30:06 - SyncDeskManager - INFO - Ticket 32014 encontrado directamente
2025-11-03 12:30:06 - SyncDeskManager - DEBUG - Buscando ticket 32015 directamente en Clarity...
2025-11-03 12:30:07 - urllib3.connectionpool - DEBUG - https://pmservice.tdilatam.com:8043 "GET /ppm/rest/v1/tasks?filter=%28code+%3D+%2732015%27%29&limit=1&fields=code%2Cp_tdi_estado_freshdesk%2C_internalId%2C_parentId%2Cname%2Cstatus HTTP/1.1" 200 394
2025-11-03 12:30:07 - SyncDeskManager - INFO - Ticket 32015 encontrado directamente
2025-11-03 12:30:07 - SyncDeskManager - DEBUG - Buscando ticket 32020 directamente en Clarity...
2025-11-03 12:30:07 - urllib3.connectionpool - DEBUG - https://pmservice.tdilatam.com:8043 "GET /ppm/rest/v1/tasks?filter=%28code+%3D+%2732020%27%29&limit=1&fields=code%2Cp_tdi_estado_freshdesk%2C_internalId%2C_parentId%2Cname%2Cstatus HTTP/1.1" 200 407
2025-11-03 12:30:07 - SyncDeskManager - INFO - Ticket 32020 encontrado directamente
2025-11-03 12:30:07 - SyncDeskManager - DEBUG - Buscando ticket 32021 directamente en Clarity...
2025-11-03 12:30:07 - urllib3.connectionpool - DEBUG - https://pmservice.tdilatam.com:8043 "GET /ppm/rest/v1/tasks?filter=%28code+%3D+%2732021%27%29&limit=1&fields=code%2Cp_tdi_estado_freshdesk%2C_internalId%2C_parentId%2Cname%2Cstatus HTTP/1.1" 200 407
2025-11-03 12:30:07 - SyncDeskManager - INFO - Ticket 32021 encontrado directamente
2025-11-03 12:30:07 - SyncDeskManager - DEBUG - Buscando ticket 32022 directamente en Clarity...
2025-11-03 12:30:07 - urllib3.connectionpool - DEBUG - https://pmservice.tdilatam.com:8043 "GET /ppm/rest/v1/tasks?filter=%28code+%3D+%2732022%27%29&limit=1&fields=code%2Cp_tdi_estado_freshdesk%2C_internalId%2C_parentId%2Cname%2Cstatus HTTP/1.1" 200 407
2025-11-03 12:30:07 - SyncDeskManager - INFO - Ticket 32022 encontrado directamente
2025-11-03 12:30:07 - SyncDeskManager - DEBUG - Buscando ticket 32025 directamente en Clarity...
2025-11-03 12:30:07 - urllib3.connectionpool - DEBUG - https://pmservice.tdilatam.com:8043 "GET /ppm/rest/v1/tasks?filter=%28code+%3D+%2732025%27%29&limit=1&fields=code%2Cp_tdi_estado_freshdesk%2C_internalId%2C_parentId%2Cname%2Cstatus HTTP/1.1" 200 406
2025-11-03 12:30:07 - SyncDeskManager - INFO - Ticket 32025 encontrado directamente
2025-11-03 12:30:07 - SyncDeskManager - DEBUG - Buscando ticket 32033 directamente en Clarity...
2025-11-03 12:30:07 - urllib3.connectionpool - DEBUG - https://pmservice.tdilatam.com:8043 "GET /ppm/rest/v1/tasks?filter=%28code+%3D+%2732033%27%29&limit=1&fields=code%2Cp_tdi_estado_freshdesk%2C_internalId%2C_parentId%2Cname%2Cstatus HTTP/1.1" 200 389
2025-11-03 12:30:07 - SyncDeskManager - INFO - Ticket 32033 encontrado directamente
2025-11-03 12:30:07 - SyncDeskManager - DEBUG - Buscando ticket 32035 directamente en Clarity...
2025-11-03 12:30:07 - urllib3.connectionpool - DEBUG - https://pmservice.tdilatam.com:8043 "GET /ppm/rest/v1/tasks?filter=%28code+%3D+%2732035%27%29&limit=1&fields=code%2Cp_tdi_estado_freshdesk%2C_internalId%2C_parentId%2Cname%2Cstatus HTTP/1.1" 200 407
2025-11-03 12:30:07 - SyncDeskManager - INFO - Ticket 32035 encontrado directamente
2025-11-03 12:30:07 - SyncDeskManager - DEBUG - Buscando ticket 32036 directamente en Clarity...
2025-11-03 12:30:07 - urllib3.connectionpool - DEBUG - https://pmservice.tdilatam.com:8043 "GET /ppm/rest/v1/tasks?filter=%28code+%3D+%2732036%27%29&limit=1&fields=code%2Cp_tdi_estado_freshdesk%2C_internalId%2C_parentId%2Cname%2Cstatus HTTP/1.1" 200 415
2025-11-03 12:30:07 - SyncDeskManager - INFO - Ticket 32036 encontrado directamente
2025-11-03 12:30:07 - SyncDeskManager - DEBUG - Buscando ticket 32041 directamente en Clarity...
2025-11-03 12:30:08 - urllib3.connectionpool - DEBUG - https://pmservice.tdilatam.com:8043 "GET /ppm/rest/v1/tasks?filter=%28code+%3D+%2732041%27%29&limit=1&fields=code%2Cp_tdi_estado_freshdesk%2C_internalId%2C_parentId%2Cname%2Cstatus HTTP/1.1" 200 417
2025-11-03 12:30:08 - SyncDeskManager - INFO - Ticket 32041 encontrado directamente
2025-11-03 12:30:08 - SyncDeskManager - DEBUG - Buscando ticket 32042 directamente en Clarity...
2025-11-03 12:30:08 - urllib3.connectionpool - DEBUG - https://pmservice.tdilatam.com:8043 "GET /ppm/rest/v1/tasks?filter=%28code+%3D+%2732042%27%29&limit=1&fields=code%2Cp_tdi_estado_freshdesk%2C_internalId%2C_parentId%2Cname%2Cstatus HTTP/1.1" 200 368
2025-11-03 12:30:08 - SyncDeskManager - INFO - Ticket 32042 encontrado directamente
2025-11-03 12:30:08 - SyncDeskManager - DEBUG - Buscando ticket 32043 directamente en Clarity...
2025-11-03 12:30:08 - urllib3.connectionpool - DEBUG - https://pmservice.tdilatam.com:8043 "GET /ppm/rest/v1/tasks?filter=%28code+%3D+%2732043%27%29&limit=1&fields=code%2Cp_tdi_estado_freshdesk%2C_internalId%2C_parentId%2Cname%2Cstatus HTTP/1.1" 200 387
2025-11-03 12:30:08 - SyncDeskManager - INFO - Ticket 32043 encontrado directamente
2025-11-03 12:30:08 - SyncDeskManager - DEBUG - Buscando ticket 32044 directamente en Clarity...
2025-11-03 12:30:08 - urllib3.connectionpool - DEBUG - https://pmservice.tdilatam.com:8043 "GET /ppm/rest/v1/tasks?filter=%28code+%3D+%2732044%27%29&limit=1&fields=code%2Cp_tdi_estado_freshdesk%2C_internalId%2C_parentId%2Cname%2Cstatus HTTP/1.1" 200 377
2025-11-03 12:30:08 - SyncDeskManager - INFO - Ticket 32044 encontrado directamente
2025-11-03 12:30:08 - SyncDeskManager - DEBUG - Buscando ticket 32067 directamente en Clarity...
2025-11-03 12:30:08 - urllib3.connectionpool - DEBUG - https://pmservice.tdilatam.com:8043 "GET /ppm/rest/v1/tasks?filter=%28code+%3D+%2732067%27%29&limit=1&fields=code%2Cp_tdi_estado_freshdesk%2C_internalId%2C_parentId%2Cname%2Cstatus HTTP/1.1" 200 414
2025-11-03 12:30:08 - SyncDeskManager - INFO - Ticket 32067 encontrado directamente
2025-11-03 12:30:08 - SyncDeskManager - DEBUG - Buscando ticket 32068 directamente en Clarity...
2025-11-03 12:30:08 - urllib3.connectionpool - DEBUG - https://pmservice.tdilatam.com:8043 "GET /ppm/rest/v1/tasks?filter=%28code+%3D+%2732068%27%29&limit=1&fields=code%2Cp_tdi_estado_freshdesk%2C_internalId%2C_parentId%2Cname%2Cstatus HTTP/1.1" 200 410
2025-11-03 12:30:08 - SyncDeskManager - INFO - Ticket 32068 encontrado directamente
2025-11-03 12:30:08 - SyncDeskManager - DEBUG - Buscando ticket 32075 directamente en Clarity...
2025-11-03 12:30:08 - urllib3.connectionpool - DEBUG - https://pmservice.tdilatam.com:8043 "GET /ppm/rest/v1/tasks?filter=%28code+%3D+%2732075%27%29&limit=1&fields=code%2Cp_tdi_estado_freshdesk%2C_internalId%2C_parentId%2Cname%2Cstatus HTTP/1.1" 200 372
2025-11-03 12:30:08 - SyncDeskManager - INFO - Ticket 32075 encontrado directamente
2025-11-03 12:30:08 - SyncDeskManager - DEBUG - Buscando ticket 32088 directamente en Clarity...
2025-11-03 12:30:08 - urllib3.connectionpool - DEBUG - https://pmservice.tdilatam.com:8043 "GET /ppm/rest/v1/tasks?filter=%28code+%3D+%2732088%27%29&limit=1&fields=code%2Cp_tdi_estado_freshdesk%2C_internalId%2C_parentId%2Cname%2Cstatus HTTP/1.1" 200 424
2025-11-03 12:30:08 - SyncDeskManager - INFO - Ticket 32088 encontrado directamente
2025-11-03 12:30:08 - SyncDeskManager - DEBUG - Buscando ticket 32097 directamente en Clarity...
2025-11-03 12:30:08 - urllib3.connectionpool - DEBUG - https://pmservice.tdilatam.com:8043 "GET /ppm/rest/v1/tasks?filter=%28code+%3D+%2732097%27%29&limit=1&fields=code%2Cp_tdi_estado_freshdesk%2C_internalId%2C_parentId%2Cname%2Cstatus HTTP/1.1" 200 403
2025-11-03 12:30:08 - SyncDeskManager - INFO - Ticket 32097 encontrado directamente
2025-11-03 12:30:08 - SyncDeskManager - DEBUG - Buscando ticket 32103 directamente en Clarity...
2025-11-03 12:30:08 - urllib3.connectionpool - DEBUG - https://pmservice.tdilatam.com:8043 "GET /ppm/rest/v1/tasks?filter=%28code+%3D+%2732103%27%29&limit=1&fields=code%2Cp_tdi_estado_freshdesk%2C_internalId%2C_parentId%2Cname%2Cstatus HTTP/1.1" 200 413
2025-11-03 12:30:08 - SyncDeskManager - INFO - Ticket 32103 encontrado directamente
2025-11-03 12:30:08 - SyncDeskManager - DEBUG - Buscando ticket 32110 directamente en Clarity...
2025-11-03 12:30:09 - urllib3.connectionpool - DEBUG - https://pmservice.tdilatam.com:8043 "GET /ppm/rest/v1/tasks?filter=%28code+%3D+%2732110%27%29&limit=1&fields=code%2Cp_tdi_estado_freshdesk%2C_internalId%2C_parentId%2Cname%2Cstatus HTTP/1.1" 200 387
2025-11-03 12:30:09 - SyncDeskManager - INFO - Ticket 32110 encontrado directamente
2025-11-03 12:30:09 - SyncDeskManager - DEBUG - Buscando ticket 32114 directamente en Clarity...
2025-11-03 12:30:09 - urllib3.connectionpool - DEBUG - https://pmservice.tdilatam.com:8043 "GET /ppm/rest/v1/tasks?filter=%28code+%3D+%2732114%27%29&limit=1&fields=code%2Cp_tdi_estado_freshdesk%2C_internalId%2C_parentId%2Cname%2Cstatus HTTP/1.1" 200 389
2025-11-03 12:30:09 - SyncDeskManager - INFO - Ticket 32114 encontrado directamente
2025-11-03 12:30:09 - SyncDeskManager - DEBUG - Buscando ticket 32115 directamente en Clarity...
2025-11-03 12:30:09 - urllib3.connectionpool - DEBUG - https://pmservice.tdilatam.com:8043 "GET /ppm/rest/v1/tasks?filter=%28code+%3D+%2732115%27%29&limit=1&fields=code%2Cp_tdi_estado_freshdesk%2C_internalId%2C_parentId%2Cname%2Cstatus HTTP/1.1" 200 404
2025-11-03 12:30:09 - SyncDeskManager - INFO - Ticket 32115 encontrado directamente
2025-11-03 12:30:09 - SyncDeskManager - DEBUG - Buscando ticket 32117 directamente en Clarity...
2025-11-03 12:30:09 - urllib3.connectionpool - DEBUG - https://pmservice.tdilatam.com:8043 "GET /ppm/rest/v1/tasks?filter=%28code+%3D+%2732117%27%29&limit=1&fields=code%2Cp_tdi_estado_freshdesk%2C_internalId%2C_parentId%2Cname%2Cstatus HTTP/1.1" 200 388
2025-11-03 12:30:09 - SyncDeskManager - INFO - Ticket 32117 encontrado directamente
2025-11-03 12:30:09 - SyncDeskManager - DEBUG - Buscando ticket 32118 directamente en Clarity...
2025-11-03 12:30:09 - urllib3.connectionpool - DEBUG - https://pmservice.tdilatam.com:8043 "GET /ppm/rest/v1/tasks?filter=%28code+%3D+%2732118%27%29&limit=1&fields=code%2Cp_tdi_estado_freshdesk%2C_internalId%2C_parentId%2Cname%2Cstatus HTTP/1.1" 200 408
2025-11-03 12:30:09 - SyncDeskManager - INFO - Ticket 32118 encontrado directamente
2025-11-03 12:30:09 - SyncDeskManager - DEBUG - Buscando ticket 32120 directamente en Clarity...
2025-11-03 12:30:09 - urllib3.connectionpool - DEBUG - https://pmservice.tdilatam.com:8043 "GET /ppm/rest/v1/tasks?filter=%28code+%3D+%2732120%27%29&limit=1&fields=code%2Cp_tdi_estado_freshdesk%2C_internalId%2C_parentId%2Cname%2Cstatus HTTP/1.1" 200 407
2025-11-03 12:30:09 - SyncDeskManager - INFO - Ticket 32120 encontrado directamente
2025-11-03 12:30:09 - SyncDeskManager - DEBUG - Buscando ticket 32121 directamente en Clarity...
2025-11-03 12:30:09 - urllib3.connectionpool - DEBUG - https://pmservice.tdilatam.com:8043 "GET /ppm/rest/v1/tasks?filter=%28code+%3D+%2732121%27%29&limit=1&fields=code%2Cp_tdi_estado_freshdesk%2C_internalId%2C_parentId%2Cname%2Cstatus HTTP/1.1" 200 385
2025-11-03 12:30:09 - SyncDeskManager - INFO - Ticket 32121 encontrado directamente
2025-11-03 12:30:09 - SyncDeskManager - DEBUG - Buscando ticket 32122 directamente en Clarity...
2025-11-03 12:30:09 - urllib3.connectionpool - DEBUG - https://pmservice.tdilatam.com:8043 "GET /ppm/rest/v1/tasks?filter=%28code+%3D+%2732122%27%29&limit=1&fields=code%2Cp_tdi_estado_freshdesk%2C_internalId%2C_parentId%2Cname%2Cstatus HTTP/1.1" 200 424
2025-11-03 12:30:09 - SyncDeskManager - INFO - Ticket 32122 encontrado directamente
2025-11-03 12:30:09 - SyncDeskManager - DEBUG - Buscando ticket 32123 directamente en Clarity...
2025-11-03 12:30:09 - urllib3.connectionpool - DEBUG - https://pmservice.tdilatam.com:8043 "GET /ppm/rest/v1/tasks?filter=%28code+%3D+%2732123%27%29&limit=1&fields=code%2Cp_tdi_estado_freshdesk%2C_internalId%2C_parentId%2Cname%2Cstatus HTTP/1.1" 200 394
2025-11-03 12:30:09 - SyncDeskManager - INFO - Ticket 32123 encontrado directamente
2025-11-03 12:30:09 - SyncDeskManager - DEBUG - Buscando ticket 32125 directamente en Clarity...
2025-11-03 12:30:10 - urllib3.connectionpool - DEBUG - https://pmservice.tdilatam.com:8043 "GET /ppm/rest/v1/tasks?filter=%28code+%3D+%2732125%27%29&limit=1&fields=code%2Cp_tdi_estado_freshdesk%2C_internalId%2C_parentId%2Cname%2Cstatus HTTP/1.1" 200 398
2025-11-03 12:30:10 - SyncDeskManager - INFO - Ticket 32125 encontrado directamente
2025-11-03 12:30:10 - SyncDeskManager - DEBUG - Buscando ticket 32126 directamente en Clarity...
2025-11-03 12:30:10 - urllib3.connectionpool - DEBUG - https://pmservice.tdilatam.com:8043 "GET /ppm/rest/v1/tasks?filter=%28code+%3D+%2732126%27%29&limit=1&fields=code%2Cp_tdi_estado_freshdesk%2C_internalId%2C_parentId%2Cname%2Cstatus HTTP/1.1" 200 389
2025-11-03 12:30:10 - SyncDeskManager - INFO - Ticket 32126 encontrado directamente
2025-11-03 12:30:10 - SyncDeskManager - DEBUG - Buscando ticket 32128 directamente en Clarity...
2025-11-03 12:30:10 - urllib3.connectionpool - DEBUG - https://pmservice.tdilatam.com:8043 "GET /ppm/rest/v1/tasks?filter=%28code+%3D+%2732128%27%29&limit=1&fields=code%2Cp_tdi_estado_freshdesk%2C_internalId%2C_parentId%2Cname%2Cstatus HTTP/1.1" 200 397
2025-11-03 12:30:10 - SyncDeskManager - INFO - Ticket 32128 encontrado directamente
2025-11-03 12:30:10 - SyncDeskManager - DEBUG - Buscando ticket 32129 directamente en Clarity...
2025-11-03 12:30:10 - urllib3.connectionpool - DEBUG - https://pmservice.tdilatam.com:8043 "GET /ppm/rest/v1/tasks?filter=%28code+%3D+%2732129%27%29&limit=1&fields=code%2Cp_tdi_estado_freshdesk%2C_internalId%2C_parentId%2Cname%2Cstatus HTTP/1.1" 200 394
2025-11-03 12:30:10 - SyncDeskManager - INFO - Ticket 32129 encontrado directamente
2025-11-03 12:30:10 - SyncDeskManager - DEBUG - Buscando ticket 32130 directamente en Clarity...
2025-11-03 12:30:10 - urllib3.connectionpool - DEBUG - https://pmservice.tdilatam.com:8043 "GET /ppm/rest/v1/tasks?filter=%28code+%3D+%2732130%27%29&limit=1&fields=code%2Cp_tdi_estado_freshdesk%2C_internalId%2C_parentId%2Cname%2Cstatus HTTP/1.1" 200 396
2025-11-03 12:30:10 - SyncDeskManager - INFO - Ticket 32130 encontrado directamente
2025-11-03 12:30:10 - SyncDeskManager - DEBUG - Buscando ticket 32144 directamente en Clarity...
2025-11-03 12:30:10 - urllib3.connectionpool - DEBUG - https://pmservice.tdilatam.com:8043 "GET /ppm/rest/v1/tasks?filter=%28code+%3D+%2732144%27%29&limit=1&fields=code%2Cp_tdi_estado_freshdesk%2C_internalId%2C_parentId%2Cname%2Cstatus HTTP/1.1" 200 433
2025-11-03 12:30:10 - SyncDeskManager - INFO - Ticket 32144 encontrado directamente
2025-11-03 12:30:10 - SyncDeskManager - DEBUG - Buscando ticket 32155 directamente en Clarity...
2025-11-03 12:30:11 - urllib3.connectionpool - DEBUG - https://pmservice.tdilatam.com:8043 "GET /ppm/rest/v1/tasks?filter=%28code+%3D+%2732155%27%29&limit=1&fields=code%2Cp_tdi_estado_freshdesk%2C_internalId%2C_parentId%2Cname%2Cstatus HTTP/1.1" 200 406
2025-11-03 12:30:11 - SyncDeskManager - INFO - Ticket 32155 encontrado directamente
2025-11-03 12:30:11 - SyncDeskManager - DEBUG - Buscando ticket 32157 directamente en Clarity...
2025-11-03 12:30:11 - urllib3.connectionpool - DEBUG - https://pmservice.tdilatam.com:8043 "GET /ppm/rest/v1/tasks?filter=%28code+%3D+%2732157%27%29&limit=1&fields=code%2Cp_tdi_estado_freshdesk%2C_internalId%2C_parentId%2Cname%2Cstatus HTTP/1.1" 200 387
2025-11-03 12:30:11 - SyncDeskManager - INFO - Ticket 32157 encontrado directamente
2025-11-03 12:30:11 - SyncDeskManager - DEBUG - Buscando ticket 32158 directamente en Clarity...
2025-11-03 12:30:11 - urllib3.connectionpool - DEBUG - https://pmservice.tdilatam.com:8043 "GET /ppm/rest/v1/tasks?filter=%28code+%3D+%2732158%27%29&limit=1&fields=code%2Cp_tdi_estado_freshdesk%2C_internalId%2C_parentId%2Cname%2Cstatus HTTP/1.1" 200 378
2025-11-03 12:30:11 - SyncDeskManager - INFO - Ticket 32158 encontrado directamente
2025-11-03 12:30:11 - SyncDeskManager - DEBUG - Buscando ticket 32159 directamente en Clarity...
2025-11-03 12:30:11 - urllib3.connectionpool - DEBUG - https://pmservice.tdilatam.com:8043 "GET /ppm/rest/v1/tasks?filter=%28code+%3D+%2732159%27%29&limit=1&fields=code%2Cp_tdi_estado_freshdesk%2C_internalId%2C_parentId%2Cname%2Cstatus HTTP/1.1" 200 406
2025-11-03 12:30:11 - SyncDeskManager - INFO - Ticket 32159 encontrado directamente
2025-11-03 12:30:11 - SyncDeskManager - DEBUG - Buscando ticket 32160 directamente en Clarity...
2025-11-03 12:30:11 - urllib3.connectionpool - DEBUG - https://pmservice.tdilatam.com:8043 "GET /ppm/rest/v1/tasks?filter=%28code+%3D+%2732160%27%29&limit=1&fields=code%2Cp_tdi_estado_freshdesk%2C_internalId%2C_parentId%2Cname%2Cstatus HTTP/1.1" 200 411
2025-11-03 12:30:11 - SyncDeskManager - INFO - Ticket 32160 encontrado directamente
2025-11-03 12:30:11 - SyncDeskManager - DEBUG - Buscando ticket 32161 directamente en Clarity...
2025-11-03 12:30:11 - urllib3.connectionpool - DEBUG - https://pmservice.tdilatam.com:8043 "GET /ppm/rest/v1/tasks?filter=%28code+%3D+%2732161%27%29&limit=1&fields=code%2Cp_tdi_estado_freshdesk%2C_internalId%2C_parentId%2Cname%2Cstatus HTTP/1.1" 200 408
2025-11-03 12:30:11 - SyncDeskManager - INFO - Ticket 32161 encontrado directamente
2025-11-03 12:30:11 - SyncDeskManager - DEBUG - Buscando ticket 32162 directamente en Clarity...
2025-11-03 12:30:11 - urllib3.connectionpool - DEBUG - https://pmservice.tdilatam.com:8043 "GET /ppm/rest/v1/tasks?filter=%28code+%3D+%2732162%27%29&limit=1&fields=code%2Cp_tdi_estado_freshdesk%2C_internalId%2C_parentId%2Cname%2Cstatus HTTP/1.1" 200 398
2025-11-03 12:30:11 - SyncDeskManager - INFO - Ticket 32162 encontrado directamente
2025-11-03 12:30:11 - SyncDeskManager - DEBUG - Buscando ticket 32173 directamente en Clarity...
2025-11-03 12:30:12 - urllib3.connectionpool - DEBUG - https://pmservice.tdilatam.com:8043 "GET /ppm/rest/v1/tasks?filter=%28code+%3D+%2732173%27%29&limit=1&fields=code%2Cp_tdi_estado_freshdesk%2C_internalId%2C_parentId%2Cname%2Cstatus HTTP/1.1" 200 409
2025-11-03 12:30:12 - SyncDeskManager - INFO - Ticket 32173 encontrado directamente
2025-11-03 12:30:12 - SyncDeskManager - DEBUG - Buscando ticket 32174 directamente en Clarity...
2025-11-03 12:30:12 - urllib3.connectionpool - DEBUG - https://pmservice.tdilatam.com:8043 "GET /ppm/rest/v1/tasks?filter=%28code+%3D+%2732174%27%29&limit=1&fields=code%2Cp_tdi_estado_freshdesk%2C_internalId%2C_parentId%2Cname%2Cstatus HTTP/1.1" 200 394
2025-11-03 12:30:12 - SyncDeskManager - INFO - Ticket 32174 encontrado directamente
2025-11-03 12:30:12 - SyncDeskManager - DEBUG - Buscando ticket 32177 directamente en Clarity...
2025-11-03 12:30:12 - urllib3.connectionpool - DEBUG - https://pmservice.tdilatam.com:8043 "GET /ppm/rest/v1/tasks?filter=%28code+%3D+%2732177%27%29&limit=1&fields=code%2Cp_tdi_estado_freshdesk%2C_internalId%2C_parentId%2Cname%2Cstatus HTTP/1.1" 200 395
2025-11-03 12:30:12 - SyncDeskManager - INFO - Ticket 32177 encontrado directamente
2025-11-03 12:30:12 - SyncDeskManager - DEBUG - Buscando ticket 32179 directamente en Clarity...
2025-11-03 12:30:12 - urllib3.connectionpool - DEBUG - https://pmservice.tdilatam.com:8043 "GET /ppm/rest/v1/tasks?filter=%28code+%3D+%2732179%27%29&limit=1&fields=code%2Cp_tdi_estado_freshdesk%2C_internalId%2C_parentId%2Cname%2Cstatus HTTP/1.1" 200 403
2025-11-03 12:30:12 - SyncDeskManager - INFO - Ticket 32179 encontrado directamente
2025-11-03 12:30:12 - SyncDeskManager - DEBUG - Buscando ticket 32183 directamente en Clarity...
2025-11-03 12:30:12 - urllib3.connectionpool - DEBUG - https://pmservice.tdilatam.com:8043 "GET /ppm/rest/v1/tasks?filter=%28code+%3D+%2732183%27%29&limit=1&fields=code%2Cp_tdi_estado_freshdesk%2C_internalId%2C_parentId%2Cname%2Cstatus HTTP/1.1" 200 407
2025-11-03 12:30:12 - SyncDeskManager - INFO - Ticket 32183 encontrado directamente
2025-11-03 12:30:12 - SyncDeskManager - DEBUG - Buscando ticket 32184 directamente en Clarity...
2025-11-03 12:30:13 - urllib3.connectionpool - DEBUG - https://pmservice.tdilatam.com:8043 "GET /ppm/rest/v1/tasks?filter=%28code+%3D+%2732184%27%29&limit=1&fields=code%2Cp_tdi_estado_freshdesk%2C_internalId%2C_parentId%2Cname%2Cstatus HTTP/1.1" 200 392
2025-11-03 12:30:13 - SyncDeskManager - INFO - Ticket 32184 encontrado directamente
2025-11-03 12:30:13 - SyncDeskManager - DEBUG - Buscando ticket 32188 directamente en Clarity...
2025-11-03 12:30:13 - urllib3.connectionpool - DEBUG - https://pmservice.tdilatam.com:8043 "GET /ppm/rest/v1/tasks?filter=%28code+%3D+%2732188%27%29&limit=1&fields=code%2Cp_tdi_estado_freshdesk%2C_internalId%2C_parentId%2Cname%2Cstatus HTTP/1.1" 200 400
2025-11-03 12:30:13 - SyncDeskManager - INFO - Ticket 32188 encontrado directamente
2025-11-03 12:30:13 - SyncDeskManager - DEBUG - Buscando ticket 32192 directamente en Clarity...
2025-11-03 12:30:13 - urllib3.connectionpool - DEBUG - https://pmservice.tdilatam.com:8043 "GET /ppm/rest/v1/tasks?filter=%28code+%3D+%2732192%27%29&limit=1&fields=code%2Cp_tdi_estado_freshdesk%2C_internalId%2C_parentId%2Cname%2Cstatus HTTP/1.1" 200 425
2025-11-03 12:30:13 - SyncDeskManager - INFO - Ticket 32192 encontrado directamente
2025-11-03 12:30:13 - SyncDeskManager - DEBUG - Buscando ticket 32193 directamente en Clarity...
2025-11-03 12:30:13 - urllib3.connectionpool - DEBUG - https://pmservice.tdilatam.com:8043 "GET /ppm/rest/v1/tasks?filter=%28code+%3D+%2732193%27%29&limit=1&fields=code%2Cp_tdi_estado_freshdesk%2C_internalId%2C_parentId%2Cname%2Cstatus HTTP/1.1" 200 395
2025-11-03 12:30:13 - SyncDeskManager - INFO - Ticket 32193 encontrado directamente
2025-11-03 12:30:13 - SyncDeskManager - DEBUG - Buscando ticket 32204 directamente en Clarity...
2025-11-03 12:30:13 - urllib3.connectionpool - DEBUG - https://pmservice.tdilatam.com:8043 "GET /ppm/rest/v1/tasks?filter=%28code+%3D+%2732204%27%29&limit=1&fields=code%2Cp_tdi_estado_freshdesk%2C_internalId%2C_parentId%2Cname%2Cstatus HTTP/1.1" 200 422
2025-11-03 12:30:13 - SyncDeskManager - INFO - Ticket 32204 encontrado directamente
2025-11-03 12:30:13 - SyncDeskManager - DEBUG - Buscando ticket 32213 directamente en Clarity...
2025-11-03 12:30:13 - urllib3.connectionpool - DEBUG - https://pmservice.tdilatam.com:8043 "GET /ppm/rest/v1/tasks?filter=%28code+%3D+%2732213%27%29&limit=1&fields=code%2Cp_tdi_estado_freshdesk%2C_internalId%2C_parentId%2Cname%2Cstatus HTTP/1.1" 200 394
2025-11-03 12:30:13 - SyncDeskManager - INFO - Ticket 32213 encontrado directamente
2025-11-03 12:30:13 - SyncDeskManager - DEBUG - Buscando ticket 32214 directamente en Clarity...
2025-11-03 12:30:13 - urllib3.connectionpool - DEBUG - https://pmservice.tdilatam.com:8043 "GET /ppm/rest/v1/tasks?filter=%28code+%3D+%2732214%27%29&limit=1&fields=code%2Cp_tdi_estado_freshdesk%2C_internalId%2C_parentId%2Cname%2Cstatus HTTP/1.1" 200 451
2025-11-03 12:30:13 - SyncDeskManager - INFO - Ticket 32214 encontrado directamente
2025-11-03 12:30:13 - SyncDeskManager - DEBUG - Buscando ticket 32215 directamente en Clarity...
2025-11-03 12:30:14 - urllib3.connectionpool - DEBUG - https://pmservice.tdilatam.com:8043 "GET /ppm/rest/v1/tasks?filter=%28code+%3D+%2732215%27%29&limit=1&fields=code%2Cp_tdi_estado_freshdesk%2C_internalId%2C_parentId%2Cname%2Cstatus HTTP/1.1" 200 444
2025-11-03 12:30:14 - SyncDeskManager - INFO - Ticket 32215 encontrado directamente
2025-11-03 12:30:14 - SyncDeskManager - DEBUG - Buscando ticket 32216 directamente en Clarity...
2025-11-03 12:30:14 - urllib3.connectionpool - DEBUG - https://pmservice.tdilatam.com:8043 "GET /ppm/rest/v1/tasks?filter=%28code+%3D+%2732216%27%29&limit=1&fields=code%2Cp_tdi_estado_freshdesk%2C_internalId%2C_parentId%2Cname%2Cstatus HTTP/1.1" 200 435
2025-11-03 12:30:14 - SyncDeskManager - INFO - Ticket 32216 encontrado directamente
2025-11-03 12:30:14 - SyncDeskManager - DEBUG - Buscando ticket 32217 directamente en Clarity...
2025-11-03 12:30:14 - urllib3.connectionpool - DEBUG - https://pmservice.tdilatam.com:8043 "GET /ppm/rest/v1/tasks?filter=%28code+%3D+%2732217%27%29&limit=1&fields=code%2Cp_tdi_estado_freshdesk%2C_internalId%2C_parentId%2Cname%2Cstatus HTTP/1.1" 200 440
2025-11-03 12:30:14 - SyncDeskManager - INFO - Ticket 32217 encontrado directamente
2025-11-03 12:30:14 - SyncDeskManager - DEBUG - Buscando ticket 32220 directamente en Clarity...
2025-11-03 12:30:14 - urllib3.connectionpool - DEBUG - https://pmservice.tdilatam.com:8043 "GET /ppm/rest/v1/tasks?filter=%28code+%3D+%2732220%27%29&limit=1&fields=code%2Cp_tdi_estado_freshdesk%2C_internalId%2C_parentId%2Cname%2Cstatus HTTP/1.1" 200 385
2025-11-03 12:30:14 - SyncDeskManager - INFO - Ticket 32220 encontrado directamente
2025-11-03 12:30:14 - SyncDeskManager - DEBUG - Buscando ticket 32221 directamente en Clarity...
2025-11-03 12:30:14 - urllib3.connectionpool - DEBUG - https://pmservice.tdilatam.com:8043 "GET /ppm/rest/v1/tasks?filter=%28code+%3D+%2732221%27%29&limit=1&fields=code%2Cp_tdi_estado_freshdesk%2C_internalId%2C_parentId%2Cname%2Cstatus HTTP/1.1" 200 424
2025-11-03 12:30:14 - SyncDeskManager - INFO - Ticket 32221 encontrado directamente
2025-11-03 12:30:14 - SyncDeskManager - DEBUG - Buscando ticket 32223 directamente en Clarity...
2025-11-03 12:30:14 - urllib3.connectionpool - DEBUG - https://pmservice.tdilatam.com:8043 "GET /ppm/rest/v1/tasks?filter=%28code+%3D+%2732223%27%29&limit=1&fields=code%2Cp_tdi_estado_freshdesk%2C_internalId%2C_parentId%2Cname%2Cstatus HTTP/1.1" 200 441
2025-11-03 12:30:14 - SyncDeskManager - INFO - Ticket 32223 encontrado directamente
2025-11-03 12:30:14 - SyncDeskManager - DEBUG - Buscando ticket 32224 directamente en Clarity...
2025-11-03 12:30:14 - urllib3.connectionpool - DEBUG - https://pmservice.tdilatam.com:8043 "GET /ppm/rest/v1/tasks?filter=%28code+%3D+%2732224%27%29&limit=1&fields=code%2Cp_tdi_estado_freshdesk%2C_internalId%2C_parentId%2Cname%2Cstatus HTTP/1.1" 200 434
2025-11-03 12:30:14 - SyncDeskManager - INFO - Ticket 32224 encontrado directamente
2025-11-03 12:30:14 - SyncDeskManager - DEBUG - Buscando ticket 32225 directamente en Clarity...
2025-11-03 12:30:14 - urllib3.connectionpool - DEBUG - https://pmservice.tdilatam.com:8043 "GET /ppm/rest/v1/tasks?filter=%28code+%3D+%2732225%27%29&limit=1&fields=code%2Cp_tdi_estado_freshdesk%2C_internalId%2C_parentId%2Cname%2Cstatus HTTP/1.1" 200 433
2025-11-03 12:30:14 - SyncDeskManager - INFO - Ticket 32225 encontrado directamente
2025-11-03 12:30:14 - SyncDeskManager - DEBUG - Buscando ticket 32226 directamente en Clarity...
2025-11-03 12:30:14 - urllib3.connectionpool - DEBUG - https://pmservice.tdilatam.com:8043 "GET /ppm/rest/v1/tasks?filter=%28code+%3D+%2732226%27%29&limit=1&fields=code%2Cp_tdi_estado_freshdesk%2C_internalId%2C_parentId%2Cname%2Cstatus HTTP/1.1" 200 462
2025-11-03 12:30:14 - SyncDeskManager - INFO - Ticket 32226 encontrado directamente
2025-11-03 12:30:14 - SyncDeskManager - DEBUG - Buscando ticket 32227 directamente en Clarity...
2025-11-03 12:30:14 - urllib3.connectionpool - DEBUG - https://pmservice.tdilatam.com:8043 "GET /ppm/rest/v1/tasks?filter=%28code+%3D+%2732227%27%29&limit=1&fields=code%2Cp_tdi_estado_freshdesk%2C_internalId%2C_parentId%2Cname%2Cstatus HTTP/1.1" 200 418
2025-11-03 12:30:14 - SyncDeskManager - INFO - Ticket 32227 encontrado directamente
2025-11-03 12:30:14 - SyncDeskManager - DEBUG - Buscando ticket 32230 directamente en Clarity...
2025-11-03 12:30:14 - urllib3.connectionpool - DEBUG - https://pmservice.tdilatam.com:8043 "GET /ppm/rest/v1/tasks?filter=%28code+%3D+%2732230%27%29&limit=1&fields=code%2Cp_tdi_estado_freshdesk%2C_internalId%2C_parentId%2Cname%2Cstatus HTTP/1.1" 200 419
2025-11-03 12:30:14 - SyncDeskManager - INFO - Ticket 32230 encontrado directamente
2025-11-03 12:30:14 - SyncDeskManager - DEBUG - Buscando ticket 32233 directamente en Clarity...
2025-11-03 12:30:15 - urllib3.connectionpool - DEBUG - https://pmservice.tdilatam.com:8043 "GET /ppm/rest/v1/tasks?filter=%28code+%3D+%2732233%27%29&limit=1&fields=code%2Cp_tdi_estado_freshdesk%2C_internalId%2C_parentId%2Cname%2Cstatus HTTP/1.1" 200 411
2025-11-03 12:30:15 - SyncDeskManager - INFO - Ticket 32233 encontrado directamente
2025-11-03 12:30:15 - SyncDeskManager - DEBUG - Buscando ticket 32238 directamente en Clarity...
2025-11-03 12:30:15 - urllib3.connectionpool - DEBUG - https://pmservice.tdilatam.com:8043 "GET /ppm/rest/v1/tasks?filter=%28code+%3D+%2732238%27%29&limit=1&fields=code%2Cp_tdi_estado_freshdesk%2C_internalId%2C_parentId%2Cname%2Cstatus HTTP/1.1" 200 380
2025-11-03 12:30:15 - SyncDeskManager - INFO - Ticket 32238 encontrado directamente
2025-11-03 12:30:15 - SyncDeskManager - DEBUG - Buscando ticket 32239 directamente en Clarity...
2025-11-03 12:30:15 - urllib3.connectionpool - DEBUG - https://pmservice.tdilatam.com:8043 "GET /ppm/rest/v1/tasks?filter=%28code+%3D+%2732239%27%29&limit=1&fields=code%2Cp_tdi_estado_freshdesk%2C_internalId%2C_parentId%2Cname%2Cstatus HTTP/1.1" 200 394
2025-11-03 12:30:15 - SyncDeskManager - INFO - Ticket 32239 encontrado directamente
2025-11-03 12:30:15 - SyncDeskManager - DEBUG - Buscando ticket 32240 directamente en Clarity...
2025-11-03 12:30:15 - urllib3.connectionpool - DEBUG - https://pmservice.tdilatam.com:8043 "GET /ppm/rest/v1/tasks?filter=%28code+%3D+%2732240%27%29&limit=1&fields=code%2Cp_tdi_estado_freshdesk%2C_internalId%2C_parentId%2Cname%2Cstatus HTTP/1.1" 200 395
2025-11-03 12:30:15 - SyncDeskManager - INFO - Ticket 32240 encontrado directamente
2025-11-03 12:30:15 - SyncDeskManager - DEBUG - Buscando ticket 32241 directamente en Clarity...
2025-11-03 12:30:15 - urllib3.connectionpool - DEBUG - https://pmservice.tdilatam.com:8043 "GET /ppm/rest/v1/tasks?filter=%28code+%3D+%2732241%27%29&limit=1&fields=code%2Cp_tdi_estado_freshdesk%2C_internalId%2C_parentId%2Cname%2Cstatus HTTP/1.1" 200 394
2025-11-03 12:30:15 - SyncDeskManager - INFO - Ticket 32241 encontrado directamente
2025-11-03 12:30:15 - SyncDeskManager - DEBUG - Buscando ticket 32242 directamente en Clarity...
2025-11-03 12:30:15 - urllib3.connectionpool - DEBUG - https://pmservice.tdilatam.com:8043 "GET /ppm/rest/v1/tasks?filter=%28code+%3D+%2732242%27%29&limit=1&fields=code%2Cp_tdi_estado_freshdesk%2C_internalId%2C_parentId%2Cname%2Cstatus HTTP/1.1" 200 368
2025-11-03 12:30:15 - SyncDeskManager - INFO - Ticket 32242 encontrado directamente
2025-11-03 12:30:15 - SyncDeskManager - DEBUG - Buscando ticket 32243 directamente en Clarity...
2025-11-03 12:30:15 - urllib3.connectionpool - DEBUG - https://pmservice.tdilatam.com:8043 "GET /ppm/rest/v1/tasks?filter=%28code+%3D+%2732243%27%29&limit=1&fields=code%2Cp_tdi_estado_freshdesk%2C_internalId%2C_parentId%2Cname%2Cstatus HTTP/1.1" 200 422
2025-11-03 12:30:15 - SyncDeskManager - INFO - Ticket 32243 encontrado directamente
2025-11-03 12:30:15 - SyncDeskManager - DEBUG - Buscando ticket 32244 directamente en Clarity...
2025-11-03 12:30:15 - urllib3.connectionpool - DEBUG - Resetting dropped connection: pmservice.tdilatam.com
2025-11-03 12:30:16 - urllib3.connectionpool - DEBUG - https://pmservice.tdilatam.com:8043 "GET /ppm/rest/v1/tasks?filter=%28code+%3D+%2732244%27%29&limit=1&fields=code%2Cp_tdi_estado_freshdesk%2C_internalId%2C_parentId%2Cname%2Cstatus HTTP/1.1" 200 377
2025-11-03 12:30:16 - SyncDeskManager - INFO - Ticket 32244 encontrado directamente
2025-11-03 12:30:16 - SyncDeskManager - DEBUG - Buscando ticket 32245 directamente en Clarity...
2025-11-03 12:30:16 - urllib3.connectionpool - DEBUG - https://pmservice.tdilatam.com:8043 "GET /ppm/rest/v1/tasks?filter=%28code+%3D+%2732245%27%29&limit=1&fields=code%2Cp_tdi_estado_freshdesk%2C_internalId%2C_parentId%2Cname%2Cstatus HTTP/1.1" 200 406
2025-11-03 12:30:16 - SyncDeskManager - INFO - Ticket 32245 encontrado directamente
2025-11-03 12:30:16 - SyncDeskManager - DEBUG - Buscando ticket 32246 directamente en Clarity...
2025-11-03 12:30:16 - urllib3.connectionpool - DEBUG - https://pmservice.tdilatam.com:8043 "GET /ppm/rest/v1/tasks?filter=%28code+%3D+%2732246%27%29&limit=1&fields=code%2Cp_tdi_estado_freshdesk%2C_internalId%2C_parentId%2Cname%2Cstatus HTTP/1.1" 200 403
2025-11-03 12:30:16 - SyncDeskManager - INFO - Ticket 32246 encontrado directamente
2025-11-03 12:30:16 - SyncDeskManager - DEBUG - Buscando ticket 32248 directamente en Clarity...
2025-11-03 12:30:16 - urllib3.connectionpool - DEBUG - https://pmservice.tdilatam.com:8043 "GET /ppm/rest/v1/tasks?filter=%28code+%3D+%2732248%27%29&limit=1&fields=code%2Cp_tdi_estado_freshdesk%2C_internalId%2C_parentId%2Cname%2Cstatus HTTP/1.1" 200 388
2025-11-03 12:30:16 - SyncDeskManager - INFO - Ticket 32248 encontrado directamente
2025-11-03 12:30:16 - SyncDeskManager - DEBUG - Buscando ticket 32251 directamente en Clarity...
2025-11-03 12:30:16 - urllib3.connectionpool - DEBUG - https://pmservice.tdilatam.com:8043 "GET /ppm/rest/v1/tasks?filter=%28code+%3D+%2732251%27%29&limit=1&fields=code%2Cp_tdi_estado_freshdesk%2C_internalId%2C_parentId%2Cname%2Cstatus HTTP/1.1" 200 406
2025-11-03 12:30:16 - SyncDeskManager - INFO - Ticket 32251 encontrado directamente
2025-11-03 12:30:16 - SyncDeskManager - DEBUG - Buscando ticket 32252 directamente en Clarity...
2025-11-03 12:30:16 - urllib3.connectionpool - DEBUG - https://pmservice.tdilatam.com:8043 "GET /ppm/rest/v1/tasks?filter=%28code+%3D+%2732252%27%29&limit=1&fields=code%2Cp_tdi_estado_freshdesk%2C_internalId%2C_parentId%2Cname%2Cstatus HTTP/1.1" 200 379
2025-11-03 12:30:16 - SyncDeskManager - INFO - Ticket 32252 encontrado directamente
2025-11-03 12:30:16 - SyncDeskManager - DEBUG - Buscando ticket 32254 directamente en Clarity...
2025-11-03 12:30:16 - urllib3.connectionpool - DEBUG - https://pmservice.tdilatam.com:8043 "GET /ppm/rest/v1/tasks?filter=%28code+%3D+%2732254%27%29&limit=1&fields=code%2Cp_tdi_estado_freshdesk%2C_internalId%2C_parentId%2Cname%2Cstatus HTTP/1.1" 200 419
2025-11-03 12:30:16 - SyncDeskManager - INFO - Ticket 32254 encontrado directamente
2025-11-03 12:30:16 - SyncDeskManager - DEBUG - Buscando ticket 32255 directamente en Clarity...
2025-11-03 12:30:16 - urllib3.connectionpool - DEBUG - https://pmservice.tdilatam.com:8043 "GET /ppm/rest/v1/tasks?filter=%28code+%3D+%2732255%27%29&limit=1&fields=code%2Cp_tdi_estado_freshdesk%2C_internalId%2C_parentId%2Cname%2Cstatus HTTP/1.1" 200 434
2025-11-03 12:30:16 - SyncDeskManager - INFO - Ticket 32255 encontrado directamente
2025-11-03 12:30:16 - SyncDeskManager - DEBUG - Buscando ticket 32782 directamente en Clarity...
2025-11-03 12:30:16 - urllib3.connectionpool - DEBUG - https://pmservice.tdilatam.com:8043 "GET /ppm/rest/v1/tasks?filter=%28code+%3D+%2732782%27%29&limit=1&fields=code%2Cp_tdi_estado_freshdesk%2C_internalId%2C_parentId%2Cname%2Cstatus HTTP/1.1" 200 392
2025-11-03 12:30:16 - SyncDeskManager - INFO - Ticket 32782 encontrado directamente
2025-11-03 12:30:16 - SyncDeskManager - DEBUG - Buscando ticket 32914 directamente en Clarity...
2025-11-03 12:30:17 - urllib3.connectionpool - DEBUG - https://pmservice.tdilatam.com:8043 "GET /ppm/rest/v1/tasks?filter=%28code+%3D+%2732914%27%29&limit=1&fields=code%2Cp_tdi_estado_freshdesk%2C_internalId%2C_parentId%2Cname%2Cstatus HTTP/1.1" 200 419
2025-11-03 12:30:17 - SyncDeskManager - INFO - Ticket 32914 encontrado directamente
2025-11-03 12:30:17 - SyncDeskManager - DEBUG - Buscando ticket 33082 directamente en Clarity...
2025-11-03 12:30:17 - urllib3.connectionpool - DEBUG - https://pmservice.tdilatam.com:8043 "GET /ppm/rest/v1/tasks?filter=%28code+%3D+%2733082%27%29&limit=1&fields=code%2Cp_tdi_estado_freshdesk%2C_internalId%2C_parentId%2Cname%2Cstatus HTTP/1.1" 200 397
2025-11-03 12:30:17 - SyncDeskManager - INFO - Ticket 33082 encontrado directamente
2025-11-03 12:30:17 - SyncDeskManager - DEBUG - Buscando ticket 33572 directamente en Clarity...
2025-11-03 12:30:17 - urllib3.connectionpool - DEBUG - https://pmservice.tdilatam.com:8043 "GET /ppm/rest/v1/tasks?filter=%28code+%3D+%2733572%27%29&limit=1&fields=code%2Cp_tdi_estado_freshdesk%2C_internalId%2C_parentId%2Cname%2Cstatus HTTP/1.1" 200 395
2025-11-03 12:30:17 - SyncDeskManager - INFO - Ticket 33572 encontrado directamente
2025-11-03 12:30:17 - SyncDeskManager - DEBUG - Buscando ticket 33581 directamente en Clarity...
2025-11-03 12:30:17 - urllib3.connectionpool - DEBUG - https://pmservice.tdilatam.com:8043 "GET /ppm/rest/v1/tasks?filter=%28code+%3D+%2733581%27%29&limit=1&fields=code%2Cp_tdi_estado_freshdesk%2C_internalId%2C_parentId%2Cname%2Cstatus HTTP/1.1" 200 397
2025-11-03 12:30:17 - SyncDeskManager - INFO - Ticket 33581 encontrado directamente
2025-11-03 12:30:17 - SyncDeskManager - DEBUG - Buscando ticket 33583 directamente en Clarity...
2025-11-03 12:30:17 - urllib3.connectionpool - DEBUG - https://pmservice.tdilatam.com:8043 "GET /ppm/rest/v1/tasks?filter=%28code+%3D+%2733583%27%29&limit=1&fields=code%2Cp_tdi_estado_freshdesk%2C_internalId%2C_parentId%2Cname%2Cstatus HTTP/1.1" 200 393
2025-11-03 12:30:17 - SyncDeskManager - INFO - Ticket 33583 encontrado directamente
2025-11-03 12:30:17 - SyncDeskManager - DEBUG - Buscando ticket 33607 directamente en Clarity...
2025-11-03 12:30:17 - urllib3.connectionpool - DEBUG - https://pmservice.tdilatam.com:8043 "GET /ppm/rest/v1/tasks?filter=%28code+%3D+%2733607%27%29&limit=1&fields=code%2Cp_tdi_estado_freshdesk%2C_internalId%2C_parentId%2Cname%2Cstatus HTTP/1.1" 200 406
2025-11-03 12:30:17 - SyncDeskManager - INFO - Ticket 33607 encontrado directamente
2025-11-03 12:30:17 - SyncDeskManager - DEBUG - Buscando ticket 33608 directamente en Clarity...
2025-11-03 12:30:17 - urllib3.connectionpool - DEBUG - https://pmservice.tdilatam.com:8043 "GET /ppm/rest/v1/tasks?filter=%28code+%3D+%2733608%27%29&limit=1&fields=code%2Cp_tdi_estado_freshdesk%2C_internalId%2C_parentId%2Cname%2Cstatus HTTP/1.1" 200 406
2025-11-03 12:30:17 - SyncDeskManager - INFO - Ticket 33608 encontrado directamente
2025-11-03 12:30:17 - SyncDeskManager - DEBUG - Buscando ticket 33612 directamente en Clarity...
2025-11-03 12:30:17 - urllib3.connectionpool - DEBUG - https://pmservice.tdilatam.com:8043 "GET /ppm/rest/v1/tasks?filter=%28code+%3D+%2733612%27%29&limit=1&fields=code%2Cp_tdi_estado_freshdesk%2C_internalId%2C_parentId%2Cname%2Cstatus HTTP/1.1" 200 405
2025-11-03 12:30:17 - SyncDeskManager - INFO - Ticket 33612 encontrado directamente
2025-11-03 12:30:17 - SyncDeskManager - DEBUG - Buscando ticket 33613 directamente en Clarity...
2025-11-03 12:30:18 - urllib3.connectionpool - DEBUG - https://pmservice.tdilatam.com:8043 "GET /ppm/rest/v1/tasks?filter=%28code+%3D+%2733613%27%29&limit=1&fields=code%2Cp_tdi_estado_freshdesk%2C_internalId%2C_parentId%2Cname%2Cstatus HTTP/1.1" 200 405
2025-11-03 12:30:18 - SyncDeskManager - INFO - Ticket 33613 encontrado directamente
2025-11-03 12:30:18 - SyncDeskManager - DEBUG - Buscando ticket 33614 directamente en Clarity...
2025-11-03 12:30:18 - urllib3.connectionpool - DEBUG - https://pmservice.tdilatam.com:8043 "GET /ppm/rest/v1/tasks?filter=%28code+%3D+%2733614%27%29&limit=1&fields=code%2Cp_tdi_estado_freshdesk%2C_internalId%2C_parentId%2Cname%2Cstatus HTTP/1.1" 200 405
2025-11-03 12:30:18 - SyncDeskManager - INFO - Ticket 33614 encontrado directamente
2025-11-03 12:30:18 - SyncDeskManager - DEBUG - Buscando ticket 33615 directamente en Clarity...
2025-11-03 12:30:18 - urllib3.connectionpool - DEBUG - https://pmservice.tdilatam.com:8043 "GET /ppm/rest/v1/tasks?filter=%28code+%3D+%2733615%27%29&limit=1&fields=code%2Cp_tdi_estado_freshdesk%2C_internalId%2C_parentId%2Cname%2Cstatus HTTP/1.1" 200 404
2025-11-03 12:30:18 - SyncDeskManager - INFO - Ticket 33615 encontrado directamente
2025-11-03 12:30:18 - SyncDeskManager - DEBUG - Buscando ticket 33658 directamente en Clarity...
2025-11-03 12:30:18 - urllib3.connectionpool - DEBUG - https://pmservice.tdilatam.com:8043 "GET /ppm/rest/v1/tasks?filter=%28code+%3D+%2733658%27%29&limit=1&fields=code%2Cp_tdi_estado_freshdesk%2C_internalId%2C_parentId%2Cname%2Cstatus HTTP/1.1" 200 416
2025-11-03 12:30:18 - SyncDeskManager - INFO - Ticket 33658 encontrado directamente
2025-11-03 12:30:18 - SyncDeskManager - DEBUG - Buscando ticket 33671 directamente en Clarity...
2025-11-03 12:30:18 - urllib3.connectionpool - DEBUG - https://pmservice.tdilatam.com:8043 "GET /ppm/rest/v1/tasks?filter=%28code+%3D+%2733671%27%29&limit=1&fields=code%2Cp_tdi_estado_freshdesk%2C_internalId%2C_parentId%2Cname%2Cstatus HTTP/1.1" 200 405
2025-11-03 12:30:18 - SyncDeskManager - INFO - Ticket 33671 encontrado directamente
2025-11-03 12:30:18 - SyncDeskManager - DEBUG - Buscando ticket 33672 directamente en Clarity...
2025-11-03 12:30:18 - urllib3.connectionpool - DEBUG - https://pmservice.tdilatam.com:8043 "GET /ppm/rest/v1/tasks?filter=%28code+%3D+%2733672%27%29&limit=1&fields=code%2Cp_tdi_estado_freshdesk%2C_internalId%2C_parentId%2Cname%2Cstatus HTTP/1.1" 200 406
2025-11-03 12:30:18 - SyncDeskManager - INFO - Ticket 33672 encontrado directamente
2025-11-03 12:30:18 - SyncDeskManager - DEBUG - Buscando ticket 33676 directamente en Clarity...
2025-11-03 12:30:18 - urllib3.connectionpool - DEBUG - https://pmservice.tdilatam.com:8043 "GET /ppm/rest/v1/tasks?filter=%28code+%3D+%2733676%27%29&limit=1&fields=code%2Cp_tdi_estado_freshdesk%2C_internalId%2C_parentId%2Cname%2Cstatus HTTP/1.1" 200 405
2025-11-03 12:30:18 - SyncDeskManager - INFO - Ticket 33676 encontrado directamente
2025-11-03 12:30:18 - SyncDeskManager - DEBUG - Buscando ticket 33680 directamente en Clarity...
2025-11-03 12:30:18 - urllib3.connectionpool - DEBUG - https://pmservice.tdilatam.com:8043 "GET /ppm/rest/v1/tasks?filter=%28code+%3D+%2733680%27%29&limit=1&fields=code%2Cp_tdi_estado_freshdesk%2C_internalId%2C_parentId%2Cname%2Cstatus HTTP/1.1" 200 406
2025-11-03 12:30:18 - SyncDeskManager - INFO - Ticket 33680 encontrado directamente
2025-11-03 12:30:18 - SyncDeskManager - DEBUG - Buscando ticket 33684 directamente en Clarity...
2025-11-03 12:30:19 - urllib3.connectionpool - DEBUG - https://pmservice.tdilatam.com:8043 "GET /ppm/rest/v1/tasks?filter=%28code+%3D+%2733684%27%29&limit=1&fields=code%2Cp_tdi_estado_freshdesk%2C_internalId%2C_parentId%2Cname%2Cstatus HTTP/1.1" 200 406
2025-11-03 12:30:19 - SyncDeskManager - INFO - Ticket 33684 encontrado directamente
2025-11-03 12:30:19 - SyncDeskManager - DEBUG - Buscando ticket 33707 directamente en Clarity...
2025-11-03 12:30:19 - urllib3.connectionpool - DEBUG - https://pmservice.tdilatam.com:8043 "GET /ppm/rest/v1/tasks?filter=%28code+%3D+%2733707%27%29&limit=1&fields=code%2Cp_tdi_estado_freshdesk%2C_internalId%2C_parentId%2Cname%2Cstatus HTTP/1.1" 200 371
2025-11-03 12:30:19 - SyncDeskManager - INFO - Ticket 33707 encontrado directamente
2025-11-03 12:30:19 - SyncDeskManager - DEBUG - Buscando ticket 33712 directamente en Clarity...
2025-11-03 12:30:19 - urllib3.connectionpool - DEBUG - https://pmservice.tdilatam.com:8043 "GET /ppm/rest/v1/tasks?filter=%28code+%3D+%2733712%27%29&limit=1&fields=code%2Cp_tdi_estado_freshdesk%2C_internalId%2C_parentId%2Cname%2Cstatus HTTP/1.1" 200 405
2025-11-03 12:30:19 - SyncDeskManager - INFO - Ticket 33712 encontrado directamente
2025-11-03 12:30:19 - SyncDeskManager - DEBUG - Buscando ticket 33720 directamente en Clarity...
2025-11-03 12:30:19 - urllib3.connectionpool - DEBUG - https://pmservice.tdilatam.com:8043 "GET /ppm/rest/v1/tasks?filter=%28code+%3D+%2733720%27%29&limit=1&fields=code%2Cp_tdi_estado_freshdesk%2C_internalId%2C_parentId%2Cname%2Cstatus HTTP/1.1" 200 405
2025-11-03 12:30:19 - SyncDeskManager - INFO - Ticket 33720 encontrado directamente
2025-11-03 12:30:19 - SyncDeskManager - DEBUG - Buscando ticket 33728 directamente en Clarity...
2025-11-03 12:30:19 - urllib3.connectionpool - DEBUG - https://pmservice.tdilatam.com:8043 "GET /ppm/rest/v1/tasks?filter=%28code+%3D+%2733728%27%29&limit=1&fields=code%2Cp_tdi_estado_freshdesk%2C_internalId%2C_parentId%2Cname%2Cstatus HTTP/1.1" 200 405
2025-11-03 12:30:19 - SyncDeskManager - INFO - Ticket 33728 encontrado directamente
2025-11-03 12:30:19 - SyncDeskManager - DEBUG - Buscando ticket 33732 directamente en Clarity...
2025-11-03 12:30:19 - urllib3.connectionpool - DEBUG - https://pmservice.tdilatam.com:8043 "GET /ppm/rest/v1/tasks?filter=%28code+%3D+%2733732%27%29&limit=1&fields=code%2Cp_tdi_estado_freshdesk%2C_internalId%2C_parentId%2Cname%2Cstatus HTTP/1.1" 200 405
2025-11-03 12:30:19 - SyncDeskManager - INFO - Ticket 33732 encontrado directamente
2025-11-03 12:30:19 - SyncDeskManager - DEBUG - Buscando ticket 33743 directamente en Clarity...
2025-11-03 12:30:19 - urllib3.connectionpool - DEBUG - https://pmservice.tdilatam.com:8043 "GET /ppm/rest/v1/tasks?filter=%28code+%3D+%2733743%27%29&limit=1&fields=code%2Cp_tdi_estado_freshdesk%2C_internalId%2C_parentId%2Cname%2Cstatus HTTP/1.1" 200 380
2025-11-03 12:30:19 - SyncDeskManager - INFO - Ticket 33743 encontrado directamente
2025-11-03 12:30:19 - SyncDeskManager - DEBUG - Buscando ticket 33745 directamente en Clarity...
2025-11-03 12:30:19 - urllib3.connectionpool - DEBUG - https://pmservice.tdilatam.com:8043 "GET /ppm/rest/v1/tasks?filter=%28code+%3D+%2733745%27%29&limit=1&fields=code%2Cp_tdi_estado_freshdesk%2C_internalId%2C_parentId%2Cname%2Cstatus HTTP/1.1" 200 373
2025-11-03 12:30:19 - SyncDeskManager - INFO - Ticket 33745 encontrado directamente
2025-11-03 12:30:19 - SyncDeskManager - DEBUG - Buscando ticket 33746 directamente en Clarity...
2025-11-03 12:30:19 - urllib3.connectionpool - DEBUG - https://pmservice.tdilatam.com:8043 "GET /ppm/rest/v1/tasks?filter=%28code+%3D+%2733746%27%29&limit=1&fields=code%2Cp_tdi_estado_freshdesk%2C_internalId%2C_parentId%2Cname%2Cstatus HTTP/1.1" 200 409
2025-11-03 12:30:19 - SyncDeskManager - INFO - Ticket 33746 encontrado directamente
2025-11-03 12:30:19 - SyncDeskManager - DEBUG - Buscando ticket 33747 directamente en Clarity...
2025-11-03 12:30:19 - urllib3.connectionpool - DEBUG - https://pmservice.tdilatam.com:8043 "GET /ppm/rest/v1/tasks?filter=%28code+%3D+%2733747%27%29&limit=1&fields=code%2Cp_tdi_estado_freshdesk%2C_internalId%2C_parentId%2Cname%2Cstatus HTTP/1.1" 200 395
2025-11-03 12:30:19 - SyncDeskManager - INFO - Ticket 33747 encontrado directamente
2025-11-03 12:30:19 - SyncDeskManager - DEBUG - Buscando ticket 33754 directamente en Clarity...
2025-11-03 12:30:20 - urllib3.connectionpool - DEBUG - https://pmservice.tdilatam.com:8043 "GET /ppm/rest/v1/tasks?filter=%28code+%3D+%2733754%27%29&limit=1&fields=code%2Cp_tdi_estado_freshdesk%2C_internalId%2C_parentId%2Cname%2Cstatus HTTP/1.1" 200 383
2025-11-03 12:30:20 - SyncDeskManager - INFO - Ticket 33754 encontrado directamente
2025-11-03 12:30:20 - SyncDeskManager - DEBUG - Buscando ticket 33755 directamente en Clarity...
2025-11-03 12:30:20 - urllib3.connectionpool - DEBUG - https://pmservice.tdilatam.com:8043 "GET /ppm/rest/v1/tasks?filter=%28code+%3D+%2733755%27%29&limit=1&fields=code%2Cp_tdi_estado_freshdesk%2C_internalId%2C_parentId%2Cname%2Cstatus HTTP/1.1" 200 405
2025-11-03 12:30:20 - SyncDeskManager - INFO - Ticket 33755 encontrado directamente
2025-11-03 12:30:20 - SyncDeskManager - DEBUG - Buscando ticket 33756 directamente en Clarity...
2025-11-03 12:30:20 - urllib3.connectionpool - DEBUG - https://pmservice.tdilatam.com:8043 "GET /ppm/rest/v1/tasks?filter=%28code+%3D+%2733756%27%29&limit=1&fields=code%2Cp_tdi_estado_freshdesk%2C_internalId%2C_parentId%2Cname%2Cstatus HTTP/1.1" 200 405
2025-11-03 12:30:20 - SyncDeskManager - INFO - Ticket 33756 encontrado directamente
2025-11-03 12:30:20 - SyncDeskManager - DEBUG - Buscando ticket 33757 directamente en Clarity...
2025-11-03 12:30:20 - urllib3.connectionpool - DEBUG - https://pmservice.tdilatam.com:8043 "GET /ppm/rest/v1/tasks?filter=%28code+%3D+%2733757%27%29&limit=1&fields=code%2Cp_tdi_estado_freshdesk%2C_internalId%2C_parentId%2Cname%2Cstatus HTTP/1.1" 200 405
2025-11-03 12:30:20 - SyncDeskManager - INFO - Ticket 33757 encontrado directamente
2025-11-03 12:30:20 - SyncDeskManager - DEBUG - Buscando ticket 33771 directamente en Clarity...
2025-11-03 12:30:20 - urllib3.connectionpool - DEBUG - https://pmservice.tdilatam.com:8043 "GET /ppm/rest/v1/tasks?filter=%28code+%3D+%2733771%27%29&limit=1&fields=code%2Cp_tdi_estado_freshdesk%2C_internalId%2C_parentId%2Cname%2Cstatus HTTP/1.1" 200 406
2025-11-03 12:30:20 - SyncDeskManager - INFO - Ticket 33771 encontrado directamente
2025-11-03 12:30:20 - SyncDeskManager - DEBUG - Buscando ticket 33772 directamente en Clarity...
2025-11-03 12:30:20 - urllib3.connectionpool - DEBUG - https://pmservice.tdilatam.com:8043 "GET /ppm/rest/v1/tasks?filter=%28code+%3D+%2733772%27%29&limit=1&fields=code%2Cp_tdi_estado_freshdesk%2C_internalId%2C_parentId%2Cname%2Cstatus HTTP/1.1" 200 405
2025-11-03 12:30:20 - SyncDeskManager - INFO - Ticket 33772 encontrado directamente
2025-11-03 12:30:20 - SyncDeskManager - DEBUG - Buscando ticket 33797 directamente en Clarity...
2025-11-03 12:30:20 - urllib3.connectionpool - DEBUG - https://pmservice.tdilatam.com:8043 "GET /ppm/rest/v1/tasks?filter=%28code+%3D+%2733797%27%29&limit=1&fields=code%2Cp_tdi_estado_freshdesk%2C_internalId%2C_parentId%2Cname%2Cstatus HTTP/1.1" 200 405
2025-11-03 12:30:20 - SyncDeskManager - INFO - Ticket 33797 encontrado directamente
2025-11-03 12:30:20 - SyncDeskManager - DEBUG - Buscando ticket 33798 directamente en Clarity...
2025-11-03 12:30:20 - urllib3.connectionpool - DEBUG - https://pmservice.tdilatam.com:8043 "GET /ppm/rest/v1/tasks?filter=%28code+%3D+%2733798%27%29&limit=1&fields=code%2Cp_tdi_estado_freshdesk%2C_internalId%2C_parentId%2Cname%2Cstatus HTTP/1.1" 200 405
2025-11-03 12:30:20 - SyncDeskManager - INFO - Ticket 33798 encontrado directamente
2025-11-03 12:30:20 - SyncDeskManager - DEBUG - Buscando ticket 33811 directamente en Clarity...
2025-11-03 12:30:20 - urllib3.connectionpool - DEBUG - https://pmservice.tdilatam.com:8043 "GET /ppm/rest/v1/tasks?filter=%28code+%3D+%2733811%27%29&limit=1&fields=code%2Cp_tdi_estado_freshdesk%2C_internalId%2C_parentId%2Cname%2Cstatus HTTP/1.1" 200 419
2025-11-03 12:30:20 - SyncDeskManager - INFO - Ticket 33811 encontrado directamente
2025-11-03 12:30:20 - SyncDeskManager - DEBUG - Buscando ticket 33815 directamente en Clarity...
2025-11-03 12:30:20 - urllib3.connectionpool - DEBUG - https://pmservice.tdilatam.com:8043 "GET /ppm/rest/v1/tasks?filter=%28code+%3D+%2733815%27%29&limit=1&fields=code%2Cp_tdi_estado_freshdesk%2C_internalId%2C_parentId%2Cname%2Cstatus HTTP/1.1" 200 405
2025-11-03 12:30:20 - SyncDeskManager - INFO - Ticket 33815 encontrado directamente
2025-11-03 12:30:20 - SyncDeskManager - DEBUG - Buscando ticket 33842 directamente en Clarity...
2025-11-03 12:30:20 - urllib3.connectionpool - DEBUG - https://pmservice.tdilatam.com:8043 "GET /ppm/rest/v1/tasks?filter=%28code+%3D+%2733842%27%29&limit=1&fields=code%2Cp_tdi_estado_freshdesk%2C_internalId%2C_parentId%2Cname%2Cstatus HTTP/1.1" 200 405
2025-11-03 12:30:20 - SyncDeskManager - INFO - Ticket 33842 encontrado directamente
2025-11-03 12:30:20 - SyncDeskManager - DEBUG - Buscando ticket 33856 directamente en Clarity...
2025-11-03 12:30:20 - urllib3.connectionpool - DEBUG - https://pmservice.tdilatam.com:8043 "GET /ppm/rest/v1/tasks?filter=%28code+%3D+%2733856%27%29&limit=1&fields=code%2Cp_tdi_estado_freshdesk%2C_internalId%2C_parentId%2Cname%2Cstatus HTTP/1.1" 200 405
2025-11-03 12:30:20 - SyncDeskManager - INFO - Ticket 33856 encontrado directamente
2025-11-03 12:30:20 - SyncDeskManager - DEBUG - Buscando ticket 33868 directamente en Clarity...
2025-11-03 12:30:20 - urllib3.connectionpool - DEBUG - https://pmservice.tdilatam.com:8043 "GET /ppm/rest/v1/tasks?filter=%28code+%3D+%2733868%27%29&limit=1&fields=code%2Cp_tdi_estado_freshdesk%2C_internalId%2C_parentId%2Cname%2Cstatus HTTP/1.1" 200 405
2025-11-03 12:30:20 - SyncDeskManager - INFO - Ticket 33868 encontrado directamente
2025-11-03 12:30:20 - SyncDeskManager - DEBUG - Buscando ticket 33869 directamente en Clarity...
2025-11-03 12:30:21 - urllib3.connectionpool - DEBUG - https://pmservice.tdilatam.com:8043 "GET /ppm/rest/v1/tasks?filter=%28code+%3D+%2733869%27%29&limit=1&fields=code%2Cp_tdi_estado_freshdesk%2C_internalId%2C_parentId%2Cname%2Cstatus HTTP/1.1" 200 404
2025-11-03 12:30:21 - SyncDeskManager - INFO - Ticket 33869 encontrado directamente
2025-11-03 12:30:21 - SyncDeskManager - DEBUG - Buscando ticket 33887 directamente en Clarity...
2025-11-03 12:30:21 - urllib3.connectionpool - DEBUG - https://pmservice.tdilatam.com:8043 "GET /ppm/rest/v1/tasks?filter=%28code+%3D+%2733887%27%29&limit=1&fields=code%2Cp_tdi_estado_freshdesk%2C_internalId%2C_parentId%2Cname%2Cstatus HTTP/1.1" 200 421
2025-11-03 12:30:21 - SyncDeskManager - INFO - Ticket 33887 encontrado directamente
2025-11-03 12:30:21 - SyncDeskManager - DEBUG - Buscando ticket 33905 directamente en Clarity...
2025-11-03 12:30:21 - urllib3.connectionpool - DEBUG - https://pmservice.tdilatam.com:8043 "GET /ppm/rest/v1/tasks?filter=%28code+%3D+%2733905%27%29&limit=1&fields=code%2Cp_tdi_estado_freshdesk%2C_internalId%2C_parentId%2Cname%2Cstatus HTTP/1.1" 200 441
2025-11-03 12:30:21 - SyncDeskManager - INFO - Ticket 33905 encontrado directamente
2025-11-03 12:30:21 - SyncDeskManager - DEBUG - Buscando ticket 33911 directamente en Clarity...
2025-11-03 12:30:21 - urllib3.connectionpool - DEBUG - https://pmservice.tdilatam.com:8043 "GET /ppm/rest/v1/tasks?filter=%28code+%3D+%2733911%27%29&limit=1&fields=code%2Cp_tdi_estado_freshdesk%2C_internalId%2C_parentId%2Cname%2Cstatus HTTP/1.1" 200 385
2025-11-03 12:30:21 - SyncDeskManager - INFO - Ticket 33911 encontrado directamente
2025-11-03 12:30:21 - SyncDeskManager - DEBUG - Buscando ticket 33936 directamente en Clarity...
2025-11-03 12:30:21 - urllib3.connectionpool - DEBUG - https://pmservice.tdilatam.com:8043 "GET /ppm/rest/v1/tasks?filter=%28code+%3D+%2733936%27%29&limit=1&fields=code%2Cp_tdi_estado_freshdesk%2C_internalId%2C_parentId%2Cname%2Cstatus HTTP/1.1" 200 405
2025-11-03 12:30:21 - SyncDeskManager - INFO - Ticket 33936 encontrado directamente
2025-11-03 12:30:21 - SyncDeskManager - DEBUG - Buscando ticket 33944 directamente en Clarity...
2025-11-03 12:30:21 - urllib3.connectionpool - DEBUG - https://pmservice.tdilatam.com:8043 "GET /ppm/rest/v1/tasks?filter=%28code+%3D+%2733944%27%29&limit=1&fields=code%2Cp_tdi_estado_freshdesk%2C_internalId%2C_parentId%2Cname%2Cstatus HTTP/1.1" 200 406
2025-11-03 12:30:21 - SyncDeskManager - INFO - Ticket 33944 encontrado directamente
2025-11-03 12:30:21 - SyncDeskManager - DEBUG - Buscando ticket 33960 directamente en Clarity...
2025-11-03 12:30:21 - urllib3.connectionpool - DEBUG - https://pmservice.tdilatam.com:8043 "GET /ppm/rest/v1/tasks?filter=%28code+%3D+%2733960%27%29&limit=1&fields=code%2Cp_tdi_estado_freshdesk%2C_internalId%2C_parentId%2Cname%2Cstatus HTTP/1.1" 200 404
2025-11-03 12:30:21 - SyncDeskManager - INFO - Ticket 33960 encontrado directamente
2025-11-03 12:30:21 - SyncDeskManager - DEBUG - Buscando ticket 33963 directamente en Clarity...
2025-11-03 12:30:21 - urllib3.connectionpool - DEBUG - https://pmservice.tdilatam.com:8043 "GET /ppm/rest/v1/tasks?filter=%28code+%3D+%2733963%27%29&limit=1&fields=code%2Cp_tdi_estado_freshdesk%2C_internalId%2C_parentId%2Cname%2Cstatus HTTP/1.1" 200 406
2025-11-03 12:30:21 - SyncDeskManager - INFO - Ticket 33963 encontrado directamente
2025-11-03 12:30:21 - SyncDeskManager - DEBUG - Buscando ticket 33964 directamente en Clarity...
2025-11-03 12:30:21 - urllib3.connectionpool - DEBUG - https://pmservice.tdilatam.com:8043 "GET /ppm/rest/v1/tasks?filter=%28code+%3D+%2733964%27%29&limit=1&fields=code%2Cp_tdi_estado_freshdesk%2C_internalId%2C_parentId%2Cname%2Cstatus HTTP/1.1" 200 405
2025-11-03 12:30:21 - SyncDeskManager - INFO - Ticket 33964 encontrado directamente
2025-11-03 12:30:21 - SyncDeskManager - DEBUG - Buscando ticket 33974 directamente en Clarity...
2025-11-03 12:30:21 - urllib3.connectionpool - DEBUG - https://pmservice.tdilatam.com:8043 "GET /ppm/rest/v1/tasks?filter=%28code+%3D+%2733974%27%29&limit=1&fields=code%2Cp_tdi_estado_freshdesk%2C_internalId%2C_parentId%2Cname%2Cstatus HTTP/1.1" 200 406
2025-11-03 12:30:21 - SyncDeskManager - INFO - Ticket 33974 encontrado directamente
2025-11-03 12:30:21 - SyncDeskManager - DEBUG - Buscando ticket 34038 directamente en Clarity...
2025-11-03 12:30:21 - urllib3.connectionpool - DEBUG - https://pmservice.tdilatam.com:8043 "GET /ppm/rest/v1/tasks?filter=%28code+%3D+%2734038%27%29&limit=1&fields=code%2Cp_tdi_estado_freshdesk%2C_internalId%2C_parentId%2Cname%2Cstatus HTTP/1.1" 200 370
2025-11-03 12:30:21 - SyncDeskManager - INFO - Ticket 34038 encontrado directamente
2025-11-03 12:30:21 - SyncDeskManager - DEBUG - Buscando ticket 34058 directamente en Clarity...
2025-11-03 12:30:21 - urllib3.connectionpool - DEBUG - https://pmservice.tdilatam.com:8043 "GET /ppm/rest/v1/tasks?filter=%28code+%3D+%2734058%27%29&limit=1&fields=code%2Cp_tdi_estado_freshdesk%2C_internalId%2C_parentId%2Cname%2Cstatus HTTP/1.1" 200 367
2025-11-03 12:30:21 - SyncDeskManager - INFO - Ticket 34058 encontrado directamente
2025-11-03 12:30:21 - SyncDeskManager - DEBUG - Buscando ticket 34085 directamente en Clarity...
2025-11-03 12:30:21 - urllib3.connectionpool - DEBUG - https://pmservice.tdilatam.com:8043 "GET /ppm/rest/v1/tasks?filter=%28code+%3D+%2734085%27%29&limit=1&fields=code%2Cp_tdi_estado_freshdesk%2C_internalId%2C_parentId%2Cname%2Cstatus HTTP/1.1" 200 397
2025-11-03 12:30:21 - SyncDeskManager - INFO - Ticket 34085 encontrado directamente
2025-11-03 12:30:21 - SyncDeskManager - DEBUG - Buscando ticket 34117 directamente en Clarity...
2025-11-03 12:30:22 - urllib3.connectionpool - DEBUG - https://pmservice.tdilatam.com:8043 "GET /ppm/rest/v1/tasks?filter=%28code+%3D+%2734117%27%29&limit=1&fields=code%2Cp_tdi_estado_freshdesk%2C_internalId%2C_parentId%2Cname%2Cstatus HTTP/1.1" 200 391
2025-11-03 12:30:22 - SyncDeskManager - INFO - Ticket 34117 encontrado directamente
2025-11-03 12:30:22 - SyncDeskManager - DEBUG - Buscando ticket 34119 directamente en Clarity...
2025-11-03 12:30:22 - urllib3.connectionpool - DEBUG - https://pmservice.tdilatam.com:8043 "GET /ppm/rest/v1/tasks?filter=%28code+%3D+%2734119%27%29&limit=1&fields=code%2Cp_tdi_estado_freshdesk%2C_internalId%2C_parentId%2Cname%2Cstatus HTTP/1.1" 200 427
2025-11-03 12:30:22 - SyncDeskManager - INFO - Ticket 34119 encontrado directamente
2025-11-03 12:30:22 - SyncDeskManager - INFO - IDs obtenidos: 163/163 tickets
2025-11-03 12:30:26 - SyncDeskManager - INFO - Aplicando 163 cambios en Clarity...
2025-11-03 12:30:26 - SyncDeskManager - INFO - TRANSACTION_CHANGE - SYNC_STATES_20251103_122946: {"ticket_id": "31960", "system": "CLARITY", "field": "p_tdi_estado_freshdesk", "old_value": "Abierta", "new_value": "Cerrada", "freshdesk_estado_original": "Closed", "estado": "PENDING", "rollback_data": {"investment_id": 5073108, "internal_id": 5240498}, "timestamp": "2025-11-03 12:30:26"}
2025-11-03 12:30:28 - urllib3.connectionpool - DEBUG - https://pmservice.tdilatam.com:8043 "PATCH /ppm/rest/v1/custTdiInvBacklogs/5073108/tasks/5240498 HTTP/1.1" 200 140
2025-11-03 12:30:28 - SyncDeskManager - INFO - ✅ Ticket 31960 actualizado exitosamente
2025-11-03 12:30:28 - SyncDeskManager - INFO - TRANSACTION_UPDATE - SYNC_STATES_20251103_122946 - Ticket 31960: {"ticket_id": "31960", "estado": "SUCCESS", "timestamp_actualizacion": "2025-11-03 12:30:28"}
2025-11-03 12:30:28 - SyncDeskManager - INFO - TRANSACTION_CHANGE - SYNC_STATES_20251103_122946: {"ticket_id": "31961", "system": "CLARITY", "field": "p_tdi_estado_freshdesk", "old_value": "Abierta", "new_value": "Cerrada", "freshdesk_estado_original": "Closed", "estado": "PENDING", "rollback_data": {"investment_id": 5073108, "internal_id": 5240499}, "timestamp": "2025-11-03 12:30:28"}
2025-11-03 12:30:30 - urllib3.connectionpool - DEBUG - https://pmservice.tdilatam.com:8043 "PATCH /ppm/rest/v1/custTdiInvBacklogs/5073108/tasks/5240499 HTTP/1.1" 200 140
2025-11-03 12:30:30 - SyncDeskManager - INFO - ✅ Ticket 31961 actualizado exitosamente
2025-11-03 12:30:30 - SyncDeskManager - INFO - TRANSACTION_UPDATE - SYNC_STATES_20251103_122946 - Ticket 31961: {"ticket_id": "31961", "estado": "SUCCESS", "timestamp_actualizacion": "2025-11-03 12:30:30"}
2025-11-03 12:30:30 - SyncDeskManager - INFO - TRANSACTION_CHANGE - SYNC_STATES_20251103_122946: {"ticket_id": "31962", "system": "CLARITY", "field": "p_tdi_estado_freshdesk", "old_value": "Resuelto", "new_value": "Cerrada", "freshdesk_estado_original": "Closed", "estado": "PENDING", "rollback_data": {"investment_id": 5146180, "internal_id": 5240500}, "timestamp": "2025-11-03 12:30:30"}
2025-11-03 12:30:32 - urllib3.connectionpool - DEBUG - https://pmservice.tdilatam.com:8043 "PATCH /ppm/rest/v1/custTdiInvBacklogs/5146180/tasks/5240500 HTTP/1.1" 200 140
2025-11-03 12:30:32 - SyncDeskManager - INFO - ✅ Ticket 31962 actualizado exitosamente
2025-11-03 12:30:32 - SyncDeskManager - INFO - TRANSACTION_UPDATE - SYNC_STATES_20251103_122946 - Ticket 31962: {"ticket_id": "31962", "estado": "SUCCESS", "timestamp_actualizacion": "2025-11-03 12:30:32"}
2025-11-03 12:30:32 - SyncDeskManager - INFO - TRANSACTION_CHANGE - SYNC_STATES_20251103_122946: {"ticket_id": "31963", "system": "CLARITY", "field": "p_tdi_estado_freshdesk", "old_value": "Abierta", "new_value": "Cerrada", "freshdesk_estado_original": "Closed", "estado": "PENDING", "rollback_data": {"investment_id": 5073108, "internal_id": 5240501}, "timestamp": "2025-11-03 12:30:32"}
2025-11-03 12:30:34 - urllib3.connectionpool - DEBUG - https://pmservice.tdilatam.com:8043 "PATCH /ppm/rest/v1/custTdiInvBacklogs/5073108/tasks/5240501 HTTP/1.1" 200 140
2025-11-03 12:30:34 - SyncDeskManager - INFO - ✅ Ticket 31963 actualizado exitosamente
2025-11-03 12:30:34 - SyncDeskManager - INFO - TRANSACTION_UPDATE - SYNC_STATES_20251103_122946 - Ticket 31963: {"ticket_id": "31963", "estado": "SUCCESS", "timestamp_actualizacion": "2025-11-03 12:30:34"}
2025-11-03 12:30:34 - SyncDeskManager - INFO - TRANSACTION_CHANGE - SYNC_STATES_20251103_122946: {"ticket_id": "31964", "system": "CLARITY", "field": "p_tdi_estado_freshdesk", "old_value": "Resuelto", "new_value": "Cerrada", "freshdesk_estado_original": "Closed", "estado": "PENDING", "rollback_data": {"investment_id": 5073092, "internal_id": 5240502}, "timestamp": "2025-11-03 12:30:34"}
2025-11-03 12:30:35 - urllib3.connectionpool - DEBUG - https://pmservice.tdilatam.com:8043 "PATCH /ppm/rest/v1/custTdiInvBacklogs/5073092/tasks/5240502 HTTP/1.1" 200 140
2025-11-03 12:30:35 - SyncDeskManager - INFO - ✅ Ticket 31964 actualizado exitosamente
2025-11-03 12:30:35 - SyncDeskManager - INFO - TRANSACTION_UPDATE - SYNC_STATES_20251103_122946 - Ticket 31964: {"ticket_id": "31964", "estado": "SUCCESS", "timestamp_actualizacion": "2025-11-03 12:30:35"}
2025-11-03 12:30:35 - SyncDeskManager - INFO - TRANSACTION_CHANGE - SYNC_STATES_20251103_122946: {"ticket_id": "31972", "system": "CLARITY", "field": "p_tdi_estado_freshdesk", "old_value": "Abierta", "new_value": "Cerrada", "freshdesk_estado_original": "Closed", "estado": "PENDING", "rollback_data": {"investment_id": 5073108, "internal_id": 5240510}, "timestamp": "2025-11-03 12:30:35"}
2025-11-03 12:30:36 - urllib3.connectionpool - DEBUG - https://pmservice.tdilatam.com:8043 "PATCH /ppm/rest/v1/custTdiInvBacklogs/5073108/tasks/5240510 HTTP/1.1" 200 140
2025-11-03 12:30:36 - SyncDeskManager - INFO - ✅ Ticket 31972 actualizado exitosamente
2025-11-03 12:30:36 - SyncDeskManager - INFO - TRANSACTION_UPDATE - SYNC_STATES_20251103_122946 - Ticket 31972: {"ticket_id": "31972", "estado": "SUCCESS", "timestamp_actualizacion": "2025-11-03 12:30:36"}
2025-11-03 12:30:36 - SyncDeskManager - INFO - TRANSACTION_CHANGE - SYNC_STATES_20251103_122946: {"ticket_id": "31973", "system": "CLARITY", "field": "p_tdi_estado_freshdesk", "old_value": "En progreso", "new_value": "Cerrada", "freshdesk_estado_original": "Closed", "estado": "PENDING", "rollback_data": {"investment_id": 5073108, "internal_id": 5240516}, "timestamp": "2025-11-03 12:30:36"}
2025-11-03 12:30:37 - urllib3.connectionpool - DEBUG - https://pmservice.tdilatam.com:8043 "PATCH /ppm/rest/v1/custTdiInvBacklogs/5073108/tasks/5240516 HTTP/1.1" 200 140
2025-11-03 12:30:37 - SyncDeskManager - INFO - ✅ Ticket 31973 actualizado exitosamente
2025-11-03 12:30:37 - SyncDeskManager - INFO - TRANSACTION_UPDATE - SYNC_STATES_20251103_122946 - Ticket 31973: {"ticket_id": "31973", "estado": "SUCCESS", "timestamp_actualizacion": "2025-11-03 12:30:37"}
2025-11-03 12:30:37 - SyncDeskManager - INFO - TRANSACTION_CHANGE - SYNC_STATES_20251103_122946: {"ticket_id": "31974", "system": "CLARITY", "field": "p_tdi_estado_freshdesk", "old_value": "En progreso", "new_value": "Cerrada", "freshdesk_estado_original": "Closed", "estado": "PENDING", "rollback_data": {"investment_id": 5073108, "internal_id": 5240517}, "timestamp": "2025-11-03 12:30:37"}
2025-11-03 12:30:37 - urllib3.connectionpool - DEBUG - https://pmservice.tdilatam.com:8043 "PATCH /ppm/rest/v1/custTdiInvBacklogs/5073108/tasks/5240517 HTTP/1.1" 200 140
2025-11-03 12:30:37 - SyncDeskManager - INFO - ✅ Ticket 31974 actualizado exitosamente
2025-11-03 12:30:37 - SyncDeskManager - INFO - TRANSACTION_UPDATE - SYNC_STATES_20251103_122946 - Ticket 31974: {"ticket_id": "31974", "estado": "SUCCESS", "timestamp_actualizacion": "2025-11-03 12:30:37"}
2025-11-03 12:30:37 - SyncDeskManager - INFO - TRANSACTION_CHANGE - SYNC_STATES_20251103_122946: {"ticket_id": "31975", "system": "CLARITY", "field": "p_tdi_estado_freshdesk", "old_value": "Abierta", "new_value": "Cerrada", "freshdesk_estado_original": "Closed", "estado": "PENDING", "rollback_data": {"investment_id": 5073108, "internal_id": 5240518}, "timestamp": "2025-11-03 12:30:37"}
2025-11-03 12:30:38 - urllib3.connectionpool - DEBUG - https://pmservice.tdilatam.com:8043 "PATCH /ppm/rest/v1/custTdiInvBacklogs/5073108/tasks/5240518 HTTP/1.1" 200 140
2025-11-03 12:30:38 - SyncDeskManager - INFO - ✅ Ticket 31975 actualizado exitosamente
2025-11-03 12:30:38 - SyncDeskManager - INFO - TRANSACTION_UPDATE - SYNC_STATES_20251103_122946 - Ticket 31975: {"ticket_id": "31975", "estado": "SUCCESS", "timestamp_actualizacion": "2025-11-03 12:30:38"}
2025-11-03 12:30:38 - SyncDeskManager - INFO - TRANSACTION_CHANGE - SYNC_STATES_20251103_122946: {"ticket_id": "31977", "system": "CLARITY", "field": "p_tdi_estado_freshdesk", "old_value": "Resuelto", "new_value": "Cerrada", "freshdesk_estado_original": "Closed", "estado": "PENDING", "rollback_data": {"investment_id": 5146180, "internal_id": 5240520}, "timestamp": "2025-11-03 12:30:38"}
2025-11-03 12:30:39 - urllib3.connectionpool - DEBUG - https://pmservice.tdilatam.com:8043 "PATCH /ppm/rest/v1/custTdiInvBacklogs/5146180/tasks/5240520 HTTP/1.1" 200 140
2025-11-03 12:30:39 - SyncDeskManager - INFO - ✅ Ticket 31977 actualizado exitosamente
2025-11-03 12:30:39 - SyncDeskManager - INFO - TRANSACTION_UPDATE - SYNC_STATES_20251103_122946 - Ticket 31977: {"ticket_id": "31977", "estado": "SUCCESS", "timestamp_actualizacion": "2025-11-03 12:30:39"}
2025-11-03 12:30:39 - SyncDeskManager - INFO - TRANSACTION_CHANGE - SYNC_STATES_20251103_122946: {"ticket_id": "31978", "system": "CLARITY", "field": "p_tdi_estado_freshdesk", "old_value": "Esperando al cliente", "new_value": "Cerrada", "freshdesk_estado_original": "Closed", "estado": "PENDING", "rollback_data": {"investment_id": 5075109, "internal_id": 5240521}, "timestamp": "2025-11-03 12:30:39"}
2025-11-03 12:30:39 - urllib3.connectionpool - DEBUG - https://pmservice.tdilatam.com:8043 "PATCH /ppm/rest/v1/custTdiInvBacklogs/5075109/tasks/5240521 HTTP/1.1" 200 140
2025-11-03 12:30:39 - SyncDeskManager - INFO - ✅ Ticket 31978 actualizado exitosamente
2025-11-03 12:30:39 - SyncDeskManager - INFO - TRANSACTION_UPDATE - SYNC_STATES_20251103_122946 - Ticket 31978: {"ticket_id": "31978", "estado": "SUCCESS", "timestamp_actualizacion": "2025-11-03 12:30:39"}
2025-11-03 12:30:39 - SyncDeskManager - INFO - TRANSACTION_CHANGE - SYNC_STATES_20251103_122946: {"ticket_id": "31979", "system": "CLARITY", "field": "p_tdi_estado_freshdesk", "old_value": "En progreso", "new_value": "Cerrada", "freshdesk_estado_original": "Closed", "estado": "PENDING", "rollback_data": {"investment_id": 5143153, "internal_id": 5240522}, "timestamp": "2025-11-03 12:30:39"}
2025-11-03 12:30:39 - urllib3.connectionpool - DEBUG - https://pmservice.tdilatam.com:8043 "PATCH /ppm/rest/v1/custTdiInvBacklogs/5143153/tasks/5240522 HTTP/1.1" 200 140
2025-11-03 12:30:39 - SyncDeskManager - INFO - ✅ Ticket 31979 actualizado exitosamente
2025-11-03 12:30:39 - SyncDeskManager - INFO - TRANSACTION_UPDATE - SYNC_STATES_20251103_122946 - Ticket 31979: {"ticket_id": "31979", "estado": "SUCCESS", "timestamp_actualizacion": "2025-11-03 12:30:39"}
2025-11-03 12:30:39 - SyncDeskManager - INFO - TRANSACTION_CHANGE - SYNC_STATES_20251103_122946: {"ticket_id": "31983", "system": "CLARITY", "field": "p_tdi_estado_freshdesk", "old_value": "En progreso", "new_value": "Cerrada", "freshdesk_estado_original": "Closed", "estado": "PENDING", "rollback_data": {"investment_id": 5145173, "internal_id": 5240526}, "timestamp": "2025-11-03 12:30:39"}
2025-11-03 12:30:40 - urllib3.connectionpool - DEBUG - https://pmservice.tdilatam.com:8043 "PATCH /ppm/rest/v1/custTdiInvBacklogs/5145173/tasks/5240526 HTTP/1.1" 200 141
2025-11-03 12:30:40 - SyncDeskManager - INFO - ✅ Ticket 31983 actualizado exitosamente
2025-11-03 12:30:40 - SyncDeskManager - INFO - TRANSACTION_UPDATE - SYNC_STATES_20251103_122946 - Ticket 31983: {"ticket_id": "31983", "estado": "SUCCESS", "timestamp_actualizacion": "2025-11-03 12:30:40"}
2025-11-03 12:30:40 - SyncDeskManager - INFO - TRANSACTION_CHANGE - SYNC_STATES_20251103_122946: {"ticket_id": "31984", "system": "CLARITY", "field": "p_tdi_estado_freshdesk", "old_value": "En progreso", "new_value": "Cerrada", "freshdesk_estado_original": "Closed", "estado": "PENDING", "rollback_data": {"investment_id": 5073108, "internal_id": 5240527}, "timestamp": "2025-11-03 12:30:40"}
2025-11-03 12:30:40 - urllib3.connectionpool - DEBUG - https://pmservice.tdilatam.com:8043 "PATCH /ppm/rest/v1/custTdiInvBacklogs/5073108/tasks/5240527 HTTP/1.1" 200 141
2025-11-03 12:30:40 - SyncDeskManager - INFO - ✅ Ticket 31984 actualizado exitosamente
2025-11-03 12:30:40 - SyncDeskManager - INFO - TRANSACTION_UPDATE - SYNC_STATES_20251103_122946 - Ticket 31984: {"ticket_id": "31984", "estado": "SUCCESS", "timestamp_actualizacion": "2025-11-03 12:30:40"}
2025-11-03 12:30:40 - SyncDeskManager - INFO - TRANSACTION_CHANGE - SYNC_STATES_20251103_122946: {"ticket_id": "31987", "system": "CLARITY", "field": "p_tdi_estado_freshdesk", "old_value": "Abierta", "new_value": "Cerrada", "freshdesk_estado_original": "Closed", "estado": "PENDING", "rollback_data": {"investment_id": 5073108, "internal_id": 5240532}, "timestamp": "2025-11-03 12:30:40"}
2025-11-03 12:30:41 - urllib3.connectionpool - DEBUG - https://pmservice.tdilatam.com:8043 "PATCH /ppm/rest/v1/custTdiInvBacklogs/5073108/tasks/5240532 HTTP/1.1" 200 141
2025-11-03 12:30:41 - SyncDeskManager - INFO - ✅ Ticket 31987 actualizado exitosamente
2025-11-03 12:30:41 - SyncDeskManager - INFO - TRANSACTION_UPDATE - SYNC_STATES_20251103_122946 - Ticket 31987: {"ticket_id": "31987", "estado": "SUCCESS", "timestamp_actualizacion": "2025-11-03 12:30:41"}
2025-11-03 12:30:41 - SyncDeskManager - INFO - TRANSACTION_CHANGE - SYNC_STATES_20251103_122946: {"ticket_id": "31990", "system": "CLARITY", "field": "p_tdi_estado_freshdesk", "old_value": "Resuelto", "new_value": "Cerrada", "freshdesk_estado_original": "Closed", "estado": "PENDING", "rollback_data": {"investment_id": 5073092, "internal_id": 5240535}, "timestamp": "2025-11-03 12:30:41"}
2025-11-03 12:30:41 - urllib3.connectionpool - DEBUG - https://pmservice.tdilatam.com:8043 "PATCH /ppm/rest/v1/custTdiInvBacklogs/5073092/tasks/5240535 HTTP/1.1" 200 140
2025-11-03 12:30:41 - SyncDeskManager - INFO - ✅ Ticket 31990 actualizado exitosamente
2025-11-03 12:30:41 - SyncDeskManager - INFO - TRANSACTION_UPDATE - SYNC_STATES_20251103_122946 - Ticket 31990: {"ticket_id": "31990", "estado": "SUCCESS", "timestamp_actualizacion": "2025-11-03 12:30:41"}
2025-11-03 12:30:41 - SyncDeskManager - INFO - TRANSACTION_CHANGE - SYNC_STATES_20251103_122946: {"ticket_id": "31994", "system": "CLARITY", "field": "p_tdi_estado_freshdesk", "old_value": "Abierta", "new_value": "Cerrada", "freshdesk_estado_original": "Closed", "estado": "PENDING", "rollback_data": {"investment_id": 5073108, "internal_id": 5240539}, "timestamp": "2025-11-03 12:30:41"}
2025-11-03 12:30:42 - urllib3.connectionpool - DEBUG - https://pmservice.tdilatam.com:8043 "PATCH /ppm/rest/v1/custTdiInvBacklogs/5073108/tasks/5240539 HTTP/1.1" 200 140
2025-11-03 12:30:42 - SyncDeskManager - INFO - ✅ Ticket 31994 actualizado exitosamente
2025-11-03 12:30:42 - SyncDeskManager - INFO - TRANSACTION_UPDATE - SYNC_STATES_20251103_122946 - Ticket 31994: {"ticket_id": "31994", "estado": "SUCCESS", "timestamp_actualizacion": "2025-11-03 12:30:42"}
2025-11-03 12:30:42 - SyncDeskManager - INFO - TRANSACTION_CHANGE - SYNC_STATES_20251103_122946: {"ticket_id": "31996", "system": "CLARITY", "field": "p_tdi_estado_freshdesk", "old_value": "Abierta", "new_value": "Cerrada", "freshdesk_estado_original": "Closed", "estado": "PENDING", "rollback_data": {"investment_id": 5073111, "internal_id": 5240542}, "timestamp": "2025-11-03 12:30:42"}
2025-11-03 12:30:57 - urllib3.connectionpool - DEBUG - https://pmservice.tdilatam.com:8043 "PATCH /ppm/rest/v1/custTdiInvBacklogs/5073111/tasks/5240542 HTTP/1.1" 400 198
2025-11-03 12:30:57 - urllib3.connectionpool - DEBUG - Resetting dropped connection: pmservice.tdilatam.com
2025-11-03 12:30:57 - urllib3.connectionpool - DEBUG - https://pmservice.tdilatam.com:8043 "PUT /ppm/rest/v1/custTdiInvBacklogs/5073111/tasks/5240542 HTTP/1.1" 400 167
2025-11-03 12:30:57 - SyncDeskManager - INFO - Datos sensibles limpiados de la memoria
2025-11-03 12:31:24 - SyncDeskManager - INFO - Datos sensibles limpiados de la memoria
2025-11-03 13:03:35 - SyncDeskManager - INFO - ==================================================
2025-11-03 13:03:35 - SyncDeskManager - INFO - 🚀 INICIANDO SYNC DESK MANAGER
2025-11-03 13:03:35 - SyncDeskManager - INFO - ==================================================
2025-11-03 13:03:35 - SyncDeskManager - INFO - Sistema operativo: Windows 11
2025-11-03 13:03:35 - SyncDeskManager - INFO - Python: 3.12.4
2025-11-03 13:03:35 - SyncDeskManager - INFO - Usuario: usuario
2025-11-03 13:03:35 - SyncDeskManager - INFO - Directorio de trabajo: C:\xampp\htdocs\TDI_Task_Manager
2025-11-03 13:03:35 - SyncDeskManager - INFO - Directorio de logs: c:\xampp\htdocs\TDI_Task_Manager\src\logs
2025-11-03 13:03:35 - SyncDeskManager - INFO - ==================================================
2025-11-03 13:03:36 - SyncDeskManager - INFO - ConfigManager inicializado - Modo volátil en memoria
2025-11-03 13:03:36 - SyncDeskManager - INFO - Iniciando aplicación
2025-11-03 13:03:36 - SyncDeskManager - INFO - Módulos cargados correctamente
2025-11-03 13:03:36 - SyncDeskManager - INFO - ConfigManager inicializado - Modo volátil en memoria
2025-11-03 13:03:36 - SyncDeskManager - INFO - FreshdeskService inicializado
2025-11-03 13:03:36 - SyncDeskManager - INFO - Configuración de clasificación cargada desde: data/classification/classification_config.json
2025-11-03 13:03:36 - SyncDeskManager - INFO - ClassificationConfigManager inicializado
2025-11-03 13:03:36 - SyncDeskManager - INFO - ClassificationLibraryGenerator inicializado
2025-11-03 13:03:48 - SyncDeskManager - INFO - TRANSACTION_START: SYNC_STATES_20251103_130348 - Sincronización estados Freshdesk → Clarity
2025-11-03 13:03:48 - SyncDeskManager - INFO - Transacción iniciada: SYNC_STATES_20251103_130348
2025-11-03 13:03:59 - SyncDeskManager - INFO - Análisis completado: 1550 coincidencias, 127 sin coincidencia
2025-11-03 13:04:00 - SyncDeskManager - INFO - Iniciando comparación de estados...
2025-11-03 13:04:01 - SyncDeskManager - DEBUG - Ticket 31996: Diferencia encontrada Abierta -> Cerrada
2025-11-03 13:04:01 - SyncDeskManager - DEBUG - Ticket 31997: Diferencia encontrada Abierta -> Cerrada
2025-11-03 13:04:01 - SyncDeskManager - DEBUG - Ticket 31999: Diferencia encontrada Esperando al cliente -> Cerrada
2025-11-03 13:04:01 - SyncDeskManager - DEBUG - Ticket 32001: Diferencia encontrada En progreso -> Cerrada
2025-11-03 13:04:01 - SyncDeskManager - DEBUG - Ticket 32003: Diferencia encontrada Abierta -> Cerrada
2025-11-03 13:04:01 - SyncDeskManager - DEBUG - Ticket 32005: Diferencia encontrada Derivado al Fabricante -> Cerrada
2025-11-03 13:04:01 - SyncDeskManager - DEBUG - Ticket 32008: Diferencia encontrada Resuelto -> Cerrada
2025-11-03 13:04:01 - SyncDeskManager - DEBUG - Ticket 32009: Diferencia encontrada En progreso -> Cerrada
2025-11-03 13:04:01 - SyncDeskManager - DEBUG - Ticket 32010: Diferencia encontrada En progreso -> Cerrada
2025-11-03 13:04:01 - SyncDeskManager - DEBUG - Ticket 32011: Diferencia encontrada En progreso -> Cerrada
2025-11-03 13:04:01 - SyncDeskManager - DEBUG - Ticket 32012: Diferencia encontrada Abierta -> Cerrada
2025-11-03 13:04:01 - SyncDeskManager - DEBUG - Ticket 32013: Diferencia encontrada Resuelto -> Cerrada
2025-11-03 13:04:01 - SyncDeskManager - DEBUG - Ticket 32014: Diferencia encontrada Resuelto -> Cerrada
2025-11-03 13:04:01 - SyncDeskManager - DEBUG - Ticket 32015: Diferencia encontrada Resuelto -> Cerrada
2025-11-03 13:04:01 - SyncDeskManager - DEBUG - Ticket 32020: Diferencia encontrada Abierta -> Cerrada
2025-11-03 13:04:01 - SyncDeskManager - DEBUG - Ticket 32021: Diferencia encontrada Abierta -> Cerrada
2025-11-03 13:04:01 - SyncDeskManager - DEBUG - Ticket 32022: Diferencia encontrada Abierta -> Cerrada
2025-11-03 13:04:01 - SyncDeskManager - DEBUG - Ticket 32025: Diferencia encontrada Esperando al cliente -> Cerrada
2025-11-03 13:04:01 - SyncDeskManager - DEBUG - Ticket 32033: Diferencia encontrada Abierta -> Cerrada
2025-11-03 13:04:01 - SyncDeskManager - DEBUG - Ticket 32035: Diferencia encontrada Abierta -> Cerrada
2025-11-03 13:04:01 - SyncDeskManager - DEBUG - Ticket 32036: Diferencia encontrada En progreso -> Cerrada
2025-11-03 13:04:01 - SyncDeskManager - DEBUG - Ticket 32041: Diferencia encontrada Derivado al Fabricante -> Cerrada
2025-11-03 13:04:01 - SyncDeskManager - DEBUG - Ticket 32042: Diferencia encontrada Abierta -> Cerrada
2025-11-03 13:04:01 - SyncDeskManager - DEBUG - Ticket 32043: Diferencia encontrada En progreso -> Cerrada
2025-11-03 13:04:01 - SyncDeskManager - DEBUG - Ticket 32044: Diferencia encontrada En progreso -> Cerrada
2025-11-03 13:04:01 - SyncDeskManager - DEBUG - Ticket 32067: Diferencia encontrada En progreso -> Cerrada
2025-11-03 13:04:01 - SyncDeskManager - DEBUG - Ticket 32068: Diferencia encontrada Abierta -> Cerrada
2025-11-03 13:04:01 - SyncDeskManager - DEBUG - Ticket 32075: Diferencia encontrada Abierta -> Cerrada
2025-11-03 13:04:01 - SyncDeskManager - DEBUG - Ticket 32088: Diferencia encontrada Resuelto -> Cerrada
2025-11-03 13:04:01 - SyncDeskManager - DEBUG - Ticket 32097: Diferencia encontrada Esperando al cliente -> Cerrada
2025-11-03 13:04:01 - SyncDeskManager - DEBUG - Ticket 32103: Diferencia encontrada Resuelto -> Cerrada
2025-11-03 13:04:01 - SyncDeskManager - DEBUG - Ticket 32110: Diferencia encontrada Resuelto -> Cerrada
2025-11-03 13:04:01 - SyncDeskManager - DEBUG - Ticket 32114: Diferencia encontrada Resuelto -> Cerrada
2025-11-03 13:04:01 - SyncDeskManager - DEBUG - Ticket 32115: Diferencia encontrada Abierta -> Cerrada
2025-11-03 13:04:01 - SyncDeskManager - DEBUG - Ticket 32117: Diferencia encontrada En evaluación -> Esperando al cliente
2025-11-03 13:04:01 - SyncDeskManager - DEBUG - Ticket 32118: Diferencia encontrada Abierta -> Cerrada
2025-11-03 13:04:01 - SyncDeskManager - DEBUG - Ticket 32120: Diferencia encontrada Abierta -> Cerrada
2025-11-03 13:04:01 - SyncDeskManager - DEBUG - Ticket 32121: Diferencia encontrada En evaluación -> Esperando al cliente
2025-11-03 13:04:01 - SyncDeskManager - DEBUG - Ticket 32122: Diferencia encontrada Esperando al cliente -> Cerrada
2025-11-03 13:04:01 - SyncDeskManager - DEBUG - Ticket 32123: Diferencia encontrada En evaluación -> Esperando al cliente
2025-11-03 13:04:01 - SyncDeskManager - DEBUG - Ticket 32125: Diferencia encontrada En evaluación -> Cerrada
2025-11-03 13:04:01 - SyncDeskManager - DEBUG - Ticket 32126: Diferencia encontrada Esperando al cliente -> Cerrada
2025-11-03 13:04:01 - SyncDeskManager - DEBUG - Ticket 32128: Diferencia encontrada Esperando al cliente -> Cerrada
2025-11-03 13:04:01 - SyncDeskManager - DEBUG - Ticket 32129: Diferencia encontrada Resuelto -> Cerrada
2025-11-03 13:04:01 - SyncDeskManager - DEBUG - Ticket 32130: Diferencia encontrada Resuelto -> Cerrada
2025-11-03 13:04:01 - SyncDeskManager - DEBUG - Ticket 32144: Diferencia encontrada En progreso -> Cerrada
2025-11-03 13:04:01 - SyncDeskManager - DEBUG - Ticket 32155: Diferencia encontrada Resuelto -> Cerrada
2025-11-03 13:04:01 - SyncDeskManager - DEBUG - Ticket 32157: Diferencia encontrada En progreso -> Cerrada
2025-11-03 13:04:01 - SyncDeskManager - DEBUG - Ticket 32158: Diferencia encontrada En progreso -> Cerrada
2025-11-03 13:04:01 - SyncDeskManager - DEBUG - Ticket 32159: Diferencia encontrada Resuelto -> Cerrada
2025-11-03 13:04:01 - SyncDeskManager - DEBUG - Ticket 32160: Diferencia encontrada En progreso -> Cerrada
2025-11-03 13:04:01 - SyncDeskManager - DEBUG - Ticket 32161: Diferencia encontrada Abierta -> Cerrada
2025-11-03 13:04:01 - SyncDeskManager - DEBUG - Ticket 32162: Diferencia encontrada Esperando al cliente -> Cerrada
2025-11-03 13:04:01 - SyncDeskManager - DEBUG - Ticket 32165: No encontrado en Clarity
2025-11-03 13:04:01 - SyncDeskManager - DEBUG - Ticket 32173: Diferencia encontrada Esperando al cliente -> Cerrada
2025-11-03 13:04:01 - SyncDeskManager - DEBUG - Ticket 32174: Diferencia encontrada En progreso -> Cerrada
2025-11-03 13:04:01 - SyncDeskManager - DEBUG - Ticket 32177: Diferencia encontrada Derivado al Fabricante -> Cerrada
2025-11-03 13:04:01 - SyncDeskManager - DEBUG - Ticket 32179: Diferencia encontrada Resuelto -> Cerrada
2025-11-03 13:04:01 - SyncDeskManager - DEBUG - Ticket 32183: Diferencia encontrada Abierta -> Cerrada
2025-11-03 13:04:01 - SyncDeskManager - DEBUG - Ticket 32184: Diferencia encontrada Abierta -> Cerrada
2025-11-03 13:04:01 - SyncDeskManager - DEBUG - Ticket 32188: Diferencia encontrada Derivado al Fabricante -> Cerrada
2025-11-03 13:04:01 - SyncDeskManager - DEBUG - Ticket 32192: Diferencia encontrada Abierta -> Cerrada
2025-11-03 13:04:01 - SyncDeskManager - DEBUG - Ticket 32193: Diferencia encontrada Resuelto -> Cerrada
2025-11-03 13:04:01 - SyncDeskManager - DEBUG - Ticket 32204: Diferencia encontrada Abierta -> Cerrada
2025-11-03 13:04:01 - SyncDeskManager - DEBUG - Ticket 32213: Diferencia encontrada Resuelto -> Cerrada
2025-11-03 13:04:01 - SyncDeskManager - DEBUG - Ticket 32214: Diferencia encontrada Abierta -> Cerrada
2025-11-03 13:04:01 - SyncDeskManager - DEBUG - Ticket 32215: Diferencia encontrada Abierta -> Cerrada
2025-11-03 13:04:01 - SyncDeskManager - DEBUG - Ticket 32216: Diferencia encontrada Abierta -> Cerrada
2025-11-03 13:04:01 - SyncDeskManager - DEBUG - Ticket 32217: Diferencia encontrada Abierta -> Cerrada
2025-11-03 13:04:01 - SyncDeskManager - DEBUG - Ticket 32220: Diferencia encontrada Abierta -> Cerrada
2025-11-03 13:04:01 - SyncDeskManager - DEBUG - Ticket 32221: Diferencia encontrada Resuelto -> Cerrada
2025-11-03 13:04:01 - SyncDeskManager - DEBUG - Ticket 32223: Diferencia encontrada Esperando al cliente -> Cerrada
2025-11-03 13:04:01 - SyncDeskManager - DEBUG - Ticket 32224: Diferencia encontrada Abierta -> En progreso
2025-11-03 13:04:01 - SyncDeskManager - DEBUG - Ticket 32225: Diferencia encontrada Abierta -> Cerrada
2025-11-03 13:04:01 - SyncDeskManager - DEBUG - Ticket 32226: Diferencia encontrada Abierta -> Cerrada
2025-11-03 13:04:01 - SyncDeskManager - DEBUG - Ticket 32227: Diferencia encontrada Resuelto -> Cerrada
2025-11-03 13:04:01 - SyncDeskManager - DEBUG - Ticket 32230: Diferencia encontrada Resuelto -> Cerrada
2025-11-03 13:04:01 - SyncDeskManager - DEBUG - Ticket 32233: Diferencia encontrada En progreso -> Cerrada
2025-11-03 13:04:01 - SyncDeskManager - DEBUG - Ticket 32238: Diferencia encontrada En progreso -> Cerrada
2025-11-03 13:04:01 - SyncDeskManager - DEBUG - Ticket 32239: Diferencia encontrada Resuelto -> Cerrada
2025-11-03 13:04:01 - SyncDeskManager - DEBUG - Ticket 32240: Diferencia encontrada Resuelto -> Cerrada
2025-11-03 13:04:01 - SyncDeskManager - DEBUG - Ticket 32241: Diferencia encontrada Resuelto -> Cerrada
2025-11-03 13:04:01 - SyncDeskManager - DEBUG - Ticket 32242: Diferencia encontrada En progreso -> Cerrada
2025-11-03 13:04:01 - SyncDeskManager - DEBUG - Ticket 32243: Diferencia encontrada Abierta -> Cerrada
2025-11-03 13:04:01 - SyncDeskManager - DEBUG - Ticket 32244: Diferencia encontrada Abierta -> Cerrada
2025-11-03 13:04:01 - SyncDeskManager - DEBUG - Ticket 32245: Diferencia encontrada Resuelto -> Cerrada
2025-11-03 13:04:01 - SyncDeskManager - DEBUG - Ticket 32246: Diferencia encontrada Resuelto -> Cerrada
2025-11-03 13:04:01 - SyncDeskManager - DEBUG - Ticket 32248: Diferencia encontrada Abierta -> Cerrada
2025-11-03 13:04:01 - SyncDeskManager - DEBUG - Ticket 32251: Diferencia encontrada En progreso -> Cerrada
2025-11-03 13:04:01 - SyncDeskManager - DEBUG - Ticket 32252: Diferencia encontrada En progreso -> Cerrada
2025-11-03 13:04:01 - SyncDeskManager - DEBUG - Ticket 32254: Diferencia encontrada Abierta -> Cerrada
2025-11-03 13:04:01 - SyncDeskManager - DEBUG - Ticket 32255: Diferencia encontrada Abierta -> Cerrada
2025-11-03 13:04:01 - SyncDeskManager - DEBUG - Ticket 32263: No encontrado en Clarity
2025-11-03 13:04:01 - SyncDeskManager - DEBUG - Ticket 32288: No encontrado en Clarity
2025-11-03 13:04:01 - SyncDeskManager - DEBUG - Ticket 32292: No encontrado en Clarity
2025-11-03 13:04:01 - SyncDeskManager - DEBUG - Ticket 32293: No encontrado en Clarity
2025-11-03 13:04:01 - SyncDeskManager - DEBUG - Ticket 32301: No encontrado en Clarity
2025-11-03 13:04:01 - SyncDeskManager - DEBUG - Ticket 32311: No encontrado en Clarity
2025-11-03 13:04:01 - SyncDeskManager - DEBUG - Ticket 32312: No encontrado en Clarity
2025-11-03 13:04:01 - SyncDeskManager - DEBUG - Ticket 32340: No encontrado en Clarity
2025-11-03 13:04:01 - SyncDeskManager - DEBUG - Ticket 32358: No encontrado en Clarity
2025-11-03 13:04:01 - SyncDeskManager - DEBUG - Ticket 32374: No encontrado en Clarity
2025-11-03 13:04:01 - SyncDeskManager - DEBUG - Ticket 32399: No encontrado en Clarity
2025-11-03 13:04:01 - SyncDeskManager - DEBUG - Ticket 32440: No encontrado en Clarity
2025-11-03 13:04:01 - SyncDeskManager - DEBUG - Ticket 32455: No encontrado en Clarity
2025-11-03 13:04:01 - SyncDeskManager - DEBUG - Ticket 32462: No encontrado en Clarity
2025-11-03 13:04:01 - SyncDeskManager - DEBUG - Ticket 32495: No encontrado en Clarity
2025-11-03 13:04:01 - SyncDeskManager - DEBUG - Ticket 32532: No encontrado en Clarity
2025-11-03 13:04:01 - SyncDeskManager - DEBUG - Ticket 32538: No encontrado en Clarity
2025-11-03 13:04:01 - SyncDeskManager - DEBUG - Ticket 32539: No encontrado en Clarity
2025-11-03 13:04:02 - SyncDeskManager - DEBUG - Ticket 32587: No encontrado en Clarity
2025-11-03 13:04:02 - SyncDeskManager - DEBUG - Ticket 32606: No encontrado en Clarity
2025-11-03 13:04:02 - SyncDeskManager - DEBUG - Ticket 32656: No encontrado en Clarity
2025-11-03 13:04:02 - SyncDeskManager - DEBUG - Ticket 32657: No encontrado en Clarity
2025-11-03 13:04:02 - SyncDeskManager - DEBUG - Ticket 32676: No encontrado en Clarity
2025-11-03 13:04:02 - SyncDeskManager - DEBUG - Ticket 32696: No encontrado en Clarity
2025-11-03 13:04:02 - SyncDeskManager - DEBUG - Ticket 32736: No encontrado en Clarity
2025-11-03 13:04:02 - SyncDeskManager - DEBUG - Ticket 32758: No encontrado en Clarity
2025-11-03 13:04:02 - SyncDeskManager - DEBUG - Ticket 32760: No encontrado en Clarity
2025-11-03 13:04:02 - SyncDeskManager - DEBUG - Ticket 32761: No encontrado en Clarity
2025-11-03 13:04:02 - SyncDeskManager - DEBUG - Ticket 32762: No encontrado en Clarity
2025-11-03 13:04:02 - SyncDeskManager - DEBUG - Ticket 32774: No encontrado en Clarity
2025-11-03 13:04:02 - SyncDeskManager - DEBUG - Ticket 32778: No encontrado en Clarity
2025-11-03 13:04:02 - SyncDeskManager - DEBUG - Ticket 32782: Diferencia encontrada En progreso -> Esperando al cliente
2025-11-03 13:04:02 - SyncDeskManager - DEBUG - Ticket 32811: No encontrado en Clarity
2025-11-03 13:04:02 - SyncDeskManager - DEBUG - Ticket 32830: No encontrado en Clarity
2025-11-03 13:04:02 - SyncDeskManager - DEBUG - Ticket 32836: No encontrado en Clarity
2025-11-03 13:04:02 - SyncDeskManager - DEBUG - Ticket 32838: No encontrado en Clarity
2025-11-03 13:04:02 - SyncDeskManager - DEBUG - Ticket 32841: No encontrado en Clarity
2025-11-03 13:04:02 - SyncDeskManager - DEBUG - Ticket 32842: No encontrado en Clarity
2025-11-03 13:04:02 - SyncDeskManager - DEBUG - Ticket 32843: No encontrado en Clarity
2025-11-03 13:04:02 - SyncDeskManager - DEBUG - Ticket 32844: No encontrado en Clarity
2025-11-03 13:04:02 - SyncDeskManager - DEBUG - Ticket 32848: No encontrado en Clarity
2025-11-03 13:04:02 - SyncDeskManager - DEBUG - Ticket 32850: No encontrado en Clarity
2025-11-03 13:04:02 - SyncDeskManager - DEBUG - Ticket 32856: No encontrado en Clarity
2025-11-03 13:04:02 - SyncDeskManager - DEBUG - Ticket 32879: No encontrado en Clarity
2025-11-03 13:04:02 - SyncDeskManager - DEBUG - Ticket 32912: No encontrado en Clarity
2025-11-03 13:04:02 - SyncDeskManager - DEBUG - Ticket 32914: Diferencia encontrada Resuelto -> Cerrada
2025-11-03 13:04:02 - SyncDeskManager - DEBUG - Ticket 32916: No encontrado en Clarity
2025-11-03 13:04:02 - SyncDeskManager - DEBUG - Ticket 32930: No encontrado en Clarity
2025-11-03 13:04:02 - SyncDeskManager - DEBUG - Ticket 32931: No encontrado en Clarity
2025-11-03 13:04:02 - SyncDeskManager - DEBUG - Ticket 32938: No encontrado en Clarity
2025-11-03 13:04:02 - SyncDeskManager - DEBUG - Ticket 32943: No encontrado en Clarity
2025-11-03 13:04:02 - SyncDeskManager - DEBUG - Ticket 32961: No encontrado en Clarity
2025-11-03 13:04:02 - SyncDeskManager - DEBUG - Ticket 33008: No encontrado en Clarity
2025-11-03 13:04:02 - SyncDeskManager - DEBUG - Ticket 33012: No encontrado en Clarity
2025-11-03 13:04:02 - SyncDeskManager - DEBUG - Ticket 33027: No encontrado en Clarity
2025-11-03 13:04:03 - SyncDeskManager - DEBUG - Ticket 33034: No encontrado en Clarity
2025-11-03 13:04:03 - SyncDeskManager - DEBUG - Ticket 33039: No encontrado en Clarity
2025-11-03 13:04:03 - SyncDeskManager - DEBUG - Ticket 33052: No encontrado en Clarity
2025-11-03 13:04:03 - SyncDeskManager - DEBUG - Ticket 33062: No encontrado en Clarity
2025-11-03 13:04:03 - SyncDeskManager - DEBUG - Ticket 33068: No encontrado en Clarity
2025-11-03 13:04:03 - SyncDeskManager - DEBUG - Ticket 33069: No encontrado en Clarity
2025-11-03 13:04:03 - SyncDeskManager - DEBUG - Ticket 33070: No encontrado en Clarity
2025-11-03 13:04:03 - SyncDeskManager - DEBUG - Ticket 33075: No encontrado en Clarity
2025-11-03 13:04:03 - SyncDeskManager - DEBUG - Ticket 33082: Diferencia encontrada Esperando al cliente -> Derivado al Fabricante
2025-11-03 13:04:03 - SyncDeskManager - DEBUG - Ticket 33083: No encontrado en Clarity
2025-11-03 13:04:03 - SyncDeskManager - DEBUG - Ticket 33088: No encontrado en Clarity
2025-11-03 13:04:03 - SyncDeskManager - DEBUG - Ticket 33127: No encontrado en Clarity
2025-11-03 13:04:03 - SyncDeskManager - DEBUG - Ticket 33128: No encontrado en Clarity
2025-11-03 13:04:03 - SyncDeskManager - DEBUG - Ticket 33129: No encontrado en Clarity
2025-11-03 13:04:03 - SyncDeskManager - DEBUG - Ticket 33139: No encontrado en Clarity
2025-11-03 13:04:03 - SyncDeskManager - DEBUG - Ticket 33225: No encontrado en Clarity
2025-11-03 13:04:03 - SyncDeskManager - DEBUG - Ticket 33226: No encontrado en Clarity
2025-11-03 13:04:03 - SyncDeskManager - DEBUG - Ticket 33247: No encontrado en Clarity
2025-11-03 13:04:03 - SyncDeskManager - DEBUG - Ticket 33310: No encontrado en Clarity
2025-11-03 13:04:03 - SyncDeskManager - DEBUG - Ticket 33314: No encontrado en Clarity
2025-11-03 13:04:03 - SyncDeskManager - DEBUG - Ticket 33334: No encontrado en Clarity
2025-11-03 13:04:03 - SyncDeskManager - DEBUG - Ticket 33346: No encontrado en Clarity
2025-11-03 13:04:03 - SyncDeskManager - DEBUG - Ticket 33357: No encontrado en Clarity
2025-11-03 13:04:03 - SyncDeskManager - DEBUG - Ticket 33361: No encontrado en Clarity
2025-11-03 13:04:03 - SyncDeskManager - DEBUG - Ticket 33364: No encontrado en Clarity
2025-11-03 13:04:03 - SyncDeskManager - DEBUG - Ticket 33384: No encontrado en Clarity
2025-11-03 13:04:03 - SyncDeskManager - DEBUG - Ticket 33395: No encontrado en Clarity
2025-11-03 13:04:03 - SyncDeskManager - DEBUG - Ticket 33432: No encontrado en Clarity
2025-11-03 13:04:03 - SyncDeskManager - DEBUG - Ticket 33448: No encontrado en Clarity
2025-11-03 13:04:03 - SyncDeskManager - DEBUG - Ticket 33451: No encontrado en Clarity
2025-11-03 13:04:03 - SyncDeskManager - DEBUG - Ticket 33461: No encontrado en Clarity
2025-11-03 13:04:03 - SyncDeskManager - DEBUG - Ticket 33474: No encontrado en Clarity
2025-11-03 13:04:03 - SyncDeskManager - DEBUG - Ticket 33476: No encontrado en Clarity
2025-11-03 13:04:03 - SyncDeskManager - DEBUG - Ticket 33478: No encontrado en Clarity
2025-11-03 13:04:03 - SyncDeskManager - DEBUG - Ticket 33489: No encontrado en Clarity
2025-11-03 13:04:03 - SyncDeskManager - DEBUG - Ticket 33490: No encontrado en Clarity
2025-11-03 13:04:03 - SyncDeskManager - DEBUG - Ticket 33496: No encontrado en Clarity
2025-11-03 13:04:03 - SyncDeskManager - DEBUG - Ticket 33513: No encontrado en Clarity
2025-11-03 13:04:03 - SyncDeskManager - DEBUG - Ticket 33529: No encontrado en Clarity
2025-11-03 13:04:03 - SyncDeskManager - DEBUG - Ticket 33540: No encontrado en Clarity
2025-11-03 13:04:03 - SyncDeskManager - DEBUG - Ticket 33541: No encontrado en Clarity
2025-11-03 13:04:04 - SyncDeskManager - DEBUG - Ticket 33558: No encontrado en Clarity
2025-11-03 13:04:04 - SyncDeskManager - DEBUG - Ticket 33566: No encontrado en Clarity
2025-11-03 13:04:04 - SyncDeskManager - DEBUG - Ticket 33572: Diferencia encontrada Resuelto -> Cerrada
2025-11-03 13:04:04 - SyncDeskManager - DEBUG - Ticket 33581: Diferencia encontrada Resuelto -> Cerrada
2025-11-03 13:04:04 - SyncDeskManager - DEBUG - Ticket 33583: Diferencia encontrada Resuelto -> Cerrada
2025-11-03 13:04:04 - SyncDeskManager - DEBUG - Ticket 33585: No encontrado en Clarity
2025-11-03 13:04:04 - SyncDeskManager - DEBUG - Ticket 33607: Diferencia encontrada Resuelto -> Cerrada
2025-11-03 13:04:04 - SyncDeskManager - DEBUG - Ticket 33608: Diferencia encontrada Resuelto -> Cerrada
2025-11-03 13:04:04 - SyncDeskManager - DEBUG - Ticket 33611: No encontrado en Clarity
2025-11-03 13:04:04 - SyncDeskManager - DEBUG - Ticket 33612: Diferencia encontrada Resuelto -> Cerrada
2025-11-03 13:04:04 - SyncDeskManager - DEBUG - Ticket 33613: Diferencia encontrada Resuelto -> Cerrada
2025-11-03 13:04:04 - SyncDeskManager - DEBUG - Ticket 33614: Diferencia encontrada Resuelto -> Cerrada
2025-11-03 13:04:04 - SyncDeskManager - DEBUG - Ticket 33615: Diferencia encontrada Resuelto -> Cerrada
2025-11-03 13:04:04 - SyncDeskManager - DEBUG - Ticket 33621: No encontrado en Clarity
2025-11-03 13:04:04 - SyncDeskManager - DEBUG - Ticket 33655: No encontrado en Clarity
2025-11-03 13:04:04 - SyncDeskManager - DEBUG - Ticket 33658: Diferencia encontrada Resuelto -> Cerrada
2025-11-03 13:04:04 - SyncDeskManager - DEBUG - Ticket 33667: No encontrado en Clarity
2025-11-03 13:04:04 - SyncDeskManager - DEBUG - Ticket 33669: No encontrado en Clarity
2025-11-03 13:04:04 - SyncDeskManager - DEBUG - Ticket 33671: Diferencia encontrada Resuelto -> Cerrada
2025-11-03 13:04:04 - SyncDeskManager - DEBUG - Ticket 33672: Diferencia encontrada Resuelto -> Cerrada
2025-11-03 13:04:04 - SyncDeskManager - DEBUG - Ticket 33676: Diferencia encontrada Resuelto -> Cerrada
2025-11-03 13:04:04 - SyncDeskManager - DEBUG - Ticket 33680: Diferencia encontrada Resuelto -> Cerrada
2025-11-03 13:04:04 - SyncDeskManager - DEBUG - Ticket 33682: No encontrado en Clarity
2025-11-03 13:04:04 - SyncDeskManager - DEBUG - Ticket 33684: Diferencia encontrada Resuelto -> Cerrada
2025-11-03 13:04:04 - SyncDeskManager - DEBUG - Ticket 33702: No encontrado en Clarity
2025-11-03 13:04:04 - SyncDeskManager - DEBUG - Ticket 33707: Diferencia encontrada Resuelto -> Cerrada
2025-11-03 13:04:04 - SyncDeskManager - DEBUG - Ticket 33712: Diferencia encontrada Resuelto -> Cerrada
2025-11-03 13:04:04 - SyncDeskManager - DEBUG - Ticket 33720: Diferencia encontrada Resuelto -> Cerrada
2025-11-03 13:04:04 - SyncDeskManager - DEBUG - Ticket 33728: Diferencia encontrada Resuelto -> Cerrada
2025-11-03 13:04:04 - SyncDeskManager - DEBUG - Ticket 33732: Diferencia encontrada Resuelto -> Cerrada
2025-11-03 13:04:04 - SyncDeskManager - DEBUG - Ticket 33741: No encontrado en Clarity
2025-11-03 13:04:04 - SyncDeskManager - DEBUG - Ticket 33743: Diferencia encontrada Resuelto -> Cerrada
2025-11-03 13:04:04 - SyncDeskManager - DEBUG - Ticket 33745: Diferencia encontrada Resuelto -> Cerrada
2025-11-03 13:04:04 - SyncDeskManager - DEBUG - Ticket 33746: Diferencia encontrada Resuelto -> Cerrada
2025-11-03 13:04:04 - SyncDeskManager - DEBUG - Ticket 33747: Diferencia encontrada Resuelto -> Cerrada
2025-11-03 13:04:04 - SyncDeskManager - DEBUG - Ticket 33754: Diferencia encontrada Resuelto -> Cerrada
2025-11-03 13:04:04 - SyncDeskManager - DEBUG - Ticket 33755: Diferencia encontrada Resuelto -> Cerrada
2025-11-03 13:04:04 - SyncDeskManager - DEBUG - Ticket 33756: Diferencia encontrada Resuelto -> Cerrada
2025-11-03 13:04:04 - SyncDeskManager - DEBUG - Ticket 33757: Diferencia encontrada Resuelto -> Cerrada
2025-11-03 13:04:04 - SyncDeskManager - DEBUG - Ticket 33766: No encontrado en Clarity
2025-11-03 13:04:04 - SyncDeskManager - DEBUG - Ticket 33767: No encontrado en Clarity
2025-11-03 13:04:04 - SyncDeskManager - DEBUG - Ticket 33771: Diferencia encontrada Resuelto -> Cerrada
2025-11-03 13:04:04 - SyncDeskManager - DEBUG - Ticket 33772: Diferencia encontrada Resuelto -> Cerrada
2025-11-03 13:04:04 - SyncDeskManager - DEBUG - Ticket 33797: Diferencia encontrada Resuelto -> Cerrada
2025-11-03 13:04:04 - SyncDeskManager - DEBUG - Ticket 33798: Diferencia encontrada Resuelto -> Cerrada
2025-11-03 13:04:04 - SyncDeskManager - DEBUG - Ticket 33804: No encontrado en Clarity
2025-11-03 13:04:04 - SyncDeskManager - DEBUG - Ticket 33811: Diferencia encontrada Esperando al cliente -> Cerrada
2025-11-03 13:04:04 - SyncDeskManager - DEBUG - Ticket 33815: Diferencia encontrada Resuelto -> Cerrada
2025-11-03 13:04:04 - SyncDeskManager - DEBUG - Ticket 33820: No encontrado en Clarity
2025-11-03 13:04:04 - SyncDeskManager - DEBUG - Ticket 33837: No encontrado en Clarity
2025-11-03 13:04:04 - SyncDeskManager - DEBUG - Ticket 33842: Diferencia encontrada Resuelto -> Cerrada
2025-11-03 13:04:04 - SyncDeskManager - DEBUG - Ticket 33856: Diferencia encontrada Resuelto -> Cerrada
2025-11-03 13:04:04 - SyncDeskManager - DEBUG - Ticket 33861: No encontrado en Clarity
2025-11-03 13:04:04 - SyncDeskManager - DEBUG - Ticket 33868: Diferencia encontrada Resuelto -> Cerrada
2025-11-03 13:04:04 - SyncDeskManager - DEBUG - Ticket 33869: Diferencia encontrada Resuelto -> Cerrada
2025-11-03 13:04:04 - SyncDeskManager - DEBUG - Ticket 33887: Diferencia encontrada Resuelto -> Cerrada
2025-11-03 13:04:04 - SyncDeskManager - DEBUG - Ticket 33901: No encontrado en Clarity
2025-11-03 13:04:04 - SyncDeskManager - DEBUG - Ticket 33905: Diferencia encontrada Abierta -> Cerrada
2025-11-03 13:04:04 - SyncDeskManager - DEBUG - Ticket 33911: Diferencia encontrada En progreso -> Esperando al cliente
2025-11-03 13:04:04 - SyncDeskManager - DEBUG - Ticket 33913: No encontrado en Clarity
2025-11-03 13:04:04 - SyncDeskManager - DEBUG - Ticket 33936: Diferencia encontrada Resuelto -> Cerrada
2025-11-03 13:04:04 - SyncDeskManager - DEBUG - Ticket 33944: Diferencia encontrada Resuelto -> Cerrada
2025-11-03 13:04:04 - SyncDeskManager - DEBUG - Ticket 33960: Diferencia encontrada Resuelto -> Cerrada
2025-11-03 13:04:04 - SyncDeskManager - DEBUG - Ticket 33963: Diferencia encontrada Resuelto -> Cerrada
2025-11-03 13:04:04 - SyncDeskManager - DEBUG - Ticket 33964: Diferencia encontrada Resuelto -> Cerrada
2025-11-03 13:04:04 - SyncDeskManager - DEBUG - Ticket 33974: Diferencia encontrada Resuelto -> Cerrada
2025-11-03 13:04:04 - SyncDeskManager - DEBUG - Ticket 33998: No encontrado en Clarity
2025-11-03 13:04:04 - SyncDeskManager - DEBUG - Ticket 34008: No encontrado en Clarity
2025-11-03 13:04:04 - SyncDeskManager - DEBUG - Ticket 34021: No encontrado en Clarity
2025-11-03 13:04:04 - SyncDeskManager - DEBUG - Ticket 34025: No encontrado en Clarity
2025-11-03 13:04:04 - SyncDeskManager - DEBUG - Ticket 34038: Diferencia encontrada Abierta -> Esperando al cliente
2025-11-03 13:04:04 - SyncDeskManager - DEBUG - Ticket 34058: Diferencia encontrada Abierta -> En progreso
2025-11-03 13:04:05 - SyncDeskManager - DEBUG - Ticket 34085: Diferencia encontrada En progreso -> Derivado al Fabricante
2025-11-03 13:04:05 - SyncDeskManager - DEBUG - Ticket 34110: No encontrado en Clarity
2025-11-03 13:04:05 - SyncDeskManager - DEBUG - Ticket 34117: Diferencia encontrada Abierta -> Cerrada
2025-11-03 13:04:05 - SyncDeskManager - DEBUG - Ticket 34119: Diferencia encontrada Abierta -> Esperando al cliente
2025-11-03 13:04:05 - SyncDeskManager - DEBUG - Ticket 34130: No encontrado en Clarity
2025-11-03 13:04:05 - SyncDeskManager - DEBUG - Ticket 34132: No encontrado en Clarity
2025-11-03 13:04:05 - SyncDeskManager - DEBUG - Ticket 34133: No encontrado en Clarity
2025-11-03 13:04:05 - SyncDeskManager - DEBUG - Ticket 34137: No encontrado en Clarity
2025-11-03 13:04:05 - SyncDeskManager - DEBUG - Ticket 34142: No encontrado en Clarity
2025-11-03 13:04:05 - SyncDeskManager - DEBUG - Ticket 34143: No encontrado en Clarity
2025-11-03 13:04:05 - SyncDeskManager - DEBUG - Ticket 34145: No encontrado en Clarity
2025-11-03 13:04:05 - SyncDeskManager - DEBUG - Ticket 34148: No encontrado en Clarity
2025-11-03 13:04:05 - SyncDeskManager - DEBUG - Ticket 34149: No encontrado en Clarity
2025-11-03 13:04:05 - SyncDeskManager - INFO - Comparación completada: 146 diferencias encontradas
2025-11-03 13:04:05 - SyncDeskManager - INFO - Buscando IDs de Clarity para 146 tickets...
2025-11-03 13:04:05 - SyncDeskManager - DEBUG - Buscando ticket 31996 directamente en Clarity...
2025-11-03 13:04:05 - urllib3.connectionpool - DEBUG - Starting new HTTPS connection (1): pmservice.tdilatam.com:8043
2025-11-03 13:04:05 - urllib3.connectionpool - DEBUG - https://pmservice.tdilatam.com:8043 "GET /ppm/rest/v1/tasks?filter=%28code+%3D+%2731996%27%29&limit=1&fields=code%2Cp_tdi_estado_freshdesk%2C_internalId%2C_parentId%2Cname%2Cstatus HTTP/1.1" 200 413
2025-11-03 13:04:05 - SyncDeskManager - INFO - Ticket 31996 encontrado directamente
2025-11-03 13:04:05 - SyncDeskManager - DEBUG - Buscando ticket 31997 directamente en Clarity...
2025-11-03 13:04:05 - urllib3.connectionpool - DEBUG - https://pmservice.tdilatam.com:8043 "GET /ppm/rest/v1/tasks?filter=%28code+%3D+%2731997%27%29&limit=1&fields=code%2Cp_tdi_estado_freshdesk%2C_internalId%2C_parentId%2Cname%2Cstatus HTTP/1.1" 200 416
2025-11-03 13:04:05 - SyncDeskManager - INFO - Ticket 31997 encontrado directamente
2025-11-03 13:04:05 - SyncDeskManager - DEBUG - Buscando ticket 31999 directamente en Clarity...
2025-11-03 13:04:05 - urllib3.connectionpool - DEBUG - https://pmservice.tdilatam.com:8043 "GET /ppm/rest/v1/tasks?filter=%28code+%3D+%2731999%27%29&limit=1&fields=code%2Cp_tdi_estado_freshdesk%2C_internalId%2C_parentId%2Cname%2Cstatus HTTP/1.1" 200 376
2025-11-03 13:04:05 - SyncDeskManager - INFO - Ticket 31999 encontrado directamente
2025-11-03 13:04:05 - SyncDeskManager - DEBUG - Buscando ticket 32001 directamente en Clarity...
2025-11-03 13:04:05 - urllib3.connectionpool - DEBUG - https://pmservice.tdilatam.com:8043 "GET /ppm/rest/v1/tasks?filter=%28code+%3D+%2732001%27%29&limit=1&fields=code%2Cp_tdi_estado_freshdesk%2C_internalId%2C_parentId%2Cname%2Cstatus HTTP/1.1" 200 407
2025-11-03 13:04:05 - SyncDeskManager - INFO - Ticket 32001 encontrado directamente
2025-11-03 13:04:05 - SyncDeskManager - DEBUG - Buscando ticket 32003 directamente en Clarity...
2025-11-03 13:04:05 - urllib3.connectionpool - DEBUG - https://pmservice.tdilatam.com:8043 "GET /ppm/rest/v1/tasks?filter=%28code+%3D+%2732003%27%29&limit=1&fields=code%2Cp_tdi_estado_freshdesk%2C_internalId%2C_parentId%2Cname%2Cstatus HTTP/1.1" 200 368
2025-11-03 13:04:05 - SyncDeskManager - INFO - Ticket 32003 encontrado directamente
2025-11-03 13:04:05 - SyncDeskManager - DEBUG - Buscando ticket 32005 directamente en Clarity...
2025-11-03 13:04:05 - urllib3.connectionpool - DEBUG - https://pmservice.tdilatam.com:8043 "GET /ppm/rest/v1/tasks?filter=%28code+%3D+%2732005%27%29&limit=1&fields=code%2Cp_tdi_estado_freshdesk%2C_internalId%2C_parentId%2Cname%2Cstatus HTTP/1.1" 200 406
2025-11-03 13:04:05 - SyncDeskManager - INFO - Ticket 32005 encontrado directamente
2025-11-03 13:04:05 - SyncDeskManager - DEBUG - Buscando ticket 32008 directamente en Clarity...
2025-11-03 13:04:06 - urllib3.connectionpool - DEBUG - https://pmservice.tdilatam.com:8043 "GET /ppm/rest/v1/tasks?filter=%28code+%3D+%2732008%27%29&limit=1&fields=code%2Cp_tdi_estado_freshdesk%2C_internalId%2C_parentId%2Cname%2Cstatus HTTP/1.1" 200 387
2025-11-03 13:04:06 - SyncDeskManager - INFO - Ticket 32008 encontrado directamente
2025-11-03 13:04:06 - SyncDeskManager - DEBUG - Buscando ticket 32009 directamente en Clarity...
2025-11-03 13:04:06 - urllib3.connectionpool - DEBUG - https://pmservice.tdilatam.com:8043 "GET /ppm/rest/v1/tasks?filter=%28code+%3D+%2732009%27%29&limit=1&fields=code%2Cp_tdi_estado_freshdesk%2C_internalId%2C_parentId%2Cname%2Cstatus HTTP/1.1" 200 372
2025-11-03 13:04:06 - SyncDeskManager - INFO - Ticket 32009 encontrado directamente
2025-11-03 13:04:06 - SyncDeskManager - DEBUG - Buscando ticket 32010 directamente en Clarity...
2025-11-03 13:04:06 - urllib3.connectionpool - DEBUG - https://pmservice.tdilatam.com:8043 "GET /ppm/rest/v1/tasks?filter=%28code+%3D+%2732010%27%29&limit=1&fields=code%2Cp_tdi_estado_freshdesk%2C_internalId%2C_parentId%2Cname%2Cstatus HTTP/1.1" 200 372
2025-11-03 13:04:06 - SyncDeskManager - INFO - Ticket 32010 encontrado directamente
2025-11-03 13:04:06 - SyncDeskManager - DEBUG - Buscando ticket 32011 directamente en Clarity...
2025-11-03 13:04:06 - urllib3.connectionpool - DEBUG - https://pmservice.tdilatam.com:8043 "GET /ppm/rest/v1/tasks?filter=%28code+%3D+%2732011%27%29&limit=1&fields=code%2Cp_tdi_estado_freshdesk%2C_internalId%2C_parentId%2Cname%2Cstatus HTTP/1.1" 200 395
2025-11-03 13:04:06 - SyncDeskManager - INFO - Ticket 32011 encontrado directamente
2025-11-03 13:04:06 - SyncDeskManager - DEBUG - Buscando ticket 32012 directamente en Clarity...
2025-11-03 13:04:06 - urllib3.connectionpool - DEBUG - https://pmservice.tdilatam.com:8043 "GET /ppm/rest/v1/tasks?filter=%28code+%3D+%2732012%27%29&limit=1&fields=code%2Cp_tdi_estado_freshdesk%2C_internalId%2C_parentId%2Cname%2Cstatus HTTP/1.1" 200 368
2025-11-03 13:04:06 - SyncDeskManager - INFO - Ticket 32012 encontrado directamente
2025-11-03 13:04:06 - SyncDeskManager - DEBUG - Buscando ticket 32013 directamente en Clarity...
2025-11-03 13:04:06 - urllib3.connectionpool - DEBUG - https://pmservice.tdilatam.com:8043 "GET /ppm/rest/v1/tasks?filter=%28code+%3D+%2732013%27%29&limit=1&fields=code%2Cp_tdi_estado_freshdesk%2C_internalId%2C_parentId%2Cname%2Cstatus HTTP/1.1" 200 394
2025-11-03 13:04:06 - SyncDeskManager - INFO - Ticket 32013 encontrado directamente
2025-11-03 13:04:06 - SyncDeskManager - DEBUG - Buscando ticket 32014 directamente en Clarity...
2025-11-03 13:04:06 - urllib3.connectionpool - DEBUG - https://pmservice.tdilatam.com:8043 "GET /ppm/rest/v1/tasks?filter=%28code+%3D+%2732014%27%29&limit=1&fields=code%2Cp_tdi_estado_freshdesk%2C_internalId%2C_parentId%2Cname%2Cstatus HTTP/1.1" 200 394
2025-11-03 13:04:06 - SyncDeskManager - INFO - Ticket 32014 encontrado directamente
2025-11-03 13:04:06 - SyncDeskManager - DEBUG - Buscando ticket 32015 directamente en Clarity...
2025-11-03 13:04:06 - urllib3.connectionpool - DEBUG - https://pmservice.tdilatam.com:8043 "GET /ppm/rest/v1/tasks?filter=%28code+%3D+%2732015%27%29&limit=1&fields=code%2Cp_tdi_estado_freshdesk%2C_internalId%2C_parentId%2Cname%2Cstatus HTTP/1.1" 200 394
2025-11-03 13:04:06 - SyncDeskManager - INFO - Ticket 32015 encontrado directamente
2025-11-03 13:04:06 - SyncDeskManager - DEBUG - Buscando ticket 32020 directamente en Clarity...
2025-11-03 13:04:06 - urllib3.connectionpool - DEBUG - https://pmservice.tdilatam.com:8043 "GET /ppm/rest/v1/tasks?filter=%28code+%3D+%2732020%27%29&limit=1&fields=code%2Cp_tdi_estado_freshdesk%2C_internalId%2C_parentId%2Cname%2Cstatus HTTP/1.1" 200 407
2025-11-03 13:04:06 - SyncDeskManager - INFO - Ticket 32020 encontrado directamente
2025-11-03 13:04:06 - SyncDeskManager - DEBUG - Buscando ticket 32021 directamente en Clarity...
2025-11-03 13:04:06 - urllib3.connectionpool - DEBUG - https://pmservice.tdilatam.com:8043 "GET /ppm/rest/v1/tasks?filter=%28code+%3D+%2732021%27%29&limit=1&fields=code%2Cp_tdi_estado_freshdesk%2C_internalId%2C_parentId%2Cname%2Cstatus HTTP/1.1" 200 407
2025-11-03 13:04:06 - SyncDeskManager - INFO - Ticket 32021 encontrado directamente
2025-11-03 13:04:06 - SyncDeskManager - DEBUG - Buscando ticket 32022 directamente en Clarity...
2025-11-03 13:04:06 - urllib3.connectionpool - DEBUG - https://pmservice.tdilatam.com:8043 "GET /ppm/rest/v1/tasks?filter=%28code+%3D+%2732022%27%29&limit=1&fields=code%2Cp_tdi_estado_freshdesk%2C_internalId%2C_parentId%2Cname%2Cstatus HTTP/1.1" 200 407
2025-11-03 13:04:06 - SyncDeskManager - INFO - Ticket 32022 encontrado directamente
2025-11-03 13:04:06 - SyncDeskManager - DEBUG - Buscando ticket 32025 directamente en Clarity...
2025-11-03 13:04:06 - urllib3.connectionpool - DEBUG - https://pmservice.tdilatam.com:8043 "GET /ppm/rest/v1/tasks?filter=%28code+%3D+%2732025%27%29&limit=1&fields=code%2Cp_tdi_estado_freshdesk%2C_internalId%2C_parentId%2Cname%2Cstatus HTTP/1.1" 200 406
2025-11-03 13:04:06 - SyncDeskManager - INFO - Ticket 32025 encontrado directamente
2025-11-03 13:04:06 - SyncDeskManager - DEBUG - Buscando ticket 32033 directamente en Clarity...
2025-11-03 13:04:06 - urllib3.connectionpool - DEBUG - https://pmservice.tdilatam.com:8043 "GET /ppm/rest/v1/tasks?filter=%28code+%3D+%2732033%27%29&limit=1&fields=code%2Cp_tdi_estado_freshdesk%2C_internalId%2C_parentId%2Cname%2Cstatus HTTP/1.1" 200 389
2025-11-03 13:04:06 - SyncDeskManager - INFO - Ticket 32033 encontrado directamente
2025-11-03 13:04:06 - SyncDeskManager - DEBUG - Buscando ticket 32035 directamente en Clarity...
2025-11-03 13:04:06 - urllib3.connectionpool - DEBUG - https://pmservice.tdilatam.com:8043 "GET /ppm/rest/v1/tasks?filter=%28code+%3D+%2732035%27%29&limit=1&fields=code%2Cp_tdi_estado_freshdesk%2C_internalId%2C_parentId%2Cname%2Cstatus HTTP/1.1" 200 407
2025-11-03 13:04:06 - SyncDeskManager - INFO - Ticket 32035 encontrado directamente
2025-11-03 13:04:06 - SyncDeskManager - DEBUG - Buscando ticket 32036 directamente en Clarity...
2025-11-03 13:04:06 - urllib3.connectionpool - DEBUG - https://pmservice.tdilatam.com:8043 "GET /ppm/rest/v1/tasks?filter=%28code+%3D+%2732036%27%29&limit=1&fields=code%2Cp_tdi_estado_freshdesk%2C_internalId%2C_parentId%2Cname%2Cstatus HTTP/1.1" 200 415
2025-11-03 13:04:06 - SyncDeskManager - INFO - Ticket 32036 encontrado directamente
2025-11-03 13:04:06 - SyncDeskManager - DEBUG - Buscando ticket 32041 directamente en Clarity...
2025-11-03 13:04:07 - urllib3.connectionpool - DEBUG - https://pmservice.tdilatam.com:8043 "GET /ppm/rest/v1/tasks?filter=%28code+%3D+%2732041%27%29&limit=1&fields=code%2Cp_tdi_estado_freshdesk%2C_internalId%2C_parentId%2Cname%2Cstatus HTTP/1.1" 200 417
2025-11-03 13:04:07 - SyncDeskManager - INFO - Ticket 32041 encontrado directamente
2025-11-03 13:04:07 - SyncDeskManager - DEBUG - Buscando ticket 32042 directamente en Clarity...
2025-11-03 13:04:07 - urllib3.connectionpool - DEBUG - https://pmservice.tdilatam.com:8043 "GET /ppm/rest/v1/tasks?filter=%28code+%3D+%2732042%27%29&limit=1&fields=code%2Cp_tdi_estado_freshdesk%2C_internalId%2C_parentId%2Cname%2Cstatus HTTP/1.1" 200 368
2025-11-03 13:04:07 - SyncDeskManager - INFO - Ticket 32042 encontrado directamente
2025-11-03 13:04:07 - SyncDeskManager - DEBUG - Buscando ticket 32043 directamente en Clarity...
2025-11-03 13:04:07 - urllib3.connectionpool - DEBUG - https://pmservice.tdilatam.com:8043 "GET /ppm/rest/v1/tasks?filter=%28code+%3D+%2732043%27%29&limit=1&fields=code%2Cp_tdi_estado_freshdesk%2C_internalId%2C_parentId%2Cname%2Cstatus HTTP/1.1" 200 387
2025-11-03 13:04:07 - SyncDeskManager - INFO - Ticket 32043 encontrado directamente
2025-11-03 13:04:07 - SyncDeskManager - DEBUG - Buscando ticket 32044 directamente en Clarity...
2025-11-03 13:04:07 - urllib3.connectionpool - DEBUG - https://pmservice.tdilatam.com:8043 "GET /ppm/rest/v1/tasks?filter=%28code+%3D+%2732044%27%29&limit=1&fields=code%2Cp_tdi_estado_freshdesk%2C_internalId%2C_parentId%2Cname%2Cstatus HTTP/1.1" 200 377
2025-11-03 13:04:07 - SyncDeskManager - INFO - Ticket 32044 encontrado directamente
2025-11-03 13:04:07 - SyncDeskManager - DEBUG - Buscando ticket 32067 directamente en Clarity...
2025-11-03 13:04:07 - urllib3.connectionpool - DEBUG - https://pmservice.tdilatam.com:8043 "GET /ppm/rest/v1/tasks?filter=%28code+%3D+%2732067%27%29&limit=1&fields=code%2Cp_tdi_estado_freshdesk%2C_internalId%2C_parentId%2Cname%2Cstatus HTTP/1.1" 200 414
2025-11-03 13:04:07 - SyncDeskManager - INFO - Ticket 32067 encontrado directamente
2025-11-03 13:04:07 - SyncDeskManager - DEBUG - Buscando ticket 32068 directamente en Clarity...
2025-11-03 13:04:07 - urllib3.connectionpool - DEBUG - https://pmservice.tdilatam.com:8043 "GET /ppm/rest/v1/tasks?filter=%28code+%3D+%2732068%27%29&limit=1&fields=code%2Cp_tdi_estado_freshdesk%2C_internalId%2C_parentId%2Cname%2Cstatus HTTP/1.1" 200 410
2025-11-03 13:04:07 - SyncDeskManager - INFO - Ticket 32068 encontrado directamente
2025-11-03 13:04:07 - SyncDeskManager - DEBUG - Buscando ticket 32075 directamente en Clarity...
2025-11-03 13:04:07 - urllib3.connectionpool - DEBUG - https://pmservice.tdilatam.com:8043 "GET /ppm/rest/v1/tasks?filter=%28code+%3D+%2732075%27%29&limit=1&fields=code%2Cp_tdi_estado_freshdesk%2C_internalId%2C_parentId%2Cname%2Cstatus HTTP/1.1" 200 372
2025-11-03 13:04:07 - SyncDeskManager - INFO - Ticket 32075 encontrado directamente
2025-11-03 13:04:07 - SyncDeskManager - DEBUG - Buscando ticket 32088 directamente en Clarity...
2025-11-03 13:04:07 - urllib3.connectionpool - DEBUG - https://pmservice.tdilatam.com:8043 "GET /ppm/rest/v1/tasks?filter=%28code+%3D+%2732088%27%29&limit=1&fields=code%2Cp_tdi_estado_freshdesk%2C_internalId%2C_parentId%2Cname%2Cstatus HTTP/1.1" 200 424
2025-11-03 13:04:07 - SyncDeskManager - INFO - Ticket 32088 encontrado directamente
2025-11-03 13:04:07 - SyncDeskManager - DEBUG - Buscando ticket 32097 directamente en Clarity...
2025-11-03 13:04:07 - urllib3.connectionpool - DEBUG - https://pmservice.tdilatam.com:8043 "GET /ppm/rest/v1/tasks?filter=%28code+%3D+%2732097%27%29&limit=1&fields=code%2Cp_tdi_estado_freshdesk%2C_internalId%2C_parentId%2Cname%2Cstatus HTTP/1.1" 200 403
2025-11-03 13:04:07 - SyncDeskManager - INFO - Ticket 32097 encontrado directamente
2025-11-03 13:04:07 - SyncDeskManager - DEBUG - Buscando ticket 32103 directamente en Clarity...
2025-11-03 13:04:07 - urllib3.connectionpool - DEBUG - https://pmservice.tdilatam.com:8043 "GET /ppm/rest/v1/tasks?filter=%28code+%3D+%2732103%27%29&limit=1&fields=code%2Cp_tdi_estado_freshdesk%2C_internalId%2C_parentId%2Cname%2Cstatus HTTP/1.1" 200 413
2025-11-03 13:04:07 - SyncDeskManager - INFO - Ticket 32103 encontrado directamente
2025-11-03 13:04:07 - SyncDeskManager - DEBUG - Buscando ticket 32110 directamente en Clarity...
2025-11-03 13:04:07 - urllib3.connectionpool - DEBUG - https://pmservice.tdilatam.com:8043 "GET /ppm/rest/v1/tasks?filter=%28code+%3D+%2732110%27%29&limit=1&fields=code%2Cp_tdi_estado_freshdesk%2C_internalId%2C_parentId%2Cname%2Cstatus HTTP/1.1" 200 387
2025-11-03 13:04:07 - SyncDeskManager - INFO - Ticket 32110 encontrado directamente
2025-11-03 13:04:07 - SyncDeskManager - DEBUG - Buscando ticket 32114 directamente en Clarity...
2025-11-03 13:04:07 - urllib3.connectionpool - DEBUG - https://pmservice.tdilatam.com:8043 "GET /ppm/rest/v1/tasks?filter=%28code+%3D+%2732114%27%29&limit=1&fields=code%2Cp_tdi_estado_freshdesk%2C_internalId%2C_parentId%2Cname%2Cstatus HTTP/1.1" 200 389
2025-11-03 13:04:07 - SyncDeskManager - INFO - Ticket 32114 encontrado directamente
2025-11-03 13:04:07 - SyncDeskManager - DEBUG - Buscando ticket 32115 directamente en Clarity...
2025-11-03 13:04:07 - urllib3.connectionpool - DEBUG - https://pmservice.tdilatam.com:8043 "GET /ppm/rest/v1/tasks?filter=%28code+%3D+%2732115%27%29&limit=1&fields=code%2Cp_tdi_estado_freshdesk%2C_internalId%2C_parentId%2Cname%2Cstatus HTTP/1.1" 200 404
2025-11-03 13:04:07 - SyncDeskManager - INFO - Ticket 32115 encontrado directamente
2025-11-03 13:04:07 - SyncDeskManager - DEBUG - Buscando ticket 32117 directamente en Clarity...
2025-11-03 13:04:07 - urllib3.connectionpool - DEBUG - https://pmservice.tdilatam.com:8043 "GET /ppm/rest/v1/tasks?filter=%28code+%3D+%2732117%27%29&limit=1&fields=code%2Cp_tdi_estado_freshdesk%2C_internalId%2C_parentId%2Cname%2Cstatus HTTP/1.1" 200 388
2025-11-03 13:04:07 - SyncDeskManager - INFO - Ticket 32117 encontrado directamente
2025-11-03 13:04:07 - SyncDeskManager - DEBUG - Buscando ticket 32118 directamente en Clarity...
2025-11-03 13:04:07 - urllib3.connectionpool - DEBUG - https://pmservice.tdilatam.com:8043 "GET /ppm/rest/v1/tasks?filter=%28code+%3D+%2732118%27%29&limit=1&fields=code%2Cp_tdi_estado_freshdesk%2C_internalId%2C_parentId%2Cname%2Cstatus HTTP/1.1" 200 408
2025-11-03 13:04:07 - SyncDeskManager - INFO - Ticket 32118 encontrado directamente
2025-11-03 13:04:07 - SyncDeskManager - DEBUG - Buscando ticket 32120 directamente en Clarity...
2025-11-03 13:04:07 - urllib3.connectionpool - DEBUG - https://pmservice.tdilatam.com:8043 "GET /ppm/rest/v1/tasks?filter=%28code+%3D+%2732120%27%29&limit=1&fields=code%2Cp_tdi_estado_freshdesk%2C_internalId%2C_parentId%2Cname%2Cstatus HTTP/1.1" 200 407
2025-11-03 13:04:07 - SyncDeskManager - INFO - Ticket 32120 encontrado directamente
2025-11-03 13:04:07 - SyncDeskManager - DEBUG - Buscando ticket 32121 directamente en Clarity...
2025-11-03 13:04:08 - urllib3.connectionpool - DEBUG - https://pmservice.tdilatam.com:8043 "GET /ppm/rest/v1/tasks?filter=%28code+%3D+%2732121%27%29&limit=1&fields=code%2Cp_tdi_estado_freshdesk%2C_internalId%2C_parentId%2Cname%2Cstatus HTTP/1.1" 200 385
2025-11-03 13:04:08 - SyncDeskManager - INFO - Ticket 32121 encontrado directamente
2025-11-03 13:04:08 - SyncDeskManager - DEBUG - Buscando ticket 32122 directamente en Clarity...
2025-11-03 13:04:08 - urllib3.connectionpool - DEBUG - https://pmservice.tdilatam.com:8043 "GET /ppm/rest/v1/tasks?filter=%28code+%3D+%2732122%27%29&limit=1&fields=code%2Cp_tdi_estado_freshdesk%2C_internalId%2C_parentId%2Cname%2Cstatus HTTP/1.1" 200 424
2025-11-03 13:04:08 - SyncDeskManager - INFO - Ticket 32122 encontrado directamente
2025-11-03 13:04:08 - SyncDeskManager - DEBUG - Buscando ticket 32123 directamente en Clarity...
2025-11-03 13:04:08 - urllib3.connectionpool - DEBUG - https://pmservice.tdilatam.com:8043 "GET /ppm/rest/v1/tasks?filter=%28code+%3D+%2732123%27%29&limit=1&fields=code%2Cp_tdi_estado_freshdesk%2C_internalId%2C_parentId%2Cname%2Cstatus HTTP/1.1" 200 394
2025-11-03 13:04:08 - SyncDeskManager - INFO - Ticket 32123 encontrado directamente
2025-11-03 13:04:08 - SyncDeskManager - DEBUG - Buscando ticket 32125 directamente en Clarity...
2025-11-03 13:04:08 - urllib3.connectionpool - DEBUG - https://pmservice.tdilatam.com:8043 "GET /ppm/rest/v1/tasks?filter=%28code+%3D+%2732125%27%29&limit=1&fields=code%2Cp_tdi_estado_freshdesk%2C_internalId%2C_parentId%2Cname%2Cstatus HTTP/1.1" 200 398
2025-11-03 13:04:08 - SyncDeskManager - INFO - Ticket 32125 encontrado directamente
2025-11-03 13:04:08 - SyncDeskManager - DEBUG - Buscando ticket 32126 directamente en Clarity...
2025-11-03 13:04:08 - urllib3.connectionpool - DEBUG - https://pmservice.tdilatam.com:8043 "GET /ppm/rest/v1/tasks?filter=%28code+%3D+%2732126%27%29&limit=1&fields=code%2Cp_tdi_estado_freshdesk%2C_internalId%2C_parentId%2Cname%2Cstatus HTTP/1.1" 200 389
2025-11-03 13:04:08 - SyncDeskManager - INFO - Ticket 32126 encontrado directamente
2025-11-03 13:04:08 - SyncDeskManager - DEBUG - Buscando ticket 32128 directamente en Clarity...
2025-11-03 13:04:08 - urllib3.connectionpool - DEBUG - https://pmservice.tdilatam.com:8043 "GET /ppm/rest/v1/tasks?filter=%28code+%3D+%2732128%27%29&limit=1&fields=code%2Cp_tdi_estado_freshdesk%2C_internalId%2C_parentId%2Cname%2Cstatus HTTP/1.1" 200 397
2025-11-03 13:04:08 - SyncDeskManager - INFO - Ticket 32128 encontrado directamente
2025-11-03 13:04:08 - SyncDeskManager - DEBUG - Buscando ticket 32129 directamente en Clarity...
2025-11-03 13:04:08 - urllib3.connectionpool - DEBUG - https://pmservice.tdilatam.com:8043 "GET /ppm/rest/v1/tasks?filter=%28code+%3D+%2732129%27%29&limit=1&fields=code%2Cp_tdi_estado_freshdesk%2C_internalId%2C_parentId%2Cname%2Cstatus HTTP/1.1" 200 394
2025-11-03 13:04:08 - SyncDeskManager - INFO - Ticket 32129 encontrado directamente
2025-11-03 13:04:08 - SyncDeskManager - DEBUG - Buscando ticket 32130 directamente en Clarity...
2025-11-03 13:04:08 - urllib3.connectionpool - DEBUG - https://pmservice.tdilatam.com:8043 "GET /ppm/rest/v1/tasks?filter=%28code+%3D+%2732130%27%29&limit=1&fields=code%2Cp_tdi_estado_freshdesk%2C_internalId%2C_parentId%2Cname%2Cstatus HTTP/1.1" 200 396
2025-11-03 13:04:08 - SyncDeskManager - INFO - Ticket 32130 encontrado directamente
2025-11-03 13:04:08 - SyncDeskManager - DEBUG - Buscando ticket 32144 directamente en Clarity...
2025-11-03 13:04:08 - urllib3.connectionpool - DEBUG - https://pmservice.tdilatam.com:8043 "GET /ppm/rest/v1/tasks?filter=%28code+%3D+%2732144%27%29&limit=1&fields=code%2Cp_tdi_estado_freshdesk%2C_internalId%2C_parentId%2Cname%2Cstatus HTTP/1.1" 200 433
2025-11-03 13:04:08 - SyncDeskManager - INFO - Ticket 32144 encontrado directamente
2025-11-03 13:04:08 - SyncDeskManager - DEBUG - Buscando ticket 32155 directamente en Clarity...
2025-11-03 13:04:08 - urllib3.connectionpool - DEBUG - https://pmservice.tdilatam.com:8043 "GET /ppm/rest/v1/tasks?filter=%28code+%3D+%2732155%27%29&limit=1&fields=code%2Cp_tdi_estado_freshdesk%2C_internalId%2C_parentId%2Cname%2Cstatus HTTP/1.1" 200 406
2025-11-03 13:04:08 - SyncDeskManager - INFO - Ticket 32155 encontrado directamente
2025-11-03 13:04:08 - SyncDeskManager - DEBUG - Buscando ticket 32157 directamente en Clarity...
2025-11-03 13:04:08 - urllib3.connectionpool - DEBUG - https://pmservice.tdilatam.com:8043 "GET /ppm/rest/v1/tasks?filter=%28code+%3D+%2732157%27%29&limit=1&fields=code%2Cp_tdi_estado_freshdesk%2C_internalId%2C_parentId%2Cname%2Cstatus HTTP/1.1" 200 387
2025-11-03 13:04:08 - SyncDeskManager - INFO - Ticket 32157 encontrado directamente
2025-11-03 13:04:08 - SyncDeskManager - DEBUG - Buscando ticket 32158 directamente en Clarity...
2025-11-03 13:04:08 - urllib3.connectionpool - DEBUG - https://pmservice.tdilatam.com:8043 "GET /ppm/rest/v1/tasks?filter=%28code+%3D+%2732158%27%29&limit=1&fields=code%2Cp_tdi_estado_freshdesk%2C_internalId%2C_parentId%2Cname%2Cstatus HTTP/1.1" 200 378
2025-11-03 13:04:08 - SyncDeskManager - INFO - Ticket 32158 encontrado directamente
2025-11-03 13:04:08 - SyncDeskManager - DEBUG - Buscando ticket 32159 directamente en Clarity...
2025-11-03 13:04:08 - urllib3.connectionpool - DEBUG - https://pmservice.tdilatam.com:8043 "GET /ppm/rest/v1/tasks?filter=%28code+%3D+%2732159%27%29&limit=1&fields=code%2Cp_tdi_estado_freshdesk%2C_internalId%2C_parentId%2Cname%2Cstatus HTTP/1.1" 200 406
2025-11-03 13:04:08 - SyncDeskManager - INFO - Ticket 32159 encontrado directamente
2025-11-03 13:04:08 - SyncDeskManager - DEBUG - Buscando ticket 32160 directamente en Clarity...
2025-11-03 13:04:08 - urllib3.connectionpool - DEBUG - https://pmservice.tdilatam.com:8043 "GET /ppm/rest/v1/tasks?filter=%28code+%3D+%2732160%27%29&limit=1&fields=code%2Cp_tdi_estado_freshdesk%2C_internalId%2C_parentId%2Cname%2Cstatus HTTP/1.1" 200 411
2025-11-03 13:04:08 - SyncDeskManager - INFO - Ticket 32160 encontrado directamente
2025-11-03 13:04:08 - SyncDeskManager - DEBUG - Buscando ticket 32161 directamente en Clarity...
2025-11-03 13:04:08 - urllib3.connectionpool - DEBUG - https://pmservice.tdilatam.com:8043 "GET /ppm/rest/v1/tasks?filter=%28code+%3D+%2732161%27%29&limit=1&fields=code%2Cp_tdi_estado_freshdesk%2C_internalId%2C_parentId%2Cname%2Cstatus HTTP/1.1" 200 408
2025-11-03 13:04:08 - SyncDeskManager - INFO - Ticket 32161 encontrado directamente
2025-11-03 13:04:08 - SyncDeskManager - DEBUG - Buscando ticket 32162 directamente en Clarity...
2025-11-03 13:04:08 - urllib3.connectionpool - DEBUG - https://pmservice.tdilatam.com:8043 "GET /ppm/rest/v1/tasks?filter=%28code+%3D+%2732162%27%29&limit=1&fields=code%2Cp_tdi_estado_freshdesk%2C_internalId%2C_parentId%2Cname%2Cstatus HTTP/1.1" 200 398
2025-11-03 13:04:08 - SyncDeskManager - INFO - Ticket 32162 encontrado directamente
2025-11-03 13:04:08 - SyncDeskManager - DEBUG - Buscando ticket 32173 directamente en Clarity...
2025-11-03 13:04:08 - urllib3.connectionpool - DEBUG - https://pmservice.tdilatam.com:8043 "GET /ppm/rest/v1/tasks?filter=%28code+%3D+%2732173%27%29&limit=1&fields=code%2Cp_tdi_estado_freshdesk%2C_internalId%2C_parentId%2Cname%2Cstatus HTTP/1.1" 200 409
2025-11-03 13:04:08 - SyncDeskManager - INFO - Ticket 32173 encontrado directamente
2025-11-03 13:04:08 - SyncDeskManager - DEBUG - Buscando ticket 32174 directamente en Clarity...
2025-11-03 13:04:08 - urllib3.connectionpool - DEBUG - https://pmservice.tdilatam.com:8043 "GET /ppm/rest/v1/tasks?filter=%28code+%3D+%2732174%27%29&limit=1&fields=code%2Cp_tdi_estado_freshdesk%2C_internalId%2C_parentId%2Cname%2Cstatus HTTP/1.1" 200 394
2025-11-03 13:04:08 - SyncDeskManager - INFO - Ticket 32174 encontrado directamente
2025-11-03 13:04:08 - SyncDeskManager - DEBUG - Buscando ticket 32177 directamente en Clarity...
2025-11-03 13:04:09 - urllib3.connectionpool - DEBUG - https://pmservice.tdilatam.com:8043 "GET /ppm/rest/v1/tasks?filter=%28code+%3D+%2732177%27%29&limit=1&fields=code%2Cp_tdi_estado_freshdesk%2C_internalId%2C_parentId%2Cname%2Cstatus HTTP/1.1" 200 395
2025-11-03 13:04:09 - SyncDeskManager - INFO - Ticket 32177 encontrado directamente
2025-11-03 13:04:09 - SyncDeskManager - DEBUG - Buscando ticket 32179 directamente en Clarity...
2025-11-03 13:04:09 - urllib3.connectionpool - DEBUG - https://pmservice.tdilatam.com:8043 "GET /ppm/rest/v1/tasks?filter=%28code+%3D+%2732179%27%29&limit=1&fields=code%2Cp_tdi_estado_freshdesk%2C_internalId%2C_parentId%2Cname%2Cstatus HTTP/1.1" 200 403
2025-11-03 13:04:09 - SyncDeskManager - INFO - Ticket 32179 encontrado directamente
2025-11-03 13:04:09 - SyncDeskManager - DEBUG - Buscando ticket 32183 directamente en Clarity...
2025-11-03 13:04:09 - urllib3.connectionpool - DEBUG - https://pmservice.tdilatam.com:8043 "GET /ppm/rest/v1/tasks?filter=%28code+%3D+%2732183%27%29&limit=1&fields=code%2Cp_tdi_estado_freshdesk%2C_internalId%2C_parentId%2Cname%2Cstatus HTTP/1.1" 200 407
2025-11-03 13:04:09 - SyncDeskManager - INFO - Ticket 32183 encontrado directamente
2025-11-03 13:04:09 - SyncDeskManager - DEBUG - Buscando ticket 32184 directamente en Clarity...
2025-11-03 13:04:09 - urllib3.connectionpool - DEBUG - https://pmservice.tdilatam.com:8043 "GET /ppm/rest/v1/tasks?filter=%28code+%3D+%2732184%27%29&limit=1&fields=code%2Cp_tdi_estado_freshdesk%2C_internalId%2C_parentId%2Cname%2Cstatus HTTP/1.1" 200 392
2025-11-03 13:04:09 - SyncDeskManager - INFO - Ticket 32184 encontrado directamente
2025-11-03 13:04:09 - SyncDeskManager - DEBUG - Buscando ticket 32188 directamente en Clarity...
2025-11-03 13:04:09 - urllib3.connectionpool - DEBUG - https://pmservice.tdilatam.com:8043 "GET /ppm/rest/v1/tasks?filter=%28code+%3D+%2732188%27%29&limit=1&fields=code%2Cp_tdi_estado_freshdesk%2C_internalId%2C_parentId%2Cname%2Cstatus HTTP/1.1" 200 400
2025-11-03 13:04:09 - SyncDeskManager - INFO - Ticket 32188 encontrado directamente
2025-11-03 13:04:09 - SyncDeskManager - DEBUG - Buscando ticket 32192 directamente en Clarity...
2025-11-03 13:04:09 - urllib3.connectionpool - DEBUG - https://pmservice.tdilatam.com:8043 "GET /ppm/rest/v1/tasks?filter=%28code+%3D+%2732192%27%29&limit=1&fields=code%2Cp_tdi_estado_freshdesk%2C_internalId%2C_parentId%2Cname%2Cstatus HTTP/1.1" 200 425
2025-11-03 13:04:09 - SyncDeskManager - INFO - Ticket 32192 encontrado directamente
2025-11-03 13:04:09 - SyncDeskManager - DEBUG - Buscando ticket 32193 directamente en Clarity...
2025-11-03 13:04:09 - urllib3.connectionpool - DEBUG - https://pmservice.tdilatam.com:8043 "GET /ppm/rest/v1/tasks?filter=%28code+%3D+%2732193%27%29&limit=1&fields=code%2Cp_tdi_estado_freshdesk%2C_internalId%2C_parentId%2Cname%2Cstatus HTTP/1.1" 200 395
2025-11-03 13:04:09 - SyncDeskManager - INFO - Ticket 32193 encontrado directamente
2025-11-03 13:04:09 - SyncDeskManager - DEBUG - Buscando ticket 32204 directamente en Clarity...
2025-11-03 13:04:09 - urllib3.connectionpool - DEBUG - https://pmservice.tdilatam.com:8043 "GET /ppm/rest/v1/tasks?filter=%28code+%3D+%2732204%27%29&limit=1&fields=code%2Cp_tdi_estado_freshdesk%2C_internalId%2C_parentId%2Cname%2Cstatus HTTP/1.1" 200 422
2025-11-03 13:04:09 - SyncDeskManager - INFO - Ticket 32204 encontrado directamente
2025-11-03 13:04:09 - SyncDeskManager - DEBUG - Buscando ticket 32213 directamente en Clarity...
2025-11-03 13:04:09 - urllib3.connectionpool - DEBUG - https://pmservice.tdilatam.com:8043 "GET /ppm/rest/v1/tasks?filter=%28code+%3D+%2732213%27%29&limit=1&fields=code%2Cp_tdi_estado_freshdesk%2C_internalId%2C_parentId%2Cname%2Cstatus HTTP/1.1" 200 394
2025-11-03 13:04:09 - SyncDeskManager - INFO - Ticket 32213 encontrado directamente
2025-11-03 13:04:09 - SyncDeskManager - DEBUG - Buscando ticket 32214 directamente en Clarity...
2025-11-03 13:04:09 - urllib3.connectionpool - DEBUG - https://pmservice.tdilatam.com:8043 "GET /ppm/rest/v1/tasks?filter=%28code+%3D+%2732214%27%29&limit=1&fields=code%2Cp_tdi_estado_freshdesk%2C_internalId%2C_parentId%2Cname%2Cstatus HTTP/1.1" 200 451
2025-11-03 13:04:09 - SyncDeskManager - INFO - Ticket 32214 encontrado directamente
2025-11-03 13:04:09 - SyncDeskManager - DEBUG - Buscando ticket 32215 directamente en Clarity...
2025-11-03 13:04:09 - urllib3.connectionpool - DEBUG - https://pmservice.tdilatam.com:8043 "GET /ppm/rest/v1/tasks?filter=%28code+%3D+%2732215%27%29&limit=1&fields=code%2Cp_tdi_estado_freshdesk%2C_internalId%2C_parentId%2Cname%2Cstatus HTTP/1.1" 200 444
2025-11-03 13:04:09 - SyncDeskManager - INFO - Ticket 32215 encontrado directamente
2025-11-03 13:04:09 - SyncDeskManager - DEBUG - Buscando ticket 32216 directamente en Clarity...
2025-11-03 13:04:09 - urllib3.connectionpool - DEBUG - https://pmservice.tdilatam.com:8043 "GET /ppm/rest/v1/tasks?filter=%28code+%3D+%2732216%27%29&limit=1&fields=code%2Cp_tdi_estado_freshdesk%2C_internalId%2C_parentId%2Cname%2Cstatus HTTP/1.1" 200 435
2025-11-03 13:04:09 - SyncDeskManager - INFO - Ticket 32216 encontrado directamente
2025-11-03 13:04:09 - SyncDeskManager - DEBUG - Buscando ticket 32217 directamente en Clarity...
2025-11-03 13:04:09 - urllib3.connectionpool - DEBUG - https://pmservice.tdilatam.com:8043 "GET /ppm/rest/v1/tasks?filter=%28code+%3D+%2732217%27%29&limit=1&fields=code%2Cp_tdi_estado_freshdesk%2C_internalId%2C_parentId%2Cname%2Cstatus HTTP/1.1" 200 440
2025-11-03 13:04:09 - SyncDeskManager - INFO - Ticket 32217 encontrado directamente
2025-11-03 13:04:09 - SyncDeskManager - DEBUG - Buscando ticket 32220 directamente en Clarity...
2025-11-03 13:04:09 - urllib3.connectionpool - DEBUG - https://pmservice.tdilatam.com:8043 "GET /ppm/rest/v1/tasks?filter=%28code+%3D+%2732220%27%29&limit=1&fields=code%2Cp_tdi_estado_freshdesk%2C_internalId%2C_parentId%2Cname%2Cstatus HTTP/1.1" 200 385
2025-11-03 13:04:09 - SyncDeskManager - INFO - Ticket 32220 encontrado directamente
2025-11-03 13:04:09 - SyncDeskManager - DEBUG - Buscando ticket 32221 directamente en Clarity...
2025-11-03 13:04:09 - urllib3.connectionpool - DEBUG - https://pmservice.tdilatam.com:8043 "GET /ppm/rest/v1/tasks?filter=%28code+%3D+%2732221%27%29&limit=1&fields=code%2Cp_tdi_estado_freshdesk%2C_internalId%2C_parentId%2Cname%2Cstatus HTTP/1.1" 200 424
2025-11-03 13:04:09 - SyncDeskManager - INFO - Ticket 32221 encontrado directamente
2025-11-03 13:04:09 - SyncDeskManager - DEBUG - Buscando ticket 32223 directamente en Clarity...
2025-11-03 13:04:09 - urllib3.connectionpool - DEBUG - https://pmservice.tdilatam.com:8043 "GET /ppm/rest/v1/tasks?filter=%28code+%3D+%2732223%27%29&limit=1&fields=code%2Cp_tdi_estado_freshdesk%2C_internalId%2C_parentId%2Cname%2Cstatus HTTP/1.1" 200 441
2025-11-03 13:04:09 - SyncDeskManager - INFO - Ticket 32223 encontrado directamente
2025-11-03 13:04:09 - SyncDeskManager - DEBUG - Buscando ticket 32224 directamente en Clarity...
2025-11-03 13:04:09 - urllib3.connectionpool - DEBUG - https://pmservice.tdilatam.com:8043 "GET /ppm/rest/v1/tasks?filter=%28code+%3D+%2732224%27%29&limit=1&fields=code%2Cp_tdi_estado_freshdesk%2C_internalId%2C_parentId%2Cname%2Cstatus HTTP/1.1" 200 434
2025-11-03 13:04:09 - SyncDeskManager - INFO - Ticket 32224 encontrado directamente
2025-11-03 13:04:09 - SyncDeskManager - DEBUG - Buscando ticket 32225 directamente en Clarity...
2025-11-03 13:04:09 - urllib3.connectionpool - DEBUG - https://pmservice.tdilatam.com:8043 "GET /ppm/rest/v1/tasks?filter=%28code+%3D+%2732225%27%29&limit=1&fields=code%2Cp_tdi_estado_freshdesk%2C_internalId%2C_parentId%2Cname%2Cstatus HTTP/1.1" 200 433
2025-11-03 13:04:09 - SyncDeskManager - INFO - Ticket 32225 encontrado directamente
2025-11-03 13:04:09 - SyncDeskManager - DEBUG - Buscando ticket 32226 directamente en Clarity...
2025-11-03 13:04:10 - urllib3.connectionpool - DEBUG - https://pmservice.tdilatam.com:8043 "GET /ppm/rest/v1/tasks?filter=%28code+%3D+%2732226%27%29&limit=1&fields=code%2Cp_tdi_estado_freshdesk%2C_internalId%2C_parentId%2Cname%2Cstatus HTTP/1.1" 200 462
2025-11-03 13:04:10 - SyncDeskManager - INFO - Ticket 32226 encontrado directamente
2025-11-03 13:04:10 - SyncDeskManager - DEBUG - Buscando ticket 32227 directamente en Clarity...
2025-11-03 13:04:10 - urllib3.connectionpool - DEBUG - https://pmservice.tdilatam.com:8043 "GET /ppm/rest/v1/tasks?filter=%28code+%3D+%2732227%27%29&limit=1&fields=code%2Cp_tdi_estado_freshdesk%2C_internalId%2C_parentId%2Cname%2Cstatus HTTP/1.1" 200 418
2025-11-03 13:04:10 - SyncDeskManager - INFO - Ticket 32227 encontrado directamente
2025-11-03 13:04:10 - SyncDeskManager - DEBUG - Buscando ticket 32230 directamente en Clarity...
2025-11-03 13:04:10 - urllib3.connectionpool - DEBUG - https://pmservice.tdilatam.com:8043 "GET /ppm/rest/v1/tasks?filter=%28code+%3D+%2732230%27%29&limit=1&fields=code%2Cp_tdi_estado_freshdesk%2C_internalId%2C_parentId%2Cname%2Cstatus HTTP/1.1" 200 419
2025-11-03 13:04:10 - SyncDeskManager - INFO - Ticket 32230 encontrado directamente
2025-11-03 13:04:10 - SyncDeskManager - DEBUG - Buscando ticket 32233 directamente en Clarity...
2025-11-03 13:04:10 - urllib3.connectionpool - DEBUG - https://pmservice.tdilatam.com:8043 "GET /ppm/rest/v1/tasks?filter=%28code+%3D+%2732233%27%29&limit=1&fields=code%2Cp_tdi_estado_freshdesk%2C_internalId%2C_parentId%2Cname%2Cstatus HTTP/1.1" 200 411
2025-11-03 13:04:10 - SyncDeskManager - INFO - Ticket 32233 encontrado directamente
2025-11-03 13:04:10 - SyncDeskManager - DEBUG - Buscando ticket 32238 directamente en Clarity...
2025-11-03 13:04:10 - urllib3.connectionpool - DEBUG - https://pmservice.tdilatam.com:8043 "GET /ppm/rest/v1/tasks?filter=%28code+%3D+%2732238%27%29&limit=1&fields=code%2Cp_tdi_estado_freshdesk%2C_internalId%2C_parentId%2Cname%2Cstatus HTTP/1.1" 200 380
2025-11-03 13:04:10 - SyncDeskManager - INFO - Ticket 32238 encontrado directamente
2025-11-03 13:04:10 - SyncDeskManager - DEBUG - Buscando ticket 32239 directamente en Clarity...
2025-11-03 13:04:10 - urllib3.connectionpool - DEBUG - https://pmservice.tdilatam.com:8043 "GET /ppm/rest/v1/tasks?filter=%28code+%3D+%2732239%27%29&limit=1&fields=code%2Cp_tdi_estado_freshdesk%2C_internalId%2C_parentId%2Cname%2Cstatus HTTP/1.1" 200 394
2025-11-03 13:04:10 - SyncDeskManager - INFO - Ticket 32239 encontrado directamente
2025-11-03 13:04:10 - SyncDeskManager - DEBUG - Buscando ticket 32240 directamente en Clarity...
2025-11-03 13:04:10 - urllib3.connectionpool - DEBUG - https://pmservice.tdilatam.com:8043 "GET /ppm/rest/v1/tasks?filter=%28code+%3D+%2732240%27%29&limit=1&fields=code%2Cp_tdi_estado_freshdesk%2C_internalId%2C_parentId%2Cname%2Cstatus HTTP/1.1" 200 395
2025-11-03 13:04:10 - SyncDeskManager - INFO - Ticket 32240 encontrado directamente
2025-11-03 13:04:10 - SyncDeskManager - DEBUG - Buscando ticket 32241 directamente en Clarity...
2025-11-03 13:04:10 - urllib3.connectionpool - DEBUG - https://pmservice.tdilatam.com:8043 "GET /ppm/rest/v1/tasks?filter=%28code+%3D+%2732241%27%29&limit=1&fields=code%2Cp_tdi_estado_freshdesk%2C_internalId%2C_parentId%2Cname%2Cstatus HTTP/1.1" 200 394
2025-11-03 13:04:10 - SyncDeskManager - INFO - Ticket 32241 encontrado directamente
2025-11-03 13:04:10 - SyncDeskManager - DEBUG - Buscando ticket 32242 directamente en Clarity...
2025-11-03 13:04:10 - urllib3.connectionpool - DEBUG - https://pmservice.tdilatam.com:8043 "GET /ppm/rest/v1/tasks?filter=%28code+%3D+%2732242%27%29&limit=1&fields=code%2Cp_tdi_estado_freshdesk%2C_internalId%2C_parentId%2Cname%2Cstatus HTTP/1.1" 200 368
2025-11-03 13:04:10 - SyncDeskManager - INFO - Ticket 32242 encontrado directamente
2025-11-03 13:04:10 - SyncDeskManager - DEBUG - Buscando ticket 32243 directamente en Clarity...
2025-11-03 13:04:10 - urllib3.connectionpool - DEBUG - https://pmservice.tdilatam.com:8043 "GET /ppm/rest/v1/tasks?filter=%28code+%3D+%2732243%27%29&limit=1&fields=code%2Cp_tdi_estado_freshdesk%2C_internalId%2C_parentId%2Cname%2Cstatus HTTP/1.1" 200 422
2025-11-03 13:04:10 - SyncDeskManager - INFO - Ticket 32243 encontrado directamente
2025-11-03 13:04:10 - SyncDeskManager - DEBUG - Buscando ticket 32244 directamente en Clarity...
2025-11-03 13:04:10 - urllib3.connectionpool - DEBUG - https://pmservice.tdilatam.com:8043 "GET /ppm/rest/v1/tasks?filter=%28code+%3D+%2732244%27%29&limit=1&fields=code%2Cp_tdi_estado_freshdesk%2C_internalId%2C_parentId%2Cname%2Cstatus HTTP/1.1" 200 377
2025-11-03 13:04:10 - SyncDeskManager - INFO - Ticket 32244 encontrado directamente
2025-11-03 13:04:10 - SyncDeskManager - DEBUG - Buscando ticket 32245 directamente en Clarity...
2025-11-03 13:04:10 - urllib3.connectionpool - DEBUG - https://pmservice.tdilatam.com:8043 "GET /ppm/rest/v1/tasks?filter=%28code+%3D+%2732245%27%29&limit=1&fields=code%2Cp_tdi_estado_freshdesk%2C_internalId%2C_parentId%2Cname%2Cstatus HTTP/1.1" 200 406
2025-11-03 13:04:10 - SyncDeskManager - INFO - Ticket 32245 encontrado directamente
2025-11-03 13:04:10 - SyncDeskManager - DEBUG - Buscando ticket 32246 directamente en Clarity...
2025-11-03 13:04:10 - urllib3.connectionpool - DEBUG - https://pmservice.tdilatam.com:8043 "GET /ppm/rest/v1/tasks?filter=%28code+%3D+%2732246%27%29&limit=1&fields=code%2Cp_tdi_estado_freshdesk%2C_internalId%2C_parentId%2Cname%2Cstatus HTTP/1.1" 200 403
2025-11-03 13:04:10 - SyncDeskManager - INFO - Ticket 32246 encontrado directamente
2025-11-03 13:04:10 - SyncDeskManager - DEBUG - Buscando ticket 32248 directamente en Clarity...
2025-11-03 13:04:10 - urllib3.connectionpool - DEBUG - https://pmservice.tdilatam.com:8043 "GET /ppm/rest/v1/tasks?filter=%28code+%3D+%2732248%27%29&limit=1&fields=code%2Cp_tdi_estado_freshdesk%2C_internalId%2C_parentId%2Cname%2Cstatus HTTP/1.1" 200 388
2025-11-03 13:04:10 - SyncDeskManager - INFO - Ticket 32248 encontrado directamente
2025-11-03 13:04:10 - SyncDeskManager - DEBUG - Buscando ticket 32251 directamente en Clarity...
2025-11-03 13:04:10 - urllib3.connectionpool - DEBUG - https://pmservice.tdilatam.com:8043 "GET /ppm/rest/v1/tasks?filter=%28code+%3D+%2732251%27%29&limit=1&fields=code%2Cp_tdi_estado_freshdesk%2C_internalId%2C_parentId%2Cname%2Cstatus HTTP/1.1" 200 406
2025-11-03 13:04:10 - SyncDeskManager - INFO - Ticket 32251 encontrado directamente
2025-11-03 13:04:10 - SyncDeskManager - DEBUG - Buscando ticket 32252 directamente en Clarity...
2025-11-03 13:04:10 - urllib3.connectionpool - DEBUG - https://pmservice.tdilatam.com:8043 "GET /ppm/rest/v1/tasks?filter=%28code+%3D+%2732252%27%29&limit=1&fields=code%2Cp_tdi_estado_freshdesk%2C_internalId%2C_parentId%2Cname%2Cstatus HTTP/1.1" 200 379
2025-11-03 13:04:10 - SyncDeskManager - INFO - Ticket 32252 encontrado directamente
2025-11-03 13:04:10 - SyncDeskManager - DEBUG - Buscando ticket 32254 directamente en Clarity...
2025-11-03 13:04:10 - urllib3.connectionpool - DEBUG - https://pmservice.tdilatam.com:8043 "GET /ppm/rest/v1/tasks?filter=%28code+%3D+%2732254%27%29&limit=1&fields=code%2Cp_tdi_estado_freshdesk%2C_internalId%2C_parentId%2Cname%2Cstatus HTTP/1.1" 200 419
2025-11-03 13:04:10 - SyncDeskManager - INFO - Ticket 32254 encontrado directamente
2025-11-03 13:04:10 - SyncDeskManager - DEBUG - Buscando ticket 32255 directamente en Clarity...
2025-11-03 13:04:10 - urllib3.connectionpool - DEBUG - https://pmservice.tdilatam.com:8043 "GET /ppm/rest/v1/tasks?filter=%28code+%3D+%2732255%27%29&limit=1&fields=code%2Cp_tdi_estado_freshdesk%2C_internalId%2C_parentId%2Cname%2Cstatus HTTP/1.1" 200 434
2025-11-03 13:04:10 - SyncDeskManager - INFO - Ticket 32255 encontrado directamente
2025-11-03 13:04:10 - SyncDeskManager - DEBUG - Buscando ticket 32782 directamente en Clarity...
2025-11-03 13:04:10 - urllib3.connectionpool - DEBUG - https://pmservice.tdilatam.com:8043 "GET /ppm/rest/v1/tasks?filter=%28code+%3D+%2732782%27%29&limit=1&fields=code%2Cp_tdi_estado_freshdesk%2C_internalId%2C_parentId%2Cname%2Cstatus HTTP/1.1" 200 392
2025-11-03 13:04:10 - SyncDeskManager - INFO - Ticket 32782 encontrado directamente
2025-11-03 13:04:10 - SyncDeskManager - DEBUG - Buscando ticket 32914 directamente en Clarity...
2025-11-03 13:04:10 - urllib3.connectionpool - DEBUG - https://pmservice.tdilatam.com:8043 "GET /ppm/rest/v1/tasks?filter=%28code+%3D+%2732914%27%29&limit=1&fields=code%2Cp_tdi_estado_freshdesk%2C_internalId%2C_parentId%2Cname%2Cstatus HTTP/1.1" 200 419
2025-11-03 13:04:10 - SyncDeskManager - INFO - Ticket 32914 encontrado directamente
2025-11-03 13:04:10 - SyncDeskManager - DEBUG - Buscando ticket 33082 directamente en Clarity...
2025-11-03 13:04:11 - urllib3.connectionpool - DEBUG - https://pmservice.tdilatam.com:8043 "GET /ppm/rest/v1/tasks?filter=%28code+%3D+%2733082%27%29&limit=1&fields=code%2Cp_tdi_estado_freshdesk%2C_internalId%2C_parentId%2Cname%2Cstatus HTTP/1.1" 200 397
2025-11-03 13:04:11 - SyncDeskManager - INFO - Ticket 33082 encontrado directamente
2025-11-03 13:04:11 - SyncDeskManager - DEBUG - Buscando ticket 33572 directamente en Clarity...
2025-11-03 13:04:11 - urllib3.connectionpool - DEBUG - https://pmservice.tdilatam.com:8043 "GET /ppm/rest/v1/tasks?filter=%28code+%3D+%2733572%27%29&limit=1&fields=code%2Cp_tdi_estado_freshdesk%2C_internalId%2C_parentId%2Cname%2Cstatus HTTP/1.1" 200 395
2025-11-03 13:04:11 - SyncDeskManager - INFO - Ticket 33572 encontrado directamente
2025-11-03 13:04:11 - SyncDeskManager - DEBUG - Buscando ticket 33581 directamente en Clarity...
2025-11-03 13:04:11 - urllib3.connectionpool - DEBUG - https://pmservice.tdilatam.com:8043 "GET /ppm/rest/v1/tasks?filter=%28code+%3D+%2733581%27%29&limit=1&fields=code%2Cp_tdi_estado_freshdesk%2C_internalId%2C_parentId%2Cname%2Cstatus HTTP/1.1" 200 397
2025-11-03 13:04:11 - SyncDeskManager - INFO - Ticket 33581 encontrado directamente
2025-11-03 13:04:11 - SyncDeskManager - DEBUG - Buscando ticket 33583 directamente en Clarity...
2025-11-03 13:04:11 - urllib3.connectionpool - DEBUG - https://pmservice.tdilatam.com:8043 "GET /ppm/rest/v1/tasks?filter=%28code+%3D+%2733583%27%29&limit=1&fields=code%2Cp_tdi_estado_freshdesk%2C_internalId%2C_parentId%2Cname%2Cstatus HTTP/1.1" 200 393
2025-11-03 13:04:11 - SyncDeskManager - INFO - Ticket 33583 encontrado directamente
2025-11-03 13:04:11 - SyncDeskManager - DEBUG - Buscando ticket 33607 directamente en Clarity...
2025-11-03 13:04:11 - urllib3.connectionpool - DEBUG - https://pmservice.tdilatam.com:8043 "GET /ppm/rest/v1/tasks?filter=%28code+%3D+%2733607%27%29&limit=1&fields=code%2Cp_tdi_estado_freshdesk%2C_internalId%2C_parentId%2Cname%2Cstatus HTTP/1.1" 200 406
2025-11-03 13:04:11 - SyncDeskManager - INFO - Ticket 33607 encontrado directamente
2025-11-03 13:04:11 - SyncDeskManager - DEBUG - Buscando ticket 33608 directamente en Clarity...
2025-11-03 13:04:11 - urllib3.connectionpool - DEBUG - https://pmservice.tdilatam.com:8043 "GET /ppm/rest/v1/tasks?filter=%28code+%3D+%2733608%27%29&limit=1&fields=code%2Cp_tdi_estado_freshdesk%2C_internalId%2C_parentId%2Cname%2Cstatus HTTP/1.1" 200 406
2025-11-03 13:04:11 - SyncDeskManager - INFO - Ticket 33608 encontrado directamente
2025-11-03 13:04:11 - SyncDeskManager - DEBUG - Buscando ticket 33612 directamente en Clarity...
2025-11-03 13:04:11 - urllib3.connectionpool - DEBUG - https://pmservice.tdilatam.com:8043 "GET /ppm/rest/v1/tasks?filter=%28code+%3D+%2733612%27%29&limit=1&fields=code%2Cp_tdi_estado_freshdesk%2C_internalId%2C_parentId%2Cname%2Cstatus HTTP/1.1" 200 405
2025-11-03 13:04:11 - SyncDeskManager - INFO - Ticket 33612 encontrado directamente
2025-11-03 13:04:11 - SyncDeskManager - DEBUG - Buscando ticket 33613 directamente en Clarity...
2025-11-03 13:04:11 - urllib3.connectionpool - DEBUG - Resetting dropped connection: pmservice.tdilatam.com
2025-11-03 13:04:11 - urllib3.connectionpool - DEBUG - https://pmservice.tdilatam.com:8043 "GET /ppm/rest/v1/tasks?filter=%28code+%3D+%2733613%27%29&limit=1&fields=code%2Cp_tdi_estado_freshdesk%2C_internalId%2C_parentId%2Cname%2Cstatus HTTP/1.1" 200 405
2025-11-03 13:04:11 - SyncDeskManager - INFO - Ticket 33613 encontrado directamente
2025-11-03 13:04:11 - SyncDeskManager - DEBUG - Buscando ticket 33614 directamente en Clarity...
2025-11-03 13:04:11 - urllib3.connectionpool - DEBUG - https://pmservice.tdilatam.com:8043 "GET /ppm/rest/v1/tasks?filter=%28code+%3D+%2733614%27%29&limit=1&fields=code%2Cp_tdi_estado_freshdesk%2C_internalId%2C_parentId%2Cname%2Cstatus HTTP/1.1" 200 405
2025-11-03 13:04:11 - SyncDeskManager - INFO - Ticket 33614 encontrado directamente
2025-11-03 13:04:11 - SyncDeskManager - DEBUG - Buscando ticket 33615 directamente en Clarity...
2025-11-03 13:04:11 - urllib3.connectionpool - DEBUG - https://pmservice.tdilatam.com:8043 "GET /ppm/rest/v1/tasks?filter=%28code+%3D+%2733615%27%29&limit=1&fields=code%2Cp_tdi_estado_freshdesk%2C_internalId%2C_parentId%2Cname%2Cstatus HTTP/1.1" 200 404
2025-11-03 13:04:11 - SyncDeskManager - INFO - Ticket 33615 encontrado directamente
2025-11-03 13:04:11 - SyncDeskManager - DEBUG - Buscando ticket 33658 directamente en Clarity...
2025-11-03 13:04:11 - urllib3.connectionpool - DEBUG - https://pmservice.tdilatam.com:8043 "GET /ppm/rest/v1/tasks?filter=%28code+%3D+%2733658%27%29&limit=1&fields=code%2Cp_tdi_estado_freshdesk%2C_internalId%2C_parentId%2Cname%2Cstatus HTTP/1.1" 200 416
2025-11-03 13:04:11 - SyncDeskManager - INFO - Ticket 33658 encontrado directamente
2025-11-03 13:04:11 - SyncDeskManager - DEBUG - Buscando ticket 33671 directamente en Clarity...
2025-11-03 13:04:12 - urllib3.connectionpool - DEBUG - https://pmservice.tdilatam.com:8043 "GET /ppm/rest/v1/tasks?filter=%28code+%3D+%2733671%27%29&limit=1&fields=code%2Cp_tdi_estado_freshdesk%2C_internalId%2C_parentId%2Cname%2Cstatus HTTP/1.1" 200 405
2025-11-03 13:04:12 - SyncDeskManager - INFO - Ticket 33671 encontrado directamente
2025-11-03 13:04:12 - SyncDeskManager - DEBUG - Buscando ticket 33672 directamente en Clarity...
2025-11-03 13:04:12 - urllib3.connectionpool - DEBUG - https://pmservice.tdilatam.com:8043 "GET /ppm/rest/v1/tasks?filter=%28code+%3D+%2733672%27%29&limit=1&fields=code%2Cp_tdi_estado_freshdesk%2C_internalId%2C_parentId%2Cname%2Cstatus HTTP/1.1" 200 406
2025-11-03 13:04:12 - SyncDeskManager - INFO - Ticket 33672 encontrado directamente
2025-11-03 13:04:12 - SyncDeskManager - DEBUG - Buscando ticket 33676 directamente en Clarity...
2025-11-03 13:04:12 - urllib3.connectionpool - DEBUG - https://pmservice.tdilatam.com:8043 "GET /ppm/rest/v1/tasks?filter=%28code+%3D+%2733676%27%29&limit=1&fields=code%2Cp_tdi_estado_freshdesk%2C_internalId%2C_parentId%2Cname%2Cstatus HTTP/1.1" 200 405
2025-11-03 13:04:12 - SyncDeskManager - INFO - Ticket 33676 encontrado directamente
2025-11-03 13:04:12 - SyncDeskManager - DEBUG - Buscando ticket 33680 directamente en Clarity...
2025-11-03 13:04:12 - urllib3.connectionpool - DEBUG - https://pmservice.tdilatam.com:8043 "GET /ppm/rest/v1/tasks?filter=%28code+%3D+%2733680%27%29&limit=1&fields=code%2Cp_tdi_estado_freshdesk%2C_internalId%2C_parentId%2Cname%2Cstatus HTTP/1.1" 200 406
2025-11-03 13:04:12 - SyncDeskManager - INFO - Ticket 33680 encontrado directamente
2025-11-03 13:04:12 - SyncDeskManager - DEBUG - Buscando ticket 33684 directamente en Clarity...
2025-11-03 13:04:12 - urllib3.connectionpool - DEBUG - https://pmservice.tdilatam.com:8043 "GET /ppm/rest/v1/tasks?filter=%28code+%3D+%2733684%27%29&limit=1&fields=code%2Cp_tdi_estado_freshdesk%2C_internalId%2C_parentId%2Cname%2Cstatus HTTP/1.1" 200 406
2025-11-03 13:04:12 - SyncDeskManager - INFO - Ticket 33684 encontrado directamente
2025-11-03 13:04:12 - SyncDeskManager - DEBUG - Buscando ticket 33707 directamente en Clarity...
2025-11-03 13:04:12 - urllib3.connectionpool - DEBUG - https://pmservice.tdilatam.com:8043 "GET /ppm/rest/v1/tasks?filter=%28code+%3D+%2733707%27%29&limit=1&fields=code%2Cp_tdi_estado_freshdesk%2C_internalId%2C_parentId%2Cname%2Cstatus HTTP/1.1" 200 371
2025-11-03 13:04:12 - SyncDeskManager - INFO - Ticket 33707 encontrado directamente
2025-11-03 13:04:12 - SyncDeskManager - DEBUG - Buscando ticket 33712 directamente en Clarity...
2025-11-03 13:04:12 - urllib3.connectionpool - DEBUG - https://pmservice.tdilatam.com:8043 "GET /ppm/rest/v1/tasks?filter=%28code+%3D+%2733712%27%29&limit=1&fields=code%2Cp_tdi_estado_freshdesk%2C_internalId%2C_parentId%2Cname%2Cstatus HTTP/1.1" 200 405
2025-11-03 13:04:12 - SyncDeskManager - INFO - Ticket 33712 encontrado directamente
2025-11-03 13:04:12 - SyncDeskManager - DEBUG - Buscando ticket 33720 directamente en Clarity...
2025-11-03 13:04:12 - urllib3.connectionpool - DEBUG - https://pmservice.tdilatam.com:8043 "GET /ppm/rest/v1/tasks?filter=%28code+%3D+%2733720%27%29&limit=1&fields=code%2Cp_tdi_estado_freshdesk%2C_internalId%2C_parentId%2Cname%2Cstatus HTTP/1.1" 200 405
2025-11-03 13:04:12 - SyncDeskManager - INFO - Ticket 33720 encontrado directamente
2025-11-03 13:04:12 - SyncDeskManager - DEBUG - Buscando ticket 33728 directamente en Clarity...
2025-11-03 13:04:12 - urllib3.connectionpool - DEBUG - https://pmservice.tdilatam.com:8043 "GET /ppm/rest/v1/tasks?filter=%28code+%3D+%2733728%27%29&limit=1&fields=code%2Cp_tdi_estado_freshdesk%2C_internalId%2C_parentId%2Cname%2Cstatus HTTP/1.1" 200 405
2025-11-03 13:04:12 - SyncDeskManager - INFO - Ticket 33728 encontrado directamente
2025-11-03 13:04:12 - SyncDeskManager - DEBUG - Buscando ticket 33732 directamente en Clarity...
2025-11-03 13:04:12 - urllib3.connectionpool - DEBUG - https://pmservice.tdilatam.com:8043 "GET /ppm/rest/v1/tasks?filter=%28code+%3D+%2733732%27%29&limit=1&fields=code%2Cp_tdi_estado_freshdesk%2C_internalId%2C_parentId%2Cname%2Cstatus HTTP/1.1" 200 405
2025-11-03 13:04:12 - SyncDeskManager - INFO - Ticket 33732 encontrado directamente
2025-11-03 13:04:12 - SyncDeskManager - DEBUG - Buscando ticket 33743 directamente en Clarity...
2025-11-03 13:04:12 - urllib3.connectionpool - DEBUG - https://pmservice.tdilatam.com:8043 "GET /ppm/rest/v1/tasks?filter=%28code+%3D+%2733743%27%29&limit=1&fields=code%2Cp_tdi_estado_freshdesk%2C_internalId%2C_parentId%2Cname%2Cstatus HTTP/1.1" 200 380
2025-11-03 13:04:12 - SyncDeskManager - INFO - Ticket 33743 encontrado directamente
2025-11-03 13:04:12 - SyncDeskManager - DEBUG - Buscando ticket 33745 directamente en Clarity...
2025-11-03 13:04:12 - urllib3.connectionpool - DEBUG - https://pmservice.tdilatam.com:8043 "GET /ppm/rest/v1/tasks?filter=%28code+%3D+%2733745%27%29&limit=1&fields=code%2Cp_tdi_estado_freshdesk%2C_internalId%2C_parentId%2Cname%2Cstatus HTTP/1.1" 200 373
2025-11-03 13:04:12 - SyncDeskManager - INFO - Ticket 33745 encontrado directamente
2025-11-03 13:04:12 - SyncDeskManager - DEBUG - Buscando ticket 33746 directamente en Clarity...
2025-11-03 13:04:12 - urllib3.connectionpool - DEBUG - https://pmservice.tdilatam.com:8043 "GET /ppm/rest/v1/tasks?filter=%28code+%3D+%2733746%27%29&limit=1&fields=code%2Cp_tdi_estado_freshdesk%2C_internalId%2C_parentId%2Cname%2Cstatus HTTP/1.1" 200 409
2025-11-03 13:04:12 - SyncDeskManager - INFO - Ticket 33746 encontrado directamente
2025-11-03 13:04:12 - SyncDeskManager - DEBUG - Buscando ticket 33747 directamente en Clarity...
2025-11-03 13:04:12 - urllib3.connectionpool - DEBUG - https://pmservice.tdilatam.com:8043 "GET /ppm/rest/v1/tasks?filter=%28code+%3D+%2733747%27%29&limit=1&fields=code%2Cp_tdi_estado_freshdesk%2C_internalId%2C_parentId%2Cname%2Cstatus HTTP/1.1" 200 395
2025-11-03 13:04:12 - SyncDeskManager - INFO - Ticket 33747 encontrado directamente
2025-11-03 13:04:12 - SyncDeskManager - DEBUG - Buscando ticket 33754 directamente en Clarity...
2025-11-03 13:04:12 - urllib3.connectionpool - DEBUG - https://pmservice.tdilatam.com:8043 "GET /ppm/rest/v1/tasks?filter=%28code+%3D+%2733754%27%29&limit=1&fields=code%2Cp_tdi_estado_freshdesk%2C_internalId%2C_parentId%2Cname%2Cstatus HTTP/1.1" 200 383
2025-11-03 13:04:12 - SyncDeskManager - INFO - Ticket 33754 encontrado directamente
2025-11-03 13:04:12 - SyncDeskManager - DEBUG - Buscando ticket 33755 directamente en Clarity...
2025-11-03 13:04:12 - urllib3.connectionpool - DEBUG - https://pmservice.tdilatam.com:8043 "GET /ppm/rest/v1/tasks?filter=%28code+%3D+%2733755%27%29&limit=1&fields=code%2Cp_tdi_estado_freshdesk%2C_internalId%2C_parentId%2Cname%2Cstatus HTTP/1.1" 200 405
2025-11-03 13:04:12 - SyncDeskManager - INFO - Ticket 33755 encontrado directamente
2025-11-03 13:04:12 - SyncDeskManager - DEBUG - Buscando ticket 33756 directamente en Clarity...
2025-11-03 13:04:13 - urllib3.connectionpool - DEBUG - https://pmservice.tdilatam.com:8043 "GET /ppm/rest/v1/tasks?filter=%28code+%3D+%2733756%27%29&limit=1&fields=code%2Cp_tdi_estado_freshdesk%2C_internalId%2C_parentId%2Cname%2Cstatus HTTP/1.1" 200 405
2025-11-03 13:04:13 - SyncDeskManager - INFO - Ticket 33756 encontrado directamente
2025-11-03 13:04:13 - SyncDeskManager - DEBUG - Buscando ticket 33757 directamente en Clarity...
2025-11-03 13:04:13 - urllib3.connectionpool - DEBUG - https://pmservice.tdilatam.com:8043 "GET /ppm/rest/v1/tasks?filter=%28code+%3D+%2733757%27%29&limit=1&fields=code%2Cp_tdi_estado_freshdesk%2C_internalId%2C_parentId%2Cname%2Cstatus HTTP/1.1" 200 405
2025-11-03 13:04:13 - SyncDeskManager - INFO - Ticket 33757 encontrado directamente
2025-11-03 13:04:13 - SyncDeskManager - DEBUG - Buscando ticket 33771 directamente en Clarity...
2025-11-03 13:04:13 - urllib3.connectionpool - DEBUG - https://pmservice.tdilatam.com:8043 "GET /ppm/rest/v1/tasks?filter=%28code+%3D+%2733771%27%29&limit=1&fields=code%2Cp_tdi_estado_freshdesk%2C_internalId%2C_parentId%2Cname%2Cstatus HTTP/1.1" 200 406
2025-11-03 13:04:13 - SyncDeskManager - INFO - Ticket 33771 encontrado directamente
2025-11-03 13:04:13 - SyncDeskManager - DEBUG - Buscando ticket 33772 directamente en Clarity...
2025-11-03 13:04:13 - urllib3.connectionpool - DEBUG - https://pmservice.tdilatam.com:8043 "GET /ppm/rest/v1/tasks?filter=%28code+%3D+%2733772%27%29&limit=1&fields=code%2Cp_tdi_estado_freshdesk%2C_internalId%2C_parentId%2Cname%2Cstatus HTTP/1.1" 200 405
2025-11-03 13:04:13 - SyncDeskManager - INFO - Ticket 33772 encontrado directamente
2025-11-03 13:04:13 - SyncDeskManager - DEBUG - Buscando ticket 33797 directamente en Clarity...
2025-11-03 13:04:13 - urllib3.connectionpool - DEBUG - https://pmservice.tdilatam.com:8043 "GET /ppm/rest/v1/tasks?filter=%28code+%3D+%2733797%27%29&limit=1&fields=code%2Cp_tdi_estado_freshdesk%2C_internalId%2C_parentId%2Cname%2Cstatus HTTP/1.1" 200 405
2025-11-03 13:04:13 - SyncDeskManager - INFO - Ticket 33797 encontrado directamente
2025-11-03 13:04:13 - SyncDeskManager - DEBUG - Buscando ticket 33798 directamente en Clarity...
2025-11-03 13:04:13 - urllib3.connectionpool - DEBUG - https://pmservice.tdilatam.com:8043 "GET /ppm/rest/v1/tasks?filter=%28code+%3D+%2733798%27%29&limit=1&fields=code%2Cp_tdi_estado_freshdesk%2C_internalId%2C_parentId%2Cname%2Cstatus HTTP/1.1" 200 405
2025-11-03 13:04:13 - SyncDeskManager - INFO - Ticket 33798 encontrado directamente
2025-11-03 13:04:13 - SyncDeskManager - DEBUG - Buscando ticket 33811 directamente en Clarity...
2025-11-03 13:04:13 - urllib3.connectionpool - DEBUG - https://pmservice.tdilatam.com:8043 "GET /ppm/rest/v1/tasks?filter=%28code+%3D+%2733811%27%29&limit=1&fields=code%2Cp_tdi_estado_freshdesk%2C_internalId%2C_parentId%2Cname%2Cstatus HTTP/1.1" 200 419
2025-11-03 13:04:13 - SyncDeskManager - INFO - Ticket 33811 encontrado directamente
2025-11-03 13:04:13 - SyncDeskManager - DEBUG - Buscando ticket 33815 directamente en Clarity...
2025-11-03 13:04:13 - urllib3.connectionpool - DEBUG - https://pmservice.tdilatam.com:8043 "GET /ppm/rest/v1/tasks?filter=%28code+%3D+%2733815%27%29&limit=1&fields=code%2Cp_tdi_estado_freshdesk%2C_internalId%2C_parentId%2Cname%2Cstatus HTTP/1.1" 200 405
2025-11-03 13:04:13 - SyncDeskManager - INFO - Ticket 33815 encontrado directamente
2025-11-03 13:04:13 - SyncDeskManager - DEBUG - Buscando ticket 33842 directamente en Clarity...
2025-11-03 13:04:13 - urllib3.connectionpool - DEBUG - https://pmservice.tdilatam.com:8043 "GET /ppm/rest/v1/tasks?filter=%28code+%3D+%2733842%27%29&limit=1&fields=code%2Cp_tdi_estado_freshdesk%2C_internalId%2C_parentId%2Cname%2Cstatus HTTP/1.1" 200 405
2025-11-03 13:04:13 - SyncDeskManager - INFO - Ticket 33842 encontrado directamente
2025-11-03 13:04:13 - SyncDeskManager - DEBUG - Buscando ticket 33856 directamente en Clarity...
2025-11-03 13:04:13 - urllib3.connectionpool - DEBUG - https://pmservice.tdilatam.com:8043 "GET /ppm/rest/v1/tasks?filter=%28code+%3D+%2733856%27%29&limit=1&fields=code%2Cp_tdi_estado_freshdesk%2C_internalId%2C_parentId%2Cname%2Cstatus HTTP/1.1" 200 405
2025-11-03 13:04:13 - SyncDeskManager - INFO - Ticket 33856 encontrado directamente
2025-11-03 13:04:13 - SyncDeskManager - DEBUG - Buscando ticket 33868 directamente en Clarity...
2025-11-03 13:04:13 - urllib3.connectionpool - DEBUG - https://pmservice.tdilatam.com:8043 "GET /ppm/rest/v1/tasks?filter=%28code+%3D+%2733868%27%29&limit=1&fields=code%2Cp_tdi_estado_freshdesk%2C_internalId%2C_parentId%2Cname%2Cstatus HTTP/1.1" 200 405
2025-11-03 13:04:13 - SyncDeskManager - INFO - Ticket 33868 encontrado directamente
2025-11-03 13:04:13 - SyncDeskManager - DEBUG - Buscando ticket 33869 directamente en Clarity...
2025-11-03 13:04:13 - urllib3.connectionpool - DEBUG - https://pmservice.tdilatam.com:8043 "GET /ppm/rest/v1/tasks?filter=%28code+%3D+%2733869%27%29&limit=1&fields=code%2Cp_tdi_estado_freshdesk%2C_internalId%2C_parentId%2Cname%2Cstatus HTTP/1.1" 200 404
2025-11-03 13:04:13 - SyncDeskManager - INFO - Ticket 33869 encontrado directamente
2025-11-03 13:04:13 - SyncDeskManager - DEBUG - Buscando ticket 33887 directamente en Clarity...
2025-11-03 13:04:13 - urllib3.connectionpool - DEBUG - https://pmservice.tdilatam.com:8043 "GET /ppm/rest/v1/tasks?filter=%28code+%3D+%2733887%27%29&limit=1&fields=code%2Cp_tdi_estado_freshdesk%2C_internalId%2C_parentId%2Cname%2Cstatus HTTP/1.1" 200 421
2025-11-03 13:04:13 - SyncDeskManager - INFO - Ticket 33887 encontrado directamente
2025-11-03 13:04:13 - SyncDeskManager - DEBUG - Buscando ticket 33905 directamente en Clarity...
2025-11-03 13:04:13 - urllib3.connectionpool - DEBUG - https://pmservice.tdilatam.com:8043 "GET /ppm/rest/v1/tasks?filter=%28code+%3D+%2733905%27%29&limit=1&fields=code%2Cp_tdi_estado_freshdesk%2C_internalId%2C_parentId%2Cname%2Cstatus HTTP/1.1" 200 441
2025-11-03 13:04:13 - SyncDeskManager - INFO - Ticket 33905 encontrado directamente
2025-11-03 13:04:13 - SyncDeskManager - DEBUG - Buscando ticket 33911 directamente en Clarity...
2025-11-03 13:04:13 - urllib3.connectionpool - DEBUG - https://pmservice.tdilatam.com:8043 "GET /ppm/rest/v1/tasks?filter=%28code+%3D+%2733911%27%29&limit=1&fields=code%2Cp_tdi_estado_freshdesk%2C_internalId%2C_parentId%2Cname%2Cstatus HTTP/1.1" 200 385
2025-11-03 13:04:13 - SyncDeskManager - INFO - Ticket 33911 encontrado directamente
2025-11-03 13:04:13 - SyncDeskManager - DEBUG - Buscando ticket 33936 directamente en Clarity...
2025-11-03 13:04:13 - urllib3.connectionpool - DEBUG - https://pmservice.tdilatam.com:8043 "GET /ppm/rest/v1/tasks?filter=%28code+%3D+%2733936%27%29&limit=1&fields=code%2Cp_tdi_estado_freshdesk%2C_internalId%2C_parentId%2Cname%2Cstatus HTTP/1.1" 200 405
2025-11-03 13:04:13 - SyncDeskManager - INFO - Ticket 33936 encontrado directamente
2025-11-03 13:04:13 - SyncDeskManager - DEBUG - Buscando ticket 33944 directamente en Clarity...
2025-11-03 13:04:14 - urllib3.connectionpool - DEBUG - https://pmservice.tdilatam.com:8043 "GET /ppm/rest/v1/tasks?filter=%28code+%3D+%2733944%27%29&limit=1&fields=code%2Cp_tdi_estado_freshdesk%2C_internalId%2C_parentId%2Cname%2Cstatus HTTP/1.1" 200 406
2025-11-03 13:04:14 - SyncDeskManager - INFO - Ticket 33944 encontrado directamente
2025-11-03 13:04:14 - SyncDeskManager - DEBUG - Buscando ticket 33960 directamente en Clarity...
2025-11-03 13:04:14 - urllib3.connectionpool - DEBUG - https://pmservice.tdilatam.com:8043 "GET /ppm/rest/v1/tasks?filter=%28code+%3D+%2733960%27%29&limit=1&fields=code%2Cp_tdi_estado_freshdesk%2C_internalId%2C_parentId%2Cname%2Cstatus HTTP/1.1" 200 404
2025-11-03 13:04:14 - SyncDeskManager - INFO - Ticket 33960 encontrado directamente
2025-11-03 13:04:14 - SyncDeskManager - DEBUG - Buscando ticket 33963 directamente en Clarity...
2025-11-03 13:04:14 - urllib3.connectionpool - DEBUG - https://pmservice.tdilatam.com:8043 "GET /ppm/rest/v1/tasks?filter=%28code+%3D+%2733963%27%29&limit=1&fields=code%2Cp_tdi_estado_freshdesk%2C_internalId%2C_parentId%2Cname%2Cstatus HTTP/1.1" 200 406
2025-11-03 13:04:14 - SyncDeskManager - INFO - Ticket 33963 encontrado directamente
2025-11-03 13:04:14 - SyncDeskManager - DEBUG - Buscando ticket 33964 directamente en Clarity...
2025-11-03 13:04:14 - urllib3.connectionpool - DEBUG - https://pmservice.tdilatam.com:8043 "GET /ppm/rest/v1/tasks?filter=%28code+%3D+%2733964%27%29&limit=1&fields=code%2Cp_tdi_estado_freshdesk%2C_internalId%2C_parentId%2Cname%2Cstatus HTTP/1.1" 200 405
2025-11-03 13:04:14 - SyncDeskManager - INFO - Ticket 33964 encontrado directamente
2025-11-03 13:04:14 - SyncDeskManager - DEBUG - Buscando ticket 33974 directamente en Clarity...
2025-11-03 13:04:14 - urllib3.connectionpool - DEBUG - https://pmservice.tdilatam.com:8043 "GET /ppm/rest/v1/tasks?filter=%28code+%3D+%2733974%27%29&limit=1&fields=code%2Cp_tdi_estado_freshdesk%2C_internalId%2C_parentId%2Cname%2Cstatus HTTP/1.1" 200 406
2025-11-03 13:04:14 - SyncDeskManager - INFO - Ticket 33974 encontrado directamente
2025-11-03 13:04:14 - SyncDeskManager - DEBUG - Buscando ticket 34038 directamente en Clarity...
2025-11-03 13:04:14 - urllib3.connectionpool - DEBUG - https://pmservice.tdilatam.com:8043 "GET /ppm/rest/v1/tasks?filter=%28code+%3D+%2734038%27%29&limit=1&fields=code%2Cp_tdi_estado_freshdesk%2C_internalId%2C_parentId%2Cname%2Cstatus HTTP/1.1" 200 370
2025-11-03 13:04:14 - SyncDeskManager - INFO - Ticket 34038 encontrado directamente
2025-11-03 13:04:14 - SyncDeskManager - DEBUG - Buscando ticket 34058 directamente en Clarity...
2025-11-03 13:04:14 - urllib3.connectionpool - DEBUG - https://pmservice.tdilatam.com:8043 "GET /ppm/rest/v1/tasks?filter=%28code+%3D+%2734058%27%29&limit=1&fields=code%2Cp_tdi_estado_freshdesk%2C_internalId%2C_parentId%2Cname%2Cstatus HTTP/1.1" 200 367
2025-11-03 13:04:14 - SyncDeskManager - INFO - Ticket 34058 encontrado directamente
2025-11-03 13:04:14 - SyncDeskManager - DEBUG - Buscando ticket 34085 directamente en Clarity...
2025-11-03 13:04:14 - urllib3.connectionpool - DEBUG - https://pmservice.tdilatam.com:8043 "GET /ppm/rest/v1/tasks?filter=%28code+%3D+%2734085%27%29&limit=1&fields=code%2Cp_tdi_estado_freshdesk%2C_internalId%2C_parentId%2Cname%2Cstatus HTTP/1.1" 200 397
2025-11-03 13:04:14 - SyncDeskManager - INFO - Ticket 34085 encontrado directamente
2025-11-03 13:04:14 - SyncDeskManager - DEBUG - Buscando ticket 34117 directamente en Clarity...
2025-11-03 13:04:14 - urllib3.connectionpool - DEBUG - https://pmservice.tdilatam.com:8043 "GET /ppm/rest/v1/tasks?filter=%28code+%3D+%2734117%27%29&limit=1&fields=code%2Cp_tdi_estado_freshdesk%2C_internalId%2C_parentId%2Cname%2Cstatus HTTP/1.1" 200 391
2025-11-03 13:04:14 - SyncDeskManager - INFO - Ticket 34117 encontrado directamente
2025-11-03 13:04:14 - SyncDeskManager - DEBUG - Buscando ticket 34119 directamente en Clarity...
2025-11-03 13:04:14 - urllib3.connectionpool - DEBUG - https://pmservice.tdilatam.com:8043 "GET /ppm/rest/v1/tasks?filter=%28code+%3D+%2734119%27%29&limit=1&fields=code%2Cp_tdi_estado_freshdesk%2C_internalId%2C_parentId%2Cname%2Cstatus HTTP/1.1" 200 427
2025-11-03 13:04:14 - SyncDeskManager - INFO - Ticket 34119 encontrado directamente
2025-11-03 13:04:14 - SyncDeskManager - INFO - IDs obtenidos: 146/146 tickets
2025-11-03 13:04:18 - SyncDeskManager - ERROR - TRANSACTION_FAILED: SYNC_STATES_20251103_130348 - {'estado': 'CANCELLED', 'motivo': 'Usuario descargó Excel sin aplicar cambios'}
NoneType: None
2025-11-03 13:04:18 - SyncDeskManager - WARNING - Transacción cancelada: SYNC_STATES_20251103_130348 - Usuario descargó Excel sin aplicar cambios
2025-11-03 13:04:59 - SyncDeskManager - INFO - TRANSACTION_START: SYNC_STATES_20251103_130459 - Sincronización estados Freshdesk → Clarity
2025-11-03 13:04:59 - SyncDeskManager - INFO - Transacción iniciada: SYNC_STATES_20251103_130459
2025-11-03 13:05:09 - SyncDeskManager - INFO - Análisis completado: 1550 coincidencias, 127 sin coincidencia
2025-11-03 13:05:11 - SyncDeskManager - INFO - Iniciando comparación de estados...
2025-11-03 13:05:11 - SyncDeskManager - DEBUG - Ticket 31996: Diferencia encontrada Abierta -> Cerrada
2025-11-03 13:05:11 - SyncDeskManager - DEBUG - Ticket 31997: Diferencia encontrada Abierta -> Cerrada
2025-11-03 13:05:11 - SyncDeskManager - DEBUG - Ticket 31999: Diferencia encontrada Esperando al cliente -> Cerrada
2025-11-03 13:05:11 - SyncDeskManager - DEBUG - Ticket 32001: Diferencia encontrada En progreso -> Cerrada
2025-11-03 13:05:11 - SyncDeskManager - DEBUG - Ticket 32003: Diferencia encontrada Abierta -> Cerrada
2025-11-03 13:05:11 - SyncDeskManager - DEBUG - Ticket 32005: Diferencia encontrada Derivado al Fabricante -> Cerrada
2025-11-03 13:05:11 - SyncDeskManager - DEBUG - Ticket 32008: Diferencia encontrada Resuelto -> Cerrada
2025-11-03 13:05:11 - SyncDeskManager - DEBUG - Ticket 32009: Diferencia encontrada En progreso -> Cerrada
2025-11-03 13:05:11 - SyncDeskManager - DEBUG - Ticket 32010: Diferencia encontrada En progreso -> Cerrada
2025-11-03 13:05:11 - SyncDeskManager - DEBUG - Ticket 32011: Diferencia encontrada En progreso -> Cerrada
2025-11-03 13:05:11 - SyncDeskManager - DEBUG - Ticket 32012: Diferencia encontrada Abierta -> Cerrada
2025-11-03 13:05:11 - SyncDeskManager - DEBUG - Ticket 32013: Diferencia encontrada Resuelto -> Cerrada
2025-11-03 13:05:11 - SyncDeskManager - DEBUG - Ticket 32014: Diferencia encontrada Resuelto -> Cerrada
2025-11-03 13:05:11 - SyncDeskManager - DEBUG - Ticket 32015: Diferencia encontrada Resuelto -> Cerrada
2025-11-03 13:05:11 - SyncDeskManager - DEBUG - Ticket 32020: Diferencia encontrada Abierta -> Cerrada
2025-11-03 13:05:11 - SyncDeskManager - DEBUG - Ticket 32021: Diferencia encontrada Abierta -> Cerrada
2025-11-03 13:05:11 - SyncDeskManager - DEBUG - Ticket 32022: Diferencia encontrada Abierta -> Cerrada
2025-11-03 13:05:11 - SyncDeskManager - DEBUG - Ticket 32025: Diferencia encontrada Esperando al cliente -> Cerrada
2025-11-03 13:05:11 - SyncDeskManager - DEBUG - Ticket 32033: Diferencia encontrada Abierta -> Cerrada
2025-11-03 13:05:11 - SyncDeskManager - DEBUG - Ticket 32035: Diferencia encontrada Abierta -> Cerrada
2025-11-03 13:05:11 - SyncDeskManager - DEBUG - Ticket 32036: Diferencia encontrada En progreso -> Cerrada
2025-11-03 13:05:11 - SyncDeskManager - DEBUG - Ticket 32041: Diferencia encontrada Derivado al Fabricante -> Cerrada
2025-11-03 13:05:11 - SyncDeskManager - DEBUG - Ticket 32042: Diferencia encontrada Abierta -> Cerrada
2025-11-03 13:05:11 - SyncDeskManager - DEBUG - Ticket 32043: Diferencia encontrada En progreso -> Cerrada
2025-11-03 13:05:11 - SyncDeskManager - DEBUG - Ticket 32044: Diferencia encontrada En progreso -> Cerrada
2025-11-03 13:05:11 - SyncDeskManager - DEBUG - Ticket 32067: Diferencia encontrada En progreso -> Cerrada
2025-11-03 13:05:11 - SyncDeskManager - DEBUG - Ticket 32068: Diferencia encontrada Abierta -> Cerrada
2025-11-03 13:05:11 - SyncDeskManager - DEBUG - Ticket 32075: Diferencia encontrada Abierta -> Cerrada
2025-11-03 13:05:11 - SyncDeskManager - DEBUG - Ticket 32088: Diferencia encontrada Resuelto -> Cerrada
2025-11-03 13:05:11 - SyncDeskManager - DEBUG - Ticket 32097: Diferencia encontrada Esperando al cliente -> Cerrada
2025-11-03 13:05:11 - SyncDeskManager - DEBUG - Ticket 32103: Diferencia encontrada Resuelto -> Cerrada
2025-11-03 13:05:11 - SyncDeskManager - DEBUG - Ticket 32110: Diferencia encontrada Resuelto -> Cerrada
2025-11-03 13:05:11 - SyncDeskManager - DEBUG - Ticket 32114: Diferencia encontrada Resuelto -> Cerrada
2025-11-03 13:05:11 - SyncDeskManager - DEBUG - Ticket 32115: Diferencia encontrada Abierta -> Cerrada
2025-11-03 13:05:11 - SyncDeskManager - DEBUG - Ticket 32117: Diferencia encontrada En evaluación -> Esperando al cliente
2025-11-03 13:05:11 - SyncDeskManager - DEBUG - Ticket 32118: Diferencia encontrada Abierta -> Cerrada
2025-11-03 13:05:11 - SyncDeskManager - DEBUG - Ticket 32120: Diferencia encontrada Abierta -> Cerrada
2025-11-03 13:05:11 - SyncDeskManager - DEBUG - Ticket 32121: Diferencia encontrada En evaluación -> Esperando al cliente
2025-11-03 13:05:11 - SyncDeskManager - DEBUG - Ticket 32122: Diferencia encontrada Esperando al cliente -> Cerrada
2025-11-03 13:05:11 - SyncDeskManager - DEBUG - Ticket 32123: Diferencia encontrada En evaluación -> Esperando al cliente
2025-11-03 13:05:11 - SyncDeskManager - DEBUG - Ticket 32125: Diferencia encontrada En evaluación -> Cerrada
2025-11-03 13:05:11 - SyncDeskManager - DEBUG - Ticket 32126: Diferencia encontrada Esperando al cliente -> Cerrada
2025-11-03 13:05:11 - SyncDeskManager - DEBUG - Ticket 32128: Diferencia encontrada Esperando al cliente -> Cerrada
2025-11-03 13:05:11 - SyncDeskManager - DEBUG - Ticket 32129: Diferencia encontrada Resuelto -> Cerrada
2025-11-03 13:05:11 - SyncDeskManager - DEBUG - Ticket 32130: Diferencia encontrada Resuelto -> Cerrada
2025-11-03 13:05:11 - SyncDeskManager - DEBUG - Ticket 32144: Diferencia encontrada En progreso -> Cerrada
2025-11-03 13:05:11 - SyncDeskManager - DEBUG - Ticket 32155: Diferencia encontrada Resuelto -> Cerrada
2025-11-03 13:05:11 - SyncDeskManager - DEBUG - Ticket 32157: Diferencia encontrada En progreso -> Cerrada
2025-11-03 13:05:11 - SyncDeskManager - DEBUG - Ticket 32158: Diferencia encontrada En progreso -> Cerrada
2025-11-03 13:05:11 - SyncDeskManager - DEBUG - Ticket 32159: Diferencia encontrada Resuelto -> Cerrada
2025-11-03 13:05:11 - SyncDeskManager - DEBUG - Ticket 32160: Diferencia encontrada En progreso -> Cerrada
2025-11-03 13:05:11 - SyncDeskManager - DEBUG - Ticket 32161: Diferencia encontrada Abierta -> Cerrada
2025-11-03 13:05:11 - SyncDeskManager - DEBUG - Ticket 32162: Diferencia encontrada Esperando al cliente -> Cerrada
2025-11-03 13:05:11 - SyncDeskManager - DEBUG - Ticket 32165: No encontrado en Clarity
2025-11-03 13:05:11 - SyncDeskManager - DEBUG - Ticket 32173: Diferencia encontrada Esperando al cliente -> Cerrada
2025-11-03 13:05:11 - SyncDeskManager - DEBUG - Ticket 32174: Diferencia encontrada En progreso -> Cerrada
2025-11-03 13:05:11 - SyncDeskManager - DEBUG - Ticket 32177: Diferencia encontrada Derivado al Fabricante -> Cerrada
2025-11-03 13:05:11 - SyncDeskManager - DEBUG - Ticket 32179: Diferencia encontrada Resuelto -> Cerrada
2025-11-03 13:05:11 - SyncDeskManager - DEBUG - Ticket 32183: Diferencia encontrada Abierta -> Cerrada
2025-11-03 13:05:11 - SyncDeskManager - DEBUG - Ticket 32184: Diferencia encontrada Abierta -> Cerrada
2025-11-03 13:05:11 - SyncDeskManager - DEBUG - Ticket 32188: Diferencia encontrada Derivado al Fabricante -> Cerrada
2025-11-03 13:05:11 - SyncDeskManager - DEBUG - Ticket 32192: Diferencia encontrada Abierta -> Cerrada
2025-11-03 13:05:11 - SyncDeskManager - DEBUG - Ticket 32193: Diferencia encontrada Resuelto -> Cerrada
2025-11-03 13:05:11 - SyncDeskManager - DEBUG - Ticket 32204: Diferencia encontrada Abierta -> Cerrada
2025-11-03 13:05:11 - SyncDeskManager - DEBUG - Ticket 32213: Diferencia encontrada Resuelto -> Cerrada
2025-11-03 13:05:11 - SyncDeskManager - DEBUG - Ticket 32214: Diferencia encontrada Abierta -> Cerrada
2025-11-03 13:05:11 - SyncDeskManager - DEBUG - Ticket 32215: Diferencia encontrada Abierta -> Cerrada
2025-11-03 13:05:11 - SyncDeskManager - DEBUG - Ticket 32216: Diferencia encontrada Abierta -> Cerrada
2025-11-03 13:05:11 - SyncDeskManager - DEBUG - Ticket 32217: Diferencia encontrada Abierta -> Cerrada
2025-11-03 13:05:11 - SyncDeskManager - DEBUG - Ticket 32220: Diferencia encontrada Abierta -> Cerrada
2025-11-03 13:05:11 - SyncDeskManager - DEBUG - Ticket 32221: Diferencia encontrada Resuelto -> Cerrada
2025-11-03 13:05:11 - SyncDeskManager - DEBUG - Ticket 32223: Diferencia encontrada Esperando al cliente -> Cerrada
2025-11-03 13:05:11 - SyncDeskManager - DEBUG - Ticket 32224: Diferencia encontrada Abierta -> En progreso
2025-11-03 13:05:11 - SyncDeskManager - DEBUG - Ticket 32225: Diferencia encontrada Abierta -> Cerrada
2025-11-03 13:05:11 - SyncDeskManager - DEBUG - Ticket 32226: Diferencia encontrada Abierta -> Cerrada
2025-11-03 13:05:11 - SyncDeskManager - DEBUG - Ticket 32227: Diferencia encontrada Resuelto -> Cerrada
2025-11-03 13:05:11 - SyncDeskManager - DEBUG - Ticket 32230: Diferencia encontrada Resuelto -> Cerrada
2025-11-03 13:05:11 - SyncDeskManager - DEBUG - Ticket 32233: Diferencia encontrada En progreso -> Cerrada
2025-11-03 13:05:12 - SyncDeskManager - DEBUG - Ticket 32238: Diferencia encontrada En progreso -> Cerrada
2025-11-03 13:05:12 - SyncDeskManager - DEBUG - Ticket 32239: Diferencia encontrada Resuelto -> Cerrada
2025-11-03 13:05:12 - SyncDeskManager - DEBUG - Ticket 32240: Diferencia encontrada Resuelto -> Cerrada
2025-11-03 13:05:12 - SyncDeskManager - DEBUG - Ticket 32241: Diferencia encontrada Resuelto -> Cerrada
2025-11-03 13:05:12 - SyncDeskManager - DEBUG - Ticket 32242: Diferencia encontrada En progreso -> Cerrada
2025-11-03 13:05:12 - SyncDeskManager - DEBUG - Ticket 32243: Diferencia encontrada Abierta -> Cerrada
2025-11-03 13:05:12 - SyncDeskManager - DEBUG - Ticket 32244: Diferencia encontrada Abierta -> Cerrada
2025-11-03 13:05:12 - SyncDeskManager - DEBUG - Ticket 32245: Diferencia encontrada Resuelto -> Cerrada
2025-11-03 13:05:12 - SyncDeskManager - DEBUG - Ticket 32246: Diferencia encontrada Resuelto -> Cerrada
2025-11-03 13:05:12 - SyncDeskManager - DEBUG - Ticket 32248: Diferencia encontrada Abierta -> Cerrada
2025-11-03 13:05:12 - SyncDeskManager - DEBUG - Ticket 32251: Diferencia encontrada En progreso -> Cerrada
2025-11-03 13:05:12 - SyncDeskManager - DEBUG - Ticket 32252: Diferencia encontrada En progreso -> Cerrada
2025-11-03 13:05:12 - SyncDeskManager - DEBUG - Ticket 32254: Diferencia encontrada Abierta -> Cerrada
2025-11-03 13:05:12 - SyncDeskManager - DEBUG - Ticket 32255: Diferencia encontrada Abierta -> Cerrada
2025-11-03 13:05:12 - SyncDeskManager - DEBUG - Ticket 32263: No encontrado en Clarity
2025-11-03 13:05:12 - SyncDeskManager - DEBUG - Ticket 32288: No encontrado en Clarity
2025-11-03 13:05:12 - SyncDeskManager - DEBUG - Ticket 32292: No encontrado en Clarity
2025-11-03 13:05:12 - SyncDeskManager - DEBUG - Ticket 32293: No encontrado en Clarity
2025-11-03 13:05:12 - SyncDeskManager - DEBUG - Ticket 32301: No encontrado en Clarity
2025-11-03 13:05:12 - SyncDeskManager - DEBUG - Ticket 32311: No encontrado en Clarity
2025-11-03 13:05:12 - SyncDeskManager - DEBUG - Ticket 32312: No encontrado en Clarity
2025-11-03 13:05:12 - SyncDeskManager - DEBUG - Ticket 32340: No encontrado en Clarity
2025-11-03 13:05:12 - SyncDeskManager - DEBUG - Ticket 32358: No encontrado en Clarity
2025-11-03 13:05:12 - SyncDeskManager - DEBUG - Ticket 32374: No encontrado en Clarity
2025-11-03 13:05:12 - SyncDeskManager - DEBUG - Ticket 32399: No encontrado en Clarity
2025-11-03 13:05:12 - SyncDeskManager - DEBUG - Ticket 32440: No encontrado en Clarity
2025-11-03 13:05:12 - SyncDeskManager - DEBUG - Ticket 32455: No encontrado en Clarity
2025-11-03 13:05:12 - SyncDeskManager - DEBUG - Ticket 32462: No encontrado en Clarity
2025-11-03 13:05:12 - SyncDeskManager - DEBUG - Ticket 32495: No encontrado en Clarity
2025-11-03 13:05:12 - SyncDeskManager - DEBUG - Ticket 32532: No encontrado en Clarity
2025-11-03 13:05:12 - SyncDeskManager - DEBUG - Ticket 32538: No encontrado en Clarity
2025-11-03 13:05:12 - SyncDeskManager - DEBUG - Ticket 32539: No encontrado en Clarity
2025-11-03 13:05:12 - SyncDeskManager - DEBUG - Ticket 32587: No encontrado en Clarity
2025-11-03 13:05:12 - SyncDeskManager - DEBUG - Ticket 32606: No encontrado en Clarity
2025-11-03 13:05:12 - SyncDeskManager - DEBUG - Ticket 32656: No encontrado en Clarity
2025-11-03 13:05:12 - SyncDeskManager - DEBUG - Ticket 32657: No encontrado en Clarity
2025-11-03 13:05:12 - SyncDeskManager - DEBUG - Ticket 32676: No encontrado en Clarity
2025-11-03 13:05:12 - SyncDeskManager - DEBUG - Ticket 32696: No encontrado en Clarity
2025-11-03 13:05:13 - SyncDeskManager - DEBUG - Ticket 32736: No encontrado en Clarity
2025-11-03 13:05:13 - SyncDeskManager - DEBUG - Ticket 32758: No encontrado en Clarity
2025-11-03 13:05:13 - SyncDeskManager - DEBUG - Ticket 32760: No encontrado en Clarity
2025-11-03 13:05:13 - SyncDeskManager - DEBUG - Ticket 32761: No encontrado en Clarity
2025-11-03 13:05:13 - SyncDeskManager - DEBUG - Ticket 32762: No encontrado en Clarity
2025-11-03 13:05:13 - SyncDeskManager - DEBUG - Ticket 32774: No encontrado en Clarity
2025-11-03 13:05:13 - SyncDeskManager - DEBUG - Ticket 32778: No encontrado en Clarity
2025-11-03 13:05:13 - SyncDeskManager - DEBUG - Ticket 32782: Diferencia encontrada En progreso -> Esperando al cliente
2025-11-03 13:05:13 - SyncDeskManager - DEBUG - Ticket 32811: No encontrado en Clarity
2025-11-03 13:05:13 - SyncDeskManager - DEBUG - Ticket 32830: No encontrado en Clarity
2025-11-03 13:05:13 - SyncDeskManager - DEBUG - Ticket 32836: No encontrado en Clarity
2025-11-03 13:05:13 - SyncDeskManager - DEBUG - Ticket 32838: No encontrado en Clarity
2025-11-03 13:05:13 - SyncDeskManager - DEBUG - Ticket 32841: No encontrado en Clarity
2025-11-03 13:05:13 - SyncDeskManager - DEBUG - Ticket 32842: No encontrado en Clarity
2025-11-03 13:05:13 - SyncDeskManager - DEBUG - Ticket 32843: No encontrado en Clarity
2025-11-03 13:05:13 - SyncDeskManager - DEBUG - Ticket 32844: No encontrado en Clarity
2025-11-03 13:05:13 - SyncDeskManager - DEBUG - Ticket 32848: No encontrado en Clarity
2025-11-03 13:05:13 - SyncDeskManager - DEBUG - Ticket 32850: No encontrado en Clarity
2025-11-03 13:05:13 - SyncDeskManager - DEBUG - Ticket 32856: No encontrado en Clarity
2025-11-03 13:05:13 - SyncDeskManager - DEBUG - Ticket 32879: No encontrado en Clarity
2025-11-03 13:05:13 - SyncDeskManager - DEBUG - Ticket 32912: No encontrado en Clarity
2025-11-03 13:05:13 - SyncDeskManager - DEBUG - Ticket 32914: Diferencia encontrada Resuelto -> Cerrada
2025-11-03 13:05:13 - SyncDeskManager - DEBUG - Ticket 32916: No encontrado en Clarity
2025-11-03 13:05:13 - SyncDeskManager - DEBUG - Ticket 32930: No encontrado en Clarity
2025-11-03 13:05:13 - SyncDeskManager - DEBUG - Ticket 32931: No encontrado en Clarity
2025-11-03 13:05:13 - SyncDeskManager - DEBUG - Ticket 32938: No encontrado en Clarity
2025-11-03 13:05:13 - SyncDeskManager - DEBUG - Ticket 32943: No encontrado en Clarity
2025-11-03 13:05:13 - SyncDeskManager - DEBUG - Ticket 32961: No encontrado en Clarity
2025-11-03 13:05:13 - SyncDeskManager - DEBUG - Ticket 33008: No encontrado en Clarity
2025-11-03 13:05:13 - SyncDeskManager - DEBUG - Ticket 33012: No encontrado en Clarity
2025-11-03 13:05:13 - SyncDeskManager - DEBUG - Ticket 33027: No encontrado en Clarity
2025-11-03 13:05:13 - SyncDeskManager - DEBUG - Ticket 33034: No encontrado en Clarity
2025-11-03 13:05:13 - SyncDeskManager - DEBUG - Ticket 33039: No encontrado en Clarity
2025-11-03 13:05:13 - SyncDeskManager - DEBUG - Ticket 33052: No encontrado en Clarity
2025-11-03 13:05:13 - SyncDeskManager - DEBUG - Ticket 33062: No encontrado en Clarity
2025-11-03 13:05:13 - SyncDeskManager - DEBUG - Ticket 33068: No encontrado en Clarity
2025-11-03 13:05:13 - SyncDeskManager - DEBUG - Ticket 33069: No encontrado en Clarity
2025-11-03 13:05:13 - SyncDeskManager - DEBUG - Ticket 33070: No encontrado en Clarity
2025-11-03 13:05:13 - SyncDeskManager - DEBUG - Ticket 33075: No encontrado en Clarity
2025-11-03 13:05:13 - SyncDeskManager - DEBUG - Ticket 33082: Diferencia encontrada Esperando al cliente -> Derivado al Fabricante
2025-11-03 13:05:13 - SyncDeskManager - DEBUG - Ticket 33083: No encontrado en Clarity
2025-11-03 13:05:13 - SyncDeskManager - DEBUG - Ticket 33088: No encontrado en Clarity
2025-11-03 13:05:13 - SyncDeskManager - DEBUG - Ticket 33127: No encontrado en Clarity
2025-11-03 13:05:13 - SyncDeskManager - DEBUG - Ticket 33128: No encontrado en Clarity
2025-11-03 13:05:13 - SyncDeskManager - DEBUG - Ticket 33129: No encontrado en Clarity
2025-11-03 13:05:13 - SyncDeskManager - DEBUG - Ticket 33139: No encontrado en Clarity
2025-11-03 13:05:14 - SyncDeskManager - DEBUG - Ticket 33225: No encontrado en Clarity
2025-11-03 13:05:14 - SyncDeskManager - DEBUG - Ticket 33226: No encontrado en Clarity
2025-11-03 13:05:14 - SyncDeskManager - DEBUG - Ticket 33247: No encontrado en Clarity
2025-11-03 13:05:14 - SyncDeskManager - DEBUG - Ticket 33310: No encontrado en Clarity
2025-11-03 13:05:14 - SyncDeskManager - DEBUG - Ticket 33314: No encontrado en Clarity
2025-11-03 13:05:14 - SyncDeskManager - DEBUG - Ticket 33334: No encontrado en Clarity
2025-11-03 13:05:14 - SyncDeskManager - DEBUG - Ticket 33346: No encontrado en Clarity
2025-11-03 13:05:14 - SyncDeskManager - DEBUG - Ticket 33357: No encontrado en Clarity
2025-11-03 13:05:14 - SyncDeskManager - DEBUG - Ticket 33361: No encontrado en Clarity
2025-11-03 13:05:14 - SyncDeskManager - DEBUG - Ticket 33364: No encontrado en Clarity
2025-11-03 13:05:14 - SyncDeskManager - DEBUG - Ticket 33384: No encontrado en Clarity
2025-11-03 13:05:14 - SyncDeskManager - DEBUG - Ticket 33395: No encontrado en Clarity
2025-11-03 13:05:14 - SyncDeskManager - DEBUG - Ticket 33432: No encontrado en Clarity
2025-11-03 13:05:14 - SyncDeskManager - DEBUG - Ticket 33448: No encontrado en Clarity
2025-11-03 13:05:14 - SyncDeskManager - DEBUG - Ticket 33451: No encontrado en Clarity
2025-11-03 13:05:14 - SyncDeskManager - DEBUG - Ticket 33461: No encontrado en Clarity
2025-11-03 13:05:14 - SyncDeskManager - DEBUG - Ticket 33474: No encontrado en Clarity
2025-11-03 13:05:14 - SyncDeskManager - DEBUG - Ticket 33476: No encontrado en Clarity
2025-11-03 13:05:14 - SyncDeskManager - DEBUG - Ticket 33478: No encontrado en Clarity
2025-11-03 13:05:14 - SyncDeskManager - DEBUG - Ticket 33489: No encontrado en Clarity
2025-11-03 13:05:14 - SyncDeskManager - DEBUG - Ticket 33490: No encontrado en Clarity
2025-11-03 13:05:14 - SyncDeskManager - DEBUG - Ticket 33496: No encontrado en Clarity
2025-11-03 13:05:14 - SyncDeskManager - DEBUG - Ticket 33513: No encontrado en Clarity
2025-11-03 13:05:14 - SyncDeskManager - DEBUG - Ticket 33529: No encontrado en Clarity
2025-11-03 13:05:14 - SyncDeskManager - DEBUG - Ticket 33540: No encontrado en Clarity
2025-11-03 13:05:14 - SyncDeskManager - DEBUG - Ticket 33541: No encontrado en Clarity
2025-11-03 13:05:14 - SyncDeskManager - DEBUG - Ticket 33558: No encontrado en Clarity
2025-11-03 13:05:14 - SyncDeskManager - DEBUG - Ticket 33566: No encontrado en Clarity
2025-11-03 13:05:14 - SyncDeskManager - DEBUG - Ticket 33572: Diferencia encontrada Resuelto -> Cerrada
2025-11-03 13:05:14 - SyncDeskManager - DEBUG - Ticket 33581: Diferencia encontrada Resuelto -> Cerrada
2025-11-03 13:05:14 - SyncDeskManager - DEBUG - Ticket 33583: Diferencia encontrada Resuelto -> Cerrada
2025-11-03 13:05:14 - SyncDeskManager - DEBUG - Ticket 33585: No encontrado en Clarity
2025-11-03 13:05:14 - SyncDeskManager - DEBUG - Ticket 33607: Diferencia encontrada Resuelto -> Cerrada
2025-11-03 13:05:14 - SyncDeskManager - DEBUG - Ticket 33608: Diferencia encontrada Resuelto -> Cerrada
2025-11-03 13:05:14 - SyncDeskManager - DEBUG - Ticket 33611: No encontrado en Clarity
2025-11-03 13:05:14 - SyncDeskManager - DEBUG - Ticket 33612: Diferencia encontrada Resuelto -> Cerrada
2025-11-03 13:05:14 - SyncDeskManager - DEBUG - Ticket 33613: Diferencia encontrada Resuelto -> Cerrada
2025-11-03 13:05:14 - SyncDeskManager - DEBUG - Ticket 33614: Diferencia encontrada Resuelto -> Cerrada
2025-11-03 13:05:14 - SyncDeskManager - DEBUG - Ticket 33615: Diferencia encontrada Resuelto -> Cerrada
2025-11-03 13:05:14 - SyncDeskManager - DEBUG - Ticket 33621: No encontrado en Clarity
2025-11-03 13:05:15 - SyncDeskManager - DEBUG - Ticket 33655: No encontrado en Clarity
2025-11-03 13:05:15 - SyncDeskManager - DEBUG - Ticket 33658: Diferencia encontrada Resuelto -> Cerrada
2025-11-03 13:05:15 - SyncDeskManager - DEBUG - Ticket 33667: No encontrado en Clarity
2025-11-03 13:05:15 - SyncDeskManager - DEBUG - Ticket 33669: No encontrado en Clarity
2025-11-03 13:05:15 - SyncDeskManager - DEBUG - Ticket 33671: Diferencia encontrada Resuelto -> Cerrada
2025-11-03 13:05:15 - SyncDeskManager - DEBUG - Ticket 33672: Diferencia encontrada Resuelto -> Cerrada
2025-11-03 13:05:15 - SyncDeskManager - DEBUG - Ticket 33676: Diferencia encontrada Resuelto -> Cerrada
2025-11-03 13:05:15 - SyncDeskManager - DEBUG - Ticket 33680: Diferencia encontrada Resuelto -> Cerrada
2025-11-03 13:05:15 - SyncDeskManager - DEBUG - Ticket 33682: No encontrado en Clarity
2025-11-03 13:05:15 - SyncDeskManager - DEBUG - Ticket 33684: Diferencia encontrada Resuelto -> Cerrada
2025-11-03 13:05:15 - SyncDeskManager - DEBUG - Ticket 33702: No encontrado en Clarity
2025-11-03 13:05:15 - SyncDeskManager - DEBUG - Ticket 33707: Diferencia encontrada Resuelto -> Cerrada
2025-11-03 13:05:15 - SyncDeskManager - DEBUG - Ticket 33712: Diferencia encontrada Resuelto -> Cerrada
2025-11-03 13:05:15 - SyncDeskManager - DEBUG - Ticket 33720: Diferencia encontrada Resuelto -> Cerrada
2025-11-03 13:05:15 - SyncDeskManager - DEBUG - Ticket 33728: Diferencia encontrada Resuelto -> Cerrada
2025-11-03 13:05:15 - SyncDeskManager - DEBUG - Ticket 33732: Diferencia encontrada Resuelto -> Cerrada
2025-11-03 13:05:15 - SyncDeskManager - DEBUG - Ticket 33741: No encontrado en Clarity
2025-11-03 13:05:15 - SyncDeskManager - DEBUG - Ticket 33743: Diferencia encontrada Resuelto -> Cerrada
2025-11-03 13:05:15 - SyncDeskManager - DEBUG - Ticket 33745: Diferencia encontrada Resuelto -> Cerrada
2025-11-03 13:05:15 - SyncDeskManager - DEBUG - Ticket 33746: Diferencia encontrada Resuelto -> Cerrada
2025-11-03 13:05:15 - SyncDeskManager - DEBUG - Ticket 33747: Diferencia encontrada Resuelto -> Cerrada
2025-11-03 13:05:15 - SyncDeskManager - DEBUG - Ticket 33754: Diferencia encontrada Resuelto -> Cerrada
2025-11-03 13:05:15 - SyncDeskManager - DEBUG - Ticket 33755: Diferencia encontrada Resuelto -> Cerrada
2025-11-03 13:05:15 - SyncDeskManager - DEBUG - Ticket 33756: Diferencia encontrada Resuelto -> Cerrada
2025-11-03 13:05:15 - SyncDeskManager - DEBUG - Ticket 33757: Diferencia encontrada Resuelto -> Cerrada
2025-11-03 13:05:15 - SyncDeskManager - DEBUG - Ticket 33766: No encontrado en Clarity
2025-11-03 13:05:15 - SyncDeskManager - DEBUG - Ticket 33767: No encontrado en Clarity
2025-11-03 13:05:15 - SyncDeskManager - DEBUG - Ticket 33771: Diferencia encontrada Resuelto -> Cerrada
2025-11-03 13:05:15 - SyncDeskManager - DEBUG - Ticket 33772: Diferencia encontrada Resuelto -> Cerrada
2025-11-03 13:05:15 - SyncDeskManager - DEBUG - Ticket 33797: Diferencia encontrada Resuelto -> Cerrada
2025-11-03 13:05:15 - SyncDeskManager - DEBUG - Ticket 33798: Diferencia encontrada Resuelto -> Cerrada
2025-11-03 13:05:15 - SyncDeskManager - DEBUG - Ticket 33804: No encontrado en Clarity
2025-11-03 13:05:15 - SyncDeskManager - DEBUG - Ticket 33811: Diferencia encontrada Esperando al cliente -> Cerrada
2025-11-03 13:05:15 - SyncDeskManager - DEBUG - Ticket 33815: Diferencia encontrada Resuelto -> Cerrada
2025-11-03 13:05:15 - SyncDeskManager - DEBUG - Ticket 33820: No encontrado en Clarity
2025-11-03 13:05:15 - SyncDeskManager - DEBUG - Ticket 33837: No encontrado en Clarity
2025-11-03 13:05:15 - SyncDeskManager - DEBUG - Ticket 33842: Diferencia encontrada Resuelto -> Cerrada
2025-11-03 13:05:15 - SyncDeskManager - DEBUG - Ticket 33856: Diferencia encontrada Resuelto -> Cerrada
2025-11-03 13:05:15 - SyncDeskManager - DEBUG - Ticket 33861: No encontrado en Clarity
2025-11-03 13:05:15 - SyncDeskManager - DEBUG - Ticket 33868: Diferencia encontrada Resuelto -> Cerrada
2025-11-03 13:05:15 - SyncDeskManager - DEBUG - Ticket 33869: Diferencia encontrada Resuelto -> Cerrada
2025-11-03 13:05:15 - SyncDeskManager - DEBUG - Ticket 33887: Diferencia encontrada Resuelto -> Cerrada
2025-11-03 13:05:15 - SyncDeskManager - DEBUG - Ticket 33901: No encontrado en Clarity
2025-11-03 13:05:15 - SyncDeskManager - DEBUG - Ticket 33905: Diferencia encontrada Abierta -> Cerrada
2025-11-03 13:05:15 - SyncDeskManager - DEBUG - Ticket 33911: Diferencia encontrada En progreso -> Esperando al cliente
2025-11-03 13:05:15 - SyncDeskManager - DEBUG - Ticket 33913: No encontrado en Clarity
2025-11-03 13:05:15 - SyncDeskManager - DEBUG - Ticket 33936: Diferencia encontrada Resuelto -> Cerrada
2025-11-03 13:05:15 - SyncDeskManager - DEBUG - Ticket 33944: Diferencia encontrada Resuelto -> Cerrada
2025-11-03 13:05:15 - SyncDeskManager - DEBUG - Ticket 33960: Diferencia encontrada Resuelto -> Cerrada
2025-11-03 13:05:15 - SyncDeskManager - DEBUG - Ticket 33963: Diferencia encontrada Resuelto -> Cerrada
2025-11-03 13:05:15 - SyncDeskManager - DEBUG - Ticket 33964: Diferencia encontrada Resuelto -> Cerrada
2025-11-03 13:05:15 - SyncDeskManager - DEBUG - Ticket 33974: Diferencia encontrada Resuelto -> Cerrada
2025-11-03 13:05:15 - SyncDeskManager - DEBUG - Ticket 33998: No encontrado en Clarity
2025-11-03 13:05:15 - SyncDeskManager - DEBUG - Ticket 34008: No encontrado en Clarity
2025-11-03 13:05:15 - SyncDeskManager - DEBUG - Ticket 34021: No encontrado en Clarity
2025-11-03 13:05:15 - SyncDeskManager - DEBUG - Ticket 34025: No encontrado en Clarity
2025-11-03 13:05:15 - SyncDeskManager - DEBUG - Ticket 34038: Diferencia encontrada Abierta -> Esperando al cliente
2025-11-03 13:05:16 - SyncDeskManager - DEBUG - Ticket 34058: Diferencia encontrada Abierta -> En progreso
2025-11-03 13:05:16 - SyncDeskManager - DEBUG - Ticket 34085: Diferencia encontrada En progreso -> Derivado al Fabricante
2025-11-03 13:05:16 - SyncDeskManager - DEBUG - Ticket 34110: No encontrado en Clarity
2025-11-03 13:05:16 - SyncDeskManager - DEBUG - Ticket 34117: Diferencia encontrada Abierta -> Cerrada
2025-11-03 13:05:16 - SyncDeskManager - DEBUG - Ticket 34119: Diferencia encontrada Abierta -> Esperando al cliente
2025-11-03 13:05:16 - SyncDeskManager - DEBUG - Ticket 34130: No encontrado en Clarity
2025-11-03 13:05:16 - SyncDeskManager - DEBUG - Ticket 34132: No encontrado en Clarity
2025-11-03 13:05:16 - SyncDeskManager - DEBUG - Ticket 34133: No encontrado en Clarity
2025-11-03 13:05:16 - SyncDeskManager - DEBUG - Ticket 34137: No encontrado en Clarity
2025-11-03 13:05:16 - SyncDeskManager - DEBUG - Ticket 34142: No encontrado en Clarity
2025-11-03 13:05:16 - SyncDeskManager - DEBUG - Ticket 34143: No encontrado en Clarity
2025-11-03 13:05:16 - SyncDeskManager - DEBUG - Ticket 34145: No encontrado en Clarity
2025-11-03 13:05:16 - SyncDeskManager - DEBUG - Ticket 34148: No encontrado en Clarity
2025-11-03 13:05:16 - SyncDeskManager - DEBUG - Ticket 34149: No encontrado en Clarity
2025-11-03 13:05:16 - SyncDeskManager - INFO - Comparación completada: 146 diferencias encontradas
2025-11-03 13:05:16 - SyncDeskManager - INFO - Buscando IDs de Clarity para 146 tickets...
2025-11-03 13:05:16 - SyncDeskManager - DEBUG - Buscando ticket 31996 directamente en Clarity...
2025-11-03 13:05:16 - urllib3.connectionpool - DEBUG - Starting new HTTPS connection (1): pmservice.tdilatam.com:8043
2025-11-03 13:05:16 - urllib3.connectionpool - DEBUG - https://pmservice.tdilatam.com:8043 "GET /ppm/rest/v1/tasks?filter=%28code+%3D+%2731996%27%29&limit=1&fields=code%2Cp_tdi_estado_freshdesk%2C_internalId%2C_parentId%2Cname%2Cstatus HTTP/1.1" 200 413
2025-11-03 13:05:16 - SyncDeskManager - INFO - Ticket 31996 encontrado directamente
2025-11-03 13:05:16 - SyncDeskManager - DEBUG - Buscando ticket 31997 directamente en Clarity...
2025-11-03 13:05:16 - urllib3.connectionpool - DEBUG - https://pmservice.tdilatam.com:8043 "GET /ppm/rest/v1/tasks?filter=%28code+%3D+%2731997%27%29&limit=1&fields=code%2Cp_tdi_estado_freshdesk%2C_internalId%2C_parentId%2Cname%2Cstatus HTTP/1.1" 200 416
2025-11-03 13:05:16 - SyncDeskManager - INFO - Ticket 31997 encontrado directamente
2025-11-03 13:05:16 - SyncDeskManager - DEBUG - Buscando ticket 31999 directamente en Clarity...
2025-11-03 13:05:16 - urllib3.connectionpool - DEBUG - https://pmservice.tdilatam.com:8043 "GET /ppm/rest/v1/tasks?filter=%28code+%3D+%2731999%27%29&limit=1&fields=code%2Cp_tdi_estado_freshdesk%2C_internalId%2C_parentId%2Cname%2Cstatus HTTP/1.1" 200 376
2025-11-03 13:05:16 - SyncDeskManager - INFO - Ticket 31999 encontrado directamente
2025-11-03 13:05:16 - SyncDeskManager - DEBUG - Buscando ticket 32001 directamente en Clarity...
2025-11-03 13:05:17 - urllib3.connectionpool - DEBUG - https://pmservice.tdilatam.com:8043 "GET /ppm/rest/v1/tasks?filter=%28code+%3D+%2732001%27%29&limit=1&fields=code%2Cp_tdi_estado_freshdesk%2C_internalId%2C_parentId%2Cname%2Cstatus HTTP/1.1" 200 407
2025-11-03 13:05:17 - SyncDeskManager - INFO - Ticket 32001 encontrado directamente
2025-11-03 13:05:17 - SyncDeskManager - DEBUG - Buscando ticket 32003 directamente en Clarity...
2025-11-03 13:05:17 - urllib3.connectionpool - DEBUG - https://pmservice.tdilatam.com:8043 "GET /ppm/rest/v1/tasks?filter=%28code+%3D+%2732003%27%29&limit=1&fields=code%2Cp_tdi_estado_freshdesk%2C_internalId%2C_parentId%2Cname%2Cstatus HTTP/1.1" 200 368
2025-11-03 13:05:17 - SyncDeskManager - INFO - Ticket 32003 encontrado directamente
2025-11-03 13:05:17 - SyncDeskManager - DEBUG - Buscando ticket 32005 directamente en Clarity...
2025-11-03 13:05:17 - urllib3.connectionpool - DEBUG - https://pmservice.tdilatam.com:8043 "GET /ppm/rest/v1/tasks?filter=%28code+%3D+%2732005%27%29&limit=1&fields=code%2Cp_tdi_estado_freshdesk%2C_internalId%2C_parentId%2Cname%2Cstatus HTTP/1.1" 200 406
2025-11-03 13:05:17 - SyncDeskManager - INFO - Ticket 32005 encontrado directamente
2025-11-03 13:05:17 - SyncDeskManager - DEBUG - Buscando ticket 32008 directamente en Clarity...
2025-11-03 13:05:17 - urllib3.connectionpool - DEBUG - https://pmservice.tdilatam.com:8043 "GET /ppm/rest/v1/tasks?filter=%28code+%3D+%2732008%27%29&limit=1&fields=code%2Cp_tdi_estado_freshdesk%2C_internalId%2C_parentId%2Cname%2Cstatus HTTP/1.1" 200 387
2025-11-03 13:05:17 - SyncDeskManager - INFO - Ticket 32008 encontrado directamente
2025-11-03 13:05:17 - SyncDeskManager - DEBUG - Buscando ticket 32009 directamente en Clarity...
2025-11-03 13:05:17 - urllib3.connectionpool - DEBUG - https://pmservice.tdilatam.com:8043 "GET /ppm/rest/v1/tasks?filter=%28code+%3D+%2732009%27%29&limit=1&fields=code%2Cp_tdi_estado_freshdesk%2C_internalId%2C_parentId%2Cname%2Cstatus HTTP/1.1" 200 372
2025-11-03 13:05:17 - SyncDeskManager - INFO - Ticket 32009 encontrado directamente
2025-11-03 13:05:17 - SyncDeskManager - DEBUG - Buscando ticket 32010 directamente en Clarity...
2025-11-03 13:05:17 - urllib3.connectionpool - DEBUG - https://pmservice.tdilatam.com:8043 "GET /ppm/rest/v1/tasks?filter=%28code+%3D+%2732010%27%29&limit=1&fields=code%2Cp_tdi_estado_freshdesk%2C_internalId%2C_parentId%2Cname%2Cstatus HTTP/1.1" 200 372
2025-11-03 13:05:17 - SyncDeskManager - INFO - Ticket 32010 encontrado directamente
2025-11-03 13:05:17 - SyncDeskManager - DEBUG - Buscando ticket 32011 directamente en Clarity...
2025-11-03 13:05:17 - urllib3.connectionpool - DEBUG - https://pmservice.tdilatam.com:8043 "GET /ppm/rest/v1/tasks?filter=%28code+%3D+%2732011%27%29&limit=1&fields=code%2Cp_tdi_estado_freshdesk%2C_internalId%2C_parentId%2Cname%2Cstatus HTTP/1.1" 200 395
2025-11-03 13:05:17 - SyncDeskManager - INFO - Ticket 32011 encontrado directamente
2025-11-03 13:05:17 - SyncDeskManager - DEBUG - Buscando ticket 32012 directamente en Clarity...
2025-11-03 13:05:17 - urllib3.connectionpool - DEBUG - https://pmservice.tdilatam.com:8043 "GET /ppm/rest/v1/tasks?filter=%28code+%3D+%2732012%27%29&limit=1&fields=code%2Cp_tdi_estado_freshdesk%2C_internalId%2C_parentId%2Cname%2Cstatus HTTP/1.1" 200 368
2025-11-03 13:05:17 - SyncDeskManager - INFO - Ticket 32012 encontrado directamente
2025-11-03 13:05:17 - SyncDeskManager - DEBUG - Buscando ticket 32013 directamente en Clarity...
2025-11-03 13:05:17 - urllib3.connectionpool - DEBUG - https://pmservice.tdilatam.com:8043 "GET /ppm/rest/v1/tasks?filter=%28code+%3D+%2732013%27%29&limit=1&fields=code%2Cp_tdi_estado_freshdesk%2C_internalId%2C_parentId%2Cname%2Cstatus HTTP/1.1" 200 394
2025-11-03 13:05:17 - SyncDeskManager - INFO - Ticket 32013 encontrado directamente
2025-11-03 13:05:17 - SyncDeskManager - DEBUG - Buscando ticket 32014 directamente en Clarity...
2025-11-03 13:05:17 - urllib3.connectionpool - DEBUG - https://pmservice.tdilatam.com:8043 "GET /ppm/rest/v1/tasks?filter=%28code+%3D+%2732014%27%29&limit=1&fields=code%2Cp_tdi_estado_freshdesk%2C_internalId%2C_parentId%2Cname%2Cstatus HTTP/1.1" 200 394
2025-11-03 13:05:17 - SyncDeskManager - INFO - Ticket 32014 encontrado directamente
2025-11-03 13:05:17 - SyncDeskManager - DEBUG - Buscando ticket 32015 directamente en Clarity...
2025-11-03 13:05:17 - urllib3.connectionpool - DEBUG - https://pmservice.tdilatam.com:8043 "GET /ppm/rest/v1/tasks?filter=%28code+%3D+%2732015%27%29&limit=1&fields=code%2Cp_tdi_estado_freshdesk%2C_internalId%2C_parentId%2Cname%2Cstatus HTTP/1.1" 200 394
2025-11-03 13:05:17 - SyncDeskManager - INFO - Ticket 32015 encontrado directamente
2025-11-03 13:05:17 - SyncDeskManager - DEBUG - Buscando ticket 32020 directamente en Clarity...
2025-11-03 13:05:17 - urllib3.connectionpool - DEBUG - https://pmservice.tdilatam.com:8043 "GET /ppm/rest/v1/tasks?filter=%28code+%3D+%2732020%27%29&limit=1&fields=code%2Cp_tdi_estado_freshdesk%2C_internalId%2C_parentId%2Cname%2Cstatus HTTP/1.1" 200 407
2025-11-03 13:05:17 - SyncDeskManager - INFO - Ticket 32020 encontrado directamente
2025-11-03 13:05:17 - SyncDeskManager - DEBUG - Buscando ticket 32021 directamente en Clarity...
2025-11-03 13:05:17 - urllib3.connectionpool - DEBUG - https://pmservice.tdilatam.com:8043 "GET /ppm/rest/v1/tasks?filter=%28code+%3D+%2732021%27%29&limit=1&fields=code%2Cp_tdi_estado_freshdesk%2C_internalId%2C_parentId%2Cname%2Cstatus HTTP/1.1" 200 407
2025-11-03 13:05:17 - SyncDeskManager - INFO - Ticket 32021 encontrado directamente
2025-11-03 13:05:17 - SyncDeskManager - DEBUG - Buscando ticket 32022 directamente en Clarity...
2025-11-03 13:05:17 - urllib3.connectionpool - DEBUG - https://pmservice.tdilatam.com:8043 "GET /ppm/rest/v1/tasks?filter=%28code+%3D+%2732022%27%29&limit=1&fields=code%2Cp_tdi_estado_freshdesk%2C_internalId%2C_parentId%2Cname%2Cstatus HTTP/1.1" 200 407
2025-11-03 13:05:17 - SyncDeskManager - INFO - Ticket 32022 encontrado directamente
2025-11-03 13:05:17 - SyncDeskManager - DEBUG - Buscando ticket 32025 directamente en Clarity...
2025-11-03 13:05:17 - urllib3.connectionpool - DEBUG - https://pmservice.tdilatam.com:8043 "GET /ppm/rest/v1/tasks?filter=%28code+%3D+%2732025%27%29&limit=1&fields=code%2Cp_tdi_estado_freshdesk%2C_internalId%2C_parentId%2Cname%2Cstatus HTTP/1.1" 200 406
2025-11-03 13:05:17 - SyncDeskManager - INFO - Ticket 32025 encontrado directamente
2025-11-03 13:05:17 - SyncDeskManager - DEBUG - Buscando ticket 32033 directamente en Clarity...
2025-11-03 13:05:18 - urllib3.connectionpool - DEBUG - https://pmservice.tdilatam.com:8043 "GET /ppm/rest/v1/tasks?filter=%28code+%3D+%2732033%27%29&limit=1&fields=code%2Cp_tdi_estado_freshdesk%2C_internalId%2C_parentId%2Cname%2Cstatus HTTP/1.1" 200 389
2025-11-03 13:05:18 - SyncDeskManager - INFO - Ticket 32033 encontrado directamente
2025-11-03 13:05:18 - SyncDeskManager - DEBUG - Buscando ticket 32035 directamente en Clarity...
2025-11-03 13:05:18 - urllib3.connectionpool - DEBUG - https://pmservice.tdilatam.com:8043 "GET /ppm/rest/v1/tasks?filter=%28code+%3D+%2732035%27%29&limit=1&fields=code%2Cp_tdi_estado_freshdesk%2C_internalId%2C_parentId%2Cname%2Cstatus HTTP/1.1" 200 407
2025-11-03 13:05:18 - SyncDeskManager - INFO - Ticket 32035 encontrado directamente
2025-11-03 13:05:18 - SyncDeskManager - DEBUG - Buscando ticket 32036 directamente en Clarity...
2025-11-03 13:05:18 - urllib3.connectionpool - DEBUG - https://pmservice.tdilatam.com:8043 "GET /ppm/rest/v1/tasks?filter=%28code+%3D+%2732036%27%29&limit=1&fields=code%2Cp_tdi_estado_freshdesk%2C_internalId%2C_parentId%2Cname%2Cstatus HTTP/1.1" 200 415
2025-11-03 13:05:18 - SyncDeskManager - INFO - Ticket 32036 encontrado directamente
2025-11-03 13:05:18 - SyncDeskManager - DEBUG - Buscando ticket 32041 directamente en Clarity...
2025-11-03 13:05:18 - urllib3.connectionpool - DEBUG - https://pmservice.tdilatam.com:8043 "GET /ppm/rest/v1/tasks?filter=%28code+%3D+%2732041%27%29&limit=1&fields=code%2Cp_tdi_estado_freshdesk%2C_internalId%2C_parentId%2Cname%2Cstatus HTTP/1.1" 200 417
2025-11-03 13:05:18 - SyncDeskManager - INFO - Ticket 32041 encontrado directamente
2025-11-03 13:05:18 - SyncDeskManager - DEBUG - Buscando ticket 32042 directamente en Clarity...
2025-11-03 13:05:18 - urllib3.connectionpool - DEBUG - https://pmservice.tdilatam.com:8043 "GET /ppm/rest/v1/tasks?filter=%28code+%3D+%2732042%27%29&limit=1&fields=code%2Cp_tdi_estado_freshdesk%2C_internalId%2C_parentId%2Cname%2Cstatus HTTP/1.1" 200 368
2025-11-03 13:05:18 - SyncDeskManager - INFO - Ticket 32042 encontrado directamente
2025-11-03 13:05:18 - SyncDeskManager - DEBUG - Buscando ticket 32043 directamente en Clarity...
2025-11-03 13:05:18 - urllib3.connectionpool - DEBUG - https://pmservice.tdilatam.com:8043 "GET /ppm/rest/v1/tasks?filter=%28code+%3D+%2732043%27%29&limit=1&fields=code%2Cp_tdi_estado_freshdesk%2C_internalId%2C_parentId%2Cname%2Cstatus HTTP/1.1" 200 387
2025-11-03 13:05:18 - SyncDeskManager - INFO - Ticket 32043 encontrado directamente
2025-11-03 13:05:18 - SyncDeskManager - DEBUG - Buscando ticket 32044 directamente en Clarity...
2025-11-03 13:05:18 - urllib3.connectionpool - DEBUG - https://pmservice.tdilatam.com:8043 "GET /ppm/rest/v1/tasks?filter=%28code+%3D+%2732044%27%29&limit=1&fields=code%2Cp_tdi_estado_freshdesk%2C_internalId%2C_parentId%2Cname%2Cstatus HTTP/1.1" 200 377
2025-11-03 13:05:18 - SyncDeskManager - INFO - Ticket 32044 encontrado directamente
2025-11-03 13:05:18 - SyncDeskManager - DEBUG - Buscando ticket 32067 directamente en Clarity...
2025-11-03 13:05:18 - urllib3.connectionpool - DEBUG - https://pmservice.tdilatam.com:8043 "GET /ppm/rest/v1/tasks?filter=%28code+%3D+%2732067%27%29&limit=1&fields=code%2Cp_tdi_estado_freshdesk%2C_internalId%2C_parentId%2Cname%2Cstatus HTTP/1.1" 200 414
2025-11-03 13:05:18 - SyncDeskManager - INFO - Ticket 32067 encontrado directamente
2025-11-03 13:05:18 - SyncDeskManager - DEBUG - Buscando ticket 32068 directamente en Clarity...
2025-11-03 13:05:18 - urllib3.connectionpool - DEBUG - https://pmservice.tdilatam.com:8043 "GET /ppm/rest/v1/tasks?filter=%28code+%3D+%2732068%27%29&limit=1&fields=code%2Cp_tdi_estado_freshdesk%2C_internalId%2C_parentId%2Cname%2Cstatus HTTP/1.1" 200 410
2025-11-03 13:05:18 - SyncDeskManager - INFO - Ticket 32068 encontrado directamente
2025-11-03 13:05:18 - SyncDeskManager - DEBUG - Buscando ticket 32075 directamente en Clarity...
2025-11-03 13:05:18 - urllib3.connectionpool - DEBUG - https://pmservice.tdilatam.com:8043 "GET /ppm/rest/v1/tasks?filter=%28code+%3D+%2732075%27%29&limit=1&fields=code%2Cp_tdi_estado_freshdesk%2C_internalId%2C_parentId%2Cname%2Cstatus HTTP/1.1" 200 372
2025-11-03 13:05:18 - SyncDeskManager - INFO - Ticket 32075 encontrado directamente
2025-11-03 13:05:18 - SyncDeskManager - DEBUG - Buscando ticket 32088 directamente en Clarity...
2025-11-03 13:05:18 - urllib3.connectionpool - DEBUG - https://pmservice.tdilatam.com:8043 "GET /ppm/rest/v1/tasks?filter=%28code+%3D+%2732088%27%29&limit=1&fields=code%2Cp_tdi_estado_freshdesk%2C_internalId%2C_parentId%2Cname%2Cstatus HTTP/1.1" 200 424
2025-11-03 13:05:18 - SyncDeskManager - INFO - Ticket 32088 encontrado directamente
2025-11-03 13:05:18 - SyncDeskManager - DEBUG - Buscando ticket 32097 directamente en Clarity...
2025-11-03 13:05:18 - urllib3.connectionpool - DEBUG - https://pmservice.tdilatam.com:8043 "GET /ppm/rest/v1/tasks?filter=%28code+%3D+%2732097%27%29&limit=1&fields=code%2Cp_tdi_estado_freshdesk%2C_internalId%2C_parentId%2Cname%2Cstatus HTTP/1.1" 200 403
2025-11-03 13:05:18 - SyncDeskManager - INFO - Ticket 32097 encontrado directamente
2025-11-03 13:05:18 - SyncDeskManager - DEBUG - Buscando ticket 32103 directamente en Clarity...
2025-11-03 13:05:18 - urllib3.connectionpool - DEBUG - https://pmservice.tdilatam.com:8043 "GET /ppm/rest/v1/tasks?filter=%28code+%3D+%2732103%27%29&limit=1&fields=code%2Cp_tdi_estado_freshdesk%2C_internalId%2C_parentId%2Cname%2Cstatus HTTP/1.1" 200 413
2025-11-03 13:05:18 - SyncDeskManager - INFO - Ticket 32103 encontrado directamente
2025-11-03 13:05:18 - SyncDeskManager - DEBUG - Buscando ticket 32110 directamente en Clarity...
2025-11-03 13:05:18 - urllib3.connectionpool - DEBUG - https://pmservice.tdilatam.com:8043 "GET /ppm/rest/v1/tasks?filter=%28code+%3D+%2732110%27%29&limit=1&fields=code%2Cp_tdi_estado_freshdesk%2C_internalId%2C_parentId%2Cname%2Cstatus HTTP/1.1" 200 387
2025-11-03 13:05:18 - SyncDeskManager - INFO - Ticket 32110 encontrado directamente
2025-11-03 13:05:18 - SyncDeskManager - DEBUG - Buscando ticket 32114 directamente en Clarity...
2025-11-03 13:05:18 - urllib3.connectionpool - DEBUG - https://pmservice.tdilatam.com:8043 "GET /ppm/rest/v1/tasks?filter=%28code+%3D+%2732114%27%29&limit=1&fields=code%2Cp_tdi_estado_freshdesk%2C_internalId%2C_parentId%2Cname%2Cstatus HTTP/1.1" 200 389
2025-11-03 13:05:18 - SyncDeskManager - INFO - Ticket 32114 encontrado directamente
2025-11-03 13:05:18 - SyncDeskManager - DEBUG - Buscando ticket 32115 directamente en Clarity...
2025-11-03 13:05:18 - urllib3.connectionpool - DEBUG - https://pmservice.tdilatam.com:8043 "GET /ppm/rest/v1/tasks?filter=%28code+%3D+%2732115%27%29&limit=1&fields=code%2Cp_tdi_estado_freshdesk%2C_internalId%2C_parentId%2Cname%2Cstatus HTTP/1.1" 200 404
2025-11-03 13:05:18 - SyncDeskManager - INFO - Ticket 32115 encontrado directamente
2025-11-03 13:05:18 - SyncDeskManager - DEBUG - Buscando ticket 32117 directamente en Clarity...
2025-11-03 13:05:19 - urllib3.connectionpool - DEBUG - https://pmservice.tdilatam.com:8043 "GET /ppm/rest/v1/tasks?filter=%28code+%3D+%2732117%27%29&limit=1&fields=code%2Cp_tdi_estado_freshdesk%2C_internalId%2C_parentId%2Cname%2Cstatus HTTP/1.1" 200 388
2025-11-03 13:05:19 - SyncDeskManager - INFO - Ticket 32117 encontrado directamente
2025-11-03 13:05:19 - SyncDeskManager - DEBUG - Buscando ticket 32118 directamente en Clarity...
2025-11-03 13:05:19 - urllib3.connectionpool - DEBUG - https://pmservice.tdilatam.com:8043 "GET /ppm/rest/v1/tasks?filter=%28code+%3D+%2732118%27%29&limit=1&fields=code%2Cp_tdi_estado_freshdesk%2C_internalId%2C_parentId%2Cname%2Cstatus HTTP/1.1" 200 408
2025-11-03 13:05:19 - SyncDeskManager - INFO - Ticket 32118 encontrado directamente
2025-11-03 13:05:19 - SyncDeskManager - DEBUG - Buscando ticket 32120 directamente en Clarity...
2025-11-03 13:05:19 - urllib3.connectionpool - DEBUG - https://pmservice.tdilatam.com:8043 "GET /ppm/rest/v1/tasks?filter=%28code+%3D+%2732120%27%29&limit=1&fields=code%2Cp_tdi_estado_freshdesk%2C_internalId%2C_parentId%2Cname%2Cstatus HTTP/1.1" 200 407
2025-11-03 13:05:19 - SyncDeskManager - INFO - Ticket 32120 encontrado directamente
2025-11-03 13:05:19 - SyncDeskManager - DEBUG - Buscando ticket 32121 directamente en Clarity...
2025-11-03 13:05:19 - urllib3.connectionpool - DEBUG - https://pmservice.tdilatam.com:8043 "GET /ppm/rest/v1/tasks?filter=%28code+%3D+%2732121%27%29&limit=1&fields=code%2Cp_tdi_estado_freshdesk%2C_internalId%2C_parentId%2Cname%2Cstatus HTTP/1.1" 200 385
2025-11-03 13:05:19 - SyncDeskManager - INFO - Ticket 32121 encontrado directamente
2025-11-03 13:05:19 - SyncDeskManager - DEBUG - Buscando ticket 32122 directamente en Clarity...
2025-11-03 13:05:19 - urllib3.connectionpool - DEBUG - https://pmservice.tdilatam.com:8043 "GET /ppm/rest/v1/tasks?filter=%28code+%3D+%2732122%27%29&limit=1&fields=code%2Cp_tdi_estado_freshdesk%2C_internalId%2C_parentId%2Cname%2Cstatus HTTP/1.1" 200 424
2025-11-03 13:05:19 - SyncDeskManager - INFO - Ticket 32122 encontrado directamente
2025-11-03 13:05:19 - SyncDeskManager - DEBUG - Buscando ticket 32123 directamente en Clarity...
2025-11-03 13:05:19 - urllib3.connectionpool - DEBUG - https://pmservice.tdilatam.com:8043 "GET /ppm/rest/v1/tasks?filter=%28code+%3D+%2732123%27%29&limit=1&fields=code%2Cp_tdi_estado_freshdesk%2C_internalId%2C_parentId%2Cname%2Cstatus HTTP/1.1" 200 394
2025-11-03 13:05:19 - SyncDeskManager - INFO - Ticket 32123 encontrado directamente
2025-11-03 13:05:19 - SyncDeskManager - DEBUG - Buscando ticket 32125 directamente en Clarity...
2025-11-03 13:05:19 - urllib3.connectionpool - DEBUG - https://pmservice.tdilatam.com:8043 "GET /ppm/rest/v1/tasks?filter=%28code+%3D+%2732125%27%29&limit=1&fields=code%2Cp_tdi_estado_freshdesk%2C_internalId%2C_parentId%2Cname%2Cstatus HTTP/1.1" 200 398
2025-11-03 13:05:19 - SyncDeskManager - INFO - Ticket 32125 encontrado directamente
2025-11-03 13:05:19 - SyncDeskManager - DEBUG - Buscando ticket 32126 directamente en Clarity...
2025-11-03 13:05:19 - urllib3.connectionpool - DEBUG - https://pmservice.tdilatam.com:8043 "GET /ppm/rest/v1/tasks?filter=%28code+%3D+%2732126%27%29&limit=1&fields=code%2Cp_tdi_estado_freshdesk%2C_internalId%2C_parentId%2Cname%2Cstatus HTTP/1.1" 200 389
2025-11-03 13:05:19 - SyncDeskManager - INFO - Ticket 32126 encontrado directamente
2025-11-03 13:05:19 - SyncDeskManager - DEBUG - Buscando ticket 32128 directamente en Clarity...
2025-11-03 13:05:19 - urllib3.connectionpool - DEBUG - https://pmservice.tdilatam.com:8043 "GET /ppm/rest/v1/tasks?filter=%28code+%3D+%2732128%27%29&limit=1&fields=code%2Cp_tdi_estado_freshdesk%2C_internalId%2C_parentId%2Cname%2Cstatus HTTP/1.1" 200 397
2025-11-03 13:05:19 - SyncDeskManager - INFO - Ticket 32128 encontrado directamente
2025-11-03 13:05:19 - SyncDeskManager - DEBUG - Buscando ticket 32129 directamente en Clarity...
2025-11-03 13:05:19 - urllib3.connectionpool - DEBUG - https://pmservice.tdilatam.com:8043 "GET /ppm/rest/v1/tasks?filter=%28code+%3D+%2732129%27%29&limit=1&fields=code%2Cp_tdi_estado_freshdesk%2C_internalId%2C_parentId%2Cname%2Cstatus HTTP/1.1" 200 394
2025-11-03 13:05:19 - SyncDeskManager - INFO - Ticket 32129 encontrado directamente
2025-11-03 13:05:19 - SyncDeskManager - DEBUG - Buscando ticket 32130 directamente en Clarity...
2025-11-03 13:05:19 - urllib3.connectionpool - DEBUG - https://pmservice.tdilatam.com:8043 "GET /ppm/rest/v1/tasks?filter=%28code+%3D+%2732130%27%29&limit=1&fields=code%2Cp_tdi_estado_freshdesk%2C_internalId%2C_parentId%2Cname%2Cstatus HTTP/1.1" 200 396
2025-11-03 13:05:19 - SyncDeskManager - INFO - Ticket 32130 encontrado directamente
2025-11-03 13:05:19 - SyncDeskManager - DEBUG - Buscando ticket 32144 directamente en Clarity...
2025-11-03 13:05:19 - urllib3.connectionpool - DEBUG - https://pmservice.tdilatam.com:8043 "GET /ppm/rest/v1/tasks?filter=%28code+%3D+%2732144%27%29&limit=1&fields=code%2Cp_tdi_estado_freshdesk%2C_internalId%2C_parentId%2Cname%2Cstatus HTTP/1.1" 200 433
2025-11-03 13:05:19 - SyncDeskManager - INFO - Ticket 32144 encontrado directamente
2025-11-03 13:05:19 - SyncDeskManager - DEBUG - Buscando ticket 32155 directamente en Clarity...
2025-11-03 13:05:19 - urllib3.connectionpool - DEBUG - https://pmservice.tdilatam.com:8043 "GET /ppm/rest/v1/tasks?filter=%28code+%3D+%2732155%27%29&limit=1&fields=code%2Cp_tdi_estado_freshdesk%2C_internalId%2C_parentId%2Cname%2Cstatus HTTP/1.1" 200 406
2025-11-03 13:05:19 - SyncDeskManager - INFO - Ticket 32155 encontrado directamente
2025-11-03 13:05:19 - SyncDeskManager - DEBUG - Buscando ticket 32157 directamente en Clarity...
2025-11-03 13:05:19 - urllib3.connectionpool - DEBUG - https://pmservice.tdilatam.com:8043 "GET /ppm/rest/v1/tasks?filter=%28code+%3D+%2732157%27%29&limit=1&fields=code%2Cp_tdi_estado_freshdesk%2C_internalId%2C_parentId%2Cname%2Cstatus HTTP/1.1" 200 387
2025-11-03 13:05:19 - SyncDeskManager - INFO - Ticket 32157 encontrado directamente
2025-11-03 13:05:19 - SyncDeskManager - DEBUG - Buscando ticket 32158 directamente en Clarity...
2025-11-03 13:05:19 - urllib3.connectionpool - DEBUG - https://pmservice.tdilatam.com:8043 "GET /ppm/rest/v1/tasks?filter=%28code+%3D+%2732158%27%29&limit=1&fields=code%2Cp_tdi_estado_freshdesk%2C_internalId%2C_parentId%2Cname%2Cstatus HTTP/1.1" 200 378
2025-11-03 13:05:19 - SyncDeskManager - INFO - Ticket 32158 encontrado directamente
2025-11-03 13:05:19 - SyncDeskManager - DEBUG - Buscando ticket 32159 directamente en Clarity...
2025-11-03 13:05:19 - urllib3.connectionpool - DEBUG - https://pmservice.tdilatam.com:8043 "GET /ppm/rest/v1/tasks?filter=%28code+%3D+%2732159%27%29&limit=1&fields=code%2Cp_tdi_estado_freshdesk%2C_internalId%2C_parentId%2Cname%2Cstatus HTTP/1.1" 200 406
2025-11-03 13:05:19 - SyncDeskManager - INFO - Ticket 32159 encontrado directamente
2025-11-03 13:05:19 - SyncDeskManager - DEBUG - Buscando ticket 32160 directamente en Clarity...
2025-11-03 13:05:19 - urllib3.connectionpool - DEBUG - https://pmservice.tdilatam.com:8043 "GET /ppm/rest/v1/tasks?filter=%28code+%3D+%2732160%27%29&limit=1&fields=code%2Cp_tdi_estado_freshdesk%2C_internalId%2C_parentId%2Cname%2Cstatus HTTP/1.1" 200 411
2025-11-03 13:05:19 - SyncDeskManager - INFO - Ticket 32160 encontrado directamente
2025-11-03 13:05:19 - SyncDeskManager - DEBUG - Buscando ticket 32161 directamente en Clarity...
2025-11-03 13:05:19 - urllib3.connectionpool - DEBUG - https://pmservice.tdilatam.com:8043 "GET /ppm/rest/v1/tasks?filter=%28code+%3D+%2732161%27%29&limit=1&fields=code%2Cp_tdi_estado_freshdesk%2C_internalId%2C_parentId%2Cname%2Cstatus HTTP/1.1" 200 408
2025-11-03 13:05:19 - SyncDeskManager - INFO - Ticket 32161 encontrado directamente
2025-11-03 13:05:19 - SyncDeskManager - DEBUG - Buscando ticket 32162 directamente en Clarity...
2025-11-03 13:05:20 - urllib3.connectionpool - DEBUG - https://pmservice.tdilatam.com:8043 "GET /ppm/rest/v1/tasks?filter=%28code+%3D+%2732162%27%29&limit=1&fields=code%2Cp_tdi_estado_freshdesk%2C_internalId%2C_parentId%2Cname%2Cstatus HTTP/1.1" 200 398
2025-11-03 13:05:20 - SyncDeskManager - INFO - Ticket 32162 encontrado directamente
2025-11-03 13:05:20 - SyncDeskManager - DEBUG - Buscando ticket 32173 directamente en Clarity...
2025-11-03 13:05:20 - urllib3.connectionpool - DEBUG - https://pmservice.tdilatam.com:8043 "GET /ppm/rest/v1/tasks?filter=%28code+%3D+%2732173%27%29&limit=1&fields=code%2Cp_tdi_estado_freshdesk%2C_internalId%2C_parentId%2Cname%2Cstatus HTTP/1.1" 200 409
2025-11-03 13:05:20 - SyncDeskManager - INFO - Ticket 32173 encontrado directamente
2025-11-03 13:05:20 - SyncDeskManager - DEBUG - Buscando ticket 32174 directamente en Clarity...
2025-11-03 13:05:20 - urllib3.connectionpool - DEBUG - https://pmservice.tdilatam.com:8043 "GET /ppm/rest/v1/tasks?filter=%28code+%3D+%2732174%27%29&limit=1&fields=code%2Cp_tdi_estado_freshdesk%2C_internalId%2C_parentId%2Cname%2Cstatus HTTP/1.1" 200 394
2025-11-03 13:05:20 - SyncDeskManager - INFO - Ticket 32174 encontrado directamente
2025-11-03 13:05:20 - SyncDeskManager - DEBUG - Buscando ticket 32177 directamente en Clarity...
2025-11-03 13:05:20 - urllib3.connectionpool - DEBUG - https://pmservice.tdilatam.com:8043 "GET /ppm/rest/v1/tasks?filter=%28code+%3D+%2732177%27%29&limit=1&fields=code%2Cp_tdi_estado_freshdesk%2C_internalId%2C_parentId%2Cname%2Cstatus HTTP/1.1" 200 395
2025-11-03 13:05:20 - SyncDeskManager - INFO - Ticket 32177 encontrado directamente
2025-11-03 13:05:20 - SyncDeskManager - DEBUG - Buscando ticket 32179 directamente en Clarity...
2025-11-03 13:05:20 - urllib3.connectionpool - DEBUG - https://pmservice.tdilatam.com:8043 "GET /ppm/rest/v1/tasks?filter=%28code+%3D+%2732179%27%29&limit=1&fields=code%2Cp_tdi_estado_freshdesk%2C_internalId%2C_parentId%2Cname%2Cstatus HTTP/1.1" 200 403
2025-11-03 13:05:20 - SyncDeskManager - INFO - Ticket 32179 encontrado directamente
2025-11-03 13:05:20 - SyncDeskManager - DEBUG - Buscando ticket 32183 directamente en Clarity...
2025-11-03 13:05:20 - urllib3.connectionpool - DEBUG - https://pmservice.tdilatam.com:8043 "GET /ppm/rest/v1/tasks?filter=%28code+%3D+%2732183%27%29&limit=1&fields=code%2Cp_tdi_estado_freshdesk%2C_internalId%2C_parentId%2Cname%2Cstatus HTTP/1.1" 200 407
2025-11-03 13:05:20 - SyncDeskManager - INFO - Ticket 32183 encontrado directamente
2025-11-03 13:05:20 - SyncDeskManager - DEBUG - Buscando ticket 32184 directamente en Clarity...
2025-11-03 13:05:20 - urllib3.connectionpool - DEBUG - https://pmservice.tdilatam.com:8043 "GET /ppm/rest/v1/tasks?filter=%28code+%3D+%2732184%27%29&limit=1&fields=code%2Cp_tdi_estado_freshdesk%2C_internalId%2C_parentId%2Cname%2Cstatus HTTP/1.1" 200 392
2025-11-03 13:05:20 - SyncDeskManager - INFO - Ticket 32184 encontrado directamente
2025-11-03 13:05:20 - SyncDeskManager - DEBUG - Buscando ticket 32188 directamente en Clarity...
2025-11-03 13:05:20 - urllib3.connectionpool - DEBUG - https://pmservice.tdilatam.com:8043 "GET /ppm/rest/v1/tasks?filter=%28code+%3D+%2732188%27%29&limit=1&fields=code%2Cp_tdi_estado_freshdesk%2C_internalId%2C_parentId%2Cname%2Cstatus HTTP/1.1" 200 400
2025-11-03 13:05:20 - SyncDeskManager - INFO - Ticket 32188 encontrado directamente
2025-11-03 13:05:20 - SyncDeskManager - DEBUG - Buscando ticket 32192 directamente en Clarity...
2025-11-03 13:05:20 - urllib3.connectionpool - DEBUG - https://pmservice.tdilatam.com:8043 "GET /ppm/rest/v1/tasks?filter=%28code+%3D+%2732192%27%29&limit=1&fields=code%2Cp_tdi_estado_freshdesk%2C_internalId%2C_parentId%2Cname%2Cstatus HTTP/1.1" 200 425
2025-11-03 13:05:20 - SyncDeskManager - INFO - Ticket 32192 encontrado directamente
2025-11-03 13:05:20 - SyncDeskManager - DEBUG - Buscando ticket 32193 directamente en Clarity...
2025-11-03 13:05:20 - urllib3.connectionpool - DEBUG - https://pmservice.tdilatam.com:8043 "GET /ppm/rest/v1/tasks?filter=%28code+%3D+%2732193%27%29&limit=1&fields=code%2Cp_tdi_estado_freshdesk%2C_internalId%2C_parentId%2Cname%2Cstatus HTTP/1.1" 200 395
2025-11-03 13:05:20 - SyncDeskManager - INFO - Ticket 32193 encontrado directamente
2025-11-03 13:05:20 - SyncDeskManager - DEBUG - Buscando ticket 32204 directamente en Clarity...
2025-11-03 13:05:20 - urllib3.connectionpool - DEBUG - https://pmservice.tdilatam.com:8043 "GET /ppm/rest/v1/tasks?filter=%28code+%3D+%2732204%27%29&limit=1&fields=code%2Cp_tdi_estado_freshdesk%2C_internalId%2C_parentId%2Cname%2Cstatus HTTP/1.1" 200 422
2025-11-03 13:05:20 - SyncDeskManager - INFO - Ticket 32204 encontrado directamente
2025-11-03 13:05:20 - SyncDeskManager - DEBUG - Buscando ticket 32213 directamente en Clarity...
2025-11-03 13:05:20 - urllib3.connectionpool - DEBUG - https://pmservice.tdilatam.com:8043 "GET /ppm/rest/v1/tasks?filter=%28code+%3D+%2732213%27%29&limit=1&fields=code%2Cp_tdi_estado_freshdesk%2C_internalId%2C_parentId%2Cname%2Cstatus HTTP/1.1" 200 394
2025-11-03 13:05:20 - SyncDeskManager - INFO - Ticket 32213 encontrado directamente
2025-11-03 13:05:20 - SyncDeskManager - DEBUG - Buscando ticket 32214 directamente en Clarity...
2025-11-03 13:05:20 - urllib3.connectionpool - DEBUG - https://pmservice.tdilatam.com:8043 "GET /ppm/rest/v1/tasks?filter=%28code+%3D+%2732214%27%29&limit=1&fields=code%2Cp_tdi_estado_freshdesk%2C_internalId%2C_parentId%2Cname%2Cstatus HTTP/1.1" 200 451
2025-11-03 13:05:20 - SyncDeskManager - INFO - Ticket 32214 encontrado directamente
2025-11-03 13:05:20 - SyncDeskManager - DEBUG - Buscando ticket 32215 directamente en Clarity...
2025-11-03 13:05:20 - urllib3.connectionpool - DEBUG - https://pmservice.tdilatam.com:8043 "GET /ppm/rest/v1/tasks?filter=%28code+%3D+%2732215%27%29&limit=1&fields=code%2Cp_tdi_estado_freshdesk%2C_internalId%2C_parentId%2Cname%2Cstatus HTTP/1.1" 200 444
2025-11-03 13:05:20 - SyncDeskManager - INFO - Ticket 32215 encontrado directamente
2025-11-03 13:05:20 - SyncDeskManager - DEBUG - Buscando ticket 32216 directamente en Clarity...
2025-11-03 13:05:21 - urllib3.connectionpool - DEBUG - https://pmservice.tdilatam.com:8043 "GET /ppm/rest/v1/tasks?filter=%28code+%3D+%2732216%27%29&limit=1&fields=code%2Cp_tdi_estado_freshdesk%2C_internalId%2C_parentId%2Cname%2Cstatus HTTP/1.1" 200 435
2025-11-03 13:05:21 - SyncDeskManager - INFO - Ticket 32216 encontrado directamente
2025-11-03 13:05:21 - SyncDeskManager - DEBUG - Buscando ticket 32217 directamente en Clarity...
2025-11-03 13:05:21 - urllib3.connectionpool - DEBUG - https://pmservice.tdilatam.com:8043 "GET /ppm/rest/v1/tasks?filter=%28code+%3D+%2732217%27%29&limit=1&fields=code%2Cp_tdi_estado_freshdesk%2C_internalId%2C_parentId%2Cname%2Cstatus HTTP/1.1" 200 440
2025-11-03 13:05:21 - SyncDeskManager - INFO - Ticket 32217 encontrado directamente
2025-11-03 13:05:21 - SyncDeskManager - DEBUG - Buscando ticket 32220 directamente en Clarity...
2025-11-03 13:05:21 - urllib3.connectionpool - DEBUG - https://pmservice.tdilatam.com:8043 "GET /ppm/rest/v1/tasks?filter=%28code+%3D+%2732220%27%29&limit=1&fields=code%2Cp_tdi_estado_freshdesk%2C_internalId%2C_parentId%2Cname%2Cstatus HTTP/1.1" 200 385
2025-11-03 13:05:21 - SyncDeskManager - INFO - Ticket 32220 encontrado directamente
2025-11-03 13:05:21 - SyncDeskManager - DEBUG - Buscando ticket 32221 directamente en Clarity...
2025-11-03 13:05:21 - urllib3.connectionpool - DEBUG - https://pmservice.tdilatam.com:8043 "GET /ppm/rest/v1/tasks?filter=%28code+%3D+%2732221%27%29&limit=1&fields=code%2Cp_tdi_estado_freshdesk%2C_internalId%2C_parentId%2Cname%2Cstatus HTTP/1.1" 200 424
2025-11-03 13:05:21 - SyncDeskManager - INFO - Ticket 32221 encontrado directamente
2025-11-03 13:05:21 - SyncDeskManager - DEBUG - Buscando ticket 32223 directamente en Clarity...
2025-11-03 13:05:21 - urllib3.connectionpool - DEBUG - https://pmservice.tdilatam.com:8043 "GET /ppm/rest/v1/tasks?filter=%28code+%3D+%2732223%27%29&limit=1&fields=code%2Cp_tdi_estado_freshdesk%2C_internalId%2C_parentId%2Cname%2Cstatus HTTP/1.1" 200 441
2025-11-03 13:05:21 - SyncDeskManager - INFO - Ticket 32223 encontrado directamente
2025-11-03 13:05:21 - SyncDeskManager - DEBUG - Buscando ticket 32224 directamente en Clarity...
2025-11-03 13:05:21 - urllib3.connectionpool - DEBUG - https://pmservice.tdilatam.com:8043 "GET /ppm/rest/v1/tasks?filter=%28code+%3D+%2732224%27%29&limit=1&fields=code%2Cp_tdi_estado_freshdesk%2C_internalId%2C_parentId%2Cname%2Cstatus HTTP/1.1" 200 434
2025-11-03 13:05:21 - SyncDeskManager - INFO - Ticket 32224 encontrado directamente
2025-11-03 13:05:21 - SyncDeskManager - DEBUG - Buscando ticket 32225 directamente en Clarity...
2025-11-03 13:05:21 - urllib3.connectionpool - DEBUG - https://pmservice.tdilatam.com:8043 "GET /ppm/rest/v1/tasks?filter=%28code+%3D+%2732225%27%29&limit=1&fields=code%2Cp_tdi_estado_freshdesk%2C_internalId%2C_parentId%2Cname%2Cstatus HTTP/1.1" 200 433
2025-11-03 13:05:21 - SyncDeskManager - INFO - Ticket 32225 encontrado directamente
2025-11-03 13:05:21 - SyncDeskManager - DEBUG - Buscando ticket 32226 directamente en Clarity...
2025-11-03 13:05:21 - urllib3.connectionpool - DEBUG - https://pmservice.tdilatam.com:8043 "GET /ppm/rest/v1/tasks?filter=%28code+%3D+%2732226%27%29&limit=1&fields=code%2Cp_tdi_estado_freshdesk%2C_internalId%2C_parentId%2Cname%2Cstatus HTTP/1.1" 200 462
2025-11-03 13:05:21 - SyncDeskManager - INFO - Ticket 32226 encontrado directamente
2025-11-03 13:05:21 - SyncDeskManager - DEBUG - Buscando ticket 32227 directamente en Clarity...
2025-11-03 13:05:21 - urllib3.connectionpool - DEBUG - https://pmservice.tdilatam.com:8043 "GET /ppm/rest/v1/tasks?filter=%28code+%3D+%2732227%27%29&limit=1&fields=code%2Cp_tdi_estado_freshdesk%2C_internalId%2C_parentId%2Cname%2Cstatus HTTP/1.1" 200 418
2025-11-03 13:05:21 - SyncDeskManager - INFO - Ticket 32227 encontrado directamente
2025-11-03 13:05:21 - SyncDeskManager - DEBUG - Buscando ticket 32230 directamente en Clarity...
2025-11-03 13:05:21 - urllib3.connectionpool - DEBUG - https://pmservice.tdilatam.com:8043 "GET /ppm/rest/v1/tasks?filter=%28code+%3D+%2732230%27%29&limit=1&fields=code%2Cp_tdi_estado_freshdesk%2C_internalId%2C_parentId%2Cname%2Cstatus HTTP/1.1" 200 419
2025-11-03 13:05:21 - SyncDeskManager - INFO - Ticket 32230 encontrado directamente
2025-11-03 13:05:21 - SyncDeskManager - DEBUG - Buscando ticket 32233 directamente en Clarity...
2025-11-03 13:05:21 - urllib3.connectionpool - DEBUG - https://pmservice.tdilatam.com:8043 "GET /ppm/rest/v1/tasks?filter=%28code+%3D+%2732233%27%29&limit=1&fields=code%2Cp_tdi_estado_freshdesk%2C_internalId%2C_parentId%2Cname%2Cstatus HTTP/1.1" 200 411
2025-11-03 13:05:21 - SyncDeskManager - INFO - Ticket 32233 encontrado directamente
2025-11-03 13:05:21 - SyncDeskManager - DEBUG - Buscando ticket 32238 directamente en Clarity...
2025-11-03 13:05:21 - urllib3.connectionpool - DEBUG - https://pmservice.tdilatam.com:8043 "GET /ppm/rest/v1/tasks?filter=%28code+%3D+%2732238%27%29&limit=1&fields=code%2Cp_tdi_estado_freshdesk%2C_internalId%2C_parentId%2Cname%2Cstatus HTTP/1.1" 200 380
2025-11-03 13:05:21 - SyncDeskManager - INFO - Ticket 32238 encontrado directamente
2025-11-03 13:05:21 - SyncDeskManager - DEBUG - Buscando ticket 32239 directamente en Clarity...
2025-11-03 13:05:21 - urllib3.connectionpool - DEBUG - https://pmservice.tdilatam.com:8043 "GET /ppm/rest/v1/tasks?filter=%28code+%3D+%2732239%27%29&limit=1&fields=code%2Cp_tdi_estado_freshdesk%2C_internalId%2C_parentId%2Cname%2Cstatus HTTP/1.1" 200 394
2025-11-03 13:05:21 - SyncDeskManager - INFO - Ticket 32239 encontrado directamente
2025-11-03 13:05:21 - SyncDeskManager - DEBUG - Buscando ticket 32240 directamente en Clarity...
2025-11-03 13:05:21 - urllib3.connectionpool - DEBUG - https://pmservice.tdilatam.com:8043 "GET /ppm/rest/v1/tasks?filter=%28code+%3D+%2732240%27%29&limit=1&fields=code%2Cp_tdi_estado_freshdesk%2C_internalId%2C_parentId%2Cname%2Cstatus HTTP/1.1" 200 395
2025-11-03 13:05:21 - SyncDeskManager - INFO - Ticket 32240 encontrado directamente
2025-11-03 13:05:21 - SyncDeskManager - DEBUG - Buscando ticket 32241 directamente en Clarity...
2025-11-03 13:05:21 - urllib3.connectionpool - DEBUG - https://pmservice.tdilatam.com:8043 "GET /ppm/rest/v1/tasks?filter=%28code+%3D+%2732241%27%29&limit=1&fields=code%2Cp_tdi_estado_freshdesk%2C_internalId%2C_parentId%2Cname%2Cstatus HTTP/1.1" 200 394
2025-11-03 13:05:21 - SyncDeskManager - INFO - Ticket 32241 encontrado directamente
2025-11-03 13:05:21 - SyncDeskManager - DEBUG - Buscando ticket 32242 directamente en Clarity...
2025-11-03 13:05:21 - urllib3.connectionpool - DEBUG - https://pmservice.tdilatam.com:8043 "GET /ppm/rest/v1/tasks?filter=%28code+%3D+%2732242%27%29&limit=1&fields=code%2Cp_tdi_estado_freshdesk%2C_internalId%2C_parentId%2Cname%2Cstatus HTTP/1.1" 200 368
2025-11-03 13:05:21 - SyncDeskManager - INFO - Ticket 32242 encontrado directamente
2025-11-03 13:05:21 - SyncDeskManager - DEBUG - Buscando ticket 32243 directamente en Clarity...
2025-11-03 13:05:22 - urllib3.connectionpool - DEBUG - https://pmservice.tdilatam.com:8043 "GET /ppm/rest/v1/tasks?filter=%28code+%3D+%2732243%27%29&limit=1&fields=code%2Cp_tdi_estado_freshdesk%2C_internalId%2C_parentId%2Cname%2Cstatus HTTP/1.1" 200 422
2025-11-03 13:05:22 - SyncDeskManager - INFO - Ticket 32243 encontrado directamente
2025-11-03 13:05:22 - SyncDeskManager - DEBUG - Buscando ticket 32244 directamente en Clarity...
2025-11-03 13:05:22 - urllib3.connectionpool - DEBUG - https://pmservice.tdilatam.com:8043 "GET /ppm/rest/v1/tasks?filter=%28code+%3D+%2732244%27%29&limit=1&fields=code%2Cp_tdi_estado_freshdesk%2C_internalId%2C_parentId%2Cname%2Cstatus HTTP/1.1" 200 377
2025-11-03 13:05:22 - SyncDeskManager - INFO - Ticket 32244 encontrado directamente
2025-11-03 13:05:22 - SyncDeskManager - DEBUG - Buscando ticket 32245 directamente en Clarity...
2025-11-03 13:05:22 - urllib3.connectionpool - DEBUG - https://pmservice.tdilatam.com:8043 "GET /ppm/rest/v1/tasks?filter=%28code+%3D+%2732245%27%29&limit=1&fields=code%2Cp_tdi_estado_freshdesk%2C_internalId%2C_parentId%2Cname%2Cstatus HTTP/1.1" 200 406
2025-11-03 13:05:22 - SyncDeskManager - INFO - Ticket 32245 encontrado directamente
2025-11-03 13:05:22 - SyncDeskManager - DEBUG - Buscando ticket 32246 directamente en Clarity...
2025-11-03 13:05:22 - urllib3.connectionpool - DEBUG - https://pmservice.tdilatam.com:8043 "GET /ppm/rest/v1/tasks?filter=%28code+%3D+%2732246%27%29&limit=1&fields=code%2Cp_tdi_estado_freshdesk%2C_internalId%2C_parentId%2Cname%2Cstatus HTTP/1.1" 200 403
2025-11-03 13:05:22 - SyncDeskManager - INFO - Ticket 32246 encontrado directamente
2025-11-03 13:05:22 - SyncDeskManager - DEBUG - Buscando ticket 32248 directamente en Clarity...
2025-11-03 13:05:22 - urllib3.connectionpool - DEBUG - https://pmservice.tdilatam.com:8043 "GET /ppm/rest/v1/tasks?filter=%28code+%3D+%2732248%27%29&limit=1&fields=code%2Cp_tdi_estado_freshdesk%2C_internalId%2C_parentId%2Cname%2Cstatus HTTP/1.1" 200 388
2025-11-03 13:05:22 - SyncDeskManager - INFO - Ticket 32248 encontrado directamente
2025-11-03 13:05:22 - SyncDeskManager - DEBUG - Buscando ticket 32251 directamente en Clarity...
2025-11-03 13:05:22 - urllib3.connectionpool - DEBUG - https://pmservice.tdilatam.com:8043 "GET /ppm/rest/v1/tasks?filter=%28code+%3D+%2732251%27%29&limit=1&fields=code%2Cp_tdi_estado_freshdesk%2C_internalId%2C_parentId%2Cname%2Cstatus HTTP/1.1" 200 406
2025-11-03 13:05:22 - SyncDeskManager - INFO - Ticket 32251 encontrado directamente
2025-11-03 13:05:22 - SyncDeskManager - DEBUG - Buscando ticket 32252 directamente en Clarity...
2025-11-03 13:05:22 - urllib3.connectionpool - DEBUG - https://pmservice.tdilatam.com:8043 "GET /ppm/rest/v1/tasks?filter=%28code+%3D+%2732252%27%29&limit=1&fields=code%2Cp_tdi_estado_freshdesk%2C_internalId%2C_parentId%2Cname%2Cstatus HTTP/1.1" 200 379
2025-11-03 13:05:22 - SyncDeskManager - INFO - Ticket 32252 encontrado directamente
2025-11-03 13:05:22 - SyncDeskManager - DEBUG - Buscando ticket 32254 directamente en Clarity...
2025-11-03 13:05:22 - urllib3.connectionpool - DEBUG - https://pmservice.tdilatam.com:8043 "GET /ppm/rest/v1/tasks?filter=%28code+%3D+%2732254%27%29&limit=1&fields=code%2Cp_tdi_estado_freshdesk%2C_internalId%2C_parentId%2Cname%2Cstatus HTTP/1.1" 200 419
2025-11-03 13:05:22 - SyncDeskManager - INFO - Ticket 32254 encontrado directamente
2025-11-03 13:05:22 - SyncDeskManager - DEBUG - Buscando ticket 32255 directamente en Clarity...
2025-11-03 13:05:22 - urllib3.connectionpool - DEBUG - https://pmservice.tdilatam.com:8043 "GET /ppm/rest/v1/tasks?filter=%28code+%3D+%2732255%27%29&limit=1&fields=code%2Cp_tdi_estado_freshdesk%2C_internalId%2C_parentId%2Cname%2Cstatus HTTP/1.1" 200 434
2025-11-03 13:05:22 - SyncDeskManager - INFO - Ticket 32255 encontrado directamente
2025-11-03 13:05:22 - SyncDeskManager - DEBUG - Buscando ticket 32782 directamente en Clarity...
2025-11-03 13:05:22 - urllib3.connectionpool - DEBUG - https://pmservice.tdilatam.com:8043 "GET /ppm/rest/v1/tasks?filter=%28code+%3D+%2732782%27%29&limit=1&fields=code%2Cp_tdi_estado_freshdesk%2C_internalId%2C_parentId%2Cname%2Cstatus HTTP/1.1" 200 392
2025-11-03 13:05:22 - SyncDeskManager - INFO - Ticket 32782 encontrado directamente
2025-11-03 13:05:22 - SyncDeskManager - DEBUG - Buscando ticket 32914 directamente en Clarity...
2025-11-03 13:05:22 - urllib3.connectionpool - DEBUG - https://pmservice.tdilatam.com:8043 "GET /ppm/rest/v1/tasks?filter=%28code+%3D+%2732914%27%29&limit=1&fields=code%2Cp_tdi_estado_freshdesk%2C_internalId%2C_parentId%2Cname%2Cstatus HTTP/1.1" 200 419
2025-11-03 13:05:22 - SyncDeskManager - INFO - Ticket 32914 encontrado directamente
2025-11-03 13:05:22 - SyncDeskManager - DEBUG - Buscando ticket 33082 directamente en Clarity...
2025-11-03 13:05:22 - urllib3.connectionpool - DEBUG - https://pmservice.tdilatam.com:8043 "GET /ppm/rest/v1/tasks?filter=%28code+%3D+%2733082%27%29&limit=1&fields=code%2Cp_tdi_estado_freshdesk%2C_internalId%2C_parentId%2Cname%2Cstatus HTTP/1.1" 200 397
2025-11-03 13:05:22 - SyncDeskManager - INFO - Ticket 33082 encontrado directamente
2025-11-03 13:05:22 - SyncDeskManager - DEBUG - Buscando ticket 33572 directamente en Clarity...
2025-11-03 13:05:22 - urllib3.connectionpool - DEBUG - https://pmservice.tdilatam.com:8043 "GET /ppm/rest/v1/tasks?filter=%28code+%3D+%2733572%27%29&limit=1&fields=code%2Cp_tdi_estado_freshdesk%2C_internalId%2C_parentId%2Cname%2Cstatus HTTP/1.1" 200 395
2025-11-03 13:05:22 - SyncDeskManager - INFO - Ticket 33572 encontrado directamente
2025-11-03 13:05:22 - SyncDeskManager - DEBUG - Buscando ticket 33581 directamente en Clarity...
2025-11-03 13:05:22 - urllib3.connectionpool - DEBUG - https://pmservice.tdilatam.com:8043 "GET /ppm/rest/v1/tasks?filter=%28code+%3D+%2733581%27%29&limit=1&fields=code%2Cp_tdi_estado_freshdesk%2C_internalId%2C_parentId%2Cname%2Cstatus HTTP/1.1" 200 397
2025-11-03 13:05:22 - SyncDeskManager - INFO - Ticket 33581 encontrado directamente
2025-11-03 13:05:22 - SyncDeskManager - DEBUG - Buscando ticket 33583 directamente en Clarity...
2025-11-03 13:05:22 - urllib3.connectionpool - DEBUG - https://pmservice.tdilatam.com:8043 "GET /ppm/rest/v1/tasks?filter=%28code+%3D+%2733583%27%29&limit=1&fields=code%2Cp_tdi_estado_freshdesk%2C_internalId%2C_parentId%2Cname%2Cstatus HTTP/1.1" 200 393
2025-11-03 13:05:22 - SyncDeskManager - INFO - Ticket 33583 encontrado directamente
2025-11-03 13:05:22 - SyncDeskManager - DEBUG - Buscando ticket 33607 directamente en Clarity...
2025-11-03 13:05:22 - urllib3.connectionpool - DEBUG - https://pmservice.tdilatam.com:8043 "GET /ppm/rest/v1/tasks?filter=%28code+%3D+%2733607%27%29&limit=1&fields=code%2Cp_tdi_estado_freshdesk%2C_internalId%2C_parentId%2Cname%2Cstatus HTTP/1.1" 200 406
2025-11-03 13:05:22 - SyncDeskManager - INFO - Ticket 33607 encontrado directamente
2025-11-03 13:05:22 - SyncDeskManager - DEBUG - Buscando ticket 33608 directamente en Clarity...
2025-11-03 13:05:22 - urllib3.connectionpool - DEBUG - https://pmservice.tdilatam.com:8043 "GET /ppm/rest/v1/tasks?filter=%28code+%3D+%2733608%27%29&limit=1&fields=code%2Cp_tdi_estado_freshdesk%2C_internalId%2C_parentId%2Cname%2Cstatus HTTP/1.1" 200 406
2025-11-03 13:05:22 - SyncDeskManager - INFO - Ticket 33608 encontrado directamente
2025-11-03 13:05:22 - SyncDeskManager - DEBUG - Buscando ticket 33612 directamente en Clarity...
2025-11-03 13:05:23 - urllib3.connectionpool - DEBUG - https://pmservice.tdilatam.com:8043 "GET /ppm/rest/v1/tasks?filter=%28code+%3D+%2733612%27%29&limit=1&fields=code%2Cp_tdi_estado_freshdesk%2C_internalId%2C_parentId%2Cname%2Cstatus HTTP/1.1" 200 405
2025-11-03 13:05:23 - SyncDeskManager - INFO - Ticket 33612 encontrado directamente
2025-11-03 13:05:23 - SyncDeskManager - DEBUG - Buscando ticket 33613 directamente en Clarity...
2025-11-03 13:05:23 - urllib3.connectionpool - DEBUG - Resetting dropped connection: pmservice.tdilatam.com
2025-11-03 13:05:23 - urllib3.connectionpool - DEBUG - https://pmservice.tdilatam.com:8043 "GET /ppm/rest/v1/tasks?filter=%28code+%3D+%2733613%27%29&limit=1&fields=code%2Cp_tdi_estado_freshdesk%2C_internalId%2C_parentId%2Cname%2Cstatus HTTP/1.1" 200 405
2025-11-03 13:05:23 - SyncDeskManager - INFO - Ticket 33613 encontrado directamente
2025-11-03 13:05:23 - SyncDeskManager - DEBUG - Buscando ticket 33614 directamente en Clarity...
2025-11-03 13:05:23 - urllib3.connectionpool - DEBUG - https://pmservice.tdilatam.com:8043 "GET /ppm/rest/v1/tasks?filter=%28code+%3D+%2733614%27%29&limit=1&fields=code%2Cp_tdi_estado_freshdesk%2C_internalId%2C_parentId%2Cname%2Cstatus HTTP/1.1" 200 405
2025-11-03 13:05:23 - SyncDeskManager - INFO - Ticket 33614 encontrado directamente
2025-11-03 13:05:23 - SyncDeskManager - DEBUG - Buscando ticket 33615 directamente en Clarity...
2025-11-03 13:05:23 - urllib3.connectionpool - DEBUG - https://pmservice.tdilatam.com:8043 "GET /ppm/rest/v1/tasks?filter=%28code+%3D+%2733615%27%29&limit=1&fields=code%2Cp_tdi_estado_freshdesk%2C_internalId%2C_parentId%2Cname%2Cstatus HTTP/1.1" 200 404
2025-11-03 13:05:23 - SyncDeskManager - INFO - Ticket 33615 encontrado directamente
2025-11-03 13:05:23 - SyncDeskManager - DEBUG - Buscando ticket 33658 directamente en Clarity...
2025-11-03 13:05:23 - urllib3.connectionpool - DEBUG - https://pmservice.tdilatam.com:8043 "GET /ppm/rest/v1/tasks?filter=%28code+%3D+%2733658%27%29&limit=1&fields=code%2Cp_tdi_estado_freshdesk%2C_internalId%2C_parentId%2Cname%2Cstatus HTTP/1.1" 200 416
2025-11-03 13:05:23 - SyncDeskManager - INFO - Ticket 33658 encontrado directamente
2025-11-03 13:05:23 - SyncDeskManager - DEBUG - Buscando ticket 33671 directamente en Clarity...
2025-11-03 13:05:23 - urllib3.connectionpool - DEBUG - https://pmservice.tdilatam.com:8043 "GET /ppm/rest/v1/tasks?filter=%28code+%3D+%2733671%27%29&limit=1&fields=code%2Cp_tdi_estado_freshdesk%2C_internalId%2C_parentId%2Cname%2Cstatus HTTP/1.1" 200 405
2025-11-03 13:05:23 - SyncDeskManager - INFO - Ticket 33671 encontrado directamente
2025-11-03 13:05:23 - SyncDeskManager - DEBUG - Buscando ticket 33672 directamente en Clarity...
2025-11-03 13:05:23 - urllib3.connectionpool - DEBUG - https://pmservice.tdilatam.com:8043 "GET /ppm/rest/v1/tasks?filter=%28code+%3D+%2733672%27%29&limit=1&fields=code%2Cp_tdi_estado_freshdesk%2C_internalId%2C_parentId%2Cname%2Cstatus HTTP/1.1" 200 406
2025-11-03 13:05:23 - SyncDeskManager - INFO - Ticket 33672 encontrado directamente
2025-11-03 13:05:23 - SyncDeskManager - DEBUG - Buscando ticket 33676 directamente en Clarity...
2025-11-03 13:05:23 - urllib3.connectionpool - DEBUG - https://pmservice.tdilatam.com:8043 "GET /ppm/rest/v1/tasks?filter=%28code+%3D+%2733676%27%29&limit=1&fields=code%2Cp_tdi_estado_freshdesk%2C_internalId%2C_parentId%2Cname%2Cstatus HTTP/1.1" 200 405
2025-11-03 13:05:23 - SyncDeskManager - INFO - Ticket 33676 encontrado directamente
2025-11-03 13:05:23 - SyncDeskManager - DEBUG - Buscando ticket 33680 directamente en Clarity...
2025-11-03 13:05:23 - urllib3.connectionpool - DEBUG - https://pmservice.tdilatam.com:8043 "GET /ppm/rest/v1/tasks?filter=%28code+%3D+%2733680%27%29&limit=1&fields=code%2Cp_tdi_estado_freshdesk%2C_internalId%2C_parentId%2Cname%2Cstatus HTTP/1.1" 200 406
2025-11-03 13:05:23 - SyncDeskManager - INFO - Ticket 33680 encontrado directamente
2025-11-03 13:05:23 - SyncDeskManager - DEBUG - Buscando ticket 33684 directamente en Clarity...
2025-11-03 13:05:24 - urllib3.connectionpool - DEBUG - https://pmservice.tdilatam.com:8043 "GET /ppm/rest/v1/tasks?filter=%28code+%3D+%2733684%27%29&limit=1&fields=code%2Cp_tdi_estado_freshdesk%2C_internalId%2C_parentId%2Cname%2Cstatus HTTP/1.1" 200 406
2025-11-03 13:05:24 - SyncDeskManager - INFO - Ticket 33684 encontrado directamente
2025-11-03 13:05:24 - SyncDeskManager - DEBUG - Buscando ticket 33707 directamente en Clarity...
2025-11-03 13:05:24 - urllib3.connectionpool - DEBUG - https://pmservice.tdilatam.com:8043 "GET /ppm/rest/v1/tasks?filter=%28code+%3D+%2733707%27%29&limit=1&fields=code%2Cp_tdi_estado_freshdesk%2C_internalId%2C_parentId%2Cname%2Cstatus HTTP/1.1" 200 371
2025-11-03 13:05:24 - SyncDeskManager - INFO - Ticket 33707 encontrado directamente
2025-11-03 13:05:24 - SyncDeskManager - DEBUG - Buscando ticket 33712 directamente en Clarity...
2025-11-03 13:05:24 - urllib3.connectionpool - DEBUG - https://pmservice.tdilatam.com:8043 "GET /ppm/rest/v1/tasks?filter=%28code+%3D+%2733712%27%29&limit=1&fields=code%2Cp_tdi_estado_freshdesk%2C_internalId%2C_parentId%2Cname%2Cstatus HTTP/1.1" 200 405
2025-11-03 13:05:24 - SyncDeskManager - INFO - Ticket 33712 encontrado directamente
2025-11-03 13:05:24 - SyncDeskManager - DEBUG - Buscando ticket 33720 directamente en Clarity...
2025-11-03 13:05:24 - urllib3.connectionpool - DEBUG - https://pmservice.tdilatam.com:8043 "GET /ppm/rest/v1/tasks?filter=%28code+%3D+%2733720%27%29&limit=1&fields=code%2Cp_tdi_estado_freshdesk%2C_internalId%2C_parentId%2Cname%2Cstatus HTTP/1.1" 200 405
2025-11-03 13:05:24 - SyncDeskManager - INFO - Ticket 33720 encontrado directamente
2025-11-03 13:05:24 - SyncDeskManager - DEBUG - Buscando ticket 33728 directamente en Clarity...
2025-11-03 13:05:24 - urllib3.connectionpool - DEBUG - https://pmservice.tdilatam.com:8043 "GET /ppm/rest/v1/tasks?filter=%28code+%3D+%2733728%27%29&limit=1&fields=code%2Cp_tdi_estado_freshdesk%2C_internalId%2C_parentId%2Cname%2Cstatus HTTP/1.1" 200 405
2025-11-03 13:05:24 - SyncDeskManager - INFO - Ticket 33728 encontrado directamente
2025-11-03 13:05:24 - SyncDeskManager - DEBUG - Buscando ticket 33732 directamente en Clarity...
2025-11-03 13:05:24 - urllib3.connectionpool - DEBUG - https://pmservice.tdilatam.com:8043 "GET /ppm/rest/v1/tasks?filter=%28code+%3D+%2733732%27%29&limit=1&fields=code%2Cp_tdi_estado_freshdesk%2C_internalId%2C_parentId%2Cname%2Cstatus HTTP/1.1" 200 405
2025-11-03 13:05:24 - SyncDeskManager - INFO - Ticket 33732 encontrado directamente
2025-11-03 13:05:24 - SyncDeskManager - DEBUG - Buscando ticket 33743 directamente en Clarity...
2025-11-03 13:05:24 - urllib3.connectionpool - DEBUG - https://pmservice.tdilatam.com:8043 "GET /ppm/rest/v1/tasks?filter=%28code+%3D+%2733743%27%29&limit=1&fields=code%2Cp_tdi_estado_freshdesk%2C_internalId%2C_parentId%2Cname%2Cstatus HTTP/1.1" 200 380
2025-11-03 13:05:24 - SyncDeskManager - INFO - Ticket 33743 encontrado directamente
2025-11-03 13:05:24 - SyncDeskManager - DEBUG - Buscando ticket 33745 directamente en Clarity...
2025-11-03 13:05:24 - urllib3.connectionpool - DEBUG - https://pmservice.tdilatam.com:8043 "GET /ppm/rest/v1/tasks?filter=%28code+%3D+%2733745%27%29&limit=1&fields=code%2Cp_tdi_estado_freshdesk%2C_internalId%2C_parentId%2Cname%2Cstatus HTTP/1.1" 200 373
2025-11-03 13:05:24 - SyncDeskManager - INFO - Ticket 33745 encontrado directamente
2025-11-03 13:05:24 - SyncDeskManager - DEBUG - Buscando ticket 33746 directamente en Clarity...
2025-11-03 13:05:24 - urllib3.connectionpool - DEBUG - https://pmservice.tdilatam.com:8043 "GET /ppm/rest/v1/tasks?filter=%28code+%3D+%2733746%27%29&limit=1&fields=code%2Cp_tdi_estado_freshdesk%2C_internalId%2C_parentId%2Cname%2Cstatus HTTP/1.1" 200 409
2025-11-03 13:05:24 - SyncDeskManager - INFO - Ticket 33746 encontrado directamente
2025-11-03 13:05:24 - SyncDeskManager - DEBUG - Buscando ticket 33747 directamente en Clarity...
2025-11-03 13:05:24 - urllib3.connectionpool - DEBUG - https://pmservice.tdilatam.com:8043 "GET /ppm/rest/v1/tasks?filter=%28code+%3D+%2733747%27%29&limit=1&fields=code%2Cp_tdi_estado_freshdesk%2C_internalId%2C_parentId%2Cname%2Cstatus HTTP/1.1" 200 395
2025-11-03 13:05:24 - SyncDeskManager - INFO - Ticket 33747 encontrado directamente
2025-11-03 13:05:24 - SyncDeskManager - DEBUG - Buscando ticket 33754 directamente en Clarity...
2025-11-03 13:05:24 - urllib3.connectionpool - DEBUG - https://pmservice.tdilatam.com:8043 "GET /ppm/rest/v1/tasks?filter=%28code+%3D+%2733754%27%29&limit=1&fields=code%2Cp_tdi_estado_freshdesk%2C_internalId%2C_parentId%2Cname%2Cstatus HTTP/1.1" 200 383
2025-11-03 13:05:24 - SyncDeskManager - INFO - Ticket 33754 encontrado directamente
2025-11-03 13:05:24 - SyncDeskManager - DEBUG - Buscando ticket 33755 directamente en Clarity...
2025-11-03 13:05:24 - urllib3.connectionpool - DEBUG - https://pmservice.tdilatam.com:8043 "GET /ppm/rest/v1/tasks?filter=%28code+%3D+%2733755%27%29&limit=1&fields=code%2Cp_tdi_estado_freshdesk%2C_internalId%2C_parentId%2Cname%2Cstatus HTTP/1.1" 200 405
2025-11-03 13:05:24 - SyncDeskManager - INFO - Ticket 33755 encontrado directamente
2025-11-03 13:05:24 - SyncDeskManager - DEBUG - Buscando ticket 33756 directamente en Clarity...
2025-11-03 13:05:24 - urllib3.connectionpool - DEBUG - https://pmservice.tdilatam.com:8043 "GET /ppm/rest/v1/tasks?filter=%28code+%3D+%2733756%27%29&limit=1&fields=code%2Cp_tdi_estado_freshdesk%2C_internalId%2C_parentId%2Cname%2Cstatus HTTP/1.1" 200 405
2025-11-03 13:05:24 - SyncDeskManager - INFO - Ticket 33756 encontrado directamente
2025-11-03 13:05:24 - SyncDeskManager - DEBUG - Buscando ticket 33757 directamente en Clarity...
2025-11-03 13:05:24 - urllib3.connectionpool - DEBUG - https://pmservice.tdilatam.com:8043 "GET /ppm/rest/v1/tasks?filter=%28code+%3D+%2733757%27%29&limit=1&fields=code%2Cp_tdi_estado_freshdesk%2C_internalId%2C_parentId%2Cname%2Cstatus HTTP/1.1" 200 405
2025-11-03 13:05:24 - SyncDeskManager - INFO - Ticket 33757 encontrado directamente
2025-11-03 13:05:24 - SyncDeskManager - DEBUG - Buscando ticket 33771 directamente en Clarity...
2025-11-03 13:05:24 - urllib3.connectionpool - DEBUG - https://pmservice.tdilatam.com:8043 "GET /ppm/rest/v1/tasks?filter=%28code+%3D+%2733771%27%29&limit=1&fields=code%2Cp_tdi_estado_freshdesk%2C_internalId%2C_parentId%2Cname%2Cstatus HTTP/1.1" 200 406
2025-11-03 13:05:24 - SyncDeskManager - INFO - Ticket 33771 encontrado directamente
2025-11-03 13:05:24 - SyncDeskManager - DEBUG - Buscando ticket 33772 directamente en Clarity...
2025-11-03 13:05:24 - urllib3.connectionpool - DEBUG - https://pmservice.tdilatam.com:8043 "GET /ppm/rest/v1/tasks?filter=%28code+%3D+%2733772%27%29&limit=1&fields=code%2Cp_tdi_estado_freshdesk%2C_internalId%2C_parentId%2Cname%2Cstatus HTTP/1.1" 200 405
2025-11-03 13:05:24 - SyncDeskManager - INFO - Ticket 33772 encontrado directamente
2025-11-03 13:05:24 - SyncDeskManager - DEBUG - Buscando ticket 33797 directamente en Clarity...
2025-11-03 13:05:24 - urllib3.connectionpool - DEBUG - https://pmservice.tdilatam.com:8043 "GET /ppm/rest/v1/tasks?filter=%28code+%3D+%2733797%27%29&limit=1&fields=code%2Cp_tdi_estado_freshdesk%2C_internalId%2C_parentId%2Cname%2Cstatus HTTP/1.1" 200 405
2025-11-03 13:05:24 - SyncDeskManager - INFO - Ticket 33797 encontrado directamente
2025-11-03 13:05:24 - SyncDeskManager - DEBUG - Buscando ticket 33798 directamente en Clarity...
2025-11-03 13:05:25 - urllib3.connectionpool - DEBUG - https://pmservice.tdilatam.com:8043 "GET /ppm/rest/v1/tasks?filter=%28code+%3D+%2733798%27%29&limit=1&fields=code%2Cp_tdi_estado_freshdesk%2C_internalId%2C_parentId%2Cname%2Cstatus HTTP/1.1" 200 405
2025-11-03 13:05:25 - SyncDeskManager - INFO - Ticket 33798 encontrado directamente
2025-11-03 13:05:25 - SyncDeskManager - DEBUG - Buscando ticket 33811 directamente en Clarity...
2025-11-03 13:05:25 - urllib3.connectionpool - DEBUG - https://pmservice.tdilatam.com:8043 "GET /ppm/rest/v1/tasks?filter=%28code+%3D+%2733811%27%29&limit=1&fields=code%2Cp_tdi_estado_freshdesk%2C_internalId%2C_parentId%2Cname%2Cstatus HTTP/1.1" 200 419
2025-11-03 13:05:25 - SyncDeskManager - INFO - Ticket 33811 encontrado directamente
2025-11-03 13:05:25 - SyncDeskManager - DEBUG - Buscando ticket 33815 directamente en Clarity...
2025-11-03 13:05:25 - urllib3.connectionpool - DEBUG - https://pmservice.tdilatam.com:8043 "GET /ppm/rest/v1/tasks?filter=%28code+%3D+%2733815%27%29&limit=1&fields=code%2Cp_tdi_estado_freshdesk%2C_internalId%2C_parentId%2Cname%2Cstatus HTTP/1.1" 200 405
2025-11-03 13:05:25 - SyncDeskManager - INFO - Ticket 33815 encontrado directamente
2025-11-03 13:05:25 - SyncDeskManager - DEBUG - Buscando ticket 33842 directamente en Clarity...
2025-11-03 13:05:25 - urllib3.connectionpool - DEBUG - https://pmservice.tdilatam.com:8043 "GET /ppm/rest/v1/tasks?filter=%28code+%3D+%2733842%27%29&limit=1&fields=code%2Cp_tdi_estado_freshdesk%2C_internalId%2C_parentId%2Cname%2Cstatus HTTP/1.1" 200 405
2025-11-03 13:05:25 - SyncDeskManager - INFO - Ticket 33842 encontrado directamente
2025-11-03 13:05:25 - SyncDeskManager - DEBUG - Buscando ticket 33856 directamente en Clarity...
2025-11-03 13:05:25 - urllib3.connectionpool - DEBUG - https://pmservice.tdilatam.com:8043 "GET /ppm/rest/v1/tasks?filter=%28code+%3D+%2733856%27%29&limit=1&fields=code%2Cp_tdi_estado_freshdesk%2C_internalId%2C_parentId%2Cname%2Cstatus HTTP/1.1" 200 405
2025-11-03 13:05:25 - SyncDeskManager - INFO - Ticket 33856 encontrado directamente
2025-11-03 13:05:25 - SyncDeskManager - DEBUG - Buscando ticket 33868 directamente en Clarity...
2025-11-03 13:05:25 - urllib3.connectionpool - DEBUG - https://pmservice.tdilatam.com:8043 "GET /ppm/rest/v1/tasks?filter=%28code+%3D+%2733868%27%29&limit=1&fields=code%2Cp_tdi_estado_freshdesk%2C_internalId%2C_parentId%2Cname%2Cstatus HTTP/1.1" 200 405
2025-11-03 13:05:25 - SyncDeskManager - INFO - Ticket 33868 encontrado directamente
2025-11-03 13:05:25 - SyncDeskManager - DEBUG - Buscando ticket 33869 directamente en Clarity...
2025-11-03 13:05:25 - urllib3.connectionpool - DEBUG - https://pmservice.tdilatam.com:8043 "GET /ppm/rest/v1/tasks?filter=%28code+%3D+%2733869%27%29&limit=1&fields=code%2Cp_tdi_estado_freshdesk%2C_internalId%2C_parentId%2Cname%2Cstatus HTTP/1.1" 200 404
2025-11-03 13:05:25 - SyncDeskManager - INFO - Ticket 33869 encontrado directamente
2025-11-03 13:05:25 - SyncDeskManager - DEBUG - Buscando ticket 33887 directamente en Clarity...
2025-11-03 13:05:25 - urllib3.connectionpool - DEBUG - https://pmservice.tdilatam.com:8043 "GET /ppm/rest/v1/tasks?filter=%28code+%3D+%2733887%27%29&limit=1&fields=code%2Cp_tdi_estado_freshdesk%2C_internalId%2C_parentId%2Cname%2Cstatus HTTP/1.1" 200 421
2025-11-03 13:05:25 - SyncDeskManager - INFO - Ticket 33887 encontrado directamente
2025-11-03 13:05:25 - SyncDeskManager - DEBUG - Buscando ticket 33905 directamente en Clarity...
2025-11-03 13:05:25 - urllib3.connectionpool - DEBUG - https://pmservice.tdilatam.com:8043 "GET /ppm/rest/v1/tasks?filter=%28code+%3D+%2733905%27%29&limit=1&fields=code%2Cp_tdi_estado_freshdesk%2C_internalId%2C_parentId%2Cname%2Cstatus HTTP/1.1" 200 441
2025-11-03 13:05:25 - SyncDeskManager - INFO - Ticket 33905 encontrado directamente
2025-11-03 13:05:25 - SyncDeskManager - DEBUG - Buscando ticket 33911 directamente en Clarity...
2025-11-03 13:05:25 - urllib3.connectionpool - DEBUG - https://pmservice.tdilatam.com:8043 "GET /ppm/rest/v1/tasks?filter=%28code+%3D+%2733911%27%29&limit=1&fields=code%2Cp_tdi_estado_freshdesk%2C_internalId%2C_parentId%2Cname%2Cstatus HTTP/1.1" 200 385
2025-11-03 13:05:25 - SyncDeskManager - INFO - Ticket 33911 encontrado directamente
2025-11-03 13:05:25 - SyncDeskManager - DEBUG - Buscando ticket 33936 directamente en Clarity...
2025-11-03 13:05:25 - urllib3.connectionpool - DEBUG - https://pmservice.tdilatam.com:8043 "GET /ppm/rest/v1/tasks?filter=%28code+%3D+%2733936%27%29&limit=1&fields=code%2Cp_tdi_estado_freshdesk%2C_internalId%2C_parentId%2Cname%2Cstatus HTTP/1.1" 200 405
2025-11-03 13:05:25 - SyncDeskManager - INFO - Ticket 33936 encontrado directamente
2025-11-03 13:05:25 - SyncDeskManager - DEBUG - Buscando ticket 33944 directamente en Clarity...
2025-11-03 13:05:25 - urllib3.connectionpool - DEBUG - https://pmservice.tdilatam.com:8043 "GET /ppm/rest/v1/tasks?filter=%28code+%3D+%2733944%27%29&limit=1&fields=code%2Cp_tdi_estado_freshdesk%2C_internalId%2C_parentId%2Cname%2Cstatus HTTP/1.1" 200 406
2025-11-03 13:05:25 - SyncDeskManager - INFO - Ticket 33944 encontrado directamente
2025-11-03 13:05:25 - SyncDeskManager - DEBUG - Buscando ticket 33960 directamente en Clarity...
2025-11-03 13:05:25 - urllib3.connectionpool - DEBUG - https://pmservice.tdilatam.com:8043 "GET /ppm/rest/v1/tasks?filter=%28code+%3D+%2733960%27%29&limit=1&fields=code%2Cp_tdi_estado_freshdesk%2C_internalId%2C_parentId%2Cname%2Cstatus HTTP/1.1" 200 404
2025-11-03 13:05:25 - SyncDeskManager - INFO - Ticket 33960 encontrado directamente
2025-11-03 13:05:25 - SyncDeskManager - DEBUG - Buscando ticket 33963 directamente en Clarity...
2025-11-03 13:05:25 - urllib3.connectionpool - DEBUG - https://pmservice.tdilatam.com:8043 "GET /ppm/rest/v1/tasks?filter=%28code+%3D+%2733963%27%29&limit=1&fields=code%2Cp_tdi_estado_freshdesk%2C_internalId%2C_parentId%2Cname%2Cstatus HTTP/1.1" 200 406
2025-11-03 13:05:25 - SyncDeskManager - INFO - Ticket 33963 encontrado directamente
2025-11-03 13:05:25 - SyncDeskManager - DEBUG - Buscando ticket 33964 directamente en Clarity...
2025-11-03 13:05:25 - urllib3.connectionpool - DEBUG - https://pmservice.tdilatam.com:8043 "GET /ppm/rest/v1/tasks?filter=%28code+%3D+%2733964%27%29&limit=1&fields=code%2Cp_tdi_estado_freshdesk%2C_internalId%2C_parentId%2Cname%2Cstatus HTTP/1.1" 200 405
2025-11-03 13:05:25 - SyncDeskManager - INFO - Ticket 33964 encontrado directamente
2025-11-03 13:05:25 - SyncDeskManager - DEBUG - Buscando ticket 33974 directamente en Clarity...
2025-11-03 13:05:25 - urllib3.connectionpool - DEBUG - https://pmservice.tdilatam.com:8043 "GET /ppm/rest/v1/tasks?filter=%28code+%3D+%2733974%27%29&limit=1&fields=code%2Cp_tdi_estado_freshdesk%2C_internalId%2C_parentId%2Cname%2Cstatus HTTP/1.1" 200 406
2025-11-03 13:05:25 - SyncDeskManager - INFO - Ticket 33974 encontrado directamente
2025-11-03 13:05:25 - SyncDeskManager - DEBUG - Buscando ticket 34038 directamente en Clarity...
2025-11-03 13:05:25 - urllib3.connectionpool - DEBUG - https://pmservice.tdilatam.com:8043 "GET /ppm/rest/v1/tasks?filter=%28code+%3D+%2734038%27%29&limit=1&fields=code%2Cp_tdi_estado_freshdesk%2C_internalId%2C_parentId%2Cname%2Cstatus HTTP/1.1" 200 370
2025-11-03 13:05:25 - SyncDeskManager - INFO - Ticket 34038 encontrado directamente
2025-11-03 13:05:25 - SyncDeskManager - DEBUG - Buscando ticket 34058 directamente en Clarity...
2025-11-03 13:05:25 - urllib3.connectionpool - DEBUG - https://pmservice.tdilatam.com:8043 "GET /ppm/rest/v1/tasks?filter=%28code+%3D+%2734058%27%29&limit=1&fields=code%2Cp_tdi_estado_freshdesk%2C_internalId%2C_parentId%2Cname%2Cstatus HTTP/1.1" 200 367
2025-11-03 13:05:25 - SyncDeskManager - INFO - Ticket 34058 encontrado directamente
2025-11-03 13:05:25 - SyncDeskManager - DEBUG - Buscando ticket 34085 directamente en Clarity...
2025-11-03 13:05:26 - urllib3.connectionpool - DEBUG - https://pmservice.tdilatam.com:8043 "GET /ppm/rest/v1/tasks?filter=%28code+%3D+%2734085%27%29&limit=1&fields=code%2Cp_tdi_estado_freshdesk%2C_internalId%2C_parentId%2Cname%2Cstatus HTTP/1.1" 200 397
2025-11-03 13:05:26 - SyncDeskManager - INFO - Ticket 34085 encontrado directamente
2025-11-03 13:05:26 - SyncDeskManager - DEBUG - Buscando ticket 34117 directamente en Clarity...
2025-11-03 13:05:26 - urllib3.connectionpool - DEBUG - https://pmservice.tdilatam.com:8043 "GET /ppm/rest/v1/tasks?filter=%28code+%3D+%2734117%27%29&limit=1&fields=code%2Cp_tdi_estado_freshdesk%2C_internalId%2C_parentId%2Cname%2Cstatus HTTP/1.1" 200 391
2025-11-03 13:05:26 - SyncDeskManager - INFO - Ticket 34117 encontrado directamente
2025-11-03 13:05:26 - SyncDeskManager - DEBUG - Buscando ticket 34119 directamente en Clarity...
2025-11-03 13:05:26 - urllib3.connectionpool - DEBUG - https://pmservice.tdilatam.com:8043 "GET /ppm/rest/v1/tasks?filter=%28code+%3D+%2734119%27%29&limit=1&fields=code%2Cp_tdi_estado_freshdesk%2C_internalId%2C_parentId%2Cname%2Cstatus HTTP/1.1" 200 427
2025-11-03 13:05:26 - SyncDeskManager - INFO - Ticket 34119 encontrado directamente
2025-11-03 13:05:26 - SyncDeskManager - INFO - IDs obtenidos: 146/146 tickets
2025-11-03 13:05:42 - SyncDeskManager - INFO - Aplicando 146 cambios en Clarity...
2025-11-03 13:05:42 - SyncDeskManager - INFO - TRANSACTION_CHANGE - SYNC_STATES_20251103_130459: {"ticket_id": "31996", "system": "CLARITY", "field": "p_tdi_estado_freshdesk", "old_value": "Abierta", "new_value": "Cerrada", "freshdesk_estado_original": "Closed", "estado": "PENDING", "rollback_data": {"investment_id": 5073111, "internal_id": 5240542}, "timestamp": "2025-11-03 13:05:42"}
2025-11-03 13:05:57 - urllib3.connectionpool - DEBUG - https://pmservice.tdilatam.com:8043 "PATCH /ppm/rest/v1/custTdiInvBacklogs/5073111/tasks/5240542 HTTP/1.1" 400 198
2025-11-03 13:05:57 - urllib3.connectionpool - DEBUG - Resetting dropped connection: pmservice.tdilatam.com
2025-11-03 13:05:58 - urllib3.connectionpool - DEBUG - https://pmservice.tdilatam.com:8043 "PUT /ppm/rest/v1/custTdiInvBacklogs/5073111/tasks/5240542 HTTP/1.1" 400 167
2025-11-03 13:05:58 - SyncDeskManager - WARNING - ❌ Error actualizando ticket 31996: Error en la API - HTTP 400 (posiblemente datos inválidos)
2025-11-03 13:05:58 - SyncDeskManager - INFO - TRANSACTION_UPDATE - SYNC_STATES_20251103_130459 - Ticket 31996: {"ticket_id": "31996", "estado": "FAILED", "timestamp_actualizacion": "2025-11-03 13:05:58", "error": "Error en la API - HTTP 400 (posiblemente datos inv\u00e1lidos)"}
2025-11-03 13:05:58 - SyncDeskManager - INFO - TRANSACTION_CHANGE - SYNC_STATES_20251103_130459: {"ticket_id": "31997", "system": "CLARITY", "field": "p_tdi_estado_freshdesk", "old_value": "Abierta", "new_value": "Cerrada", "freshdesk_estado_original": "Closed", "estado": "PENDING", "rollback_data": {"investment_id": 5073111, "internal_id": 5240543}, "timestamp": "2025-11-03 13:05:58"}
2025-11-03 13:05:58 - urllib3.connectionpool - DEBUG - Resetting dropped connection: pmservice.tdilatam.com
2025-11-03 13:06:13 - urllib3.connectionpool - DEBUG - https://pmservice.tdilatam.com:8043 "PATCH /ppm/rest/v1/custTdiInvBacklogs/5073111/tasks/5240543 HTTP/1.1" 400 198
2025-11-03 13:06:13 - urllib3.connectionpool - DEBUG - Resetting dropped connection: pmservice.tdilatam.com
2025-11-03 13:06:14 - urllib3.connectionpool - DEBUG - https://pmservice.tdilatam.com:8043 "PUT /ppm/rest/v1/custTdiInvBacklogs/5073111/tasks/5240543 HTTP/1.1" 400 167
2025-11-03 13:06:14 - SyncDeskManager - WARNING - ❌ Error actualizando ticket 31997: Error en la API - HTTP 400 (posiblemente datos inválidos)
2025-11-03 13:06:14 - SyncDeskManager - INFO - TRANSACTION_UPDATE - SYNC_STATES_20251103_130459 - Ticket 31997: {"ticket_id": "31997", "estado": "FAILED", "timestamp_actualizacion": "2025-11-03 13:06:14", "error": "Error en la API - HTTP 400 (posiblemente datos inv\u00e1lidos)"}
2025-11-03 13:06:14 - SyncDeskManager - INFO - TRANSACTION_CHANGE - SYNC_STATES_20251103_130459: {"ticket_id": "31999", "system": "CLARITY", "field": "p_tdi_estado_freshdesk", "old_value": "Esperando al cliente", "new_value": "Cerrada", "freshdesk_estado_original": "Closed", "estado": "PENDING", "rollback_data": {"investment_id": 5073086, "internal_id": 5240544}, "timestamp": "2025-11-03 13:06:14"}
2025-11-03 13:06:14 - urllib3.connectionpool - DEBUG - Resetting dropped connection: pmservice.tdilatam.com
2025-11-03 13:06:15 - urllib3.connectionpool - DEBUG - https://pmservice.tdilatam.com:8043 "PATCH /ppm/rest/v1/custTdiInvBacklogs/5073086/tasks/5240544 HTTP/1.1" 200 140
2025-11-03 13:06:15 - SyncDeskManager - INFO - ✅ Ticket 31999 actualizado exitosamente
2025-11-03 13:06:15 - SyncDeskManager - INFO - TRANSACTION_UPDATE - SYNC_STATES_20251103_130459 - Ticket 31999: {"ticket_id": "31999", "estado": "SUCCESS", "timestamp_actualizacion": "2025-11-03 13:06:15"}
2025-11-03 13:06:15 - SyncDeskManager - INFO - TRANSACTION_CHANGE - SYNC_STATES_20251103_130459: {"ticket_id": "32001", "system": "CLARITY", "field": "p_tdi_estado_freshdesk", "old_value": "En progreso", "new_value": "Cerrada", "freshdesk_estado_original": "Closed", "estado": "PENDING", "rollback_data": {"investment_id": 5078086, "internal_id": 5240546}, "timestamp": "2025-11-03 13:06:15"}
2025-11-03 13:06:15 - urllib3.connectionpool - DEBUG - https://pmservice.tdilatam.com:8043 "PATCH /ppm/rest/v1/custTdiInvBacklogs/5078086/tasks/5240546 HTTP/1.1" 200 140
2025-11-03 13:06:15 - SyncDeskManager - INFO - ✅ Ticket 32001 actualizado exitosamente
2025-11-03 13:06:15 - SyncDeskManager - INFO - TRANSACTION_UPDATE - SYNC_STATES_20251103_130459 - Ticket 32001: {"ticket_id": "32001", "estado": "SUCCESS", "timestamp_actualizacion": "2025-11-03 13:06:15"}
2025-11-03 13:06:15 - SyncDeskManager - INFO - TRANSACTION_CHANGE - SYNC_STATES_20251103_130459: {"ticket_id": "32003", "system": "CLARITY", "field": "p_tdi_estado_freshdesk", "old_value": "Abierta", "new_value": "Cerrada", "freshdesk_estado_original": "Closed", "estado": "PENDING", "rollback_data": {"investment_id": 5074093, "internal_id": 5240548}, "timestamp": "2025-11-03 13:06:15"}
2025-11-03 13:06:16 - urllib3.connectionpool - DEBUG - https://pmservice.tdilatam.com:8043 "PATCH /ppm/rest/v1/custTdiInvBacklogs/5074093/tasks/5240548 HTTP/1.1" 200 140
2025-11-03 13:06:16 - SyncDeskManager - INFO - ✅ Ticket 32003 actualizado exitosamente
2025-11-03 13:06:16 - SyncDeskManager - INFO - TRANSACTION_UPDATE - SYNC_STATES_20251103_130459 - Ticket 32003: {"ticket_id": "32003", "estado": "SUCCESS", "timestamp_actualizacion": "2025-11-03 13:06:16"}
2025-11-03 13:06:16 - SyncDeskManager - INFO - TRANSACTION_CHANGE - SYNC_STATES_20251103_130459: {"ticket_id": "32005", "system": "CLARITY", "field": "p_tdi_estado_freshdesk", "old_value": "Derivado al Fabricante", "new_value": "Cerrada", "freshdesk_estado_original": "Closed", "estado": "PENDING", "rollback_data": {"investment_id": 5078086, "internal_id": 5240550}, "timestamp": "2025-11-03 13:06:16"}
2025-11-03 13:06:16 - urllib3.connectionpool - DEBUG - https://pmservice.tdilatam.com:8043 "PATCH /ppm/rest/v1/custTdiInvBacklogs/5078086/tasks/5240550 HTTP/1.1" 200 140
2025-11-03 13:06:16 - SyncDeskManager - INFO - ✅ Ticket 32005 actualizado exitosamente
2025-11-03 13:06:16 - SyncDeskManager - INFO - TRANSACTION_UPDATE - SYNC_STATES_20251103_130459 - Ticket 32005: {"ticket_id": "32005", "estado": "SUCCESS", "timestamp_actualizacion": "2025-11-03 13:06:16"}
2025-11-03 13:06:16 - SyncDeskManager - INFO - TRANSACTION_CHANGE - SYNC_STATES_20251103_130459: {"ticket_id": "32008", "system": "CLARITY", "field": "p_tdi_estado_freshdesk", "old_value": "Resuelto", "new_value": "Cerrada", "freshdesk_estado_original": "Closed", "estado": "PENDING", "rollback_data": {"investment_id": 5073108, "internal_id": 5240552}, "timestamp": "2025-11-03 13:06:16"}
2025-11-03 13:06:16 - urllib3.connectionpool - DEBUG - https://pmservice.tdilatam.com:8043 "PATCH /ppm/rest/v1/custTdiInvBacklogs/5073108/tasks/5240552 HTTP/1.1" 200 140
2025-11-03 13:06:16 - SyncDeskManager - INFO - ✅ Ticket 32008 actualizado exitosamente
2025-11-03 13:06:16 - SyncDeskManager - INFO - TRANSACTION_UPDATE - SYNC_STATES_20251103_130459 - Ticket 32008: {"ticket_id": "32008", "estado": "SUCCESS", "timestamp_actualizacion": "2025-11-03 13:06:16"}
2025-11-03 13:06:16 - SyncDeskManager - INFO - TRANSACTION_CHANGE - SYNC_STATES_20251103_130459: {"ticket_id": "32009", "system": "CLARITY", "field": "p_tdi_estado_freshdesk", "old_value": "En progreso", "new_value": "Cerrada", "freshdesk_estado_original": "Closed", "estado": "PENDING", "rollback_data": {"investment_id": 5073108, "internal_id": 5240553}, "timestamp": "2025-11-03 13:06:16"}
2025-11-03 13:06:17 - urllib3.connectionpool - DEBUG - https://pmservice.tdilatam.com:8043 "PATCH /ppm/rest/v1/custTdiInvBacklogs/5073108/tasks/5240553 HTTP/1.1" 200 140
2025-11-03 13:06:17 - SyncDeskManager - INFO - ✅ Ticket 32009 actualizado exitosamente
2025-11-03 13:06:17 - SyncDeskManager - INFO - TRANSACTION_UPDATE - SYNC_STATES_20251103_130459 - Ticket 32009: {"ticket_id": "32009", "estado": "SUCCESS", "timestamp_actualizacion": "2025-11-03 13:06:17"}
2025-11-03 13:06:17 - SyncDeskManager - INFO - TRANSACTION_CHANGE - SYNC_STATES_20251103_130459: {"ticket_id": "32010", "system": "CLARITY", "field": "p_tdi_estado_freshdesk", "old_value": "En progreso", "new_value": "Cerrada", "freshdesk_estado_original": "Closed", "estado": "PENDING", "rollback_data": {"investment_id": 5073108, "internal_id": 5240554}, "timestamp": "2025-11-03 13:06:17"}
2025-11-03 13:06:17 - urllib3.connectionpool - DEBUG - https://pmservice.tdilatam.com:8043 "PATCH /ppm/rest/v1/custTdiInvBacklogs/5073108/tasks/5240554 HTTP/1.1" 200 140
2025-11-03 13:06:17 - SyncDeskManager - INFO - ✅ Ticket 32010 actualizado exitosamente
2025-11-03 13:06:17 - SyncDeskManager - INFO - TRANSACTION_UPDATE - SYNC_STATES_20251103_130459 - Ticket 32010: {"ticket_id": "32010", "estado": "SUCCESS", "timestamp_actualizacion": "2025-11-03 13:06:17"}
2025-11-03 13:06:17 - SyncDeskManager - INFO - TRANSACTION_CHANGE - SYNC_STATES_20251103_130459: {"ticket_id": "32011", "system": "CLARITY", "field": "p_tdi_estado_freshdesk", "old_value": "En progreso", "new_value": "Cerrada", "freshdesk_estado_original": "Closed", "estado": "PENDING", "rollback_data": {"investment_id": 5078086, "internal_id": 5240555}, "timestamp": "2025-11-03 13:06:17"}
2025-11-03 13:06:17 - urllib3.connectionpool - DEBUG - https://pmservice.tdilatam.com:8043 "PATCH /ppm/rest/v1/custTdiInvBacklogs/5078086/tasks/5240555 HTTP/1.1" 200 140
2025-11-03 13:06:17 - SyncDeskManager - INFO - ✅ Ticket 32011 actualizado exitosamente
2025-11-03 13:06:17 - SyncDeskManager - INFO - TRANSACTION_UPDATE - SYNC_STATES_20251103_130459 - Ticket 32011: {"ticket_id": "32011", "estado": "SUCCESS", "timestamp_actualizacion": "2025-11-03 13:06:17"}
2025-11-03 13:06:17 - SyncDeskManager - INFO - TRANSACTION_CHANGE - SYNC_STATES_20251103_130459: {"ticket_id": "32012", "system": "CLARITY", "field": "p_tdi_estado_freshdesk", "old_value": "Abierta", "new_value": "Cerrada", "freshdesk_estado_original": "Closed", "estado": "PENDING", "rollback_data": {"investment_id": 5073108, "internal_id": 5240556}, "timestamp": "2025-11-03 13:06:17"}
2025-11-03 13:06:18 - urllib3.connectionpool - DEBUG - https://pmservice.tdilatam.com:8043 "PATCH /ppm/rest/v1/custTdiInvBacklogs/5073108/tasks/5240556 HTTP/1.1" 200 140
2025-11-03 13:06:18 - SyncDeskManager - INFO - ✅ Ticket 32012 actualizado exitosamente
2025-11-03 13:06:18 - SyncDeskManager - INFO - TRANSACTION_UPDATE - SYNC_STATES_20251103_130459 - Ticket 32012: {"ticket_id": "32012", "estado": "SUCCESS", "timestamp_actualizacion": "2025-11-03 13:06:18"}
2025-11-03 13:06:18 - SyncDeskManager - INFO - TRANSACTION_CHANGE - SYNC_STATES_20251103_130459: {"ticket_id": "32013", "system": "CLARITY", "field": "p_tdi_estado_freshdesk", "old_value": "Resuelto", "new_value": "Cerrada", "freshdesk_estado_original": "Closed", "estado": "PENDING", "rollback_data": {"investment_id": 5073092, "internal_id": 5240563}, "timestamp": "2025-11-03 13:06:18"}
2025-11-03 13:06:18 - urllib3.connectionpool - DEBUG - https://pmservice.tdilatam.com:8043 "PATCH /ppm/rest/v1/custTdiInvBacklogs/5073092/tasks/5240563 HTTP/1.1" 200 141
2025-11-03 13:06:18 - SyncDeskManager - INFO - ✅ Ticket 32013 actualizado exitosamente
2025-11-03 13:06:18 - SyncDeskManager - INFO - TRANSACTION_UPDATE - SYNC_STATES_20251103_130459 - Ticket 32013: {"ticket_id": "32013", "estado": "SUCCESS", "timestamp_actualizacion": "2025-11-03 13:06:18"}
2025-11-03 13:06:18 - SyncDeskManager - INFO - TRANSACTION_CHANGE - SYNC_STATES_20251103_130459: {"ticket_id": "32014", "system": "CLARITY", "field": "p_tdi_estado_freshdesk", "old_value": "Resuelto", "new_value": "Cerrada", "freshdesk_estado_original": "Closed", "estado": "PENDING", "rollback_data": {"investment_id": 5073092, "internal_id": 5240564}, "timestamp": "2025-11-03 13:06:18"}
2025-11-03 13:06:18 - urllib3.connectionpool - DEBUG - https://pmservice.tdilatam.com:8043 "PATCH /ppm/rest/v1/custTdiInvBacklogs/5073092/tasks/5240564 HTTP/1.1" 200 141
2025-11-03 13:06:18 - SyncDeskManager - INFO - ✅ Ticket 32014 actualizado exitosamente
2025-11-03 13:06:18 - SyncDeskManager - INFO - TRANSACTION_UPDATE - SYNC_STATES_20251103_130459 - Ticket 32014: {"ticket_id": "32014", "estado": "SUCCESS", "timestamp_actualizacion": "2025-11-03 13:06:18"}
2025-11-03 13:06:18 - SyncDeskManager - INFO - TRANSACTION_CHANGE - SYNC_STATES_20251103_130459: {"ticket_id": "32015", "system": "CLARITY", "field": "p_tdi_estado_freshdesk", "old_value": "Resuelto", "new_value": "Cerrada", "freshdesk_estado_original": "Closed", "estado": "PENDING", "rollback_data": {"investment_id": 5073092, "internal_id": 5240565}, "timestamp": "2025-11-03 13:06:18"}
2025-11-03 13:06:18 - urllib3.connectionpool - DEBUG - https://pmservice.tdilatam.com:8043 "PATCH /ppm/rest/v1/custTdiInvBacklogs/5073092/tasks/5240565 HTTP/1.1" 200 141
2025-11-03 13:06:18 - SyncDeskManager - INFO - ✅ Ticket 32015 actualizado exitosamente
2025-11-03 13:06:18 - SyncDeskManager - INFO - TRANSACTION_UPDATE - SYNC_STATES_20251103_130459 - Ticket 32015: {"ticket_id": "32015", "estado": "SUCCESS", "timestamp_actualizacion": "2025-11-03 13:06:18"}
2025-11-03 13:06:18 - SyncDeskManager - INFO - TRANSACTION_CHANGE - SYNC_STATES_20251103_130459: {"ticket_id": "32020", "system": "CLARITY", "field": "p_tdi_estado_freshdesk", "old_value": "Abierta", "new_value": "Cerrada", "freshdesk_estado_original": "Closed", "estado": "PENDING", "rollback_data": {"investment_id": 5073108, "internal_id": 5240566}, "timestamp": "2025-11-03 13:06:18"}
2025-11-03 13:06:18 - urllib3.connectionpool - DEBUG - https://pmservice.tdilatam.com:8043 "PATCH /ppm/rest/v1/custTdiInvBacklogs/5073108/tasks/5240566 HTTP/1.1" 200 140
2025-11-03 13:06:18 - SyncDeskManager - INFO - ✅ Ticket 32020 actualizado exitosamente
2025-11-03 13:06:18 - SyncDeskManager - INFO - TRANSACTION_UPDATE - SYNC_STATES_20251103_130459 - Ticket 32020: {"ticket_id": "32020", "estado": "SUCCESS", "timestamp_actualizacion": "2025-11-03 13:06:18"}
2025-11-03 13:06:18 - SyncDeskManager - INFO - TRANSACTION_CHANGE - SYNC_STATES_20251103_130459: {"ticket_id": "32021", "system": "CLARITY", "field": "p_tdi_estado_freshdesk", "old_value": "Abierta", "new_value": "Cerrada", "freshdesk_estado_original": "Closed", "estado": "PENDING", "rollback_data": {"investment_id": 5073108, "internal_id": 5240567}, "timestamp": "2025-11-03 13:06:18"}
2025-11-03 13:06:19 - urllib3.connectionpool - DEBUG - https://pmservice.tdilatam.com:8043 "PATCH /ppm/rest/v1/custTdiInvBacklogs/5073108/tasks/5240567 HTTP/1.1" 200 140
2025-11-03 13:06:19 - SyncDeskManager - INFO - ✅ Ticket 32021 actualizado exitosamente
2025-11-03 13:06:19 - SyncDeskManager - INFO - TRANSACTION_UPDATE - SYNC_STATES_20251103_130459 - Ticket 32021: {"ticket_id": "32021", "estado": "SUCCESS", "timestamp_actualizacion": "2025-11-03 13:06:19"}
2025-11-03 13:06:19 - SyncDeskManager - INFO - TRANSACTION_CHANGE - SYNC_STATES_20251103_130459: {"ticket_id": "32022", "system": "CLARITY", "field": "p_tdi_estado_freshdesk", "old_value": "Abierta", "new_value": "Cerrada", "freshdesk_estado_original": "Closed", "estado": "PENDING", "rollback_data": {"investment_id": 5073108, "internal_id": 5240568}, "timestamp": "2025-11-03 13:06:19"}
2025-11-03 13:06:19 - urllib3.connectionpool - DEBUG - https://pmservice.tdilatam.com:8043 "PATCH /ppm/rest/v1/custTdiInvBacklogs/5073108/tasks/5240568 HTTP/1.1" 200 140
2025-11-03 13:06:19 - SyncDeskManager - INFO - ✅ Ticket 32022 actualizado exitosamente
2025-11-03 13:06:19 - SyncDeskManager - INFO - TRANSACTION_UPDATE - SYNC_STATES_20251103_130459 - Ticket 32022: {"ticket_id": "32022", "estado": "SUCCESS", "timestamp_actualizacion": "2025-11-03 13:06:19"}
2025-11-03 13:06:19 - SyncDeskManager - INFO - TRANSACTION_CHANGE - SYNC_STATES_20251103_130459: {"ticket_id": "32025", "system": "CLARITY", "field": "p_tdi_estado_freshdesk", "old_value": "Esperando al cliente", "new_value": "Cerrada", "freshdesk_estado_original": "Closed", "estado": "PENDING", "rollback_data": {"investment_id": 5074096, "internal_id": 5240570}, "timestamp": "2025-11-03 13:06:19"}
2025-11-03 13:06:19 - urllib3.connectionpool - DEBUG - https://pmservice.tdilatam.com:8043 "PATCH /ppm/rest/v1/custTdiInvBacklogs/5074096/tasks/5240570 HTTP/1.1" 200 140
2025-11-03 13:06:19 - SyncDeskManager - INFO - ✅ Ticket 32025 actualizado exitosamente
2025-11-03 13:06:19 - SyncDeskManager - INFO - TRANSACTION_UPDATE - SYNC_STATES_20251103_130459 - Ticket 32025: {"ticket_id": "32025", "estado": "SUCCESS", "timestamp_actualizacion": "2025-11-03 13:06:19"}
2025-11-03 13:06:19 - SyncDeskManager - INFO - TRANSACTION_CHANGE - SYNC_STATES_20251103_130459: {"ticket_id": "32033", "system": "CLARITY", "field": "p_tdi_estado_freshdesk", "old_value": "Abierta", "new_value": "Cerrada", "freshdesk_estado_original": "Closed", "estado": "PENDING", "rollback_data": {"investment_id": 5075110, "internal_id": 5240572}, "timestamp": "2025-11-03 13:06:19"}
2025-11-03 13:06:19 - urllib3.connectionpool - DEBUG - https://pmservice.tdilatam.com:8043 "PATCH /ppm/rest/v1/custTdiInvBacklogs/5075110/tasks/5240572 HTTP/1.1" 200 140
2025-11-03 13:06:19 - SyncDeskManager - INFO - ✅ Ticket 32033 actualizado exitosamente
2025-11-03 13:06:19 - SyncDeskManager - INFO - TRANSACTION_UPDATE - SYNC_STATES_20251103_130459 - Ticket 32033: {"ticket_id": "32033", "estado": "SUCCESS", "timestamp_actualizacion": "2025-11-03 13:06:19"}
2025-11-03 13:06:19 - SyncDeskManager - INFO - TRANSACTION_CHANGE - SYNC_STATES_20251103_130459: {"ticket_id": "32035", "system": "CLARITY", "field": "p_tdi_estado_freshdesk", "old_value": "Abierta", "new_value": "Cerrada", "freshdesk_estado_original": "Closed", "estado": "PENDING", "rollback_data": {"investment_id": 5073108, "internal_id": 5240574}, "timestamp": "2025-11-03 13:06:19"}
2025-11-03 13:06:19 - urllib3.connectionpool - DEBUG - https://pmservice.tdilatam.com:8043 "PATCH /ppm/rest/v1/custTdiInvBacklogs/5073108/tasks/5240574 HTTP/1.1" 200 140
2025-11-03 13:06:19 - SyncDeskManager - INFO - ✅ Ticket 32035 actualizado exitosamente
2025-11-03 13:06:19 - SyncDeskManager - INFO - TRANSACTION_UPDATE - SYNC_STATES_20251103_130459 - Ticket 32035: {"ticket_id": "32035", "estado": "SUCCESS", "timestamp_actualizacion": "2025-11-03 13:06:19"}
2025-11-03 13:06:19 - SyncDeskManager - INFO - TRANSACTION_CHANGE - SYNC_STATES_20251103_130459: {"ticket_id": "32036", "system": "CLARITY", "field": "p_tdi_estado_freshdesk", "old_value": "En progreso", "new_value": "Cerrada", "freshdesk_estado_original": "Closed", "estado": "PENDING", "rollback_data": {"investment_id": 5073108, "internal_id": 5240575}, "timestamp": "2025-11-03 13:06:19"}
2025-11-03 13:06:20 - urllib3.connectionpool - DEBUG - https://pmservice.tdilatam.com:8043 "PATCH /ppm/rest/v1/custTdiInvBacklogs/5073108/tasks/5240575 HTTP/1.1" 200 140
2025-11-03 13:06:20 - SyncDeskManager - INFO - ✅ Ticket 32036 actualizado exitosamente
2025-11-03 13:06:20 - SyncDeskManager - INFO - TRANSACTION_UPDATE - SYNC_STATES_20251103_130459 - Ticket 32036: {"ticket_id": "32036", "estado": "SUCCESS", "timestamp_actualizacion": "2025-11-03 13:06:20"}
2025-11-03 13:06:20 - SyncDeskManager - INFO - TRANSACTION_CHANGE - SYNC_STATES_20251103_130459: {"ticket_id": "32041", "system": "CLARITY", "field": "p_tdi_estado_freshdesk", "old_value": "Derivado al Fabricante", "new_value": "Cerrada", "freshdesk_estado_original": "Closed", "estado": "PENDING", "rollback_data": {"investment_id": 5075106, "internal_id": 5240580}, "timestamp": "2025-11-03 13:06:20"}
2025-11-03 13:06:20 - urllib3.connectionpool - DEBUG - https://pmservice.tdilatam.com:8043 "PATCH /ppm/rest/v1/custTdiInvBacklogs/5075106/tasks/5240580 HTTP/1.1" 200 140
2025-11-03 13:06:20 - SyncDeskManager - INFO - ✅ Ticket 32041 actualizado exitosamente
2025-11-03 13:06:20 - SyncDeskManager - INFO - TRANSACTION_UPDATE - SYNC_STATES_20251103_130459 - Ticket 32041: {"ticket_id": "32041", "estado": "SUCCESS", "timestamp_actualizacion": "2025-11-03 13:06:20"}
2025-11-03 13:06:20 - SyncDeskManager - INFO - TRANSACTION_CHANGE - SYNC_STATES_20251103_130459: {"ticket_id": "32042", "system": "CLARITY", "field": "p_tdi_estado_freshdesk", "old_value": "Abierta", "new_value": "Cerrada", "freshdesk_estado_original": "Closed", "estado": "PENDING", "rollback_data": {"investment_id": 5073108, "internal_id": 5240581}, "timestamp": "2025-11-03 13:06:20"}
2025-11-03 13:06:20 - urllib3.connectionpool - DEBUG - https://pmservice.tdilatam.com:8043 "PATCH /ppm/rest/v1/custTdiInvBacklogs/5073108/tasks/5240581 HTTP/1.1" 200 140
2025-11-03 13:06:20 - SyncDeskManager - INFO - ✅ Ticket 32042 actualizado exitosamente
2025-11-03 13:06:20 - SyncDeskManager - INFO - TRANSACTION_UPDATE - SYNC_STATES_20251103_130459 - Ticket 32042: {"ticket_id": "32042", "estado": "SUCCESS", "timestamp_actualizacion": "2025-11-03 13:06:20"}
2025-11-03 13:06:20 - SyncDeskManager - INFO - TRANSACTION_CHANGE - SYNC_STATES_20251103_130459: {"ticket_id": "32043", "system": "CLARITY", "field": "p_tdi_estado_freshdesk", "old_value": "En progreso", "new_value": "Cerrada", "freshdesk_estado_original": "Closed", "estado": "PENDING", "rollback_data": {"investment_id": 5073108, "internal_id": 5240582}, "timestamp": "2025-11-03 13:06:20"}
2025-11-03 13:06:21 - urllib3.connectionpool - DEBUG - https://pmservice.tdilatam.com:8043 "PATCH /ppm/rest/v1/custTdiInvBacklogs/5073108/tasks/5240582 HTTP/1.1" 200 141
2025-11-03 13:06:21 - SyncDeskManager - INFO - ✅ Ticket 32043 actualizado exitosamente
2025-11-03 13:06:21 - SyncDeskManager - INFO - TRANSACTION_UPDATE - SYNC_STATES_20251103_130459 - Ticket 32043: {"ticket_id": "32043", "estado": "SUCCESS", "timestamp_actualizacion": "2025-11-03 13:06:21"}
2025-11-03 13:06:21 - SyncDeskManager - INFO - TRANSACTION_CHANGE - SYNC_STATES_20251103_130459: {"ticket_id": "32044", "system": "CLARITY", "field": "p_tdi_estado_freshdesk", "old_value": "En progreso", "new_value": "Cerrada", "freshdesk_estado_original": "Closed", "estado": "PENDING", "rollback_data": {"investment_id": 5073108, "internal_id": 5240583}, "timestamp": "2025-11-03 13:06:21"}
2025-11-03 13:06:21 - urllib3.connectionpool - DEBUG - https://pmservice.tdilatam.com:8043 "PATCH /ppm/rest/v1/custTdiInvBacklogs/5073108/tasks/5240583 HTTP/1.1" 200 140
2025-11-03 13:06:21 - SyncDeskManager - INFO - ✅ Ticket 32044 actualizado exitosamente
2025-11-03 13:06:21 - SyncDeskManager - INFO - TRANSACTION_UPDATE - SYNC_STATES_20251103_130459 - Ticket 32044: {"ticket_id": "32044", "estado": "SUCCESS", "timestamp_actualizacion": "2025-11-03 13:06:21"}
2025-11-03 13:06:21 - SyncDeskManager - INFO - TRANSACTION_CHANGE - SYNC_STATES_20251103_130459: {"ticket_id": "32067", "system": "CLARITY", "field": "p_tdi_estado_freshdesk", "old_value": "En progreso", "new_value": "Cerrada", "freshdesk_estado_original": "Closed", "estado": "PENDING", "rollback_data": {"investment_id": 5075113, "internal_id": 5240608}, "timestamp": "2025-11-03 13:06:21"}
2025-11-03 13:06:22 - urllib3.connectionpool - DEBUG - https://pmservice.tdilatam.com:8043 "PATCH /ppm/rest/v1/custTdiInvBacklogs/5075113/tasks/5240608 HTTP/1.1" 200 140
2025-11-03 13:06:22 - SyncDeskManager - INFO - ✅ Ticket 32067 actualizado exitosamente
2025-11-03 13:06:22 - SyncDeskManager - INFO - TRANSACTION_UPDATE - SYNC_STATES_20251103_130459 - Ticket 32067: {"ticket_id": "32067", "estado": "SUCCESS", "timestamp_actualizacion": "2025-11-03 13:06:22"}
2025-11-03 13:06:22 - SyncDeskManager - INFO - TRANSACTION_CHANGE - SYNC_STATES_20251103_130459: {"ticket_id": "32068", "system": "CLARITY", "field": "p_tdi_estado_freshdesk", "old_value": "Abierta", "new_value": "Cerrada", "freshdesk_estado_original": "Closed", "estado": "PENDING", "rollback_data": {"investment_id": 5146180, "internal_id": 5240607}, "timestamp": "2025-11-03 13:06:22"}
2025-11-03 13:06:22 - urllib3.connectionpool - DEBUG - https://pmservice.tdilatam.com:8043 "PATCH /ppm/rest/v1/custTdiInvBacklogs/5146180/tasks/5240607 HTTP/1.1" 200 140
2025-11-03 13:06:22 - SyncDeskManager - INFO - ✅ Ticket 32068 actualizado exitosamente
2025-11-03 13:06:22 - SyncDeskManager - INFO - TRANSACTION_UPDATE - SYNC_STATES_20251103_130459 - Ticket 32068: {"ticket_id": "32068", "estado": "SUCCESS", "timestamp_actualizacion": "2025-11-03 13:06:22"}
2025-11-03 13:06:22 - SyncDeskManager - INFO - TRANSACTION_CHANGE - SYNC_STATES_20251103_130459: {"ticket_id": "32075", "system": "CLARITY", "field": "p_tdi_estado_freshdesk", "old_value": "Abierta", "new_value": "Cerrada", "freshdesk_estado_original": "Closed", "estado": "PENDING", "rollback_data": {"investment_id": 5073104, "internal_id": 5240616}, "timestamp": "2025-11-03 13:06:22"}
2025-11-03 13:06:22 - urllib3.connectionpool - DEBUG - https://pmservice.tdilatam.com:8043 "PATCH /ppm/rest/v1/custTdiInvBacklogs/5073104/tasks/5240616 HTTP/1.1" 200 140
2025-11-03 13:06:22 - SyncDeskManager - INFO - ✅ Ticket 32075 actualizado exitosamente
2025-11-03 13:06:22 - SyncDeskManager - INFO - TRANSACTION_UPDATE - SYNC_STATES_20251103_130459 - Ticket 32075: {"ticket_id": "32075", "estado": "SUCCESS", "timestamp_actualizacion": "2025-11-03 13:06:22"}
2025-11-03 13:06:22 - SyncDeskManager - INFO - TRANSACTION_CHANGE - SYNC_STATES_20251103_130459: {"ticket_id": "32088", "system": "CLARITY", "field": "p_tdi_estado_freshdesk", "old_value": "Resuelto", "new_value": "Cerrada", "freshdesk_estado_original": "Closed", "estado": "PENDING", "rollback_data": {"investment_id": 5146180, "internal_id": 5240630}, "timestamp": "2025-11-03 13:06:22"}
2025-11-03 13:06:23 - urllib3.connectionpool - DEBUG - https://pmservice.tdilatam.com:8043 "PATCH /ppm/rest/v1/custTdiInvBacklogs/5146180/tasks/5240630 HTTP/1.1" 200 140
2025-11-03 13:06:23 - SyncDeskManager - INFO - ✅ Ticket 32088 actualizado exitosamente
2025-11-03 13:06:23 - SyncDeskManager - INFO - TRANSACTION_UPDATE - SYNC_STATES_20251103_130459 - Ticket 32088: {"ticket_id": "32088", "estado": "SUCCESS", "timestamp_actualizacion": "2025-11-03 13:06:23"}
2025-11-03 13:06:23 - SyncDeskManager - INFO - TRANSACTION_CHANGE - SYNC_STATES_20251103_130459: {"ticket_id": "32097", "system": "CLARITY", "field": "p_tdi_estado_freshdesk", "old_value": "Esperando al cliente", "new_value": "Cerrada", "freshdesk_estado_original": "Closed", "estado": "PENDING", "rollback_data": {"investment_id": 5176184, "internal_id": 5240636}, "timestamp": "2025-11-03 13:06:23"}
2025-11-03 13:06:23 - urllib3.connectionpool - DEBUG - https://pmservice.tdilatam.com:8043 "PATCH /ppm/rest/v1/custTdiInvBacklogs/5176184/tasks/5240636 HTTP/1.1" 200 141
2025-11-03 13:06:23 - SyncDeskManager - INFO - ✅ Ticket 32097 actualizado exitosamente
2025-11-03 13:06:23 - SyncDeskManager - INFO - TRANSACTION_UPDATE - SYNC_STATES_20251103_130459 - Ticket 32097: {"ticket_id": "32097", "estado": "SUCCESS", "timestamp_actualizacion": "2025-11-03 13:06:23"}
2025-11-03 13:06:23 - SyncDeskManager - INFO - TRANSACTION_CHANGE - SYNC_STATES_20251103_130459: {"ticket_id": "32103", "system": "CLARITY", "field": "p_tdi_estado_freshdesk", "old_value": "Resuelto", "new_value": "Cerrada", "freshdesk_estado_original": "Closed", "estado": "PENDING", "rollback_data": {"investment_id": 5073104, "internal_id": 5240641}, "timestamp": "2025-11-03 13:06:23"}
2025-11-03 13:06:24 - urllib3.connectionpool - DEBUG - https://pmservice.tdilatam.com:8043 "PATCH /ppm/rest/v1/custTdiInvBacklogs/5073104/tasks/5240641 HTTP/1.1" 200 140
2025-11-03 13:06:24 - SyncDeskManager - INFO - ✅ Ticket 32103 actualizado exitosamente
2025-11-03 13:06:24 - SyncDeskManager - INFO - TRANSACTION_UPDATE - SYNC_STATES_20251103_130459 - Ticket 32103: {"ticket_id": "32103", "estado": "SUCCESS", "timestamp_actualizacion": "2025-11-03 13:06:24"}
2025-11-03 13:06:24 - SyncDeskManager - INFO - TRANSACTION_CHANGE - SYNC_STATES_20251103_130459: {"ticket_id": "32110", "system": "CLARITY", "field": "p_tdi_estado_freshdesk", "old_value": "Resuelto", "new_value": "Cerrada", "freshdesk_estado_original": "Closed", "estado": "PENDING", "rollback_data": {"investment_id": 5146180, "internal_id": 5240686}, "timestamp": "2025-11-03 13:06:24"}
2025-11-03 13:06:24 - urllib3.connectionpool - DEBUG - https://pmservice.tdilatam.com:8043 "PATCH /ppm/rest/v1/custTdiInvBacklogs/5146180/tasks/5240686 HTTP/1.1" 200 140
2025-11-03 13:06:24 - SyncDeskManager - INFO - ✅ Ticket 32110 actualizado exitosamente
2025-11-03 13:06:24 - SyncDeskManager - INFO - TRANSACTION_UPDATE - SYNC_STATES_20251103_130459 - Ticket 32110: {"ticket_id": "32110", "estado": "SUCCESS", "timestamp_actualizacion": "2025-11-03 13:06:24"}
2025-11-03 13:06:24 - SyncDeskManager - INFO - TRANSACTION_CHANGE - SYNC_STATES_20251103_130459: {"ticket_id": "32114", "system": "CLARITY", "field": "p_tdi_estado_freshdesk", "old_value": "Resuelto", "new_value": "Cerrada", "freshdesk_estado_original": "Closed", "estado": "PENDING", "rollback_data": {"investment_id": 5073088, "internal_id": 5240650}, "timestamp": "2025-11-03 13:06:24"}
2025-11-03 13:06:24 - urllib3.connectionpool - DEBUG - https://pmservice.tdilatam.com:8043 "PATCH /ppm/rest/v1/custTdiInvBacklogs/5073088/tasks/5240650 HTTP/1.1" 200 140
2025-11-03 13:06:24 - SyncDeskManager - INFO - ✅ Ticket 32114 actualizado exitosamente
2025-11-03 13:06:24 - SyncDeskManager - INFO - TRANSACTION_UPDATE - SYNC_STATES_20251103_130459 - Ticket 32114: {"ticket_id": "32114", "estado": "SUCCESS", "timestamp_actualizacion": "2025-11-03 13:06:24"}
2025-11-03 13:06:24 - SyncDeskManager - INFO - TRANSACTION_CHANGE - SYNC_STATES_20251103_130459: {"ticket_id": "32115", "system": "CLARITY", "field": "p_tdi_estado_freshdesk", "old_value": "Abierta", "new_value": "Cerrada", "freshdesk_estado_original": "Closed", "estado": "PENDING", "rollback_data": {"investment_id": 5146180, "internal_id": 5240651}, "timestamp": "2025-11-03 13:06:24"}
2025-11-03 13:06:25 - urllib3.connectionpool - DEBUG - https://pmservice.tdilatam.com:8043 "PATCH /ppm/rest/v1/custTdiInvBacklogs/5146180/tasks/5240651 HTTP/1.1" 200 140
2025-11-03 13:06:25 - SyncDeskManager - INFO - ✅ Ticket 32115 actualizado exitosamente
2025-11-03 13:06:25 - SyncDeskManager - INFO - TRANSACTION_UPDATE - SYNC_STATES_20251103_130459 - Ticket 32115: {"ticket_id": "32115", "estado": "SUCCESS", "timestamp_actualizacion": "2025-11-03 13:06:25"}
2025-11-03 13:06:25 - SyncDeskManager - INFO - TRANSACTION_CHANGE - SYNC_STATES_20251103_130459: {"ticket_id": "32117", "system": "CLARITY", "field": "p_tdi_estado_freshdesk", "old_value": "En evaluaci\u00f3n", "new_value": "Esperando al cliente", "freshdesk_estado_original": "Esperando al cliente", "estado": "PENDING", "rollback_data": {"investment_id": 5073088, "internal_id": 5240655}, "timestamp": "2025-11-03 13:06:25"}
2025-11-03 13:06:25 - urllib3.connectionpool - DEBUG - https://pmservice.tdilatam.com:8043 "PATCH /ppm/rest/v1/custTdiInvBacklogs/5073088/tasks/5240655 HTTP/1.1" 400 183
2025-11-03 13:06:25 - urllib3.connectionpool - DEBUG - Resetting dropped connection: pmservice.tdilatam.com
2025-11-03 13:06:25 - urllib3.connectionpool - DEBUG - https://pmservice.tdilatam.com:8043 "PUT /ppm/rest/v1/custTdiInvBacklogs/5073088/tasks/5240655 HTTP/1.1" 400 167
2025-11-03 13:06:25 - SyncDeskManager - WARNING - ❌ Error actualizando ticket 32117: Error en la API - HTTP 400 (posiblemente datos inválidos)
2025-11-03 13:06:25 - SyncDeskManager - INFO - TRANSACTION_UPDATE - SYNC_STATES_20251103_130459 - Ticket 32117: {"ticket_id": "32117", "estado": "FAILED", "timestamp_actualizacion": "2025-11-03 13:06:25", "error": "Error en la API - HTTP 400 (posiblemente datos inv\u00e1lidos)"}
2025-11-03 13:06:25 - SyncDeskManager - INFO - TRANSACTION_CHANGE - SYNC_STATES_20251103_130459: {"ticket_id": "32118", "system": "CLARITY", "field": "p_tdi_estado_freshdesk", "old_value": "Abierta", "new_value": "Cerrada", "freshdesk_estado_original": "Closed", "estado": "PENDING", "rollback_data": {"investment_id": 5073108, "internal_id": 5240656}, "timestamp": "2025-11-03 13:06:25"}
2025-11-03 13:06:25 - urllib3.connectionpool - DEBUG - Resetting dropped connection: pmservice.tdilatam.com
2025-11-03 13:06:26 - urllib3.connectionpool - DEBUG - https://pmservice.tdilatam.com:8043 "PATCH /ppm/rest/v1/custTdiInvBacklogs/5073108/tasks/5240656 HTTP/1.1" 200 140
2025-11-03 13:06:26 - SyncDeskManager - INFO - ✅ Ticket 32118 actualizado exitosamente
2025-11-03 13:06:26 - SyncDeskManager - INFO - TRANSACTION_UPDATE - SYNC_STATES_20251103_130459 - Ticket 32118: {"ticket_id": "32118", "estado": "SUCCESS", "timestamp_actualizacion": "2025-11-03 13:06:26"}
2025-11-03 13:06:26 - SyncDeskManager - INFO - TRANSACTION_CHANGE - SYNC_STATES_20251103_130459: {"ticket_id": "32120", "system": "CLARITY", "field": "p_tdi_estado_freshdesk", "old_value": "Abierta", "new_value": "Cerrada", "freshdesk_estado_original": "Closed", "estado": "PENDING", "rollback_data": {"investment_id": 5073108, "internal_id": 5240657}, "timestamp": "2025-11-03 13:06:26"}
2025-11-03 13:06:26 - urllib3.connectionpool - DEBUG - https://pmservice.tdilatam.com:8043 "PATCH /ppm/rest/v1/custTdiInvBacklogs/5073108/tasks/5240657 HTTP/1.1" 200 140
2025-11-03 13:06:26 - SyncDeskManager - INFO - ✅ Ticket 32120 actualizado exitosamente
2025-11-03 13:06:26 - SyncDeskManager - INFO - TRANSACTION_UPDATE - SYNC_STATES_20251103_130459 - Ticket 32120: {"ticket_id": "32120", "estado": "SUCCESS", "timestamp_actualizacion": "2025-11-03 13:06:26"}
2025-11-03 13:06:26 - SyncDeskManager - INFO - TRANSACTION_CHANGE - SYNC_STATES_20251103_130459: {"ticket_id": "32121", "system": "CLARITY", "field": "p_tdi_estado_freshdesk", "old_value": "En evaluaci\u00f3n", "new_value": "Esperando al cliente", "freshdesk_estado_original": "Esperando al cliente", "estado": "PENDING", "rollback_data": {"investment_id": 5073088, "internal_id": 5240670}, "timestamp": "2025-11-03 13:06:26"}
2025-11-03 13:06:26 - urllib3.connectionpool - DEBUG - https://pmservice.tdilatam.com:8043 "PATCH /ppm/rest/v1/custTdiInvBacklogs/5073088/tasks/5240670 HTTP/1.1" 400 183
2025-11-03 13:06:26 - urllib3.connectionpool - DEBUG - Resetting dropped connection: pmservice.tdilatam.com
2025-11-03 13:06:26 - urllib3.connectionpool - DEBUG - https://pmservice.tdilatam.com:8043 "PUT /ppm/rest/v1/custTdiInvBacklogs/5073088/tasks/5240670 HTTP/1.1" 400 167
2025-11-03 13:06:27 - SyncDeskManager - WARNING - ❌ Error actualizando ticket 32121: Error en la API - HTTP 400 (posiblemente datos inválidos)
2025-11-03 13:06:27 - SyncDeskManager - INFO - TRANSACTION_UPDATE - SYNC_STATES_20251103_130459 - Ticket 32121: {"ticket_id": "32121", "estado": "FAILED", "timestamp_actualizacion": "2025-11-03 13:06:27", "error": "Error en la API - HTTP 400 (posiblemente datos inv\u00e1lidos)"}
2025-11-03 13:06:27 - SyncDeskManager - INFO - TRANSACTION_CHANGE - SYNC_STATES_20251103_130459: {"ticket_id": "32122", "system": "CLARITY", "field": "p_tdi_estado_freshdesk", "old_value": "Esperando al cliente", "new_value": "Cerrada", "freshdesk_estado_original": "Closed", "estado": "PENDING", "rollback_data": {"investment_id": 5073078, "internal_id": 5240671}, "timestamp": "2025-11-03 13:06:27"}
2025-11-03 13:06:27 - urllib3.connectionpool - DEBUG - Resetting dropped connection: pmservice.tdilatam.com
2025-11-03 13:06:27 - urllib3.connectionpool - DEBUG - https://pmservice.tdilatam.com:8043 "PATCH /ppm/rest/v1/custTdiInvBacklogs/5073078/tasks/5240671 HTTP/1.1" 200 140
2025-11-03 13:06:27 - SyncDeskManager - INFO - ✅ Ticket 32122 actualizado exitosamente
2025-11-03 13:06:27 - SyncDeskManager - INFO - TRANSACTION_UPDATE - SYNC_STATES_20251103_130459 - Ticket 32122: {"ticket_id": "32122", "estado": "SUCCESS", "timestamp_actualizacion": "2025-11-03 13:06:27"}
2025-11-03 13:06:27 - SyncDeskManager - INFO - TRANSACTION_CHANGE - SYNC_STATES_20251103_130459: {"ticket_id": "32123", "system": "CLARITY", "field": "p_tdi_estado_freshdesk", "old_value": "En evaluaci\u00f3n", "new_value": "Esperando al cliente", "freshdesk_estado_original": "Esperando al cliente", "estado": "PENDING", "rollback_data": {"investment_id": 5073088, "internal_id": 5240672}, "timestamp": "2025-11-03 13:06:27"}
2025-11-03 13:06:27 - urllib3.connectionpool - DEBUG - https://pmservice.tdilatam.com:8043 "PATCH /ppm/rest/v1/custTdiInvBacklogs/5073088/tasks/5240672 HTTP/1.1" 400 183
2025-11-03 13:06:27 - urllib3.connectionpool - DEBUG - Resetting dropped connection: pmservice.tdilatam.com
2025-11-03 13:06:28 - urllib3.connectionpool - DEBUG - https://pmservice.tdilatam.com:8043 "PUT /ppm/rest/v1/custTdiInvBacklogs/5073088/tasks/5240672 HTTP/1.1" 400 168
2025-11-03 13:06:28 - SyncDeskManager - WARNING - ❌ Error actualizando ticket 32123: Error en la API - HTTP 400 (posiblemente datos inválidos)
2025-11-03 13:06:28 - SyncDeskManager - INFO - TRANSACTION_UPDATE - SYNC_STATES_20251103_130459 - Ticket 32123: {"ticket_id": "32123", "estado": "FAILED", "timestamp_actualizacion": "2025-11-03 13:06:28", "error": "Error en la API - HTTP 400 (posiblemente datos inv\u00e1lidos)"}
2025-11-03 13:06:28 - SyncDeskManager - INFO - TRANSACTION_CHANGE - SYNC_STATES_20251103_130459: {"ticket_id": "32125", "system": "CLARITY", "field": "p_tdi_estado_freshdesk", "old_value": "En evaluaci\u00f3n", "new_value": "Cerrada", "freshdesk_estado_original": "Closed", "estado": "PENDING", "rollback_data": {"investment_id": 5073088, "internal_id": 5240674}, "timestamp": "2025-11-03 13:06:28"}
2025-11-03 13:06:28 - urllib3.connectionpool - DEBUG - Resetting dropped connection: pmservice.tdilatam.com
2025-11-03 13:06:28 - urllib3.connectionpool - DEBUG - https://pmservice.tdilatam.com:8043 "PATCH /ppm/rest/v1/custTdiInvBacklogs/5073088/tasks/5240674 HTTP/1.1" 200 140
2025-11-03 13:06:28 - SyncDeskManager - INFO - ✅ Ticket 32125 actualizado exitosamente
2025-11-03 13:06:28 - SyncDeskManager - INFO - TRANSACTION_UPDATE - SYNC_STATES_20251103_130459 - Ticket 32125: {"ticket_id": "32125", "estado": "SUCCESS", "timestamp_actualizacion": "2025-11-03 13:06:28"}
2025-11-03 13:06:28 - SyncDeskManager - INFO - TRANSACTION_CHANGE - SYNC_STATES_20251103_130459: {"ticket_id": "32126", "system": "CLARITY", "field": "p_tdi_estado_freshdesk", "old_value": "Esperando al cliente", "new_value": "Cerrada", "freshdesk_estado_original": "Closed", "estado": "PENDING", "rollback_data": {"investment_id": 5075109, "internal_id": 5240676}, "timestamp": "2025-11-03 13:06:28"}
2025-11-03 13:06:29 - urllib3.connectionpool - DEBUG - https://pmservice.tdilatam.com:8043 "PATCH /ppm/rest/v1/custTdiInvBacklogs/5075109/tasks/5240676 HTTP/1.1" 200 140
2025-11-03 13:06:29 - SyncDeskManager - INFO - ✅ Ticket 32126 actualizado exitosamente
2025-11-03 13:06:29 - SyncDeskManager - INFO - TRANSACTION_UPDATE - SYNC_STATES_20251103_130459 - Ticket 32126: {"ticket_id": "32126", "estado": "SUCCESS", "timestamp_actualizacion": "2025-11-03 13:06:29"}
2025-11-03 13:06:29 - SyncDeskManager - INFO - TRANSACTION_CHANGE - SYNC_STATES_20251103_130459: {"ticket_id": "32128", "system": "CLARITY", "field": "p_tdi_estado_freshdesk", "old_value": "Esperando al cliente", "new_value": "Cerrada", "freshdesk_estado_original": "Closed", "estado": "PENDING", "rollback_data": {"investment_id": 5074093, "internal_id": 5240677}, "timestamp": "2025-11-03 13:06:29"}
2025-11-03 13:06:29 - urllib3.connectionpool - DEBUG - https://pmservice.tdilatam.com:8043 "PATCH /ppm/rest/v1/custTdiInvBacklogs/5074093/tasks/5240677 HTTP/1.1" 200 140
2025-11-03 13:06:29 - SyncDeskManager - INFO - ✅ Ticket 32128 actualizado exitosamente
2025-11-03 13:06:29 - SyncDeskManager - INFO - TRANSACTION_UPDATE - SYNC_STATES_20251103_130459 - Ticket 32128: {"ticket_id": "32128", "estado": "SUCCESS", "timestamp_actualizacion": "2025-11-03 13:06:29"}
2025-11-03 13:06:29 - SyncDeskManager - INFO - TRANSACTION_CHANGE - SYNC_STATES_20251103_130459: {"ticket_id": "32129", "system": "CLARITY", "field": "p_tdi_estado_freshdesk", "old_value": "Resuelto", "new_value": "Cerrada", "freshdesk_estado_original": "Closed", "estado": "PENDING", "rollback_data": {"investment_id": 5073092, "internal_id": 5240678}, "timestamp": "2025-11-03 13:06:29"}
2025-11-03 13:06:30 - urllib3.connectionpool - DEBUG - https://pmservice.tdilatam.com:8043 "PATCH /ppm/rest/v1/custTdiInvBacklogs/5073092/tasks/5240678 HTTP/1.1" 200 141
2025-11-03 13:06:30 - SyncDeskManager - INFO - ✅ Ticket 32129 actualizado exitosamente
2025-11-03 13:06:30 - SyncDeskManager - INFO - TRANSACTION_UPDATE - SYNC_STATES_20251103_130459 - Ticket 32129: {"ticket_id": "32129", "estado": "SUCCESS", "timestamp_actualizacion": "2025-11-03 13:06:30"}
2025-11-03 13:06:30 - SyncDeskManager - INFO - TRANSACTION_CHANGE - SYNC_STATES_20251103_130459: {"ticket_id": "32130", "system": "CLARITY", "field": "p_tdi_estado_freshdesk", "old_value": "Resuelto", "new_value": "Cerrada", "freshdesk_estado_original": "Closed", "estado": "PENDING", "rollback_data": {"investment_id": 5073092, "internal_id": 5240679}, "timestamp": "2025-11-03 13:06:30"}
2025-11-03 13:06:30 - urllib3.connectionpool - DEBUG - https://pmservice.tdilatam.com:8043 "PATCH /ppm/rest/v1/custTdiInvBacklogs/5073092/tasks/5240679 HTTP/1.1" 200 141
2025-11-03 13:06:30 - SyncDeskManager - INFO - ✅ Ticket 32130 actualizado exitosamente
2025-11-03 13:06:30 - SyncDeskManager - INFO - TRANSACTION_UPDATE - SYNC_STATES_20251103_130459 - Ticket 32130: {"ticket_id": "32130", "estado": "SUCCESS", "timestamp_actualizacion": "2025-11-03 13:06:30"}
2025-11-03 13:06:30 - SyncDeskManager - INFO - TRANSACTION_CHANGE - SYNC_STATES_20251103_130459: {"ticket_id": "32144", "system": "CLARITY", "field": "p_tdi_estado_freshdesk", "old_value": "En progreso", "new_value": "Cerrada", "freshdesk_estado_original": "Closed", "estado": "PENDING", "rollback_data": {"investment_id": 5073108, "internal_id": 5240685}, "timestamp": "2025-11-03 13:06:30"}
2025-11-03 13:06:30 - urllib3.connectionpool - DEBUG - https://pmservice.tdilatam.com:8043 "PATCH /ppm/rest/v1/custTdiInvBacklogs/5073108/tasks/5240685 HTTP/1.1" 200 140
2025-11-03 13:06:30 - SyncDeskManager - INFO - ✅ Ticket 32144 actualizado exitosamente
2025-11-03 13:06:30 - SyncDeskManager - INFO - TRANSACTION_UPDATE - SYNC_STATES_20251103_130459 - Ticket 32144: {"ticket_id": "32144", "estado": "SUCCESS", "timestamp_actualizacion": "2025-11-03 13:06:30"}
2025-11-03 13:06:30 - SyncDeskManager - INFO - TRANSACTION_CHANGE - SYNC_STATES_20251103_130459: {"ticket_id": "32155", "system": "CLARITY", "field": "p_tdi_estado_freshdesk", "old_value": "Resuelto", "new_value": "Cerrada", "freshdesk_estado_original": "Closed", "estado": "PENDING", "rollback_data": {"investment_id": 5146180, "internal_id": 5240700}, "timestamp": "2025-11-03 13:06:30"}
2025-11-03 13:06:31 - urllib3.connectionpool - DEBUG - https://pmservice.tdilatam.com:8043 "PATCH /ppm/rest/v1/custTdiInvBacklogs/5146180/tasks/5240700 HTTP/1.1" 200 140
2025-11-03 13:06:31 - SyncDeskManager - INFO - ✅ Ticket 32155 actualizado exitosamente
2025-11-03 13:06:31 - SyncDeskManager - INFO - TRANSACTION_UPDATE - SYNC_STATES_20251103_130459 - Ticket 32155: {"ticket_id": "32155", "estado": "SUCCESS", "timestamp_actualizacion": "2025-11-03 13:06:31"}
2025-11-03 13:06:31 - SyncDeskManager - INFO - TRANSACTION_CHANGE - SYNC_STATES_20251103_130459: {"ticket_id": "32157", "system": "CLARITY", "field": "p_tdi_estado_freshdesk", "old_value": "En progreso", "new_value": "Cerrada", "freshdesk_estado_original": "Closed", "estado": "PENDING", "rollback_data": {"investment_id": 5073108, "internal_id": 5240702}, "timestamp": "2025-11-03 13:06:31"}
2025-11-03 13:06:31 - urllib3.connectionpool - DEBUG - https://pmservice.tdilatam.com:8043 "PATCH /ppm/rest/v1/custTdiInvBacklogs/5073108/tasks/5240702 HTTP/1.1" 200 140
2025-11-03 13:06:31 - SyncDeskManager - INFO - ✅ Ticket 32157 actualizado exitosamente
2025-11-03 13:06:31 - SyncDeskManager - INFO - TRANSACTION_UPDATE - SYNC_STATES_20251103_130459 - Ticket 32157: {"ticket_id": "32157", "estado": "SUCCESS", "timestamp_actualizacion": "2025-11-03 13:06:31"}
2025-11-03 13:06:31 - SyncDeskManager - INFO - TRANSACTION_CHANGE - SYNC_STATES_20251103_130459: {"ticket_id": "32158", "system": "CLARITY", "field": "p_tdi_estado_freshdesk", "old_value": "En progreso", "new_value": "Cerrada", "freshdesk_estado_original": "Closed", "estado": "PENDING", "rollback_data": {"investment_id": 5073108, "internal_id": 5240703}, "timestamp": "2025-11-03 13:06:31"}
2025-11-03 13:06:31 - urllib3.connectionpool - DEBUG - https://pmservice.tdilatam.com:8043 "PATCH /ppm/rest/v1/custTdiInvBacklogs/5073108/tasks/5240703 HTTP/1.1" 200 140
2025-11-03 13:06:31 - SyncDeskManager - INFO - ✅ Ticket 32158 actualizado exitosamente
2025-11-03 13:06:31 - SyncDeskManager - INFO - TRANSACTION_UPDATE - SYNC_STATES_20251103_130459 - Ticket 32158: {"ticket_id": "32158", "estado": "SUCCESS", "timestamp_actualizacion": "2025-11-03 13:06:31"}
2025-11-03 13:06:31 - SyncDeskManager - INFO - TRANSACTION_CHANGE - SYNC_STATES_20251103_130459: {"ticket_id": "32159", "system": "CLARITY", "field": "p_tdi_estado_freshdesk", "old_value": "Resuelto", "new_value": "Cerrada", "freshdesk_estado_original": "Closed", "estado": "PENDING", "rollback_data": {"investment_id": 5146180, "internal_id": 5240704}, "timestamp": "2025-11-03 13:06:31"}
2025-11-03 13:06:31 - urllib3.connectionpool - DEBUG - https://pmservice.tdilatam.com:8043 "PATCH /ppm/rest/v1/custTdiInvBacklogs/5146180/tasks/5240704 HTTP/1.1" 200 140
2025-11-03 13:06:31 - SyncDeskManager - INFO - ✅ Ticket 32159 actualizado exitosamente
2025-11-03 13:06:31 - SyncDeskManager - INFO - TRANSACTION_UPDATE - SYNC_STATES_20251103_130459 - Ticket 32159: {"ticket_id": "32159", "estado": "SUCCESS", "timestamp_actualizacion": "2025-11-03 13:06:31"}
2025-11-03 13:06:31 - SyncDeskManager - INFO - TRANSACTION_CHANGE - SYNC_STATES_20251103_130459: {"ticket_id": "32160", "system": "CLARITY", "field": "p_tdi_estado_freshdesk", "old_value": "En progreso", "new_value": "Cerrada", "freshdesk_estado_original": "Closed", "estado": "PENDING", "rollback_data": {"investment_id": 5176184, "internal_id": 5240706}, "timestamp": "2025-11-03 13:06:31"}
2025-11-03 13:06:32 - urllib3.connectionpool - DEBUG - https://pmservice.tdilatam.com:8043 "PATCH /ppm/rest/v1/custTdiInvBacklogs/5176184/tasks/5240706 HTTP/1.1" 200 141
2025-11-03 13:06:32 - SyncDeskManager - INFO - ✅ Ticket 32160 actualizado exitosamente
2025-11-03 13:06:32 - SyncDeskManager - INFO - TRANSACTION_UPDATE - SYNC_STATES_20251103_130459 - Ticket 32160: {"ticket_id": "32160", "estado": "SUCCESS", "timestamp_actualizacion": "2025-11-03 13:06:32"}
2025-11-03 13:06:32 - SyncDeskManager - INFO - TRANSACTION_CHANGE - SYNC_STATES_20251103_130459: {"ticket_id": "32161", "system": "CLARITY", "field": "p_tdi_estado_freshdesk", "old_value": "Abierta", "new_value": "Cerrada", "freshdesk_estado_original": "Closed", "estado": "PENDING", "rollback_data": {"investment_id": 5073108, "internal_id": 5240705}, "timestamp": "2025-11-03 13:06:32"}
2025-11-03 13:06:32 - urllib3.connectionpool - DEBUG - https://pmservice.tdilatam.com:8043 "PATCH /ppm/rest/v1/custTdiInvBacklogs/5073108/tasks/5240705 HTTP/1.1" 200 140
2025-11-03 13:06:32 - SyncDeskManager - INFO - ✅ Ticket 32161 actualizado exitosamente
2025-11-03 13:06:32 - SyncDeskManager - INFO - TRANSACTION_UPDATE - SYNC_STATES_20251103_130459 - Ticket 32161: {"ticket_id": "32161", "estado": "SUCCESS", "timestamp_actualizacion": "2025-11-03 13:06:32"}
2025-11-03 13:06:32 - SyncDeskManager - INFO - TRANSACTION_CHANGE - SYNC_STATES_20251103_130459: {"ticket_id": "32162", "system": "CLARITY", "field": "p_tdi_estado_freshdesk", "old_value": "Esperando al cliente", "new_value": "Cerrada", "freshdesk_estado_original": "Closed", "estado": "PENDING", "rollback_data": {"investment_id": 5074096, "internal_id": 5240708}, "timestamp": "2025-11-03 13:06:32"}
2025-11-03 13:06:32 - urllib3.connectionpool - DEBUG - https://pmservice.tdilatam.com:8043 "PATCH /ppm/rest/v1/custTdiInvBacklogs/5074096/tasks/5240708 HTTP/1.1" 200 140
2025-11-03 13:06:32 - SyncDeskManager - INFO - ✅ Ticket 32162 actualizado exitosamente
2025-11-03 13:06:32 - SyncDeskManager - INFO - TRANSACTION_UPDATE - SYNC_STATES_20251103_130459 - Ticket 32162: {"ticket_id": "32162", "estado": "SUCCESS", "timestamp_actualizacion": "2025-11-03 13:06:32"}
2025-11-03 13:06:32 - SyncDeskManager - INFO - TRANSACTION_CHANGE - SYNC_STATES_20251103_130459: {"ticket_id": "32173", "system": "CLARITY", "field": "p_tdi_estado_freshdesk", "old_value": "Esperando al cliente", "new_value": "Cerrada", "freshdesk_estado_original": "Closed", "estado": "PENDING", "rollback_data": {"investment_id": 5073078, "internal_id": 5240718}, "timestamp": "2025-11-03 13:06:32"}
2025-11-03 13:06:32 - urllib3.connectionpool - DEBUG - https://pmservice.tdilatam.com:8043 "PATCH /ppm/rest/v1/custTdiInvBacklogs/5073078/tasks/5240718 HTTP/1.1" 200 140
2025-11-03 13:06:32 - SyncDeskManager - INFO - ✅ Ticket 32173 actualizado exitosamente
2025-11-03 13:06:32 - SyncDeskManager - INFO - TRANSACTION_UPDATE - SYNC_STATES_20251103_130459 - Ticket 32173: {"ticket_id": "32173", "estado": "SUCCESS", "timestamp_actualizacion": "2025-11-03 13:06:32"}
2025-11-03 13:06:32 - SyncDeskManager - INFO - TRANSACTION_CHANGE - SYNC_STATES_20251103_130459: {"ticket_id": "32174", "system": "CLARITY", "field": "p_tdi_estado_freshdesk", "old_value": "En progreso", "new_value": "Cerrada", "freshdesk_estado_original": "Closed", "estado": "PENDING", "rollback_data": {"investment_id": 5073086, "internal_id": 5240719}, "timestamp": "2025-11-03 13:06:32"}
2025-11-03 13:06:32 - urllib3.connectionpool - DEBUG - https://pmservice.tdilatam.com:8043 "PATCH /ppm/rest/v1/custTdiInvBacklogs/5073086/tasks/5240719 HTTP/1.1" 200 141
2025-11-03 13:06:32 - SyncDeskManager - INFO - ✅ Ticket 32174 actualizado exitosamente
2025-11-03 13:06:32 - SyncDeskManager - INFO - TRANSACTION_UPDATE - SYNC_STATES_20251103_130459 - Ticket 32174: {"ticket_id": "32174", "estado": "SUCCESS", "timestamp_actualizacion": "2025-11-03 13:06:32"}
2025-11-03 13:06:32 - SyncDeskManager - INFO - TRANSACTION_CHANGE - SYNC_STATES_20251103_130459: {"ticket_id": "32177", "system": "CLARITY", "field": "p_tdi_estado_freshdesk", "old_value": "Derivado al Fabricante", "new_value": "Cerrada", "freshdesk_estado_original": "Closed", "estado": "PENDING", "rollback_data": {"investment_id": 5073105, "internal_id": 5240722}, "timestamp": "2025-11-03 13:06:32"}
2025-11-03 13:06:32 - urllib3.connectionpool - DEBUG - https://pmservice.tdilatam.com:8043 "PATCH /ppm/rest/v1/custTdiInvBacklogs/5073105/tasks/5240722 HTTP/1.1" 200 141
2025-11-03 13:06:32 - SyncDeskManager - INFO - ✅ Ticket 32177 actualizado exitosamente
2025-11-03 13:06:32 - SyncDeskManager - INFO - TRANSACTION_UPDATE - SYNC_STATES_20251103_130459 - Ticket 32177: {"ticket_id": "32177", "estado": "SUCCESS", "timestamp_actualizacion": "2025-11-03 13:06:32"}
2025-11-03 13:06:32 - SyncDeskManager - INFO - TRANSACTION_CHANGE - SYNC_STATES_20251103_130459: {"ticket_id": "32179", "system": "CLARITY", "field": "p_tdi_estado_freshdesk", "old_value": "Resuelto", "new_value": "Cerrada", "freshdesk_estado_original": "Closed", "estado": "PENDING", "rollback_data": {"investment_id": 5075113, "internal_id": 5240723}, "timestamp": "2025-11-03 13:06:32"}
2025-11-03 13:06:33 - urllib3.connectionpool - DEBUG - https://pmservice.tdilatam.com:8043 "PATCH /ppm/rest/v1/custTdiInvBacklogs/5075113/tasks/5240723 HTTP/1.1" 200 140
2025-11-03 13:06:33 - SyncDeskManager - INFO - ✅ Ticket 32179 actualizado exitosamente
2025-11-03 13:06:33 - SyncDeskManager - INFO - TRANSACTION_UPDATE - SYNC_STATES_20251103_130459 - Ticket 32179: {"ticket_id": "32179", "estado": "SUCCESS", "timestamp_actualizacion": "2025-11-03 13:06:33"}
2025-11-03 13:06:33 - SyncDeskManager - INFO - TRANSACTION_CHANGE - SYNC_STATES_20251103_130459: {"ticket_id": "32183", "system": "CLARITY", "field": "p_tdi_estado_freshdesk", "old_value": "Abierta", "new_value": "Cerrada", "freshdesk_estado_original": "Closed", "estado": "PENDING", "rollback_data": {"investment_id": 5073108, "internal_id": 5240727}, "timestamp": "2025-11-03 13:06:33"}
2025-11-03 13:06:33 - urllib3.connectionpool - DEBUG - https://pmservice.tdilatam.com:8043 "PATCH /ppm/rest/v1/custTdiInvBacklogs/5073108/tasks/5240727 HTTP/1.1" 200 140
2025-11-03 13:06:33 - SyncDeskManager - INFO - ✅ Ticket 32183 actualizado exitosamente
2025-11-03 13:06:33 - SyncDeskManager - INFO - TRANSACTION_UPDATE - SYNC_STATES_20251103_130459 - Ticket 32183: {"ticket_id": "32183", "estado": "SUCCESS", "timestamp_actualizacion": "2025-11-03 13:06:33"}
2025-11-03 13:06:33 - SyncDeskManager - INFO - TRANSACTION_CHANGE - SYNC_STATES_20251103_130459: {"ticket_id": "32184", "system": "CLARITY", "field": "p_tdi_estado_freshdesk", "old_value": "Abierta", "new_value": "Cerrada", "freshdesk_estado_original": "Closed", "estado": "PENDING", "rollback_data": {"investment_id": 5074093, "internal_id": 5240728}, "timestamp": "2025-11-03 13:06:33"}
2025-11-03 13:06:33 - urllib3.connectionpool - DEBUG - https://pmservice.tdilatam.com:8043 "PATCH /ppm/rest/v1/custTdiInvBacklogs/5074093/tasks/5240728 HTTP/1.1" 200 140
2025-11-03 13:06:33 - SyncDeskManager - INFO - ✅ Ticket 32184 actualizado exitosamente
2025-11-03 13:06:33 - SyncDeskManager - INFO - TRANSACTION_UPDATE - SYNC_STATES_20251103_130459 - Ticket 32184: {"ticket_id": "32184", "estado": "SUCCESS", "timestamp_actualizacion": "2025-11-03 13:06:33"}
2025-11-03 13:06:33 - SyncDeskManager - INFO - TRANSACTION_CHANGE - SYNC_STATES_20251103_130459: {"ticket_id": "32188", "system": "CLARITY", "field": "p_tdi_estado_freshdesk", "old_value": "Derivado al Fabricante", "new_value": "Cerrada", "freshdesk_estado_original": "Closed", "estado": "PENDING", "rollback_data": {"investment_id": 5073087, "internal_id": 5240733}, "timestamp": "2025-11-03 13:06:33"}
2025-11-03 13:06:33 - urllib3.connectionpool - DEBUG - https://pmservice.tdilatam.com:8043 "PATCH /ppm/rest/v1/custTdiInvBacklogs/5073087/tasks/5240733 HTTP/1.1" 200 139
2025-11-03 13:06:33 - SyncDeskManager - INFO - ✅ Ticket 32188 actualizado exitosamente
2025-11-03 13:06:33 - SyncDeskManager - INFO - TRANSACTION_UPDATE - SYNC_STATES_20251103_130459 - Ticket 32188: {"ticket_id": "32188", "estado": "SUCCESS", "timestamp_actualizacion": "2025-11-03 13:06:33"}
2025-11-03 13:06:33 - SyncDeskManager - INFO - TRANSACTION_CHANGE - SYNC_STATES_20251103_130459: {"ticket_id": "32192", "system": "CLARITY", "field": "p_tdi_estado_freshdesk", "old_value": "Abierta", "new_value": "Cerrada", "freshdesk_estado_original": "Closed", "estado": "PENDING", "rollback_data": {"investment_id": 5073111, "internal_id": 5240735}, "timestamp": "2025-11-03 13:06:33"}
2025-11-03 13:06:48 - urllib3.connectionpool - DEBUG - https://pmservice.tdilatam.com:8043 "PATCH /ppm/rest/v1/custTdiInvBacklogs/5073111/tasks/5240735 HTTP/1.1" 400 198
2025-11-03 13:06:48 - urllib3.connectionpool - DEBUG - Resetting dropped connection: pmservice.tdilatam.com
2025-11-03 13:06:49 - urllib3.connectionpool - DEBUG - https://pmservice.tdilatam.com:8043 "PUT /ppm/rest/v1/custTdiInvBacklogs/5073111/tasks/5240735 HTTP/1.1" 400 168
2025-11-03 13:06:49 - SyncDeskManager - WARNING - ❌ Error actualizando ticket 32192: Error en la API - HTTP 400 (posiblemente datos inválidos)
2025-11-03 13:06:49 - SyncDeskManager - INFO - TRANSACTION_UPDATE - SYNC_STATES_20251103_130459 - Ticket 32192: {"ticket_id": "32192", "estado": "FAILED", "timestamp_actualizacion": "2025-11-03 13:06:49", "error": "Error en la API - HTTP 400 (posiblemente datos inv\u00e1lidos)"}
2025-11-03 13:06:49 - SyncDeskManager - INFO - TRANSACTION_CHANGE - SYNC_STATES_20251103_130459: {"ticket_id": "32193", "system": "CLARITY", "field": "p_tdi_estado_freshdesk", "old_value": "Resuelto", "new_value": "Cerrada", "freshdesk_estado_original": "Closed", "estado": "PENDING", "rollback_data": {"investment_id": 5073092, "internal_id": 5240736}, "timestamp": "2025-11-03 13:06:49"}
2025-11-03 13:06:49 - urllib3.connectionpool - DEBUG - Resetting dropped connection: pmservice.tdilatam.com
2025-11-03 13:06:49 - urllib3.connectionpool - DEBUG - https://pmservice.tdilatam.com:8043 "PATCH /ppm/rest/v1/custTdiInvBacklogs/5073092/tasks/5240736 HTTP/1.1" 200 140
2025-11-03 13:06:49 - SyncDeskManager - INFO - ✅ Ticket 32193 actualizado exitosamente
2025-11-03 13:06:49 - SyncDeskManager - INFO - TRANSACTION_UPDATE - SYNC_STATES_20251103_130459 - Ticket 32193: {"ticket_id": "32193", "estado": "SUCCESS", "timestamp_actualizacion": "2025-11-03 13:06:49"}
2025-11-03 13:06:49 - SyncDeskManager - INFO - TRANSACTION_CHANGE - SYNC_STATES_20251103_130459: {"ticket_id": "32204", "system": "CLARITY", "field": "p_tdi_estado_freshdesk", "old_value": "Abierta", "new_value": "Cerrada", "freshdesk_estado_original": "Closed", "estado": "PENDING", "rollback_data": {"investment_id": 5146180, "internal_id": 5240747}, "timestamp": "2025-11-03 13:06:49"}
2025-11-03 13:06:50 - urllib3.connectionpool - DEBUG - https://pmservice.tdilatam.com:8043 "PATCH /ppm/rest/v1/custTdiInvBacklogs/5146180/tasks/5240747 HTTP/1.1" 200 140
2025-11-03 13:06:50 - SyncDeskManager - INFO - ✅ Ticket 32204 actualizado exitosamente
2025-11-03 13:06:50 - SyncDeskManager - INFO - TRANSACTION_UPDATE - SYNC_STATES_20251103_130459 - Ticket 32204: {"ticket_id": "32204", "estado": "SUCCESS", "timestamp_actualizacion": "2025-11-03 13:06:50"}
2025-11-03 13:06:50 - SyncDeskManager - INFO - TRANSACTION_CHANGE - SYNC_STATES_20251103_130459: {"ticket_id": "32213", "system": "CLARITY", "field": "p_tdi_estado_freshdesk", "old_value": "Resuelto", "new_value": "Cerrada", "freshdesk_estado_original": "Closed", "estado": "PENDING", "rollback_data": {"investment_id": 5073092, "internal_id": 5240756}, "timestamp": "2025-11-03 13:06:50"}
2025-11-03 13:06:50 - urllib3.connectionpool - DEBUG - https://pmservice.tdilatam.com:8043 "PATCH /ppm/rest/v1/custTdiInvBacklogs/5073092/tasks/5240756 HTTP/1.1" 200 140
2025-11-03 13:06:50 - SyncDeskManager - INFO - ✅ Ticket 32213 actualizado exitosamente
2025-11-03 13:06:50 - SyncDeskManager - INFO - TRANSACTION_UPDATE - SYNC_STATES_20251103_130459 - Ticket 32213: {"ticket_id": "32213", "estado": "SUCCESS", "timestamp_actualizacion": "2025-11-03 13:06:50"}
2025-11-03 13:06:50 - SyncDeskManager - INFO - TRANSACTION_CHANGE - SYNC_STATES_20251103_130459: {"ticket_id": "32214", "system": "CLARITY", "field": "p_tdi_estado_freshdesk", "old_value": "Abierta", "new_value": "Cerrada", "freshdesk_estado_original": "Closed", "estado": "PENDING", "rollback_data": {"investment_id": 5073111, "internal_id": 5240757}, "timestamp": "2025-11-03 13:06:50"}
2025-11-03 13:07:05 - urllib3.connectionpool - DEBUG - https://pmservice.tdilatam.com:8043 "PATCH /ppm/rest/v1/custTdiInvBacklogs/5073111/tasks/5240757 HTTP/1.1" 400 198
2025-11-03 13:07:05 - urllib3.connectionpool - DEBUG - Resetting dropped connection: pmservice.tdilatam.com
2025-11-03 13:07:06 - urllib3.connectionpool - DEBUG - https://pmservice.tdilatam.com:8043 "PUT /ppm/rest/v1/custTdiInvBacklogs/5073111/tasks/5240757 HTTP/1.1" 400 168
2025-11-03 13:07:06 - SyncDeskManager - WARNING - ❌ Error actualizando ticket 32214: Error en la API - HTTP 400 (posiblemente datos inválidos)
2025-11-03 13:07:06 - SyncDeskManager - INFO - TRANSACTION_UPDATE - SYNC_STATES_20251103_130459 - Ticket 32214: {"ticket_id": "32214", "estado": "FAILED", "timestamp_actualizacion": "2025-11-03 13:07:06", "error": "Error en la API - HTTP 400 (posiblemente datos inv\u00e1lidos)"}
2025-11-03 13:07:06 - SyncDeskManager - INFO - TRANSACTION_CHANGE - SYNC_STATES_20251103_130459: {"ticket_id": "32215", "system": "CLARITY", "field": "p_tdi_estado_freshdesk", "old_value": "Abierta", "new_value": "Cerrada", "freshdesk_estado_original": "Closed", "estado": "PENDING", "rollback_data": {"investment_id": 5073111, "internal_id": 5240758}, "timestamp": "2025-11-03 13:07:06"}
2025-11-03 13:07:06 - urllib3.connectionpool - DEBUG - Resetting dropped connection: pmservice.tdilatam.com
2025-11-03 13:07:21 - urllib3.connectionpool - DEBUG - https://pmservice.tdilatam.com:8043 "PATCH /ppm/rest/v1/custTdiInvBacklogs/5073111/tasks/5240758 HTTP/1.1" 400 198
2025-11-03 13:07:21 - urllib3.connectionpool - DEBUG - Resetting dropped connection: pmservice.tdilatam.com
2025-11-03 13:07:22 - urllib3.connectionpool - DEBUG - https://pmservice.tdilatam.com:8043 "PUT /ppm/rest/v1/custTdiInvBacklogs/5073111/tasks/5240758 HTTP/1.1" 400 168
2025-11-03 13:07:22 - SyncDeskManager - WARNING - ❌ Error actualizando ticket 32215: Error en la API - HTTP 400 (posiblemente datos inválidos)
2025-11-03 13:07:22 - SyncDeskManager - INFO - TRANSACTION_UPDATE - SYNC_STATES_20251103_130459 - Ticket 32215: {"ticket_id": "32215", "estado": "FAILED", "timestamp_actualizacion": "2025-11-03 13:07:22", "error": "Error en la API - HTTP 400 (posiblemente datos inv\u00e1lidos)"}
2025-11-03 13:07:22 - SyncDeskManager - INFO - TRANSACTION_CHANGE - SYNC_STATES_20251103_130459: {"ticket_id": "32216", "system": "CLARITY", "field": "p_tdi_estado_freshdesk", "old_value": "Abierta", "new_value": "Cerrada", "freshdesk_estado_original": "Closed", "estado": "PENDING", "rollback_data": {"investment_id": 5073111, "internal_id": 5240759}, "timestamp": "2025-11-03 13:07:22"}
2025-11-03 13:07:22 - urllib3.connectionpool - DEBUG - Resetting dropped connection: pmservice.tdilatam.com
2025-11-03 13:07:37 - urllib3.connectionpool - DEBUG - https://pmservice.tdilatam.com:8043 "PATCH /ppm/rest/v1/custTdiInvBacklogs/5073111/tasks/5240759 HTTP/1.1" 400 198
2025-11-03 13:07:37 - urllib3.connectionpool - DEBUG - Resetting dropped connection: pmservice.tdilatam.com
2025-11-03 13:07:38 - urllib3.connectionpool - DEBUG - https://pmservice.tdilatam.com:8043 "PUT /ppm/rest/v1/custTdiInvBacklogs/5073111/tasks/5240759 HTTP/1.1" 400 168
2025-11-03 13:07:38 - SyncDeskManager - WARNING - ❌ Error actualizando ticket 32216: Error en la API - HTTP 400 (posiblemente datos inválidos)
2025-11-03 13:07:38 - SyncDeskManager - INFO - TRANSACTION_UPDATE - SYNC_STATES_20251103_130459 - Ticket 32216: {"ticket_id": "32216", "estado": "FAILED", "timestamp_actualizacion": "2025-11-03 13:07:38", "error": "Error en la API - HTTP 400 (posiblemente datos inv\u00e1lidos)"}
2025-11-03 13:07:38 - SyncDeskManager - INFO - TRANSACTION_CHANGE - SYNC_STATES_20251103_130459: {"ticket_id": "32217", "system": "CLARITY", "field": "p_tdi_estado_freshdesk", "old_value": "Abierta", "new_value": "Cerrada", "freshdesk_estado_original": "Closed", "estado": "PENDING", "rollback_data": {"investment_id": 5073111, "internal_id": 5240760}, "timestamp": "2025-11-03 13:07:38"}
2025-11-03 13:07:38 - urllib3.connectionpool - DEBUG - Resetting dropped connection: pmservice.tdilatam.com
2025-11-03 13:07:54 - urllib3.connectionpool - DEBUG - https://pmservice.tdilatam.com:8043 "PATCH /ppm/rest/v1/custTdiInvBacklogs/5073111/tasks/5240760 HTTP/1.1" 400 198
2025-11-03 13:07:54 - urllib3.connectionpool - DEBUG - Resetting dropped connection: pmservice.tdilatam.com
2025-11-03 13:07:54 - urllib3.connectionpool - DEBUG - https://pmservice.tdilatam.com:8043 "PUT /ppm/rest/v1/custTdiInvBacklogs/5073111/tasks/5240760 HTTP/1.1" 400 167
2025-11-03 13:07:54 - SyncDeskManager - WARNING - ❌ Error actualizando ticket 32217: Error en la API - HTTP 400 (posiblemente datos inválidos)
2025-11-03 13:07:54 - SyncDeskManager - INFO - TRANSACTION_UPDATE - SYNC_STATES_20251103_130459 - Ticket 32217: {"ticket_id": "32217", "estado": "FAILED", "timestamp_actualizacion": "2025-11-03 13:07:54", "error": "Error en la API - HTTP 400 (posiblemente datos inv\u00e1lidos)"}
2025-11-03 13:07:54 - SyncDeskManager - INFO - TRANSACTION_CHANGE - SYNC_STATES_20251103_130459: {"ticket_id": "32220", "system": "CLARITY", "field": "p_tdi_estado_freshdesk", "old_value": "Abierta", "new_value": "Cerrada", "freshdesk_estado_original": "Closed", "estado": "PENDING", "rollback_data": {"investment_id": 5074094, "internal_id": 5240765}, "timestamp": "2025-11-03 13:07:54"}
2025-11-03 13:07:54 - urllib3.connectionpool - DEBUG - Resetting dropped connection: pmservice.tdilatam.com
2025-11-03 13:07:55 - urllib3.connectionpool - DEBUG - https://pmservice.tdilatam.com:8043 "PATCH /ppm/rest/v1/custTdiInvBacklogs/5074094/tasks/5240765 HTTP/1.1" 200 140
2025-11-03 13:07:55 - SyncDeskManager - INFO - ✅ Ticket 32220 actualizado exitosamente
2025-11-03 13:07:55 - SyncDeskManager - INFO - TRANSACTION_UPDATE - SYNC_STATES_20251103_130459 - Ticket 32220: {"ticket_id": "32220", "estado": "SUCCESS", "timestamp_actualizacion": "2025-11-03 13:07:55"}
2025-11-03 13:07:55 - SyncDeskManager - INFO - TRANSACTION_CHANGE - SYNC_STATES_20251103_130459: {"ticket_id": "32221", "system": "CLARITY", "field": "p_tdi_estado_freshdesk", "old_value": "Resuelto", "new_value": "Cerrada", "freshdesk_estado_original": "Closed", "estado": "PENDING", "rollback_data": {"investment_id": 5146180, "internal_id": 5240764}, "timestamp": "2025-11-03 13:07:55"}
2025-11-03 13:07:55 - urllib3.connectionpool - DEBUG - https://pmservice.tdilatam.com:8043 "PATCH /ppm/rest/v1/custTdiInvBacklogs/5146180/tasks/5240764 HTTP/1.1" 200 140
2025-11-03 13:07:55 - SyncDeskManager - INFO - ✅ Ticket 32221 actualizado exitosamente
2025-11-03 13:07:55 - SyncDeskManager - INFO - TRANSACTION_UPDATE - SYNC_STATES_20251103_130459 - Ticket 32221: {"ticket_id": "32221", "estado": "SUCCESS", "timestamp_actualizacion": "2025-11-03 13:07:55"}
2025-11-03 13:07:55 - SyncDeskManager - INFO - TRANSACTION_CHANGE - SYNC_STATES_20251103_130459: {"ticket_id": "32223", "system": "CLARITY", "field": "p_tdi_estado_freshdesk", "old_value": "Esperando al cliente", "new_value": "Cerrada", "freshdesk_estado_original": "Closed", "estado": "PENDING", "rollback_data": {"investment_id": 5075106, "internal_id": 5240767}, "timestamp": "2025-11-03 13:07:55"}
2025-11-03 13:07:56 - urllib3.connectionpool - DEBUG - https://pmservice.tdilatam.com:8043 "PATCH /ppm/rest/v1/custTdiInvBacklogs/5075106/tasks/5240767 HTTP/1.1" 200 140
2025-11-03 13:07:56 - SyncDeskManager - INFO - ✅ Ticket 32223 actualizado exitosamente
2025-11-03 13:07:56 - SyncDeskManager - INFO - TRANSACTION_UPDATE - SYNC_STATES_20251103_130459 - Ticket 32223: {"ticket_id": "32223", "estado": "SUCCESS", "timestamp_actualizacion": "2025-11-03 13:07:56"}
2025-11-03 13:07:56 - SyncDeskManager - INFO - TRANSACTION_CHANGE - SYNC_STATES_20251103_130459: {"ticket_id": "32224", "system": "CLARITY", "field": "p_tdi_estado_freshdesk", "old_value": "Abierta", "new_value": "En progreso", "freshdesk_estado_original": "En progreso", "estado": "PENDING", "rollback_data": {"investment_id": 5073111, "internal_id": 5240769}, "timestamp": "2025-11-03 13:07:56"}
2025-11-03 13:07:56 - urllib3.connectionpool - DEBUG - https://pmservice.tdilatam.com:8043 "PATCH /ppm/rest/v1/custTdiInvBacklogs/5073111/tasks/5240769 HTTP/1.1" 400 179
2025-11-03 13:07:56 - urllib3.connectionpool - DEBUG - Resetting dropped connection: pmservice.tdilatam.com
2025-11-03 13:07:56 - urllib3.connectionpool - DEBUG - https://pmservice.tdilatam.com:8043 "PUT /ppm/rest/v1/custTdiInvBacklogs/5073111/tasks/5240769 HTTP/1.1" 400 168
2025-11-03 13:07:56 - SyncDeskManager - WARNING - ❌ Error actualizando ticket 32224: Error en la API - HTTP 400 (posiblemente datos inválidos)
2025-11-03 13:07:56 - SyncDeskManager - INFO - TRANSACTION_UPDATE - SYNC_STATES_20251103_130459 - Ticket 32224: {"ticket_id": "32224", "estado": "FAILED", "timestamp_actualizacion": "2025-11-03 13:07:56", "error": "Error en la API - HTTP 400 (posiblemente datos inv\u00e1lidos)"}
2025-11-03 13:07:56 - SyncDeskManager - INFO - TRANSACTION_CHANGE - SYNC_STATES_20251103_130459: {"ticket_id": "32225", "system": "CLARITY", "field": "p_tdi_estado_freshdesk", "old_value": "Abierta", "new_value": "Cerrada", "freshdesk_estado_original": "Closed", "estado": "PENDING", "rollback_data": {"investment_id": 5073111, "internal_id": 5240768}, "timestamp": "2025-11-03 13:07:56"}
2025-11-03 13:07:56 - urllib3.connectionpool - DEBUG - Resetting dropped connection: pmservice.tdilatam.com
2025-11-03 13:08:12 - urllib3.connectionpool - DEBUG - https://pmservice.tdilatam.com:8043 "PATCH /ppm/rest/v1/custTdiInvBacklogs/5073111/tasks/5240768 HTTP/1.1" 400 199
2025-11-03 13:08:12 - urllib3.connectionpool - DEBUG - Resetting dropped connection: pmservice.tdilatam.com
2025-11-03 13:08:12 - urllib3.connectionpool - DEBUG - https://pmservice.tdilatam.com:8043 "PUT /ppm/rest/v1/custTdiInvBacklogs/5073111/tasks/5240768 HTTP/1.1" 400 169
2025-11-03 13:08:12 - SyncDeskManager - WARNING - ❌ Error actualizando ticket 32225: Error en la API - HTTP 400 (posiblemente datos inválidos)
2025-11-03 13:08:12 - SyncDeskManager - INFO - TRANSACTION_UPDATE - SYNC_STATES_20251103_130459 - Ticket 32225: {"ticket_id": "32225", "estado": "FAILED", "timestamp_actualizacion": "2025-11-03 13:08:12", "error": "Error en la API - HTTP 400 (posiblemente datos inv\u00e1lidos)"}
2025-11-03 13:08:12 - SyncDeskManager - INFO - TRANSACTION_CHANGE - SYNC_STATES_20251103_130459: {"ticket_id": "32226", "system": "CLARITY", "field": "p_tdi_estado_freshdesk", "old_value": "Abierta", "new_value": "Cerrada", "freshdesk_estado_original": "Closed", "estado": "PENDING", "rollback_data": {"investment_id": 5073111, "internal_id": 5240770}, "timestamp": "2025-11-03 13:08:12"}
2025-11-03 13:08:12 - urllib3.connectionpool - DEBUG - Resetting dropped connection: pmservice.tdilatam.com
2025-11-03 13:08:28 - urllib3.connectionpool - DEBUG - https://pmservice.tdilatam.com:8043 "PATCH /ppm/rest/v1/custTdiInvBacklogs/5073111/tasks/5240770 HTTP/1.1" 400 198
2025-11-03 13:08:28 - urllib3.connectionpool - DEBUG - Resetting dropped connection: pmservice.tdilatam.com
2025-11-03 13:08:28 - urllib3.connectionpool - DEBUG - https://pmservice.tdilatam.com:8043 "PUT /ppm/rest/v1/custTdiInvBacklogs/5073111/tasks/5240770 HTTP/1.1" 400 167
2025-11-03 13:08:28 - SyncDeskManager - WARNING - ❌ Error actualizando ticket 32226: Error en la API - HTTP 400 (posiblemente datos inválidos)
2025-11-03 13:08:28 - SyncDeskManager - INFO - TRANSACTION_UPDATE - SYNC_STATES_20251103_130459 - Ticket 32226: {"ticket_id": "32226", "estado": "FAILED", "timestamp_actualizacion": "2025-11-03 13:08:28", "error": "Error en la API - HTTP 400 (posiblemente datos inv\u00e1lidos)"}
2025-11-03 13:08:28 - SyncDeskManager - INFO - TRANSACTION_CHANGE - SYNC_STATES_20251103_130459: {"ticket_id": "32227", "system": "CLARITY", "field": "p_tdi_estado_freshdesk", "old_value": "Resuelto", "new_value": "Cerrada", "freshdesk_estado_original": "Closed", "estado": "PENDING", "rollback_data": {"investment_id": 5146180, "internal_id": 5240771}, "timestamp": "2025-11-03 13:08:28"}
2025-11-03 13:08:28 - urllib3.connectionpool - DEBUG - Resetting dropped connection: pmservice.tdilatam.com
2025-11-03 13:08:37 - urllib3.connectionpool - DEBUG - https://pmservice.tdilatam.com:8043 "PATCH /ppm/rest/v1/custTdiInvBacklogs/5146180/tasks/5240771 HTTP/1.1" 200 140
2025-11-03 13:08:37 - SyncDeskManager - INFO - ✅ Ticket 32227 actualizado exitosamente
2025-11-03 13:08:37 - SyncDeskManager - INFO - TRANSACTION_UPDATE - SYNC_STATES_20251103_130459 - Ticket 32227: {"ticket_id": "32227", "estado": "SUCCESS", "timestamp_actualizacion": "2025-11-03 13:08:37"}
2025-11-03 13:08:37 - SyncDeskManager - INFO - TRANSACTION_CHANGE - SYNC_STATES_20251103_130459: {"ticket_id": "32230", "system": "CLARITY", "field": "p_tdi_estado_freshdesk", "old_value": "Resuelto", "new_value": "Cerrada", "freshdesk_estado_original": "Closed", "estado": "PENDING", "rollback_data": {"investment_id": 5146180, "internal_id": 5240773}, "timestamp": "2025-11-03 13:08:37"}
2025-11-03 13:08:45 - urllib3.connectionpool - DEBUG - https://pmservice.tdilatam.com:8043 "PATCH /ppm/rest/v1/custTdiInvBacklogs/5146180/tasks/5240773 HTTP/1.1" 200 141
2025-11-03 13:08:45 - SyncDeskManager - INFO - ✅ Ticket 32230 actualizado exitosamente
2025-11-03 13:08:45 - SyncDeskManager - INFO - TRANSACTION_UPDATE - SYNC_STATES_20251103_130459 - Ticket 32230: {"ticket_id": "32230", "estado": "SUCCESS", "timestamp_actualizacion": "2025-11-03 13:08:45"}
2025-11-03 13:08:45 - SyncDeskManager - INFO - TRANSACTION_CHANGE - SYNC_STATES_20251103_130459: {"ticket_id": "32233", "system": "CLARITY", "field": "p_tdi_estado_freshdesk", "old_value": "En progreso", "new_value": "Cerrada", "freshdesk_estado_original": "Closed", "estado": "PENDING", "rollback_data": {"investment_id": 5146180, "internal_id": 5240776}, "timestamp": "2025-11-03 13:08:45"}
2025-11-03 13:08:52 - urllib3.connectionpool - DEBUG - https://pmservice.tdilatam.com:8043 "PATCH /ppm/rest/v1/custTdiInvBacklogs/5146180/tasks/5240776 HTTP/1.1" 200 141
2025-11-03 13:08:52 - SyncDeskManager - INFO - ✅ Ticket 32233 actualizado exitosamente
2025-11-03 13:08:52 - SyncDeskManager - INFO - TRANSACTION_UPDATE - SYNC_STATES_20251103_130459 - Ticket 32233: {"ticket_id": "32233", "estado": "SUCCESS", "timestamp_actualizacion": "2025-11-03 13:08:52"}
2025-11-03 13:08:52 - SyncDeskManager - INFO - TRANSACTION_CHANGE - SYNC_STATES_20251103_130459: {"ticket_id": "32238", "system": "CLARITY", "field": "p_tdi_estado_freshdesk", "old_value": "En progreso", "new_value": "Cerrada", "freshdesk_estado_original": "Closed", "estado": "PENDING", "rollback_data": {"investment_id": 5075109, "internal_id": 5240781}, "timestamp": "2025-11-03 13:08:52"}
2025-11-03 13:08:59 - urllib3.connectionpool - DEBUG - https://pmservice.tdilatam.com:8043 "PATCH /ppm/rest/v1/custTdiInvBacklogs/5075109/tasks/5240781 HTTP/1.1" 200 140
2025-11-03 13:08:59 - SyncDeskManager - INFO - ✅ Ticket 32238 actualizado exitosamente
2025-11-03 13:08:59 - SyncDeskManager - INFO - TRANSACTION_UPDATE - SYNC_STATES_20251103_130459 - Ticket 32238: {"ticket_id": "32238", "estado": "SUCCESS", "timestamp_actualizacion": "2025-11-03 13:08:59"}
2025-11-03 13:08:59 - SyncDeskManager - INFO - TRANSACTION_CHANGE - SYNC_STATES_20251103_130459: {"ticket_id": "32239", "system": "CLARITY", "field": "p_tdi_estado_freshdesk", "old_value": "Resuelto", "new_value": "Cerrada", "freshdesk_estado_original": "Closed", "estado": "PENDING", "rollback_data": {"investment_id": 5073092, "internal_id": 5240782}, "timestamp": "2025-11-03 13:08:59"}
2025-11-03 13:09:07 - urllib3.connectionpool - DEBUG - https://pmservice.tdilatam.com:8043 "PATCH /ppm/rest/v1/custTdiInvBacklogs/5073092/tasks/5240782 HTTP/1.1" 200 140
2025-11-03 13:09:07 - SyncDeskManager - INFO - ✅ Ticket 32239 actualizado exitosamente
2025-11-03 13:09:07 - SyncDeskManager - INFO - TRANSACTION_UPDATE - SYNC_STATES_20251103_130459 - Ticket 32239: {"ticket_id": "32239", "estado": "SUCCESS", "timestamp_actualizacion": "2025-11-03 13:09:07"}
2025-11-03 13:09:07 - SyncDeskManager - INFO - TRANSACTION_CHANGE - SYNC_STATES_20251103_130459: {"ticket_id": "32240", "system": "CLARITY", "field": "p_tdi_estado_freshdesk", "old_value": "Resuelto", "new_value": "Cerrada", "freshdesk_estado_original": "Closed", "estado": "PENDING", "rollback_data": {"investment_id": 5073092, "internal_id": 5240783}, "timestamp": "2025-11-03 13:09:07"}
2025-11-03 13:09:09 - urllib3.connectionpool - DEBUG - https://pmservice.tdilatam.com:8043 "PATCH /ppm/rest/v1/custTdiInvBacklogs/5073092/tasks/5240783 HTTP/1.1" 200 140
2025-11-03 13:09:09 - SyncDeskManager - INFO - ✅ Ticket 32240 actualizado exitosamente
2025-11-03 13:09:09 - SyncDeskManager - INFO - TRANSACTION_UPDATE - SYNC_STATES_20251103_130459 - Ticket 32240: {"ticket_id": "32240", "estado": "SUCCESS", "timestamp_actualizacion": "2025-11-03 13:09:09"}
2025-11-03 13:09:09 - SyncDeskManager - INFO - TRANSACTION_CHANGE - SYNC_STATES_20251103_130459: {"ticket_id": "32241", "system": "CLARITY", "field": "p_tdi_estado_freshdesk", "old_value": "Resuelto", "new_value": "Cerrada", "freshdesk_estado_original": "Closed", "estado": "PENDING", "rollback_data": {"investment_id": 5073092, "internal_id": 5240784}, "timestamp": "2025-11-03 13:09:09"}
2025-11-03 13:09:11 - urllib3.connectionpool - DEBUG - https://pmservice.tdilatam.com:8043 "PATCH /ppm/rest/v1/custTdiInvBacklogs/5073092/tasks/5240784 HTTP/1.1" 200 140
2025-11-03 13:09:11 - SyncDeskManager - INFO - ✅ Ticket 32241 actualizado exitosamente
2025-11-03 13:09:11 - SyncDeskManager - INFO - TRANSACTION_UPDATE - SYNC_STATES_20251103_130459 - Ticket 32241: {"ticket_id": "32241", "estado": "SUCCESS", "timestamp_actualizacion": "2025-11-03 13:09:11"}
2025-11-03 13:09:11 - SyncDeskManager - INFO - TRANSACTION_CHANGE - SYNC_STATES_20251103_130459: {"ticket_id": "32242", "system": "CLARITY", "field": "p_tdi_estado_freshdesk", "old_value": "En progreso", "new_value": "Cerrada", "freshdesk_estado_original": "Closed", "estado": "PENDING", "rollback_data": {"investment_id": 5078086, "internal_id": 5240785}, "timestamp": "2025-11-03 13:09:11"}
2025-11-03 13:09:12 - urllib3.connectionpool - DEBUG - https://pmservice.tdilatam.com:8043 "PATCH /ppm/rest/v1/custTdiInvBacklogs/5078086/tasks/5240785 HTTP/1.1" 200 139
2025-11-03 13:09:12 - SyncDeskManager - INFO - ✅ Ticket 32242 actualizado exitosamente
2025-11-03 13:09:12 - SyncDeskManager - INFO - TRANSACTION_UPDATE - SYNC_STATES_20251103_130459 - Ticket 32242: {"ticket_id": "32242", "estado": "SUCCESS", "timestamp_actualizacion": "2025-11-03 13:09:12"}
2025-11-03 13:09:12 - SyncDeskManager - INFO - TRANSACTION_CHANGE - SYNC_STATES_20251103_130459: {"ticket_id": "32243", "system": "CLARITY", "field": "p_tdi_estado_freshdesk", "old_value": "Abierta", "new_value": "Cerrada", "freshdesk_estado_original": "Closed", "estado": "PENDING", "rollback_data": {"investment_id": 5146180, "internal_id": 5240786}, "timestamp": "2025-11-03 13:09:12"}
2025-11-03 13:09:12 - urllib3.connectionpool - DEBUG - https://pmservice.tdilatam.com:8043 "PATCH /ppm/rest/v1/custTdiInvBacklogs/5146180/tasks/5240786 HTTP/1.1" 200 140
2025-11-03 13:09:12 - SyncDeskManager - INFO - ✅ Ticket 32243 actualizado exitosamente
2025-11-03 13:09:12 - SyncDeskManager - INFO - TRANSACTION_UPDATE - SYNC_STATES_20251103_130459 - Ticket 32243: {"ticket_id": "32243", "estado": "SUCCESS", "timestamp_actualizacion": "2025-11-03 13:09:12"}
2025-11-03 13:09:12 - SyncDeskManager - INFO - TRANSACTION_CHANGE - SYNC_STATES_20251103_130459: {"ticket_id": "32244", "system": "CLARITY", "field": "p_tdi_estado_freshdesk", "old_value": "Abierta", "new_value": "Cerrada", "freshdesk_estado_original": "Closed", "estado": "PENDING", "rollback_data": {"investment_id": 5146180, "internal_id": 5240787}, "timestamp": "2025-11-03 13:09:12"}
2025-11-03 13:09:13 - urllib3.connectionpool - DEBUG - https://pmservice.tdilatam.com:8043 "PATCH /ppm/rest/v1/custTdiInvBacklogs/5146180/tasks/5240787 HTTP/1.1" 200 140
2025-11-03 13:09:13 - SyncDeskManager - INFO - ✅ Ticket 32244 actualizado exitosamente
2025-11-03 13:09:13 - SyncDeskManager - INFO - TRANSACTION_UPDATE - SYNC_STATES_20251103_130459 - Ticket 32244: {"ticket_id": "32244", "estado": "SUCCESS", "timestamp_actualizacion": "2025-11-03 13:09:13"}
2025-11-03 13:09:13 - SyncDeskManager - INFO - TRANSACTION_CHANGE - SYNC_STATES_20251103_130459: {"ticket_id": "32245", "system": "CLARITY", "field": "p_tdi_estado_freshdesk", "old_value": "Resuelto", "new_value": "Cerrada", "freshdesk_estado_original": "Closed", "estado": "PENDING", "rollback_data": {"investment_id": 5146180, "internal_id": 5240788}, "timestamp": "2025-11-03 13:09:13"}
2025-11-03 13:09:14 - urllib3.connectionpool - DEBUG - https://pmservice.tdilatam.com:8043 "PATCH /ppm/rest/v1/custTdiInvBacklogs/5146180/tasks/5240788 HTTP/1.1" 200 140
2025-11-03 13:09:14 - SyncDeskManager - INFO - ✅ Ticket 32245 actualizado exitosamente
2025-11-03 13:09:14 - SyncDeskManager - INFO - TRANSACTION_UPDATE - SYNC_STATES_20251103_130459 - Ticket 32245: {"ticket_id": "32245", "estado": "SUCCESS", "timestamp_actualizacion": "2025-11-03 13:09:14"}
2025-11-03 13:09:14 - SyncDeskManager - INFO - TRANSACTION_CHANGE - SYNC_STATES_20251103_130459: {"ticket_id": "32246", "system": "CLARITY", "field": "p_tdi_estado_freshdesk", "old_value": "Resuelto", "new_value": "Cerrada", "freshdesk_estado_original": "Closed", "estado": "PENDING", "rollback_data": {"investment_id": 5146180, "internal_id": 5240789}, "timestamp": "2025-11-03 13:09:14"}
2025-11-03 13:09:14 - urllib3.connectionpool - DEBUG - https://pmservice.tdilatam.com:8043 "PATCH /ppm/rest/v1/custTdiInvBacklogs/5146180/tasks/5240789 HTTP/1.1" 200 140
2025-11-03 13:09:14 - SyncDeskManager - INFO - ✅ Ticket 32246 actualizado exitosamente
2025-11-03 13:09:14 - SyncDeskManager - INFO - TRANSACTION_UPDATE - SYNC_STATES_20251103_130459 - Ticket 32246: {"ticket_id": "32246", "estado": "SUCCESS", "timestamp_actualizacion": "2025-11-03 13:09:14"}
2025-11-03 13:09:14 - SyncDeskManager - INFO - TRANSACTION_CHANGE - SYNC_STATES_20251103_130459: {"ticket_id": "32248", "system": "CLARITY", "field": "p_tdi_estado_freshdesk", "old_value": "Abierta", "new_value": "Cerrada", "freshdesk_estado_original": "Closed", "estado": "PENDING", "rollback_data": {"investment_id": 5073078, "internal_id": 5240796}, "timestamp": "2025-11-03 13:09:14"}
2025-11-03 13:09:15 - urllib3.connectionpool - DEBUG - https://pmservice.tdilatam.com:8043 "PATCH /ppm/rest/v1/custTdiInvBacklogs/5073078/tasks/5240796 HTTP/1.1" 200 140
2025-11-03 13:09:15 - SyncDeskManager - INFO - ✅ Ticket 32248 actualizado exitosamente
2025-11-03 13:09:15 - SyncDeskManager - INFO - TRANSACTION_UPDATE - SYNC_STATES_20251103_130459 - Ticket 32248: {"ticket_id": "32248", "estado": "SUCCESS", "timestamp_actualizacion": "2025-11-03 13:09:15"}
2025-11-03 13:09:15 - SyncDeskManager - INFO - TRANSACTION_CHANGE - SYNC_STATES_20251103_130459: {"ticket_id": "32251", "system": "CLARITY", "field": "p_tdi_estado_freshdesk", "old_value": "En progreso", "new_value": "Cerrada", "freshdesk_estado_original": "Closed", "estado": "PENDING", "rollback_data": {"investment_id": 5075109, "internal_id": 5240800}, "timestamp": "2025-11-03 13:09:15"}
2025-11-03 13:09:17 - urllib3.connectionpool - DEBUG - https://pmservice.tdilatam.com:8043 "PATCH /ppm/rest/v1/custTdiInvBacklogs/5075109/tasks/5240800 HTTP/1.1" 200 140
2025-11-03 13:09:17 - SyncDeskManager - INFO - ✅ Ticket 32251 actualizado exitosamente
2025-11-03 13:09:17 - SyncDeskManager - INFO - TRANSACTION_UPDATE - SYNC_STATES_20251103_130459 - Ticket 32251: {"ticket_id": "32251", "estado": "SUCCESS", "timestamp_actualizacion": "2025-11-03 13:09:17"}
2025-11-03 13:09:17 - SyncDeskManager - INFO - TRANSACTION_CHANGE - SYNC_STATES_20251103_130459: {"ticket_id": "32252", "system": "CLARITY", "field": "p_tdi_estado_freshdesk", "old_value": "En progreso", "new_value": "Cerrada", "freshdesk_estado_original": "Closed", "estado": "PENDING", "rollback_data": {"investment_id": 5075113, "internal_id": 5240801}, "timestamp": "2025-11-03 13:09:17"}
2025-11-03 13:09:18 - urllib3.connectionpool - DEBUG - https://pmservice.tdilatam.com:8043 "PATCH /ppm/rest/v1/custTdiInvBacklogs/5075113/tasks/5240801 HTTP/1.1" 200 140
2025-11-03 13:09:18 - SyncDeskManager - INFO - ✅ Ticket 32252 actualizado exitosamente
2025-11-03 13:09:18 - SyncDeskManager - INFO - TRANSACTION_UPDATE - SYNC_STATES_20251103_130459 - Ticket 32252: {"ticket_id": "32252", "estado": "SUCCESS", "timestamp_actualizacion": "2025-11-03 13:09:18"}
2025-11-03 13:09:18 - SyncDeskManager - INFO - TRANSACTION_CHANGE - SYNC_STATES_20251103_130459: {"ticket_id": "32254", "system": "CLARITY", "field": "p_tdi_estado_freshdesk", "old_value": "Abierta", "new_value": "Cerrada", "freshdesk_estado_original": "Closed", "estado": "PENDING", "rollback_data": {"investment_id": 5074093, "internal_id": 5240820}, "timestamp": "2025-11-03 13:09:18"}
2025-11-03 13:09:19 - urllib3.connectionpool - DEBUG - https://pmservice.tdilatam.com:8043 "PATCH /ppm/rest/v1/custTdiInvBacklogs/5074093/tasks/5240820 HTTP/1.1" 200 140
2025-11-03 13:09:19 - SyncDeskManager - INFO - ✅ Ticket 32254 actualizado exitosamente
2025-11-03 13:09:19 - SyncDeskManager - INFO - TRANSACTION_UPDATE - SYNC_STATES_20251103_130459 - Ticket 32254: {"ticket_id": "32254", "estado": "SUCCESS", "timestamp_actualizacion": "2025-11-03 13:09:19"}
2025-11-03 13:09:19 - SyncDeskManager - INFO - TRANSACTION_CHANGE - SYNC_STATES_20251103_130459: {"ticket_id": "32255", "system": "CLARITY", "field": "p_tdi_estado_freshdesk", "old_value": "Abierta", "new_value": "Cerrada", "freshdesk_estado_original": "Closed", "estado": "PENDING", "rollback_data": {"investment_id": 5073111, "internal_id": 5240821}, "timestamp": "2025-11-03 13:09:19"}
2025-11-03 13:09:35 - urllib3.connectionpool - DEBUG - https://pmservice.tdilatam.com:8043 "PATCH /ppm/rest/v1/custTdiInvBacklogs/5073111/tasks/5240821 HTTP/1.1" 400 199
2025-11-03 13:09:35 - urllib3.connectionpool - DEBUG - Resetting dropped connection: pmservice.tdilatam.com
2025-11-03 13:09:36 - urllib3.connectionpool - DEBUG - https://pmservice.tdilatam.com:8043 "PUT /ppm/rest/v1/custTdiInvBacklogs/5073111/tasks/5240821 HTTP/1.1" 400 167
2025-11-03 13:09:36 - SyncDeskManager - WARNING - ❌ Error actualizando ticket 32255: Error en la API - HTTP 400 (posiblemente datos inválidos)
2025-11-03 13:09:36 - SyncDeskManager - INFO - TRANSACTION_UPDATE - SYNC_STATES_20251103_130459 - Ticket 32255: {"ticket_id": "32255", "estado": "FAILED", "timestamp_actualizacion": "2025-11-03 13:09:36", "error": "Error en la API - HTTP 400 (posiblemente datos inv\u00e1lidos)"}
2025-11-03 13:09:36 - SyncDeskManager - INFO - TRANSACTION_CHANGE - SYNC_STATES_20251103_130459: {"ticket_id": "32782", "system": "CLARITY", "field": "p_tdi_estado_freshdesk", "old_value": "En progreso", "new_value": "Esperando al cliente", "freshdesk_estado_original": "Esperando al cliente", "estado": "PENDING", "rollback_data": {"investment_id": 5073104, "internal_id": 5247673}, "timestamp": "2025-11-03 13:09:36"}
2025-11-03 13:09:36 - urllib3.connectionpool - DEBUG - Resetting dropped connection: pmservice.tdilatam.com
2025-11-03 13:09:36 - urllib3.connectionpool - DEBUG - https://pmservice.tdilatam.com:8043 "PATCH /ppm/rest/v1/custTdiInvBacklogs/5073104/tasks/5247673 HTTP/1.1" 400 183
2025-11-03 13:09:36 - urllib3.connectionpool - DEBUG - Resetting dropped connection: pmservice.tdilatam.com
2025-11-03 13:09:37 - urllib3.connectionpool - DEBUG - https://pmservice.tdilatam.com:8043 "PUT /ppm/rest/v1/custTdiInvBacklogs/5073104/tasks/5247673 HTTP/1.1" 400 168
2025-11-03 13:09:37 - SyncDeskManager - WARNING - ❌ Error actualizando ticket 32782: Error en la API - HTTP 400 (posiblemente datos inválidos)
2025-11-03 13:09:37 - SyncDeskManager - INFO - TRANSACTION_UPDATE - SYNC_STATES_20251103_130459 - Ticket 32782: {"ticket_id": "32782", "estado": "FAILED", "timestamp_actualizacion": "2025-11-03 13:09:37", "error": "Error en la API - HTTP 400 (posiblemente datos inv\u00e1lidos)"}
2025-11-03 13:09:37 - SyncDeskManager - INFO - TRANSACTION_CHANGE - SYNC_STATES_20251103_130459: {"ticket_id": "32914", "system": "CLARITY", "field": "p_tdi_estado_freshdesk", "old_value": "Resuelto", "new_value": "Cerrada", "freshdesk_estado_original": "Closed", "estado": "PENDING", "rollback_data": {"investment_id": 5073106, "internal_id": 5243545}, "timestamp": "2025-11-03 13:09:37"}
2025-11-03 13:09:37 - urllib3.connectionpool - DEBUG - Resetting dropped connection: pmservice.tdilatam.com
2025-11-03 13:09:38 - urllib3.connectionpool - DEBUG - https://pmservice.tdilatam.com:8043 "PATCH /ppm/rest/v1/custTdiInvBacklogs/5073106/tasks/5243545 HTTP/1.1" 200 140
2025-11-03 13:09:38 - SyncDeskManager - INFO - ✅ Ticket 32914 actualizado exitosamente
2025-11-03 13:09:38 - SyncDeskManager - INFO - TRANSACTION_UPDATE - SYNC_STATES_20251103_130459 - Ticket 32914: {"ticket_id": "32914", "estado": "SUCCESS", "timestamp_actualizacion": "2025-11-03 13:09:38"}
2025-11-03 13:09:38 - SyncDeskManager - INFO - TRANSACTION_CHANGE - SYNC_STATES_20251103_130459: {"ticket_id": "33082", "system": "CLARITY", "field": "p_tdi_estado_freshdesk", "old_value": "Esperando al cliente", "new_value": "Derivado al Fabricante", "freshdesk_estado_original": "Derivado al Fabricante", "estado": "PENDING", "rollback_data": {"investment_id": 5073104, "internal_id": 5247680}, "timestamp": "2025-11-03 13:09:38"}
2025-11-03 13:09:38 - urllib3.connectionpool - DEBUG - https://pmservice.tdilatam.com:8043 "PATCH /ppm/rest/v1/custTdiInvBacklogs/5073104/tasks/5247680 HTTP/1.1" 400 184
2025-11-03 13:09:38 - urllib3.connectionpool - DEBUG - Resetting dropped connection: pmservice.tdilatam.com
2025-11-03 13:09:38 - urllib3.connectionpool - DEBUG - https://pmservice.tdilatam.com:8043 "PUT /ppm/rest/v1/custTdiInvBacklogs/5073104/tasks/5247680 HTTP/1.1" 400 168
2025-11-03 13:09:38 - SyncDeskManager - WARNING - ❌ Error actualizando ticket 33082: Error en la API - HTTP 400 (posiblemente datos inválidos)
2025-11-03 13:09:38 - SyncDeskManager - INFO - TRANSACTION_UPDATE - SYNC_STATES_20251103_130459 - Ticket 33082: {"ticket_id": "33082", "estado": "FAILED", "timestamp_actualizacion": "2025-11-03 13:09:38", "error": "Error en la API - HTTP 400 (posiblemente datos inv\u00e1lidos)"}
2025-11-03 13:09:38 - SyncDeskManager - INFO - TRANSACTION_CHANGE - SYNC_STATES_20251103_130459: {"ticket_id": "33572", "system": "CLARITY", "field": "p_tdi_estado_freshdesk", "old_value": "Resuelto", "new_value": "Cerrada", "freshdesk_estado_original": "Closed", "estado": "PENDING", "rollback_data": {"investment_id": 5073108, "internal_id": 5243028}, "timestamp": "2025-11-03 13:09:38"}
2025-11-03 13:09:38 - urllib3.connectionpool - DEBUG - Resetting dropped connection: pmservice.tdilatam.com
2025-11-03 13:09:39 - urllib3.connectionpool - DEBUG - https://pmservice.tdilatam.com:8043 "PATCH /ppm/rest/v1/custTdiInvBacklogs/5073108/tasks/5243028 HTTP/1.1" 200 140
2025-11-03 13:09:39 - SyncDeskManager - INFO - ✅ Ticket 33572 actualizado exitosamente
2025-11-03 13:09:39 - SyncDeskManager - INFO - TRANSACTION_UPDATE - SYNC_STATES_20251103_130459 - Ticket 33572: {"ticket_id": "33572", "estado": "SUCCESS", "timestamp_actualizacion": "2025-11-03 13:09:39"}
2025-11-03 13:09:39 - SyncDeskManager - INFO - TRANSACTION_CHANGE - SYNC_STATES_20251103_130459: {"ticket_id": "33581", "system": "CLARITY", "field": "p_tdi_estado_freshdesk", "old_value": "Resuelto", "new_value": "Cerrada", "freshdesk_estado_original": "Closed", "estado": "PENDING", "rollback_data": {"investment_id": 5073108, "internal_id": 5243027}, "timestamp": "2025-11-03 13:09:39"}
2025-11-03 13:09:39 - urllib3.connectionpool - DEBUG - https://pmservice.tdilatam.com:8043 "PATCH /ppm/rest/v1/custTdiInvBacklogs/5073108/tasks/5243027 HTTP/1.1" 200 140
2025-11-03 13:09:39 - SyncDeskManager - INFO - ✅ Ticket 33581 actualizado exitosamente
2025-11-03 13:09:39 - SyncDeskManager - INFO - TRANSACTION_UPDATE - SYNC_STATES_20251103_130459 - Ticket 33581: {"ticket_id": "33581", "estado": "SUCCESS", "timestamp_actualizacion": "2025-11-03 13:09:39"}
2025-11-03 13:09:39 - SyncDeskManager - INFO - TRANSACTION_CHANGE - SYNC_STATES_20251103_130459: {"ticket_id": "33583", "system": "CLARITY", "field": "p_tdi_estado_freshdesk", "old_value": "Resuelto", "new_value": "Cerrada", "freshdesk_estado_original": "Closed", "estado": "PENDING", "rollback_data": {"investment_id": 5073108, "internal_id": 5243025}, "timestamp": "2025-11-03 13:09:39"}
2025-11-03 13:09:39 - urllib3.connectionpool - DEBUG - https://pmservice.tdilatam.com:8043 "PATCH /ppm/rest/v1/custTdiInvBacklogs/5073108/tasks/5243025 HTTP/1.1" 200 141
2025-11-03 13:09:39 - SyncDeskManager - INFO - ✅ Ticket 33583 actualizado exitosamente
2025-11-03 13:09:39 - SyncDeskManager - INFO - TRANSACTION_UPDATE - SYNC_STATES_20251103_130459 - Ticket 33583: {"ticket_id": "33583", "estado": "SUCCESS", "timestamp_actualizacion": "2025-11-03 13:09:39"}
2025-11-03 13:09:39 - SyncDeskManager - INFO - TRANSACTION_CHANGE - SYNC_STATES_20251103_130459: {"ticket_id": "33607", "system": "CLARITY", "field": "p_tdi_estado_freshdesk", "old_value": "Resuelto", "new_value": "Cerrada", "freshdesk_estado_original": "Closed", "estado": "PENDING", "rollback_data": {"investment_id": 5073108, "internal_id": 5241876}, "timestamp": "2025-11-03 13:09:39"}
2025-11-03 13:09:40 - urllib3.connectionpool - DEBUG - https://pmservice.tdilatam.com:8043 "PATCH /ppm/rest/v1/custTdiInvBacklogs/5073108/tasks/5241876 HTTP/1.1" 200 141
2025-11-03 13:09:40 - SyncDeskManager - INFO - ✅ Ticket 33607 actualizado exitosamente
2025-11-03 13:09:40 - SyncDeskManager - INFO - TRANSACTION_UPDATE - SYNC_STATES_20251103_130459 - Ticket 33607: {"ticket_id": "33607", "estado": "SUCCESS", "timestamp_actualizacion": "2025-11-03 13:09:40"}
2025-11-03 13:09:40 - SyncDeskManager - INFO - TRANSACTION_CHANGE - SYNC_STATES_20251103_130459: {"ticket_id": "33608", "system": "CLARITY", "field": "p_tdi_estado_freshdesk", "old_value": "Resuelto", "new_value": "Cerrada", "freshdesk_estado_original": "Closed", "estado": "PENDING", "rollback_data": {"investment_id": 5073108, "internal_id": 5241875}, "timestamp": "2025-11-03 13:09:40"}
2025-11-03 13:09:40 - urllib3.connectionpool - DEBUG - https://pmservice.tdilatam.com:8043 "PATCH /ppm/rest/v1/custTdiInvBacklogs/5073108/tasks/5241875 HTTP/1.1" 200 140
2025-11-03 13:09:40 - SyncDeskManager - INFO - ✅ Ticket 33608 actualizado exitosamente
2025-11-03 13:09:40 - SyncDeskManager - INFO - TRANSACTION_UPDATE - SYNC_STATES_20251103_130459 - Ticket 33608: {"ticket_id": "33608", "estado": "SUCCESS", "timestamp_actualizacion": "2025-11-03 13:09:40"}
2025-11-03 13:09:40 - SyncDeskManager - INFO - TRANSACTION_CHANGE - SYNC_STATES_20251103_130459: {"ticket_id": "33612", "system": "CLARITY", "field": "p_tdi_estado_freshdesk", "old_value": "Resuelto", "new_value": "Cerrada", "freshdesk_estado_original": "Closed", "estado": "PENDING", "rollback_data": {"investment_id": 5073108, "internal_id": 5241874}, "timestamp": "2025-11-03 13:09:40"}
2025-11-03 13:09:40 - urllib3.connectionpool - DEBUG - https://pmservice.tdilatam.com:8043 "PATCH /ppm/rest/v1/custTdiInvBacklogs/5073108/tasks/5241874 HTTP/1.1" 200 140
2025-11-03 13:09:40 - SyncDeskManager - INFO - ✅ Ticket 33612 actualizado exitosamente
2025-11-03 13:09:40 - SyncDeskManager - INFO - TRANSACTION_UPDATE - SYNC_STATES_20251103_130459 - Ticket 33612: {"ticket_id": "33612", "estado": "SUCCESS", "timestamp_actualizacion": "2025-11-03 13:09:40"}
2025-11-03 13:09:40 - SyncDeskManager - INFO - TRANSACTION_CHANGE - SYNC_STATES_20251103_130459: {"ticket_id": "33613", "system": "CLARITY", "field": "p_tdi_estado_freshdesk", "old_value": "Resuelto", "new_value": "Cerrada", "freshdesk_estado_original": "Closed", "estado": "PENDING", "rollback_data": {"investment_id": 5073108, "internal_id": 5241873}, "timestamp": "2025-11-03 13:09:40"}
2025-11-03 13:09:41 - urllib3.connectionpool - DEBUG - https://pmservice.tdilatam.com:8043 "PATCH /ppm/rest/v1/custTdiInvBacklogs/5073108/tasks/5241873 HTTP/1.1" 200 140
2025-11-03 13:09:41 - SyncDeskManager - INFO - ✅ Ticket 33613 actualizado exitosamente
2025-11-03 13:09:41 - SyncDeskManager - INFO - TRANSACTION_UPDATE - SYNC_STATES_20251103_130459 - Ticket 33613: {"ticket_id": "33613", "estado": "SUCCESS", "timestamp_actualizacion": "2025-11-03 13:09:41"}
2025-11-03 13:09:41 - SyncDeskManager - INFO - TRANSACTION_CHANGE - SYNC_STATES_20251103_130459: {"ticket_id": "33614", "system": "CLARITY", "field": "p_tdi_estado_freshdesk", "old_value": "Resuelto", "new_value": "Cerrada", "freshdesk_estado_original": "Closed", "estado": "PENDING", "rollback_data": {"investment_id": 5073108, "internal_id": 5241872}, "timestamp": "2025-11-03 13:09:41"}
2025-11-03 13:09:42 - urllib3.connectionpool - DEBUG - https://pmservice.tdilatam.com:8043 "PATCH /ppm/rest/v1/custTdiInvBacklogs/5073108/tasks/5241872 HTTP/1.1" 200 141
2025-11-03 13:09:42 - SyncDeskManager - INFO - ✅ Ticket 33614 actualizado exitosamente
2025-11-03 13:09:42 - SyncDeskManager - INFO - TRANSACTION_UPDATE - SYNC_STATES_20251103_130459 - Ticket 33614: {"ticket_id": "33614", "estado": "SUCCESS", "timestamp_actualizacion": "2025-11-03 13:09:42"}
2025-11-03 13:09:42 - SyncDeskManager - INFO - TRANSACTION_CHANGE - SYNC_STATES_20251103_130459: {"ticket_id": "33615", "system": "CLARITY", "field": "p_tdi_estado_freshdesk", "old_value": "Resuelto", "new_value": "Cerrada", "freshdesk_estado_original": "Closed", "estado": "PENDING", "rollback_data": {"investment_id": 5073108, "internal_id": 5241871}, "timestamp": "2025-11-03 13:09:42"}
2025-11-03 13:09:42 - urllib3.connectionpool - DEBUG - https://pmservice.tdilatam.com:8043 "PATCH /ppm/rest/v1/custTdiInvBacklogs/5073108/tasks/5241871 HTTP/1.1" 200 140
2025-11-03 13:09:42 - SyncDeskManager - INFO - ✅ Ticket 33615 actualizado exitosamente
2025-11-03 13:09:42 - SyncDeskManager - INFO - TRANSACTION_UPDATE - SYNC_STATES_20251103_130459 - Ticket 33615: {"ticket_id": "33615", "estado": "SUCCESS", "timestamp_actualizacion": "2025-11-03 13:09:42"}
2025-11-03 13:09:42 - SyncDeskManager - INFO - TRANSACTION_CHANGE - SYNC_STATES_20251103_130459: {"ticket_id": "33658", "system": "CLARITY", "field": "p_tdi_estado_freshdesk", "old_value": "Resuelto", "new_value": "Cerrada", "freshdesk_estado_original": "Closed", "estado": "PENDING", "rollback_data": {"investment_id": 5146180, "internal_id": 5242966}, "timestamp": "2025-11-03 13:09:42"}
2025-11-03 13:09:42 - urllib3.connectionpool - DEBUG - https://pmservice.tdilatam.com:8043 "PATCH /ppm/rest/v1/custTdiInvBacklogs/5146180/tasks/5242966 HTTP/1.1" 200 141
2025-11-03 13:09:42 - SyncDeskManager - INFO - ✅ Ticket 33658 actualizado exitosamente
2025-11-03 13:09:42 - SyncDeskManager - INFO - TRANSACTION_UPDATE - SYNC_STATES_20251103_130459 - Ticket 33658: {"ticket_id": "33658", "estado": "SUCCESS", "timestamp_actualizacion": "2025-11-03 13:09:42"}
2025-11-03 13:09:42 - SyncDeskManager - INFO - TRANSACTION_CHANGE - SYNC_STATES_20251103_130459: {"ticket_id": "33671", "system": "CLARITY", "field": "p_tdi_estado_freshdesk", "old_value": "Resuelto", "new_value": "Cerrada", "freshdesk_estado_original": "Closed", "estado": "PENDING", "rollback_data": {"investment_id": 5073108, "internal_id": 5241870}, "timestamp": "2025-11-03 13:09:42"}
2025-11-03 13:09:42 - urllib3.connectionpool - DEBUG - https://pmservice.tdilatam.com:8043 "PATCH /ppm/rest/v1/custTdiInvBacklogs/5073108/tasks/5241870 HTTP/1.1" 200 140
2025-11-03 13:09:42 - SyncDeskManager - INFO - ✅ Ticket 33671 actualizado exitosamente
2025-11-03 13:09:42 - SyncDeskManager - INFO - TRANSACTION_UPDATE - SYNC_STATES_20251103_130459 - Ticket 33671: {"ticket_id": "33671", "estado": "SUCCESS", "timestamp_actualizacion": "2025-11-03 13:09:42"}
2025-11-03 13:09:42 - SyncDeskManager - INFO - TRANSACTION_CHANGE - SYNC_STATES_20251103_130459: {"ticket_id": "33672", "system": "CLARITY", "field": "p_tdi_estado_freshdesk", "old_value": "Resuelto", "new_value": "Cerrada", "freshdesk_estado_original": "Closed", "estado": "PENDING", "rollback_data": {"investment_id": 5073108, "internal_id": 5241869}, "timestamp": "2025-11-03 13:09:42"}
2025-11-03 13:09:42 - urllib3.connectionpool - DEBUG - https://pmservice.tdilatam.com:8043 "PATCH /ppm/rest/v1/custTdiInvBacklogs/5073108/tasks/5241869 HTTP/1.1" 200 141
2025-11-03 13:09:42 - SyncDeskManager - INFO - ✅ Ticket 33672 actualizado exitosamente
2025-11-03 13:09:42 - SyncDeskManager - INFO - TRANSACTION_UPDATE - SYNC_STATES_20251103_130459 - Ticket 33672: {"ticket_id": "33672", "estado": "SUCCESS", "timestamp_actualizacion": "2025-11-03 13:09:42"}
2025-11-03 13:09:42 - SyncDeskManager - INFO - TRANSACTION_CHANGE - SYNC_STATES_20251103_130459: {"ticket_id": "33676", "system": "CLARITY", "field": "p_tdi_estado_freshdesk", "old_value": "Resuelto", "new_value": "Cerrada", "freshdesk_estado_original": "Closed", "estado": "PENDING", "rollback_data": {"investment_id": 5073108, "internal_id": 5241868}, "timestamp": "2025-11-03 13:09:42"}
2025-11-03 13:09:43 - urllib3.connectionpool - DEBUG - https://pmservice.tdilatam.com:8043 "PATCH /ppm/rest/v1/custTdiInvBacklogs/5073108/tasks/5241868 HTTP/1.1" 200 140
2025-11-03 13:09:43 - SyncDeskManager - INFO - ✅ Ticket 33676 actualizado exitosamente
2025-11-03 13:09:43 - SyncDeskManager - INFO - TRANSACTION_UPDATE - SYNC_STATES_20251103_130459 - Ticket 33676: {"ticket_id": "33676", "estado": "SUCCESS", "timestamp_actualizacion": "2025-11-03 13:09:43"}
2025-11-03 13:09:43 - SyncDeskManager - INFO - TRANSACTION_CHANGE - SYNC_STATES_20251103_130459: {"ticket_id": "33680", "system": "CLARITY", "field": "p_tdi_estado_freshdesk", "old_value": "Resuelto", "new_value": "Cerrada", "freshdesk_estado_original": "Closed", "estado": "PENDING", "rollback_data": {"investment_id": 5073108, "internal_id": 5241867}, "timestamp": "2025-11-03 13:09:43"}
2025-11-03 13:09:43 - urllib3.connectionpool - DEBUG - https://pmservice.tdilatam.com:8043 "PATCH /ppm/rest/v1/custTdiInvBacklogs/5073108/tasks/5241867 HTTP/1.1" 200 141
2025-11-03 13:09:43 - SyncDeskManager - INFO - ✅ Ticket 33680 actualizado exitosamente
2025-11-03 13:09:43 - SyncDeskManager - INFO - TRANSACTION_UPDATE - SYNC_STATES_20251103_130459 - Ticket 33680: {"ticket_id": "33680", "estado": "SUCCESS", "timestamp_actualizacion": "2025-11-03 13:09:43"}
2025-11-03 13:09:43 - SyncDeskManager - INFO - TRANSACTION_CHANGE - SYNC_STATES_20251103_130459: {"ticket_id": "33684", "system": "CLARITY", "field": "p_tdi_estado_freshdesk", "old_value": "Resuelto", "new_value": "Cerrada", "freshdesk_estado_original": "Closed", "estado": "PENDING", "rollback_data": {"investment_id": 5073108, "internal_id": 5241866}, "timestamp": "2025-11-03 13:09:43"}
2025-11-03 13:09:43 - urllib3.connectionpool - DEBUG - https://pmservice.tdilatam.com:8043 "PATCH /ppm/rest/v1/custTdiInvBacklogs/5073108/tasks/5241866 HTTP/1.1" 200 141
2025-11-03 13:09:43 - SyncDeskManager - INFO - ✅ Ticket 33684 actualizado exitosamente
2025-11-03 13:09:43 - SyncDeskManager - INFO - TRANSACTION_UPDATE - SYNC_STATES_20251103_130459 - Ticket 33684: {"ticket_id": "33684", "estado": "SUCCESS", "timestamp_actualizacion": "2025-11-03 13:09:43"}
2025-11-03 13:09:43 - SyncDeskManager - INFO - TRANSACTION_CHANGE - SYNC_STATES_20251103_130459: {"ticket_id": "33707", "system": "CLARITY", "field": "p_tdi_estado_freshdesk", "old_value": "Resuelto", "new_value": "Cerrada", "freshdesk_estado_original": "Closed", "estado": "PENDING", "rollback_data": {"investment_id": 5073108, "internal_id": 5241865}, "timestamp": "2025-11-03 13:09:43"}
2025-11-03 13:09:43 - urllib3.connectionpool - DEBUG - https://pmservice.tdilatam.com:8043 "PATCH /ppm/rest/v1/custTdiInvBacklogs/5073108/tasks/5241865 HTTP/1.1" 200 140
2025-11-03 13:09:43 - SyncDeskManager - INFO - ✅ Ticket 33707 actualizado exitosamente
2025-11-03 13:09:43 - SyncDeskManager - INFO - TRANSACTION_UPDATE - SYNC_STATES_20251103_130459 - Ticket 33707: {"ticket_id": "33707", "estado": "SUCCESS", "timestamp_actualizacion": "2025-11-03 13:09:43"}
2025-11-03 13:09:43 - SyncDeskManager - INFO - TRANSACTION_CHANGE - SYNC_STATES_20251103_130459: {"ticket_id": "33712", "system": "CLARITY", "field": "p_tdi_estado_freshdesk", "old_value": "Resuelto", "new_value": "Cerrada", "freshdesk_estado_original": "Closed", "estado": "PENDING", "rollback_data": {"investment_id": 5073108, "internal_id": 5241864}, "timestamp": "2025-11-03 13:09:43"}
2025-11-03 13:09:44 - urllib3.connectionpool - DEBUG - https://pmservice.tdilatam.com:8043 "PATCH /ppm/rest/v1/custTdiInvBacklogs/5073108/tasks/5241864 HTTP/1.1" 200 140
2025-11-03 13:09:44 - SyncDeskManager - INFO - ✅ Ticket 33712 actualizado exitosamente
2025-11-03 13:09:44 - SyncDeskManager - INFO - TRANSACTION_UPDATE - SYNC_STATES_20251103_130459 - Ticket 33712: {"ticket_id": "33712", "estado": "SUCCESS", "timestamp_actualizacion": "2025-11-03 13:09:44"}
2025-11-03 13:09:44 - SyncDeskManager - INFO - TRANSACTION_CHANGE - SYNC_STATES_20251103_130459: {"ticket_id": "33720", "system": "CLARITY", "field": "p_tdi_estado_freshdesk", "old_value": "Resuelto", "new_value": "Cerrada", "freshdesk_estado_original": "Closed", "estado": "PENDING", "rollback_data": {"investment_id": 5073108, "internal_id": 5241863}, "timestamp": "2025-11-03 13:09:44"}
2025-11-03 13:09:44 - urllib3.connectionpool - DEBUG - https://pmservice.tdilatam.com:8043 "PATCH /ppm/rest/v1/custTdiInvBacklogs/5073108/tasks/5241863 HTTP/1.1" 200 140
2025-11-03 13:09:44 - SyncDeskManager - INFO - ✅ Ticket 33720 actualizado exitosamente
2025-11-03 13:09:44 - SyncDeskManager - INFO - TRANSACTION_UPDATE - SYNC_STATES_20251103_130459 - Ticket 33720: {"ticket_id": "33720", "estado": "SUCCESS", "timestamp_actualizacion": "2025-11-03 13:09:44"}
2025-11-03 13:09:44 - SyncDeskManager - INFO - TRANSACTION_CHANGE - SYNC_STATES_20251103_130459: {"ticket_id": "33728", "system": "CLARITY", "field": "p_tdi_estado_freshdesk", "old_value": "Resuelto", "new_value": "Cerrada", "freshdesk_estado_original": "Closed", "estado": "PENDING", "rollback_data": {"investment_id": 5073108, "internal_id": 5241862}, "timestamp": "2025-11-03 13:09:44"}
2025-11-03 13:09:45 - urllib3.connectionpool - DEBUG - https://pmservice.tdilatam.com:8043 "PATCH /ppm/rest/v1/custTdiInvBacklogs/5073108/tasks/5241862 HTTP/1.1" 200 141
2025-11-03 13:09:45 - SyncDeskManager - INFO - ✅ Ticket 33728 actualizado exitosamente
2025-11-03 13:09:45 - SyncDeskManager - INFO - TRANSACTION_UPDATE - SYNC_STATES_20251103_130459 - Ticket 33728: {"ticket_id": "33728", "estado": "SUCCESS", "timestamp_actualizacion": "2025-11-03 13:09:45"}
2025-11-03 13:09:45 - SyncDeskManager - INFO - TRANSACTION_CHANGE - SYNC_STATES_20251103_130459: {"ticket_id": "33732", "system": "CLARITY", "field": "p_tdi_estado_freshdesk", "old_value": "Resuelto", "new_value": "Cerrada", "freshdesk_estado_original": "Closed", "estado": "PENDING", "rollback_data": {"investment_id": 5073108, "internal_id": 5241861}, "timestamp": "2025-11-03 13:09:45"}
2025-11-03 13:09:45 - urllib3.connectionpool - DEBUG - https://pmservice.tdilatam.com:8043 "PATCH /ppm/rest/v1/custTdiInvBacklogs/5073108/tasks/5241861 HTTP/1.1" 200 140
2025-11-03 13:09:45 - SyncDeskManager - INFO - ✅ Ticket 33732 actualizado exitosamente
2025-11-03 13:09:45 - SyncDeskManager - INFO - TRANSACTION_UPDATE - SYNC_STATES_20251103_130459 - Ticket 33732: {"ticket_id": "33732", "estado": "SUCCESS", "timestamp_actualizacion": "2025-11-03 13:09:45"}
2025-11-03 13:09:45 - SyncDeskManager - INFO - TRANSACTION_CHANGE - SYNC_STATES_20251103_130459: {"ticket_id": "33743", "system": "CLARITY", "field": "p_tdi_estado_freshdesk", "old_value": "Resuelto", "new_value": "Cerrada", "freshdesk_estado_original": "Closed", "estado": "PENDING", "rollback_data": {"investment_id": 5073108, "internal_id": 5243036}, "timestamp": "2025-11-03 13:09:45"}
2025-11-03 13:09:45 - urllib3.connectionpool - DEBUG - https://pmservice.tdilatam.com:8043 "PATCH /ppm/rest/v1/custTdiInvBacklogs/5073108/tasks/5243036 HTTP/1.1" 200 140
2025-11-03 13:09:45 - SyncDeskManager - INFO - ✅ Ticket 33743 actualizado exitosamente
2025-11-03 13:09:45 - SyncDeskManager - INFO - TRANSACTION_UPDATE - SYNC_STATES_20251103_130459 - Ticket 33743: {"ticket_id": "33743", "estado": "SUCCESS", "timestamp_actualizacion": "2025-11-03 13:09:45"}
2025-11-03 13:09:45 - SyncDeskManager - INFO - TRANSACTION_CHANGE - SYNC_STATES_20251103_130459: {"ticket_id": "33745", "system": "CLARITY", "field": "p_tdi_estado_freshdesk", "old_value": "Resuelto", "new_value": "Cerrada", "freshdesk_estado_original": "Closed", "estado": "PENDING", "rollback_data": {"investment_id": 5073108, "internal_id": 5243035}, "timestamp": "2025-11-03 13:09:45"}
2025-11-03 13:09:45 - urllib3.connectionpool - DEBUG - https://pmservice.tdilatam.com:8043 "PATCH /ppm/rest/v1/custTdiInvBacklogs/5073108/tasks/5243035 HTTP/1.1" 200 140
2025-11-03 13:09:45 - SyncDeskManager - INFO - ✅ Ticket 33745 actualizado exitosamente
2025-11-03 13:09:45 - SyncDeskManager - INFO - TRANSACTION_UPDATE - SYNC_STATES_20251103_130459 - Ticket 33745: {"ticket_id": "33745", "estado": "SUCCESS", "timestamp_actualizacion": "2025-11-03 13:09:45"}
2025-11-03 13:09:45 - SyncDeskManager - INFO - TRANSACTION_CHANGE - SYNC_STATES_20251103_130459: {"ticket_id": "33746", "system": "CLARITY", "field": "p_tdi_estado_freshdesk", "old_value": "Resuelto", "new_value": "Cerrada", "freshdesk_estado_original": "Closed", "estado": "PENDING", "rollback_data": {"investment_id": 5073108, "internal_id": 5243034}, "timestamp": "2025-11-03 13:09:45"}
2025-11-03 13:09:46 - urllib3.connectionpool - DEBUG - https://pmservice.tdilatam.com:8043 "PATCH /ppm/rest/v1/custTdiInvBacklogs/5073108/tasks/5243034 HTTP/1.1" 200 140
2025-11-03 13:09:46 - SyncDeskManager - INFO - ✅ Ticket 33746 actualizado exitosamente
2025-11-03 13:09:46 - SyncDeskManager - INFO - TRANSACTION_UPDATE - SYNC_STATES_20251103_130459 - Ticket 33746: {"ticket_id": "33746", "estado": "SUCCESS", "timestamp_actualizacion": "2025-11-03 13:09:46"}
2025-11-03 13:09:46 - SyncDeskManager - INFO - TRANSACTION_CHANGE - SYNC_STATES_20251103_130459: {"ticket_id": "33747", "system": "CLARITY", "field": "p_tdi_estado_freshdesk", "old_value": "Resuelto", "new_value": "Cerrada", "freshdesk_estado_original": "Closed", "estado": "PENDING", "rollback_data": {"investment_id": 5073108, "internal_id": 5243033}, "timestamp": "2025-11-03 13:09:46"}
2025-11-03 13:09:46 - urllib3.connectionpool - DEBUG - https://pmservice.tdilatam.com:8043 "PATCH /ppm/rest/v1/custTdiInvBacklogs/5073108/tasks/5243033 HTTP/1.1" 200 140
2025-11-03 13:09:46 - SyncDeskManager - INFO - ✅ Ticket 33747 actualizado exitosamente
2025-11-03 13:09:46 - SyncDeskManager - INFO - TRANSACTION_UPDATE - SYNC_STATES_20251103_130459 - Ticket 33747: {"ticket_id": "33747", "estado": "SUCCESS", "timestamp_actualizacion": "2025-11-03 13:09:46"}
2025-11-03 13:09:46 - SyncDeskManager - INFO - TRANSACTION_CHANGE - SYNC_STATES_20251103_130459: {"ticket_id": "33754", "system": "CLARITY", "field": "p_tdi_estado_freshdesk", "old_value": "Resuelto", "new_value": "Cerrada", "freshdesk_estado_original": "Closed", "estado": "PENDING", "rollback_data": {"investment_id": 5073108, "internal_id": 5241860}, "timestamp": "2025-11-03 13:09:46"}
2025-11-03 13:09:46 - urllib3.connectionpool - DEBUG - https://pmservice.tdilatam.com:8043 "PATCH /ppm/rest/v1/custTdiInvBacklogs/5073108/tasks/5241860 HTTP/1.1" 200 140
2025-11-03 13:09:46 - SyncDeskManager - INFO - ✅ Ticket 33754 actualizado exitosamente
2025-11-03 13:09:46 - SyncDeskManager - INFO - TRANSACTION_UPDATE - SYNC_STATES_20251103_130459 - Ticket 33754: {"ticket_id": "33754", "estado": "SUCCESS", "timestamp_actualizacion": "2025-11-03 13:09:46"}
2025-11-03 13:09:46 - SyncDeskManager - INFO - TRANSACTION_CHANGE - SYNC_STATES_20251103_130459: {"ticket_id": "33755", "system": "CLARITY", "field": "p_tdi_estado_freshdesk", "old_value": "Resuelto", "new_value": "Cerrada", "freshdesk_estado_original": "Closed", "estado": "PENDING", "rollback_data": {"investment_id": 5073108, "internal_id": 5241859}, "timestamp": "2025-11-03 13:09:46"}
2025-11-03 13:09:46 - urllib3.connectionpool - DEBUG - https://pmservice.tdilatam.com:8043 "PATCH /ppm/rest/v1/custTdiInvBacklogs/5073108/tasks/5241859 HTTP/1.1" 200 140
2025-11-03 13:09:46 - SyncDeskManager - INFO - ✅ Ticket 33755 actualizado exitosamente
2025-11-03 13:09:46 - SyncDeskManager - INFO - TRANSACTION_UPDATE - SYNC_STATES_20251103_130459 - Ticket 33755: {"ticket_id": "33755", "estado": "SUCCESS", "timestamp_actualizacion": "2025-11-03 13:09:46"}
2025-11-03 13:09:46 - SyncDeskManager - INFO - TRANSACTION_CHANGE - SYNC_STATES_20251103_130459: {"ticket_id": "33756", "system": "CLARITY", "field": "p_tdi_estado_freshdesk", "old_value": "Resuelto", "new_value": "Cerrada", "freshdesk_estado_original": "Closed", "estado": "PENDING", "rollback_data": {"investment_id": 5073108, "internal_id": 5241858}, "timestamp": "2025-11-03 13:09:46"}
2025-11-03 13:09:46 - urllib3.connectionpool - DEBUG - https://pmservice.tdilatam.com:8043 "PATCH /ppm/rest/v1/custTdiInvBacklogs/5073108/tasks/5241858 HTTP/1.1" 200 140
2025-11-03 13:09:46 - SyncDeskManager - INFO - ✅ Ticket 33756 actualizado exitosamente
2025-11-03 13:09:46 - SyncDeskManager - INFO - TRANSACTION_UPDATE - SYNC_STATES_20251103_130459 - Ticket 33756: {"ticket_id": "33756", "estado": "SUCCESS", "timestamp_actualizacion": "2025-11-03 13:09:46"}
2025-11-03 13:09:46 - SyncDeskManager - INFO - TRANSACTION_CHANGE - SYNC_STATES_20251103_130459: {"ticket_id": "33757", "system": "CLARITY", "field": "p_tdi_estado_freshdesk", "old_value": "Resuelto", "new_value": "Cerrada", "freshdesk_estado_original": "Closed", "estado": "PENDING", "rollback_data": {"investment_id": 5073108, "internal_id": 5241857}, "timestamp": "2025-11-03 13:09:46"}
2025-11-03 13:09:47 - urllib3.connectionpool - DEBUG - https://pmservice.tdilatam.com:8043 "PATCH /ppm/rest/v1/custTdiInvBacklogs/5073108/tasks/5241857 HTTP/1.1" 200 140
2025-11-03 13:09:47 - SyncDeskManager - INFO - ✅ Ticket 33757 actualizado exitosamente
2025-11-03 13:09:47 - SyncDeskManager - INFO - TRANSACTION_UPDATE - SYNC_STATES_20251103_130459 - Ticket 33757: {"ticket_id": "33757", "estado": "SUCCESS", "timestamp_actualizacion": "2025-11-03 13:09:47"}
2025-11-03 13:09:47 - SyncDeskManager - INFO - TRANSACTION_CHANGE - SYNC_STATES_20251103_130459: {"ticket_id": "33771", "system": "CLARITY", "field": "p_tdi_estado_freshdesk", "old_value": "Resuelto", "new_value": "Cerrada", "freshdesk_estado_original": "Closed", "estado": "PENDING", "rollback_data": {"investment_id": 5073108, "internal_id": 5241856}, "timestamp": "2025-11-03 13:09:47"}
2025-11-03 13:09:47 - urllib3.connectionpool - DEBUG - https://pmservice.tdilatam.com:8043 "PATCH /ppm/rest/v1/custTdiInvBacklogs/5073108/tasks/5241856 HTTP/1.1" 200 140
2025-11-03 13:09:47 - SyncDeskManager - INFO - ✅ Ticket 33771 actualizado exitosamente
2025-11-03 13:09:47 - SyncDeskManager - INFO - TRANSACTION_UPDATE - SYNC_STATES_20251103_130459 - Ticket 33771: {"ticket_id": "33771", "estado": "SUCCESS", "timestamp_actualizacion": "2025-11-03 13:09:47"}
2025-11-03 13:09:47 - SyncDeskManager - INFO - TRANSACTION_CHANGE - SYNC_STATES_20251103_130459: {"ticket_id": "33772", "system": "CLARITY", "field": "p_tdi_estado_freshdesk", "old_value": "Resuelto", "new_value": "Cerrada", "freshdesk_estado_original": "Closed", "estado": "PENDING", "rollback_data": {"investment_id": 5073108, "internal_id": 5241855}, "timestamp": "2025-11-03 13:09:47"}
2025-11-03 13:09:47 - urllib3.connectionpool - DEBUG - https://pmservice.tdilatam.com:8043 "PATCH /ppm/rest/v1/custTdiInvBacklogs/5073108/tasks/5241855 HTTP/1.1" 200 140
2025-11-03 13:09:47 - SyncDeskManager - INFO - ✅ Ticket 33772 actualizado exitosamente
2025-11-03 13:09:47 - SyncDeskManager - INFO - TRANSACTION_UPDATE - SYNC_STATES_20251103_130459 - Ticket 33772: {"ticket_id": "33772", "estado": "SUCCESS", "timestamp_actualizacion": "2025-11-03 13:09:47"}
2025-11-03 13:09:47 - SyncDeskManager - INFO - TRANSACTION_CHANGE - SYNC_STATES_20251103_130459: {"ticket_id": "33797", "system": "CLARITY", "field": "p_tdi_estado_freshdesk", "old_value": "Resuelto", "new_value": "Cerrada", "freshdesk_estado_original": "Closed", "estado": "PENDING", "rollback_data": {"investment_id": 5073108, "internal_id": 5241818}, "timestamp": "2025-11-03 13:09:47"}
2025-11-03 13:09:47 - urllib3.connectionpool - DEBUG - https://pmservice.tdilatam.com:8043 "PATCH /ppm/rest/v1/custTdiInvBacklogs/5073108/tasks/5241818 HTTP/1.1" 200 140
2025-11-03 13:09:47 - SyncDeskManager - INFO - ✅ Ticket 33797 actualizado exitosamente
2025-11-03 13:09:47 - SyncDeskManager - INFO - TRANSACTION_UPDATE - SYNC_STATES_20251103_130459 - Ticket 33797: {"ticket_id": "33797", "estado": "SUCCESS", "timestamp_actualizacion": "2025-11-03 13:09:47"}
2025-11-03 13:09:47 - SyncDeskManager - INFO - TRANSACTION_CHANGE - SYNC_STATES_20251103_130459: {"ticket_id": "33798", "system": "CLARITY", "field": "p_tdi_estado_freshdesk", "old_value": "Resuelto", "new_value": "Cerrada", "freshdesk_estado_original": "Closed", "estado": "PENDING", "rollback_data": {"investment_id": 5073108, "internal_id": 5241817}, "timestamp": "2025-11-03 13:09:47"}
2025-11-03 13:09:48 - urllib3.connectionpool - DEBUG - https://pmservice.tdilatam.com:8043 "PATCH /ppm/rest/v1/custTdiInvBacklogs/5073108/tasks/5241817 HTTP/1.1" 200 140
2025-11-03 13:09:48 - SyncDeskManager - INFO - ✅ Ticket 33798 actualizado exitosamente
2025-11-03 13:09:48 - SyncDeskManager - INFO - TRANSACTION_UPDATE - SYNC_STATES_20251103_130459 - Ticket 33798: {"ticket_id": "33798", "estado": "SUCCESS", "timestamp_actualizacion": "2025-11-03 13:09:48"}
2025-11-03 13:09:48 - SyncDeskManager - INFO - TRANSACTION_CHANGE - SYNC_STATES_20251103_130459: {"ticket_id": "33811", "system": "CLARITY", "field": "p_tdi_estado_freshdesk", "old_value": "Esperando al cliente", "new_value": "Cerrada", "freshdesk_estado_original": "Closed", "estado": "PENDING", "rollback_data": {"investment_id": 5073078, "internal_id": 5243550}, "timestamp": "2025-11-03 13:09:48"}
2025-11-03 13:09:48 - urllib3.connectionpool - DEBUG - https://pmservice.tdilatam.com:8043 "PATCH /ppm/rest/v1/custTdiInvBacklogs/5073078/tasks/5243550 HTTP/1.1" 200 140
2025-11-03 13:09:48 - SyncDeskManager - INFO - ✅ Ticket 33811 actualizado exitosamente
2025-11-03 13:09:48 - SyncDeskManager - INFO - TRANSACTION_UPDATE - SYNC_STATES_20251103_130459 - Ticket 33811: {"ticket_id": "33811", "estado": "SUCCESS", "timestamp_actualizacion": "2025-11-03 13:09:48"}
2025-11-03 13:09:48 - SyncDeskManager - INFO - TRANSACTION_CHANGE - SYNC_STATES_20251103_130459: {"ticket_id": "33815", "system": "CLARITY", "field": "p_tdi_estado_freshdesk", "old_value": "Resuelto", "new_value": "Cerrada", "freshdesk_estado_original": "Closed", "estado": "PENDING", "rollback_data": {"investment_id": 5073108, "internal_id": 5241816}, "timestamp": "2025-11-03 13:09:48"}
2025-11-03 13:09:48 - urllib3.connectionpool - DEBUG - https://pmservice.tdilatam.com:8043 "PATCH /ppm/rest/v1/custTdiInvBacklogs/5073108/tasks/5241816 HTTP/1.1" 200 140
2025-11-03 13:09:48 - SyncDeskManager - INFO - ✅ Ticket 33815 actualizado exitosamente
2025-11-03 13:09:48 - SyncDeskManager - INFO - TRANSACTION_UPDATE - SYNC_STATES_20251103_130459 - Ticket 33815: {"ticket_id": "33815", "estado": "SUCCESS", "timestamp_actualizacion": "2025-11-03 13:09:48"}
2025-11-03 13:09:48 - SyncDeskManager - INFO - TRANSACTION_CHANGE - SYNC_STATES_20251103_130459: {"ticket_id": "33842", "system": "CLARITY", "field": "p_tdi_estado_freshdesk", "old_value": "Resuelto", "new_value": "Cerrada", "freshdesk_estado_original": "Closed", "estado": "PENDING", "rollback_data": {"investment_id": 5073108, "internal_id": 5241815}, "timestamp": "2025-11-03 13:09:48"}
2025-11-03 13:09:48 - urllib3.connectionpool - DEBUG - https://pmservice.tdilatam.com:8043 "PATCH /ppm/rest/v1/custTdiInvBacklogs/5073108/tasks/5241815 HTTP/1.1" 200 140
2025-11-03 13:09:48 - SyncDeskManager - INFO - ✅ Ticket 33842 actualizado exitosamente
2025-11-03 13:09:48 - SyncDeskManager - INFO - TRANSACTION_UPDATE - SYNC_STATES_20251103_130459 - Ticket 33842: {"ticket_id": "33842", "estado": "SUCCESS", "timestamp_actualizacion": "2025-11-03 13:09:48"}
2025-11-03 13:09:48 - SyncDeskManager - INFO - TRANSACTION_CHANGE - SYNC_STATES_20251103_130459: {"ticket_id": "33856", "system": "CLARITY", "field": "p_tdi_estado_freshdesk", "old_value": "Resuelto", "new_value": "Cerrada", "freshdesk_estado_original": "Closed", "estado": "PENDING", "rollback_data": {"investment_id": 5073108, "internal_id": 5241843}, "timestamp": "2025-11-03 13:09:48"}
2025-11-03 13:09:48 - urllib3.connectionpool - DEBUG - https://pmservice.tdilatam.com:8043 "PATCH /ppm/rest/v1/custTdiInvBacklogs/5073108/tasks/5241843 HTTP/1.1" 200 140
2025-11-03 13:09:48 - SyncDeskManager - INFO - ✅ Ticket 33856 actualizado exitosamente
2025-11-03 13:09:48 - SyncDeskManager - INFO - TRANSACTION_UPDATE - SYNC_STATES_20251103_130459 - Ticket 33856: {"ticket_id": "33856", "estado": "SUCCESS", "timestamp_actualizacion": "2025-11-03 13:09:48"}
2025-11-03 13:09:48 - SyncDeskManager - INFO - TRANSACTION_CHANGE - SYNC_STATES_20251103_130459: {"ticket_id": "33868", "system": "CLARITY", "field": "p_tdi_estado_freshdesk", "old_value": "Resuelto", "new_value": "Cerrada", "freshdesk_estado_original": "Closed", "estado": "PENDING", "rollback_data": {"investment_id": 5073108, "internal_id": 5241842}, "timestamp": "2025-11-03 13:09:48"}
2025-11-03 13:09:48 - urllib3.connectionpool - DEBUG - https://pmservice.tdilatam.com:8043 "PATCH /ppm/rest/v1/custTdiInvBacklogs/5073108/tasks/5241842 HTTP/1.1" 200 140
2025-11-03 13:09:48 - SyncDeskManager - INFO - ✅ Ticket 33868 actualizado exitosamente
2025-11-03 13:09:48 - SyncDeskManager - INFO - TRANSACTION_UPDATE - SYNC_STATES_20251103_130459 - Ticket 33868: {"ticket_id": "33868", "estado": "SUCCESS", "timestamp_actualizacion": "2025-11-03 13:09:48"}
2025-11-03 13:09:48 - SyncDeskManager - INFO - TRANSACTION_CHANGE - SYNC_STATES_20251103_130459: {"ticket_id": "33869", "system": "CLARITY", "field": "p_tdi_estado_freshdesk", "old_value": "Resuelto", "new_value": "Cerrada", "freshdesk_estado_original": "Closed", "estado": "PENDING", "rollback_data": {"investment_id": 5073108, "internal_id": 5241841}, "timestamp": "2025-11-03 13:09:48"}
2025-11-03 13:09:49 - urllib3.connectionpool - DEBUG - https://pmservice.tdilatam.com:8043 "PATCH /ppm/rest/v1/custTdiInvBacklogs/5073108/tasks/5241841 HTTP/1.1" 200 140
2025-11-03 13:09:49 - SyncDeskManager - INFO - ✅ Ticket 33869 actualizado exitosamente
2025-11-03 13:09:49 - SyncDeskManager - INFO - TRANSACTION_UPDATE - SYNC_STATES_20251103_130459 - Ticket 33869: {"ticket_id": "33869", "estado": "SUCCESS", "timestamp_actualizacion": "2025-11-03 13:09:49"}
2025-11-03 13:09:49 - SyncDeskManager - INFO - TRANSACTION_CHANGE - SYNC_STATES_20251103_130459: {"ticket_id": "33887", "system": "CLARITY", "field": "p_tdi_estado_freshdesk", "old_value": "Resuelto", "new_value": "Cerrada", "freshdesk_estado_original": "Closed", "estado": "PENDING", "rollback_data": {"investment_id": 5075112, "internal_id": 5243568}, "timestamp": "2025-11-03 13:09:49"}
2025-11-03 13:09:49 - urllib3.connectionpool - DEBUG - https://pmservice.tdilatam.com:8043 "PATCH /ppm/rest/v1/custTdiInvBacklogs/5075112/tasks/5243568 HTTP/1.1" 200 140
2025-11-03 13:09:49 - SyncDeskManager - INFO - ✅ Ticket 33887 actualizado exitosamente
2025-11-03 13:09:49 - SyncDeskManager - INFO - TRANSACTION_UPDATE - SYNC_STATES_20251103_130459 - Ticket 33887: {"ticket_id": "33887", "estado": "SUCCESS", "timestamp_actualizacion": "2025-11-03 13:09:49"}
2025-11-03 13:09:49 - SyncDeskManager - INFO - TRANSACTION_CHANGE - SYNC_STATES_20251103_130459: {"ticket_id": "33905", "system": "CLARITY", "field": "p_tdi_estado_freshdesk", "old_value": "Abierta", "new_value": "Cerrada", "freshdesk_estado_original": "Closed", "estado": "PENDING", "rollback_data": {"investment_id": 5075113, "internal_id": 5241846}, "timestamp": "2025-11-03 13:09:49"}
2025-11-03 13:09:49 - urllib3.connectionpool - DEBUG - https://pmservice.tdilatam.com:8043 "PATCH /ppm/rest/v1/custTdiInvBacklogs/5075113/tasks/5241846 HTTP/1.1" 200 140
2025-11-03 13:09:49 - SyncDeskManager - INFO - ✅ Ticket 33905 actualizado exitosamente
2025-11-03 13:09:49 - SyncDeskManager - INFO - TRANSACTION_UPDATE - SYNC_STATES_20251103_130459 - Ticket 33905: {"ticket_id": "33905", "estado": "SUCCESS", "timestamp_actualizacion": "2025-11-03 13:09:49"}
2025-11-03 13:09:49 - SyncDeskManager - INFO - TRANSACTION_CHANGE - SYNC_STATES_20251103_130459: {"ticket_id": "33911", "system": "CLARITY", "field": "p_tdi_estado_freshdesk", "old_value": "En progreso", "new_value": "Esperando al cliente", "freshdesk_estado_original": "Esperando al cliente", "estado": "PENDING", "rollback_data": {"investment_id": 5073078, "internal_id": 5242988}, "timestamp": "2025-11-03 13:09:49"}
2025-11-03 13:09:49 - urllib3.connectionpool - DEBUG - https://pmservice.tdilatam.com:8043 "PATCH /ppm/rest/v1/custTdiInvBacklogs/5073078/tasks/5242988 HTTP/1.1" 400 184
2025-11-03 13:09:49 - urllib3.connectionpool - DEBUG - Resetting dropped connection: pmservice.tdilatam.com
2025-11-03 13:09:49 - urllib3.connectionpool - DEBUG - https://pmservice.tdilatam.com:8043 "PUT /ppm/rest/v1/custTdiInvBacklogs/5073078/tasks/5242988 HTTP/1.1" 400 168
2025-11-03 13:09:49 - SyncDeskManager - WARNING - ❌ Error actualizando ticket 33911: Error en la API - HTTP 400 (posiblemente datos inválidos)
2025-11-03 13:09:49 - SyncDeskManager - INFO - TRANSACTION_UPDATE - SYNC_STATES_20251103_130459 - Ticket 33911: {"ticket_id": "33911", "estado": "FAILED", "timestamp_actualizacion": "2025-11-03 13:09:49", "error": "Error en la API - HTTP 400 (posiblemente datos inv\u00e1lidos)"}
2025-11-03 13:09:49 - SyncDeskManager - INFO - TRANSACTION_CHANGE - SYNC_STATES_20251103_130459: {"ticket_id": "33936", "system": "CLARITY", "field": "p_tdi_estado_freshdesk", "old_value": "Resuelto", "new_value": "Cerrada", "freshdesk_estado_original": "Closed", "estado": "PENDING", "rollback_data": {"investment_id": 5073108, "internal_id": 5243574}, "timestamp": "2025-11-03 13:09:49"}
2025-11-03 13:09:49 - urllib3.connectionpool - DEBUG - Resetting dropped connection: pmservice.tdilatam.com
2025-11-03 13:09:50 - urllib3.connectionpool - DEBUG - https://pmservice.tdilatam.com:8043 "PATCH /ppm/rest/v1/custTdiInvBacklogs/5073108/tasks/5243574 HTTP/1.1" 200 140
2025-11-03 13:09:50 - SyncDeskManager - INFO - ✅ Ticket 33936 actualizado exitosamente
2025-11-03 13:09:50 - SyncDeskManager - INFO - TRANSACTION_UPDATE - SYNC_STATES_20251103_130459 - Ticket 33936: {"ticket_id": "33936", "estado": "SUCCESS", "timestamp_actualizacion": "2025-11-03 13:09:50"}
2025-11-03 13:09:50 - SyncDeskManager - INFO - TRANSACTION_CHANGE - SYNC_STATES_20251103_130459: {"ticket_id": "33944", "system": "CLARITY", "field": "p_tdi_estado_freshdesk", "old_value": "Resuelto", "new_value": "Cerrada", "freshdesk_estado_original": "Closed", "estado": "PENDING", "rollback_data": {"investment_id": 5073108, "internal_id": 5243576}, "timestamp": "2025-11-03 13:09:50"}
2025-11-03 13:09:50 - urllib3.connectionpool - DEBUG - https://pmservice.tdilatam.com:8043 "PATCH /ppm/rest/v1/custTdiInvBacklogs/5073108/tasks/5243576 HTTP/1.1" 200 141
2025-11-03 13:09:50 - SyncDeskManager - INFO - ✅ Ticket 33944 actualizado exitosamente
2025-11-03 13:09:50 - SyncDeskManager - INFO - TRANSACTION_UPDATE - SYNC_STATES_20251103_130459 - Ticket 33944: {"ticket_id": "33944", "estado": "SUCCESS", "timestamp_actualizacion": "2025-11-03 13:09:50"}
2025-11-03 13:09:50 - SyncDeskManager - INFO - TRANSACTION_CHANGE - SYNC_STATES_20251103_130459: {"ticket_id": "33960", "system": "CLARITY", "field": "p_tdi_estado_freshdesk", "old_value": "Resuelto", "new_value": "Cerrada", "freshdesk_estado_original": "Closed", "estado": "PENDING", "rollback_data": {"investment_id": 5073108, "internal_id": 5243575}, "timestamp": "2025-11-03 13:09:50"}
2025-11-03 13:09:50 - urllib3.connectionpool - DEBUG - https://pmservice.tdilatam.com:8043 "PATCH /ppm/rest/v1/custTdiInvBacklogs/5073108/tasks/5243575 HTTP/1.1" 200 140
2025-11-03 13:09:50 - SyncDeskManager - INFO - ✅ Ticket 33960 actualizado exitosamente
2025-11-03 13:09:50 - SyncDeskManager - INFO - TRANSACTION_UPDATE - SYNC_STATES_20251103_130459 - Ticket 33960: {"ticket_id": "33960", "estado": "SUCCESS", "timestamp_actualizacion": "2025-11-03 13:09:50"}
2025-11-03 13:09:50 - SyncDeskManager - INFO - TRANSACTION_CHANGE - SYNC_STATES_20251103_130459: {"ticket_id": "33963", "system": "CLARITY", "field": "p_tdi_estado_freshdesk", "old_value": "Resuelto", "new_value": "Cerrada", "freshdesk_estado_original": "Closed", "estado": "PENDING", "rollback_data": {"investment_id": 5073108, "internal_id": 5243602}, "timestamp": "2025-11-03 13:09:50"}
2025-11-03 13:09:51 - urllib3.connectionpool - DEBUG - https://pmservice.tdilatam.com:8043 "PATCH /ppm/rest/v1/custTdiInvBacklogs/5073108/tasks/5243602 HTTP/1.1" 200 140
2025-11-03 13:09:51 - SyncDeskManager - INFO - ✅ Ticket 33963 actualizado exitosamente
2025-11-03 13:09:51 - SyncDeskManager - INFO - TRANSACTION_UPDATE - SYNC_STATES_20251103_130459 - Ticket 33963: {"ticket_id": "33963", "estado": "SUCCESS", "timestamp_actualizacion": "2025-11-03 13:09:51"}
2025-11-03 13:09:51 - SyncDeskManager - INFO - TRANSACTION_CHANGE - SYNC_STATES_20251103_130459: {"ticket_id": "33964", "system": "CLARITY", "field": "p_tdi_estado_freshdesk", "old_value": "Resuelto", "new_value": "Cerrada", "freshdesk_estado_original": "Closed", "estado": "PENDING", "rollback_data": {"investment_id": 5073108, "internal_id": 5243603}, "timestamp": "2025-11-03 13:09:51"}
2025-11-03 13:09:51 - urllib3.connectionpool - DEBUG - https://pmservice.tdilatam.com:8043 "PATCH /ppm/rest/v1/custTdiInvBacklogs/5073108/tasks/5243603 HTTP/1.1" 200 140
2025-11-03 13:09:51 - SyncDeskManager - INFO - ✅ Ticket 33964 actualizado exitosamente
2025-11-03 13:09:51 - SyncDeskManager - INFO - TRANSACTION_UPDATE - SYNC_STATES_20251103_130459 - Ticket 33964: {"ticket_id": "33964", "estado": "SUCCESS", "timestamp_actualizacion": "2025-11-03 13:09:51"}
2025-11-03 13:09:51 - SyncDeskManager - INFO - TRANSACTION_CHANGE - SYNC_STATES_20251103_130459: {"ticket_id": "33974", "system": "CLARITY", "field": "p_tdi_estado_freshdesk", "old_value": "Resuelto", "new_value": "Cerrada", "freshdesk_estado_original": "Closed", "estado": "PENDING", "rollback_data": {"investment_id": 5073108, "internal_id": 5243605}, "timestamp": "2025-11-03 13:09:51"}
2025-11-03 13:09:51 - urllib3.connectionpool - DEBUG - https://pmservice.tdilatam.com:8043 "PATCH /ppm/rest/v1/custTdiInvBacklogs/5073108/tasks/5243605 HTTP/1.1" 200 140
2025-11-03 13:09:51 - SyncDeskManager - INFO - ✅ Ticket 33974 actualizado exitosamente
2025-11-03 13:09:51 - SyncDeskManager - INFO - TRANSACTION_UPDATE - SYNC_STATES_20251103_130459 - Ticket 33974: {"ticket_id": "33974", "estado": "SUCCESS", "timestamp_actualizacion": "2025-11-03 13:09:51"}
2025-11-03 13:09:51 - SyncDeskManager - INFO - TRANSACTION_CHANGE - SYNC_STATES_20251103_130459: {"ticket_id": "34038", "system": "CLARITY", "field": "p_tdi_estado_freshdesk", "old_value": "Abierta", "new_value": "Esperando al cliente", "freshdesk_estado_original": "Esperando al cliente", "estado": "PENDING", "rollback_data": {"investment_id": 5075113, "internal_id": 5245666}, "timestamp": "2025-11-03 13:09:51"}
2025-11-03 13:09:51 - urllib3.connectionpool - DEBUG - https://pmservice.tdilatam.com:8043 "PATCH /ppm/rest/v1/custTdiInvBacklogs/5075113/tasks/5245666 HTTP/1.1" 400 183
2025-11-03 13:09:51 - urllib3.connectionpool - DEBUG - Resetting dropped connection: pmservice.tdilatam.com
2025-11-03 13:09:52 - urllib3.connectionpool - DEBUG - https://pmservice.tdilatam.com:8043 "PUT /ppm/rest/v1/custTdiInvBacklogs/5075113/tasks/5245666 HTTP/1.1" 400 168
2025-11-03 13:09:52 - SyncDeskManager - WARNING - ❌ Error actualizando ticket 34038: Error en la API - HTTP 400 (posiblemente datos inválidos)
2025-11-03 13:09:52 - SyncDeskManager - INFO - TRANSACTION_UPDATE - SYNC_STATES_20251103_130459 - Ticket 34038: {"ticket_id": "34038", "estado": "FAILED", "timestamp_actualizacion": "2025-11-03 13:09:52", "error": "Error en la API - HTTP 400 (posiblemente datos inv\u00e1lidos)"}
2025-11-03 13:09:52 - SyncDeskManager - INFO - TRANSACTION_CHANGE - SYNC_STATES_20251103_130459: {"ticket_id": "34058", "system": "CLARITY", "field": "p_tdi_estado_freshdesk", "old_value": "Abierta", "new_value": "En progreso", "freshdesk_estado_original": "En progreso", "estado": "PENDING", "rollback_data": {"investment_id": 5075113, "internal_id": 5245682}, "timestamp": "2025-11-03 13:09:52"}
2025-11-03 13:09:52 - urllib3.connectionpool - DEBUG - Resetting dropped connection: pmservice.tdilatam.com
2025-11-03 13:09:52 - urllib3.connectionpool - DEBUG - https://pmservice.tdilatam.com:8043 "PATCH /ppm/rest/v1/custTdiInvBacklogs/5075113/tasks/5245682 HTTP/1.1" 400 180
2025-11-03 13:09:52 - urllib3.connectionpool - DEBUG - Resetting dropped connection: pmservice.tdilatam.com
2025-11-03 13:09:52 - urllib3.connectionpool - DEBUG - https://pmservice.tdilatam.com:8043 "PUT /ppm/rest/v1/custTdiInvBacklogs/5075113/tasks/5245682 HTTP/1.1" 400 168
2025-11-03 13:09:52 - SyncDeskManager - WARNING - ❌ Error actualizando ticket 34058: Error en la API - HTTP 400 (posiblemente datos inválidos)
2025-11-03 13:09:52 - SyncDeskManager - INFO - TRANSACTION_UPDATE - SYNC_STATES_20251103_130459 - Ticket 34058: {"ticket_id": "34058", "estado": "FAILED", "timestamp_actualizacion": "2025-11-03 13:09:52", "error": "Error en la API - HTTP 400 (posiblemente datos inv\u00e1lidos)"}
2025-11-03 13:09:52 - SyncDeskManager - INFO - TRANSACTION_CHANGE - SYNC_STATES_20251103_130459: {"ticket_id": "34085", "system": "CLARITY", "field": "p_tdi_estado_freshdesk", "old_value": "En progreso", "new_value": "Derivado al Fabricante", "freshdesk_estado_original": "Derivado al Fabricante", "estado": "PENDING", "rollback_data": {"investment_id": 5073106, "internal_id": 5245706}, "timestamp": "2025-11-03 13:09:52"}
2025-11-03 13:09:52 - urllib3.connectionpool - DEBUG - Resetting dropped connection: pmservice.tdilatam.com
2025-11-03 13:09:53 - urllib3.connectionpool - DEBUG - https://pmservice.tdilatam.com:8043 "PATCH /ppm/rest/v1/custTdiInvBacklogs/5073106/tasks/5245706 HTTP/1.1" 400 184
2025-11-03 13:09:53 - urllib3.connectionpool - DEBUG - Resetting dropped connection: pmservice.tdilatam.com
2025-11-03 13:09:53 - urllib3.connectionpool - DEBUG - https://pmservice.tdilatam.com:8043 "PUT /ppm/rest/v1/custTdiInvBacklogs/5073106/tasks/5245706 HTTP/1.1" 400 168
2025-11-03 13:09:53 - SyncDeskManager - WARNING - ❌ Error actualizando ticket 34085: Error en la API - HTTP 400 (posiblemente datos inválidos)
2025-11-03 13:09:53 - SyncDeskManager - INFO - TRANSACTION_UPDATE - SYNC_STATES_20251103_130459 - Ticket 34085: {"ticket_id": "34085", "estado": "FAILED", "timestamp_actualizacion": "2025-11-03 13:09:53", "error": "Error en la API - HTTP 400 (posiblemente datos inv\u00e1lidos)"}
2025-11-03 13:09:53 - SyncDeskManager - INFO - TRANSACTION_CHANGE - SYNC_STATES_20251103_130459: {"ticket_id": "34117", "system": "CLARITY", "field": "p_tdi_estado_freshdesk", "old_value": "Abierta", "new_value": "Cerrada", "freshdesk_estado_original": "Closed", "estado": "PENDING", "rollback_data": {"investment_id": 5146180, "internal_id": 5248631}, "timestamp": "2025-11-03 13:09:53"}
2025-11-03 13:09:53 - urllib3.connectionpool - DEBUG - Resetting dropped connection: pmservice.tdilatam.com
2025-11-03 13:09:54 - urllib3.connectionpool - DEBUG - https://pmservice.tdilatam.com:8043 "PATCH /ppm/rest/v1/custTdiInvBacklogs/5146180/tasks/5248631 HTTP/1.1" 200 140
2025-11-03 13:09:54 - SyncDeskManager - INFO - ✅ Ticket 34117 actualizado exitosamente
2025-11-03 13:09:54 - SyncDeskManager - INFO - TRANSACTION_UPDATE - SYNC_STATES_20251103_130459 - Ticket 34117: {"ticket_id": "34117", "estado": "SUCCESS", "timestamp_actualizacion": "2025-11-03 13:09:54"}
2025-11-03 13:09:54 - SyncDeskManager - INFO - TRANSACTION_CHANGE - SYNC_STATES_20251103_130459: {"ticket_id": "34119", "system": "CLARITY", "field": "p_tdi_estado_freshdesk", "old_value": "Abierta", "new_value": "Esperando al cliente", "freshdesk_estado_original": "Esperando al cliente", "estado": "PENDING", "rollback_data": {"investment_id": 5146180, "internal_id": 5248633}, "timestamp": "2025-11-03 13:09:54"}
2025-11-03 13:09:54 - urllib3.connectionpool - DEBUG - https://pmservice.tdilatam.com:8043 "PATCH /ppm/rest/v1/custTdiInvBacklogs/5146180/tasks/5248633 HTTP/1.1" 400 183
2025-11-03 13:09:54 - urllib3.connectionpool - DEBUG - Resetting dropped connection: pmservice.tdilatam.com
2025-11-03 13:09:54 - urllib3.connectionpool - DEBUG - https://pmservice.tdilatam.com:8043 "PUT /ppm/rest/v1/custTdiInvBacklogs/5146180/tasks/5248633 HTTP/1.1" 400 168
2025-11-03 13:09:54 - SyncDeskManager - WARNING - ❌ Error actualizando ticket 34119: Error en la API - HTTP 400 (posiblemente datos inválidos)
2025-11-03 13:09:54 - SyncDeskManager - INFO - TRANSACTION_UPDATE - SYNC_STATES_20251103_130459 - Ticket 34119: {"ticket_id": "34119", "estado": "FAILED", "timestamp_actualizacion": "2025-11-03 13:09:54", "error": "Error en la API - HTTP 400 (posiblemente datos inv\u00e1lidos)"}
2025-11-03 13:29:18 - SyncDeskManager - INFO - TRANSACTION_COMPLETE: SYNC_STATES_20251103_130459 - {'total_cambios': 146, 'cambios_exitosos': 125, 'cambios_fallidos': 21, 'estado': 'COMPLETED', 'ejemplos_exitosos': ['31999', '32001', '32003', '32005', '32008'], 'ejemplos_fallidos': ['31996', '31997', '32117', '32121', '32123'], 'detalles_fallos': [{'ticket_id': '31996', 'error': 'Error en la API - HTTP 400 (posiblemente datos inválidos)'}, {'ticket_id': '31997', 'error': 'Error en la API - HTTP 400 (posiblemente datos inválidos)'}, {'ticket_id': '32117', 'error': 'Error en la API - HTTP 400 (posiblemente datos inválidos)'}, {'ticket_id': '32121', 'error': 'Error en la API - HTTP 400 (posiblemente datos inválidos)'}, {'ticket_id': '32123', 'error': 'Error en la API - HTTP 400 (posiblemente datos inválidos)'}, {'ticket_id': '32192', 'error': 'Error en la API - HTTP 400 (posiblemente datos inválidos)'}, {'ticket_id': '32214', 'error': 'Error en la API - HTTP 400 (posiblemente datos inválidos)'}, {'ticket_id': '32215', 'error': 'Error en la API - HTTP 400 (posiblemente datos inválidos)'}, {'ticket_id': '32216', 'error': 'Error en la API - HTTP 400 (posiblemente datos inválidos)'}, {'ticket_id': '32217', 'error': 'Error en la API - HTTP 400 (posiblemente datos inválidos)'}]}
2025-11-03 13:29:18 - SyncDeskManager - INFO - Transacción completada exitosamente: SYNC_STATES_20251103_130459
2025-11-03 13:29:18 - SyncDeskManager - INFO - TRANSACTION_COMPLETE: SYNC_STATES_20251103_130459 - {'total_cambios': 146, 'cambios_exitosos': 125, 'cambios_fallidos': 21, 'estado': 'COMPLETED', 'ejemplos_exitosos': ['31999', '32001', '32003', '32005', '32008'], 'ejemplos_fallidos': ['31996', '31997', '32117', '32121', '32123']}
2025-11-03 13:29:18 - SyncDeskManager - INFO - Transacción completada exitosamente: SYNC_STATES_20251103_130459
2025-11-03 13:29:23 - SyncDeskManager - INFO - Datos sensibles limpiados de la memoria
